timestamp,expiry,expiry_day,current_day,open,high,low,close,volume,ltp,pe_strike,ce_strike,pe_cost,ce_cost,total_cost,cost_pct
2026-01-14 09:15:00+05:30,2026-01-20,Tuesday,Wednesday,25648.55,25693.0,25638.35,25671.9,0,25662.949999999997,25550,25800,80.3,86.0,166.3,0.6480159139927406
2026-01-14 09:16:00+05:30,2026-01-20,Tuesday,Wednesday,25673.0,25718.0,25673.0,25707.75,0,25692.9375,25550,25800,72.0,102.9,174.9,0.6807318158929863
2026-01-14 09:17:00+05:30,2026-01-20,Tuesday,Wednesday,25707.35,25719.35,25705.9,25714.5,0,25711.775,25600,25850,87.1,89.0,176.1,0.6849002062284693
2026-01-14 09:18:00+05:30,2026-01-20,Tuesday,Wednesday,25716.3,25717.95,25694.6,25696.3,0,25706.287500000002,25600,25850,94.4,77.65,172.05,0.6692915108803634
2026-01-14 09:19:00+05:30,2026-01-20,Tuesday,Wednesday,25695.75,25703.3,25682.9,25683.25,0,25691.300000000003,25550,25800,80.59,93.95,174.54000000000002,0.6793739514933071
2026-01-14 09:20:00+05:30,2026-01-20,Tuesday,Wednesday,25684.2,25705.8,25680.5,25705.8,0,25694.075,25550,25800,70.45,104.95,175.4,0.6826476532040947
2026-01-14 09:21:00+05:30,2026-01-20,Tuesday,Wednesday,25705.3,25718.55,25703.3,25718.55,0,25711.425,25600,25850,83.55,87.3,170.85,0.6644905912449426
2026-01-14 09:22:00+05:30,2026-01-20,Tuesday,Wednesday,25719.65,25738.6,25719.65,25738.5,0,25729.1,25600,25850,74.2,97.9,172.10000000000002,0.6688924214216588
2026-01-14 09:23:00+05:30,2026-01-20,Tuesday,Wednesday,25739.8,25742.3,25707.75,25709.75,0,25724.9,25600,25850,83.0,84.75,167.75,0.6520919420483656
2026-01-14 09:24:00+05:30,2026-01-20,Tuesday,Wednesday,25710.95,25721.55,25704.65,25705.15,0,25710.574999999997,25600,25850,85.2,82.7,167.9,0.6530386815541854
2026-01-14 09:25:00+05:30,2026-01-20,Tuesday,Wednesday,25704.6,25724.9,25704.15,25717.85,0,25712.875,25600,25850,78.05,90.55,168.6,0.655702639242014
2026-01-14 09:26:00+05:30,2026-01-20,Tuesday,Wednesday,25718.5,25724.0,25709.65,25717.6,0,25717.4375,25600,25850,81.2,86.2,167.4,0.6509202170706161
2026-01-14 09:27:00+05:30,2026-01-20,Tuesday,Wednesday,25715.0,25731.4,25708.55,25729.4,0,25721.0875,25600,25850,75.59,93.1,168.69,0.6558431870347629
2026-01-14 09:28:00+05:30,2026-01-20,Tuesday,Wednesday,25730.85,25742.7,25730.45,25736.1,0,25735.025,25600,25850,73.25,95.9,169.15,0.6572754446517926
2026-01-14 09:29:00+05:30,2026-01-20,Tuesday,Wednesday,25737.05,25744.8,25736.2,25737.5,0,25738.8875,25600,25850,75.0,93.45,168.45,0.6544571905059998
2026-01-14 09:30:00+05:30,2026-01-20,Tuesday,Wednesday,25737.7,25750.45,25737.7,25744.95,0,25742.7,25600,25850,73.3,93.5,166.8,0.6479506811639805
2026-01-14 09:31:00+05:30,2026-01-20,Tuesday,Wednesday,25743.3,25747.3,25727.45,25730.2,0,25737.0625,25600,25850,77.05,89.3,166.35,0.6463441583514047
2026-01-14 09:32:00+05:30,2026-01-20,Tuesday,Wednesday,25729.55,25742.65,25727.15,25732.5,0,25732.9625,25600,25850,75.55,91.25,166.8,0.6481958694029109
2026-01-14 09:33:00+05:30,2026-01-20,Tuesday,Wednesday,25732.25,25734.95,25722.2,25727.3,0,25729.175,25600,25850,76.25,91.0,167.25,0.650040275290599
2026-01-14 09:34:00+05:30,2026-01-20,Tuesday,Wednesday,25727.1,25737.55,25727.05,25734.2,0,25731.475,25600,25850,74.55,91.7,166.25,0.6460958806286854
2026-01-14 09:35:00+05:30,2026-01-20,Tuesday,Wednesday,25733.95,25746.55,25732.45,25737.05,0,25737.5,25600,25850,73.4,90.9,164.3,0.6383681398737251
2026-01-14 09:36:00+05:30,2026-01-20,Tuesday,Wednesday,25736.3,25743.7,25730.85,25742.0,0,25738.2125,25600,25850,72.0,94.0,166.0,0.6449554334824145
2026-01-14 09:37:00+05:30,2026-01-20,Tuesday,Wednesday,25741.45,25746.6,25735.35,25736.2,0,25739.899999999998,25600,25850,75.55,90.5,166.05,0.6451074013496556
2026-01-14 09:38:00+05:30,2026-01-20,Tuesday,Wednesday,25734.85,25743.75,25733.4,25740.65,0,25738.1625,25600,25850,71.5,93.95,165.45,0.6428197817151865
2026-01-14 09:39:00+05:30,2026-01-20,Tuesday,Wednesday,25741.15,25742.6,25726.0,25732.85,0,25735.65,25600,25850,75.0,89.65,164.65,0.639774009982262
2026-01-14 09:40:00+05:30,2026-01-20,Tuesday,Wednesday,25732.4,25732.4,25712.25,25712.25,0,25722.325,25600,25850,84.05,79.65,163.7,0.6364121439255588
2026-01-14 09:41:00+05:30,2026-01-20,Tuesday,Wednesday,25711.8,25737.55,25711.75,25734.35,0,25723.862500000003,25600,25850,72.95,89.5,162.45,0.6315148045904847
2026-01-14 09:42:00+05:30,2026-01-20,Tuesday,Wednesday,25735.0,25739.6,25725.35,25727.35,0,25731.824999999997,25600,25850,75.05,85.35,160.39999999999998,0.623352599358965
2026-01-14 09:43:00+05:30,2026-01-20,Tuesday,Wednesday,25726.1,25727.45,25718.25,25718.3,0,25722.525,25600,25850,78.15,83.15,161.3,0.6270768519031472
2026-01-14 09:44:00+05:30,2026-01-20,Tuesday,Wednesday,25718.05,25719.45,25703.15,25706.65,0,25711.824999999997,25600,25850,82.55,78.34,160.89,0.6257432134825125
2026-01-14 09:45:00+05:30,2026-01-20,Tuesday,Wednesday,25704.9,25712.85,25691.85,25691.85,0,25700.362500000003,25550,25850,74.0,72.65,146.65,0.5706145195422827
2026-01-14 09:46:00+05:30,2026-01-20,Tuesday,Wednesday,25691.7,25697.6,25685.5,25687.9,0,25690.675000000003,25550,25800,74.25,91.55,165.8,0.6453703532507418
2026-01-14 09:47:00+05:30,2026-01-20,Tuesday,Wednesday,25686.65,25693.35,25685.75,25689.25,0,25688.75,25550,25800,72.9,92.1,165.0,0.6423045107294049
2026-01-14 09:48:00+05:30,2026-01-20,Tuesday,Wednesday,25688.95,25693.35,25674.4,25685.35,0,25685.512500000004,25550,25800,72.95,91.35,164.3,0.639660197552998
2026-01-14 09:49:00+05:30,2026-01-20,Tuesday,Wednesday,25686.25,25694.65,25686.25,25689.45,0,25689.149999999998,25550,25800,72.2,92.35,164.55,0.6405427972509796
2026-01-14 09:50:00+05:30,2026-01-20,Tuesday,Wednesday,25689.35,25701.2,25688.25,25700.95,0,25694.9375,25550,25800,67.59,97.4,164.99,0.6421109216552872
2026-01-14 09:51:00+05:30,2026-01-20,Tuesday,Wednesday,25702.1,25720.45,25700.35,25714.8,0,25709.425,25600,25850,78.15,80.7,158.85000000000002,0.6178667939870301
2026-01-14 09:52:00+05:30,2026-01-20,Tuesday,Wednesday,25714.15,25720.75,25708.2,25716.6,0,25714.925000000003,25600,25850,77.7,82.55,160.25,0.6231789515232885
2026-01-14 09:53:00+05:30,2026-01-20,Tuesday,Wednesday,25715.85,25724.3,25715.85,25722.9,0,25719.725,25600,25850,74.7,85.05,159.75,0.6211186161593875
2026-01-14 09:54:00+05:30,2026-01-20,Tuesday,Wednesday,25722.7,25743.6,25721.85,25742.45,0,25732.649999999998,25600,25850,68.3,94.85,163.14999999999998,0.6340194266816671
2026-01-14 09:55:00+05:30,2026-01-20,Tuesday,Wednesday,25743.0,25761.5,25738.95,25759.55,0,25750.75,25600,25900,65.2,83.0,148.2,0.5755172179451084
2026-01-14 09:56:00+05:30,2026-01-20,Tuesday,Wednesday,25757.25,25758.5,25735.0,25739.8,0,25747.6375,25600,25900,69.34,75.59,144.93,0.5628865949351664
2026-01-14 09:57:00+05:30,2026-01-20,Tuesday,Wednesday,25739.8,25741.35,25722.75,25722.75,0,25731.6625,25600,25850,74.65,85.8,160.45,0.6235508490755309
2026-01-14 09:58:00+05:30,2026-01-20,Tuesday,Wednesday,25722.15,25727.8,25719.05,25720.45,0,25722.3625,25600,25850,74.0,86.25,160.25,0.6229987622637695
2026-01-14 09:59:00+05:30,2026-01-20,Tuesday,Wednesday,25720.8,25730.0,25715.7,25729.9,0,25724.1,25600,25850,69.75,90.95,160.7,0.6247060149820597
2026-01-14 10:00:00+05:30,2026-01-20,Tuesday,Wednesday,25729.6,25733.8,25725.95,25727.85,0,25729.299999999996,25600,25850,72.2,89.6,161.8,0.628855040751206
2026-01-14 10:01:00+05:30,2026-01-20,Tuesday,Wednesday,25728.05,25730.3,25715.85,25716.3,0,25722.625,25600,25850,74.8,84.45,159.25,0.619104776437086
2026-01-14 10:02:00+05:30,2026-01-20,Tuesday,Wednesday,25716.05,25729.25,25716.05,25719.55,0,25720.225000000002,25600,25850,74.15,85.35,159.5,0.6201345439240908
2026-01-14 10:03:00+05:30,2026-01-20,Tuesday,Wednesday,25718.85,25718.85,25710.15,25717.05,0,25716.225000000002,25600,25850,73.55,84.6,158.14999999999998,0.6149813979306836
2026-01-14 10:04:00+05:30,2026-01-20,Tuesday,Wednesday,25717.5,25721.85,25713.1,25717.25,0,25717.425,25600,25850,74.0,84.4,158.4,0.6159248058466196
2026-01-14 10:05:00+05:30,2026-01-20,Tuesday,Wednesday,25715.65,25718.05,25708.0,25713.6,0,25713.824999999997,25600,25850,75.9,82.05,157.95,0.6142610055096821
2026-01-14 10:06:00+05:30,2026-01-20,Tuesday,Wednesday,25712.6,25721.15,25710.65,25719.85,0,25716.0625,25600,25850,72.7,86.25,158.95,0.6180961801597736
2026-01-14 10:07:00+05:30,2026-01-20,Tuesday,Wednesday,25720.75,25723.85,25716.3,25716.35,0,25719.3125,25600,25850,75.0,83.0,158.0,0.6143243525658005
2026-01-14 10:08:00+05:30,2026-01-20,Tuesday,Wednesday,25716.4,25716.7,25702.0,25703.0,0,25709.525,25600,25850,80.34,77.34,157.68,0.6133135481888522
2026-01-14 10:09:00+05:30,2026-01-20,Tuesday,Wednesday,25702.35,25708.75,25700.0,25708.55,0,25704.912500000002,25600,25850,77.15,80.15,157.3,0.6119452847777638
2026-01-14 10:10:00+05:30,2026-01-20,Tuesday,Wednesday,25708.4,25708.4,25697.45,25697.45,0,25702.925,25550,25850,67.8,76.4,144.2,0.5610256420232327
2026-01-14 10:11:00+05:30,2026-01-20,Tuesday,Wednesday,25698.55,25703.45,25696.85,25697.85,0,25699.175000000003,25550,25850,66.5,76.75,143.25,0.5574108896491813
2026-01-14 10:12:00+05:30,2026-01-20,Tuesday,Wednesday,25699.3,25702.15,25695.5,25699.5,0,25699.1125,25550,25850,66.15,76.34,142.49,0.5544549446989658
2026-01-14 10:13:00+05:30,2026-01-20,Tuesday,Wednesday,25698.4,25705.15,25692.65,25700.9,0,25699.275,25550,25850,65.2,77.55,142.75,0.5554631404971541
2026-01-14 10:14:00+05:30,2026-01-20,Tuesday,Wednesday,25700.75,25705.0,25696.8,25696.8,0,25699.8375,25550,25850,66.65,75.34,141.99,0.5524937657679742
2026-01-14 10:15:00+05:30,2026-01-20,Tuesday,Wednesday,25697.9,25703.75,25693.95,25696.35,0,25697.987500000003,25550,25850,67.34,74.8,142.14,0.5531172431304201
2026-01-14 10:16:00+05:30,2026-01-20,Tuesday,Wednesday,25695.8,25698.35,25691.25,25695.0,0,25695.1,25550,25800,66.75,94.35,161.1,0.6269677876326615
2026-01-14 10:17:00+05:30,2026-01-20,Tuesday,Wednesday,25695.15,25700.1,25692.9,25695.55,0,25695.925,25550,25800,67.45,93.1,160.55,0.6248072408368254
2026-01-14 10:18:00+05:30,2026-01-20,Tuesday,Wednesday,25695.7,25696.05,25670.0,25678.3,0,25685.0125,25550,25800,72.05,87.7,159.75,0.6219580387589845
2026-01-14 10:19:00+05:30,2026-01-20,Tuesday,Wednesday,25677.45,25681.35,25672.95,25680.05,0,25677.95,25550,25800,72.25,87.25,159.5,0.6211555050150032
2026-01-14 10:20:00+05:30,2026-01-20,Tuesday,Wednesday,25680.8,25686.25,25676.35,25679.65,0,25680.762499999997,25550,25800,73.4,86.4,159.8,0.6222556670581725
2026-01-14 10:21:00+05:30,2026-01-20,Tuesday,Wednesday,25678.9,25680.4,25672.95,25674.05,0,25676.575,25550,25800,73.8,84.75,158.55,0.6174888979546532
2026-01-14 10:22:00+05:30,2026-01-20,Tuesday,Wednesday,25673.95,25677.5,25662.3,25668.35,0,25670.525,25550,25800,76.65,82.6,159.25,0.6203612898450654
2026-01-14 10:23:00+05:30,2026-01-20,Tuesday,Wednesday,25668.55,25671.85,25661.35,25668.15,0,25667.475,25550,25800,78.0,80.75,158.75,0.6184870151816648
2026-01-14 10:24:00+05:30,2026-01-20,Tuesday,Wednesday,25668.5,25676.85,25664.55,25676.1,0,25671.5,25550,25800,74.15,84.15,158.3,0.6166371267748282
2026-01-14 10:25:00+05:30,2026-01-20,Tuesday,Wednesday,25676.6,25685.55,25676.6,25683.35,0,25680.525,25550,25800,72.84,85.35,158.19,0.6159920796011764
2026-01-14 10:26:00+05:30,2026-01-20,Tuesday,Wednesday,25682.55,25683.7,25673.95,25675.35,0,25678.887499999997,25550,25800,76.4,82.55,158.95,0.6189909901665328
2026-01-14 10:27:00+05:30,2026-01-20,Tuesday,Wednesday,25675.15,25685.25,25670.45,25684.4,0,25678.8125,25550,25800,73.55,85.55,159.1,0.6195769372123419
2026-01-14 10:28:00+05:30,2026-01-20,Tuesday,Wednesday,25683.35,25688.15,25679.8,25683.3,0,25683.65,25550,25800,73.59,84.85,158.44,0.6168905120572815
2026-01-14 10:29:00+05:30,2026-01-20,Tuesday,Wednesday,25682.85,25689.6,25681.6,25688.9,0,25685.737499999996,25550,25800,70.5,87.55,158.05,0.6153220245282037
2026-01-14 10:30:00+05:30,2026-01-20,Tuesday,Wednesday,25689.9,25689.9,25675.25,25678.05,0,25683.275,25550,25800,75.0,84.5,159.5,0.6210267187498478
2026-01-14 10:31:00+05:30,2026-01-20,Tuesday,Wednesday,25678.0,25678.0,25662.25,25665.45,0,25670.925,25550,25800,77.5,80.45,157.95,0.6152875285950934
2026-01-14 10:32:00+05:30,2026-01-20,Tuesday,Wednesday,25665.85,25674.1,25664.5,25669.75,0,25668.55,25550,25800,76.4,81.55,157.95,0.6153444584910328
2026-01-14 10:33:00+05:30,2026-01-20,Tuesday,Wednesday,25669.3,25690.05,25668.05,25690.05,0,25679.3625,25550,25800,69.7,88.3,158.0,0.6152800716918109
2026-01-14 10:34:00+05:30,2026-01-20,Tuesday,Wednesday,25688.65,25691.85,25680.6,25686.6,0,25686.925000000003,25550,25800,70.9,86.95,157.85000000000002,0.6145149721112979
2026-01-14 10:35:00+05:30,2026-01-20,Tuesday,Wednesday,25686.95,25693.4,25685.75,25689.95,0,25689.0125,25550,25800,69.8,88.25,158.05,0.6152435793318253
2026-01-14 10:36:00+05:30,2026-01-20,Tuesday,Wednesday,25690.2,25691.1,25670.9,25672.3,0,25681.125000000004,25550,25800,75.05,80.75,155.8,0.6066712420113994
2026-01-14 10:37:00+05:30,2026-01-20,Tuesday,Wednesday,25673.25,25676.4,25669.9,25672.0,0,25672.8875,25550,25800,74.59,82.4,156.99,0.6115011410383815
2026-01-14 10:38:00+05:30,2026-01-20,Tuesday,Wednesday,25671.15,25675.7,25669.7,25674.85,0,25672.85,25550,25800,72.95,84.8,157.75,0.6144623600418341
2026-01-14 10:39:00+05:30,2026-01-20,Tuesday,Wednesday,25675.9,25683.75,25675.5,25679.75,0,25678.725,25550,25800,72.59,85.0,157.59,0.613698694152455
2026-01-14 10:40:00+05:30,2026-01-20,Tuesday,Wednesday,25680.1,25696.2,25678.8,25691.8,0,25686.725000000002,25550,25800,68.3,89.75,158.05,0.6152983690992136
2026-01-14 10:41:00+05:30,2026-01-20,Tuesday,Wednesday,25691.25,25710.05,25691.25,25708.55,0,25700.275,25550,25850,61.85,78.3,140.15,0.5453249041109482
2026-01-14 10:42:00+05:30,2026-01-20,Tuesday,Wednesday,25708.7,25718.9,25704.95,25704.95,0,25709.375,25600,25850,78.0,75.8,153.8,0.5982253555366477
2026-01-14 10:43:00+05:30,2026-01-20,Tuesday,Wednesday,25704.95,25704.95,25682.9,25684.05,0,25694.2125,25550,25800,67.2,89.9,157.10000000000002,0.6114217355367478
2026-01-14 10:44:00+05:30,2026-01-20,Tuesday,Wednesday,25683.95,25685.9,25671.85,25675.0,0,25679.175000000003,25550,25800,70.9,85.15,156.05,0.6076908623427348
2026-01-14 10:45:00+05:30,2026-01-20,Tuesday,Wednesday,25674.95,25674.95,25664.65,25665.9,0,25670.112500000003,25550,25800,74.2,81.59,155.79000000000002,0.6068925486789355
2026-01-14 10:46:00+05:30,2026-01-20,Tuesday,Wednesday,25665.6,25670.7,25662.2,25665.0,0,25665.875,25550,25800,73.45,82.95,156.4,0.6093694448367726
2026-01-14 10:47:00+05:30,2026-01-20,Tuesday,Wednesday,25665.8,25676.55,25662.0,25673.05,0,25669.350000000002,25550,25800,70.34,85.5,155.84,0.6071053610629018
2026-01-14 10:48:00+05:30,2026-01-20,Tuesday,Wednesday,25674.15,25690.25,25672.5,25688.9,0,25681.449999999997,25550,25800,66.0,90.2,156.2,0.6082211090105893
2026-01-14 10:49:00+05:30,2026-01-20,Tuesday,Wednesday,25689.1,25696.95,25687.9,25692.15,0,25691.525,25550,25800,66.34,90.2,156.54000000000002,0.6093059870910739
2026-01-14 10:50:00+05:30,2026-01-20,Tuesday,Wednesday,25692.4,25697.6,25691.7,25695.5,0,25694.3,25550,25800,66.4,89.6,156.0,0.6071385482383252
2026-01-14 10:51:00+05:30,2026-01-20,Tuesday,Wednesday,25695.75,25699.15,25692.4,25698.35,0,25696.4125,25550,25800,65.8,90.85,156.64999999999998,0.6096181714081683
2026-01-14 10:52:00+05:30,2026-01-20,Tuesday,Wednesday,25698.35,25702.4,25694.8,25695.2,0,25697.6875,25550,25850,67.05,71.25,138.3,0.5381807215143386
2026-01-14 10:53:00+05:30,2026-01-20,Tuesday,Wednesday,25695.05,25704.65,25695.05,25702.95,0,25699.425,25550,25850,64.9,73.25,138.15,0.5375606652678027
2026-01-14 10:54:00+05:30,2026-01-20,Tuesday,Wednesday,25702.75,25705.35,25698.85,25703.65,0,25702.65,25550,25850,64.5,74.25,138.75,0.5398276053247428
2026-01-14 10:55:00+05:30,2026-01-20,Tuesday,Wednesday,25704.55,25711.35,25701.2,25706.35,0,25705.862499999996,25600,25850,79.0,74.2,153.2,0.5959730003223973
2026-01-14 10:56:00+05:30,2026-01-20,Tuesday,Wednesday,25706.25,25707.3,25700.35,25701.45,0,25703.837499999998,25600,25850,79.45,74.09,153.54000000000002,0.5973427119588661
2026-01-14 10:57:00+05:30,2026-01-20,Tuesday,Wednesday,25702.05,25714.9,25700.9,25714.45,0,25708.075,25600,25850,75.5,78.84,154.34,0.6003561137891499
2026-01-14 10:58:00+05:30,2026-01-20,Tuesday,Wednesday,25714.1,25719.55,25714.0,25718.2,0,25716.462499999998,25600,25850,74.5,80.4,154.9,0.6023378993125513
2026-01-14 10:59:00+05:30,2026-01-20,Tuesday,Wednesday,25719.3,25729.0,25716.75,25728.8,0,25723.4625,25600,25850,69.65,85.95,155.60000000000002,0.6048952391226493
2026-01-14 11:00:00+05:30,2026-01-20,Tuesday,Wednesday,25729.3,25733.15,25720.95,25720.95,0,25726.087499999998,25600,25850,74.9,79.45,154.35000000000002,0.5999746366407253
2026-01-14 11:01:00+05:30,2026-01-20,Tuesday,Wednesday,25721.55,25722.6,25710.75,25721.8,0,25719.175,25600,25850,73.05,82.5,155.55,0.6048016703490684
2026-01-14 11:02:00+05:30,2026-01-20,Tuesday,Wednesday,25721.75,25731.1,25720.55,25729.6,0,25725.75,25600,25850,70.7,86.0,156.7,0.6091173240819023
2026-01-14 11:03:00+05:30,2026-01-20,Tuesday,Wednesday,25730.65,25736.0,25727.6,25728.0,0,25730.5625,25600,25850,71.9,84.45,156.35000000000002,0.6076431481045159
2026-01-14 11:04:00+05:30,2026-01-20,Tuesday,Wednesday,25728.9,25733.15,25720.85,25733.15,0,25729.012499999997,25600,25850,69.7,86.4,156.10000000000002,0.6067080887772123
2026-01-14 11:05:00+05:30,2026-01-20,Tuesday,Wednesday,25733.8,25737.9,25732.3,25733.0,0,25734.25,25600,25850,70.75,85.65,156.4,0.6077503715865044
2026-01-14 11:06:00+05:30,2026-01-20,Tuesday,Wednesday,25733.4,25734.3,25720.7,25722.3,0,25727.675,25600,25850,73.45,82.2,155.65,0.604990540342258
2026-01-14 11:07:00+05:30,2026-01-20,Tuesday,Wednesday,25721.95,25722.2,25713.45,25720.65,0,25719.5625,25600,25850,72.7,83.3,156.0,0.6065421991528821
2026-01-14 11:08:00+05:30,2026-01-20,Tuesday,Wednesday,25720.95,25732.0,25720.15,25732.0,0,25726.275,25600,25850,70.3,87.3,157.6,0.6126032626176934
2026-01-14 11:09:00+05:30,2026-01-20,Tuesday,Wednesday,25732.1,25733.45,25726.8,25729.55,0,25730.475000000002,25600,25850,72.3,85.05,157.35,0.6115316565279109
2026-01-14 11:10:00+05:30,2026-01-20,Tuesday,Wednesday,25729.6,25737.75,25728.3,25729.2,0,25731.212499999998,25600,25850,72.45,83.65,156.10000000000002,0.6066562156758063
2026-01-14 11:11:00+05:30,2026-01-20,Tuesday,Wednesday,25728.7,25733.4,25728.6,25730.25,0,25730.237500000003,25600,25850,71.0,85.8,156.8,0.6093997383428738
2026-01-14 11:12:00+05:30,2026-01-20,Tuesday,Wednesday,25731.1,25734.5,25727.15,25727.45,0,25730.05,25600,25850,71.59,83.8,155.39,0.6039242053552168
2026-01-14 11:13:00+05:30,2026-01-20,Tuesday,Wednesday,25727.35,25727.6,25721.9,25722.7,0,25724.8875,25600,25850,72.7,82.8,155.5,0.6044730030403437
2026-01-14 11:14:00+05:30,2026-01-20,Tuesday,Wednesday,25723.7,25731.65,25721.45,25726.25,0,25725.7625,25600,25850,71.8,84.2,156.0,0.6063960203317589
2026-01-14 11:15:00+05:30,2026-01-20,Tuesday,Wednesday,25723.7,25736.45,25720.3,25735.55,0,25729.0,25600,25850,69.7,87.5,157.2,0.6109837148742663
2026-01-14 11:16:00+05:30,2026-01-20,Tuesday,Wednesday,25736.7,25746.1,25735.7,25744.75,0,25740.8125,25600,25850,67.2,90.6,157.8,0.6130342622246288
2026-01-14 11:17:00+05:30,2026-01-20,Tuesday,Wednesday,25744.25,25750.3,25742.4,25744.6,0,25745.387500000004,25600,25850,67.4,90.05,157.45,0.6115658581561453
2026-01-14 11:18:00+05:30,2026-01-20,Tuesday,Wednesday,25745.9,25751.1,25743.8,25745.35,0,25746.5375,25600,25900,67.45,71.5,138.95,0.5396842196741989
2026-01-14 11:19:00+05:30,2026-01-20,Tuesday,Wednesday,25746.15,25747.0,25739.15,25747.0,0,25744.825,25600,25850,66.7,92.1,158.8,0.6168229925820043
2026-01-14 11:20:00+05:30,2026-01-20,Tuesday,Wednesday,25747.75,25753.9,25743.15,25743.15,0,25746.987500000003,25600,25900,68.84,70.2,139.04000000000002,0.5400243426536795
2026-01-14 11:21:00+05:30,2026-01-20,Tuesday,Wednesday,25743.3,25754.8,25741.85,25754.8,0,25748.6875,25600,25900,65.5,75.3,140.8,0.5468239886013607
2026-01-14 11:22:00+05:30,2026-01-20,Tuesday,Wednesday,25754.95,25754.95,25746.25,25746.85,0,25750.75,25600,25900,67.2,72.9,140.10000000000002,0.5440618234420358
2026-01-14 11:23:00+05:30,2026-01-20,Tuesday,Wednesday,25747.6,25751.5,25744.75,25744.9,0,25747.1875,25600,25900,68.15,72.2,140.35000000000002,0.5451080821934435
2026-01-14 11:24:00+05:30,2026-01-20,Tuesday,Wednesday,25745.45,25749.15,25737.5,25737.5,0,25742.4,25600,25850,68.84,88.25,157.09,0.6102383616135247
2026-01-14 11:25:00+05:30,2026-01-20,Tuesday,Wednesday,25737.9,25738.9,25732.7,25735.0,0,25736.125,25600,25850,70.8,85.85,156.64999999999998,0.6086774912695675
2026-01-14 11:26:00+05:30,2026-01-20,Tuesday,Wednesday,25735.7,25751.2,25734.7,25751.0,0,25743.15,25600,25850,66.0,93.1,159.1,0.6180284852475318
2026-01-14 11:27:00+05:30,2026-01-20,Tuesday,Wednesday,25751.45,25765.7,25750.3,25765.45,0,25758.225,25650,25900,75.4,79.0,154.4,0.5994201852029789
2026-01-14 11:28:00+05:30,2026-01-20,Tuesday,Wednesday,25765.3,25773.7,25765.3,25772.0,0,25769.075,25650,25900,71.9,82.05,153.95,0.5974215217271089
2026-01-14 11:29:00+05:30,2026-01-20,Tuesday,Wednesday,25771.85,25774.4,25768.95,25770.4,0,25771.4,25650,25900,72.65,80.8,153.45,0.5954274893874605
2026-01-14 11:30:00+05:30,2026-01-20,Tuesday,Wednesday,25770.7,25775.8,25770.3,25773.9,0,25772.675000000003,25650,25900,71.5,83.1,154.6,0.5998601231730892
2026-01-14 11:31:00+05:30,2026-01-20,Tuesday,Wednesday,25774.0,25775.45,25759.8,25761.55,0,25767.7,25650,25900,74.25,78.84,153.09,0.5941158892722285
2026-01-14 11:32:00+05:30,2026-01-20,Tuesday,Wednesday,25762.7,25764.45,25748.5,25763.6,0,25759.8125,25650,25900,74.5,78.84,153.34,0.595268307950611
2026-01-14 11:33:00+05:30,2026-01-20,Tuesday,Wednesday,25763.05,25767.9,25762.3,25765.35,0,25764.65,25650,25900,74.0,79.9,153.9,0.5973300627021907
2026-01-14 11:34:00+05:30,2026-01-20,Tuesday,Wednesday,25764.3,25770.7,25763.4,25769.0,0,25766.85,25650,25900,73.2,80.45,153.65,0.5963088231584381
2026-01-14 11:35:00+05:30,2026-01-20,Tuesday,Wednesday,25769.1,25770.55,25763.75,25764.1,0,25766.875,25650,25900,75.59,78.05,153.64,0.596269435078953
2026-01-14 11:36:00+05:30,2026-01-20,Tuesday,Wednesday,25763.5,25765.05,25762.25,25762.8,0,25763.4,25650,25900,75.09,77.75,152.84,0.5932446804381408
2026-01-14 11:37:00+05:30,2026-01-20,Tuesday,Wednesday,25761.4,25771.5,25761.05,25770.35,0,25766.074999999997,25650,25900,73.09,80.3,153.39,0.5953176803218961
2026-01-14 11:38:00+05:30,2026-01-20,Tuesday,Wednesday,25770.45,25770.45,25760.25,25761.75,0,25765.725,25650,25900,75.59,77.2,152.79000000000002,0.5929970920670776
2026-01-14 11:39:00+05:30,2026-01-20,Tuesday,Wednesday,25761.85,25768.15,25758.85,25767.4,0,25764.0625,25650,25900,74.2,78.5,152.7,0.5926860331129844
2026-01-14 11:40:00+05:30,2026-01-20,Tuesday,Wednesday,25766.85,25771.1,25765.25,25766.75,0,25767.4875,25650,25900,74.9,78.0,152.9,0.5933834255280032
2026-01-14 11:41:00+05:30,2026-01-20,Tuesday,Wednesday,25766.3,25769.65,25763.75,25769.65,0,25767.3375,25650,25900,73.5,79.65,153.15,0.5943571003406929
2026-01-14 11:42:00+05:30,2026-01-20,Tuesday,Wednesday,25769.6,25776.9,25768.0,25776.3,0,25772.7,25650,25900,70.15,82.7,152.85000000000002,0.593069410655461
2026-01-14 11:43:00+05:30,2026-01-20,Tuesday,Wednesday,25776.4,25777.15,25768.55,25776.95,0,25774.7625,25650,25900,69.45,83.2,152.65,0.5922460003268701
2026-01-14 11:44:00+05:30,2026-01-20,Tuesday,Wednesday,25777.2,25777.35,25761.15,25761.15,0,25769.2125,25650,25900,76.05,75.4,151.45,0.5877168345753677
2026-01-14 11:45:00+05:30,2026-01-20,Tuesday,Wednesday,25760.95,25765.1,25760.3,25761.25,0,25761.9,25650,25900,75.0,76.34,151.34,0.587456670509551
2026-01-14 11:46:00+05:30,2026-01-20,Tuesday,Wednesday,25761.15,25768.85,25759.4,25768.4,0,25764.449999999997,25650,25900,72.75,78.84,151.59,0.5883688570879643
2026-01-14 11:47:00+05:30,2026-01-20,Tuesday,Wednesday,25768.5,25774.15,25767.8,25773.7,0,25771.0375,25650,25900,71.3,80.2,151.5,0.5878692311087593
2026-01-14 11:48:00+05:30,2026-01-20,Tuesday,Wednesday,25773.5,25779.3,25772.35,25776.85,0,25775.5,25650,25900,69.05,82.1,151.14999999999998,0.5864095749839964
2026-01-14 11:49:00+05:30,2026-01-20,Tuesday,Wednesday,25777.35,25786.05,25776.3,25784.75,0,25781.1125,25650,25900,66.34,85.95,152.29000000000002,0.5907037564806407
2026-01-14 11:50:00+05:30,2026-01-20,Tuesday,Wednesday,25785.25,25785.25,25774.9,25775.3,0,25780.175,25650,25900,70.2,80.3,150.5,0.5837819176945075
2026-01-14 11:51:00+05:30,2026-01-20,Tuesday,Wednesday,25775.2,25775.65,25771.45,25774.35,0,25774.1625,25650,25900,70.05,80.8,150.85,0.585276049221774
2026-01-14 11:52:00+05:30,2026-01-20,Tuesday,Wednesday,25773.25,25782.6,25772.9,25780.15,0,25777.225,25650,25900,68.7,83.0,151.7,0.5885039991698098
2026-01-14 11:53:00+05:30,2026-01-20,Tuesday,Wednesday,25780.0,25780.5,25769.8,25770.6,0,25775.225,25650,25900,71.8,78.65,150.45,0.583700045295434
2026-01-14 11:54:00+05:30,2026-01-20,Tuesday,Wednesday,25770.75,25776.55,25770.15,25776.5,0,25773.487500000003,25650,25900,69.09,81.9,150.99,0.5858345712818259
2026-01-14 11:55:00+05:30,2026-01-20,Tuesday,Wednesday,25775.7,25776.6,25772.95,25774.6,0,25774.9625,25650,25900,70.3,80.15,150.45,0.5837059898729241
2026-01-14 11:56:00+05:30,2026-01-20,Tuesday,Wednesday,25774.6,25784.15,25773.8,25783.55,0,25779.025,25650,25900,66.25,84.9,151.15,0.5863293898818904
2026-01-14 11:57:00+05:30,2026-01-20,Tuesday,Wednesday,25783.65,25783.65,25771.95,25775.65,0,25778.725,25650,25900,70.15,80.4,150.55,0.5840087126108837
2026-01-14 11:58:00+05:30,2026-01-20,Tuesday,Wednesday,25774.95,25779.85,25773.1,25779.55,0,25776.8625,25650,25900,68.05,82.55,150.6,0.584244882401805
2026-01-14 11:59:00+05:30,2026-01-20,Tuesday,Wednesday,25778.45,25782.5,25774.0,25775.65,0,25777.65,25650,25900,70.5,79.5,150.0,0.5818994361394464
2026-01-14 12:00:00+05:30,2026-01-20,Tuesday,Wednesday,25776.45,25787.4,25775.45,25786.0,0,25781.325,25650,25900,67.2,83.15,150.35000000000002,0.5831740610693982
2026-01-14 12:01:00+05:30,2026-01-20,Tuesday,Wednesday,25785.8,25789.25,25783.7,25783.7,0,25785.6125,25650,25900,67.45,82.7,150.15,0.5823014675334938
2026-01-14 12:02:00+05:30,2026-01-20,Tuesday,Wednesday,25784.85,25787.55,25780.2,25782.5,0,25783.774999999998,25650,25900,68.0,81.75,149.75,0.5807916024709338
2026-01-14 12:03:00+05:30,2026-01-20,Tuesday,Wednesday,25782.15,25789.5,25780.35,25789.15,0,25785.2875,25650,25900,65.5,84.15,149.65,0.5803697166455871
2026-01-14 12:04:00+05:30,2026-01-20,Tuesday,Wednesday,25789.05,25791.75,25784.0,25786.95,0,25787.9375,25650,25900,66.4,82.8,149.2,0.5785650752410889
2026-01-14 12:05:00+05:30,2026-01-20,Tuesday,Wednesday,25786.3,25788.25,25781.85,25782.1,0,25784.625,25650,25900,68.55,80.7,149.25,0.5788333163658576
2026-01-14 12:06:00+05:30,2026-01-20,Tuesday,Wednesday,25782.45,25784.15,25769.25,25769.25,0,25776.275,25650,25900,72.59,75.3,147.89,0.5737446547260998
2026-01-14 12:07:00+05:30,2026-01-20,Tuesday,Wednesday,25769.45,25771.3,25766.45,25769.25,0,25769.1125,25650,25900,71.4,76.05,147.45,0.5721966559771897
2026-01-14 12:08:00+05:30,2026-01-20,Tuesday,Wednesday,25768.2,25776.3,25768.2,25770.95,0,25770.9125,25650,25900,71.75,75.09,146.84,0.5697896805167455
2026-01-14 12:09:00+05:30,2026-01-20,Tuesday,Wednesday,25770.1,25771.1,25760.75,25762.3,0,25766.0625,25650,25900,72.4,73.84,146.24,0.5675682887131086
2026-01-14 12:10:00+05:30,2026-01-20,Tuesday,Wednesday,25762.9,25766.35,25757.05,25757.05,0,25760.8375,25650,25900,74.05,71.15,145.2,0.5636462712052742
2026-01-14 12:11:00+05:30,2026-01-20,Tuesday,Wednesday,25757.15,25758.6,25747.6,25747.6,0,25752.737500000003,25600,25900,62.35,68.05,130.4,0.5063539361592141
2026-01-14 12:12:00+05:30,2026-01-20,Tuesday,Wednesday,25746.85,25751.95,25746.85,25748.95,0,25748.649999999998,25600,25900,61.6,69.2,130.8,0.5079877974185055
2026-01-14 12:13:00+05:30,2026-01-20,Tuesday,Wednesday,25748.65,25751.05,25746.0,25748.65,0,25748.5875,25600,25900,61.15,69.34,130.49,0.5067850809291966
2026-01-14 12:14:00+05:30,2026-01-20,Tuesday,Wednesday,25748.95,25752.0,25742.2,25743.35,0,25746.625,25600,25900,63.4,66.7,130.1,0.5053089482602089
2026-01-14 12:15:00+05:30,2026-01-20,Tuesday,Wednesday,25743.7,25743.9,25735.35,25735.55,0,25739.625000000004,25600,25850,65.7,82.95,148.65,0.5775142411748422
2026-01-14 12:16:00+05:30,2026-01-20,Tuesday,Wednesday,25736.65,25741.2,25734.5,25737.65,0,25737.5,25600,25850,65.0,82.95,147.95,0.5748421563865954
2026-01-14 12:17:00+05:30,2026-01-20,Tuesday,Wednesday,25737.25,25755.65,25737.25,25751.35,0,25745.375,25600,25850,61.2,88.0,149.2,0.5795215645528565
2026-01-14 12:18:00+05:30,2026-01-20,Tuesday,Wednesday,25751.75,25764.05,25751.35,25761.35,0,25757.125,25650,25900,72.95,71.59,144.54000000000002,0.561165114507151
2026-01-14 12:19:00+05:30,2026-01-20,Tuesday,Wednesday,25761.5,25766.75,25760.9,25766.3,0,25763.8625,25650,25900,70.65,73.45,144.10000000000002,0.5593105459245484
2026-01-14 12:20:00+05:30,2026-01-20,Tuesday,Wednesday,25766.75,25772.45,25765.8,25771.55,0,25769.1375,25650,25900,70.59,73.45,144.04000000000002,0.5589632171429876
2026-01-14 12:21:00+05:30,2026-01-20,Tuesday,Wednesday,25771.35,25773.2,25767.9,25771.4,0,25770.9625,25650,25900,70.4,74.15,144.55,0.5609026050152376
2026-01-14 12:22:00+05:30,2026-01-20,Tuesday,Wednesday,25771.45,25774.9,25764.15,25769.3,0,25769.95,25650,25900,71.2,72.95,144.15,0.5593724473660213
2026-01-14 12:23:00+05:30,2026-01-20,Tuesday,Wednesday,25768.25,25772.0,25767.3,25770.4,0,25769.487500000003,25650,25900,70.3,73.84,144.14,0.5593436811655644
2026-01-14 12:24:00+05:30,2026-01-20,Tuesday,Wednesday,25770.85,25773.75,25767.75,25767.75,0,25770.025,25650,25900,70.9,73.7,144.60000000000002,0.5611170342287212
2026-01-14 12:25:00+05:30,2026-01-20,Tuesday,Wednesday,25767.9,25773.65,25767.45,25768.55,0,25769.3875,25650,25900,70.3,73.65,143.95,0.5586085427913255
2026-01-14 12:26:00+05:30,2026-01-20,Tuesday,Wednesday,25769.2,25769.55,25757.9,25757.9,0,25763.637499999997,25650,25900,73.65,69.55,143.2,0.5558221349760879
2026-01-14 12:27:00+05:30,2026-01-20,Tuesday,Wednesday,25757.55,25760.15,25756.7,25758.1,0,25758.125,25650,25900,73.75,69.95,143.7,0.5578822216290975
2026-01-14 12:28:00+05:30,2026-01-20,Tuesday,Wednesday,25758.25,25758.25,25751.5,25754.2,0,25755.55,25650,25900,73.9,68.75,142.65,0.5538612066137202
2026-01-14 12:29:00+05:30,2026-01-20,Tuesday,Wednesday,25754.4,25759.7,25752.95,25755.85,0,25755.725,25650,25900,73.25,69.55,142.8,0.5544398381330753
2026-01-14 12:30:00+05:30,2026-01-20,Tuesday,Wednesday,25756.1,25765.2,25756.1,25761.1,0,25759.625,25650,25900,72.25,70.7,142.95,0.5549382027106372
2026-01-14 12:31:00+05:30,2026-01-20,Tuesday,Wednesday,25761.05,25765.65,25760.55,25765.6,0,25763.2125,25650,25900,70.55,72.45,143.0,0.5550550033308151
2026-01-14 12:32:00+05:30,2026-01-20,Tuesday,Wednesday,25765.6,25767.35,25761.45,25766.8,0,25765.3,25650,25900,69.55,72.84,142.39,0.5526425075586155
2026-01-14 12:33:00+05:30,2026-01-20,Tuesday,Wednesday,25766.7,25767.55,25761.15,25762.6,0,25764.5,25650,25900,71.7,70.45,142.15,0.5517281530788488
2026-01-14 12:34:00+05:30,2026-01-20,Tuesday,Wednesday,25762.55,25765.85,25760.65,25765.15,0,25763.549999999996,25650,25900,70.0,71.9,141.9,0.5507781342245149
2026-01-14 12:35:00+05:30,2026-01-20,Tuesday,Wednesday,25765.1,25774.9,25764.75,25772.4,0,25769.2875,25650,25900,68.75,73.84,142.59,0.5533331101994963
2026-01-14 12:36:00+05:30,2026-01-20,Tuesday,Wednesday,25773.4,25775.85,25770.45,25773.95,0,25773.4125,25650,25900,69.4,72.84,142.24,0.5518865613934516
2026-01-14 12:37:00+05:30,2026-01-20,Tuesday,Wednesday,25774.4,25776.15,25772.8,25775.5,0,25774.7125,25650,25900,68.0,74.25,142.25,0.5518975235902243
2026-01-14 12:38:00+05:30,2026-01-20,Tuesday,Wednesday,25775.0,25780.9,25767.4,25775.8,0,25774.775,25650,25900,67.75,74.5,142.25,0.5518961853207254
2026-01-14 12:39:00+05:30,2026-01-20,Tuesday,Wednesday,25775.65,25776.85,25770.0,25772.85,0,25773.8375,25650,25900,68.4,73.8,142.2,0.5517222648742158
2026-01-14 12:40:00+05:30,2026-01-20,Tuesday,Wednesday,25772.05,25777.5,25771.7,25773.6,0,25773.7125,25650,25900,68.34,74.3,142.64,0.5534321064534261
2026-01-14 12:41:00+05:30,2026-01-20,Tuesday,Wednesday,25773.45,25775.85,25769.2,25769.2,0,25771.925,25650,25900,70.45,71.95,142.4,0.552539245710206
2026-01-14 12:42:00+05:30,2026-01-20,Tuesday,Wednesday,25768.75,25769.6,25757.0,25758.1,0,25763.362500000003,25650,25900,73.05,68.55,141.6,0.5496176983885546
2026-01-14 12:43:00+05:30,2026-01-20,Tuesday,Wednesday,25758.45,25759.35,25756.35,25759.05,0,25758.3,25650,25900,71.95,69.84,141.79000000000002,0.550463345795336
2026-01-14 12:44:00+05:30,2026-01-20,Tuesday,Wednesday,25758.7,25759.3,25751.85,25753.45,0,25755.825,25650,25900,73.55,68.45,142.0,0.5513315919796783
2026-01-14 12:45:00+05:30,2026-01-20,Tuesday,Wednesday,25753.5,25760.5,25752.25,25759.5,0,25756.4375,25650,25900,71.65,70.34,141.99,0.5512796558142018
2026-01-14 12:46:00+05:30,2026-01-20,Tuesday,Wednesday,25760.55,25765.85,25759.3,25763.35,0,25762.262499999997,25650,25900,71.4,70.8,142.2,0.5519701540188872
2026-01-14 12:47:00+05:30,2026-01-20,Tuesday,Wednesday,25761.7,25768.2,25759.6,25767.45,0,25764.2375,25650,25900,69.55,72.15,141.7,0.5499871672895423
2026-01-14 12:48:00+05:30,2026-01-20,Tuesday,Wednesday,25767.55,25769.45,25761.1,25762.65,0,25765.1875,25650,25900,73.25,68.4,141.65,0.5497728281620307
2026-01-14 12:49:00+05:30,2026-01-20,Tuesday,Wednesday,25762.2,25764.95,25753.7,25754.85,0,25758.925000000003,25650,25900,75.0,66.7,141.7,0.5501005962011224
2026-01-14 12:50:00+05:30,2026-01-20,Tuesday,Wednesday,25753.4,25756.1,25748.75,25748.9,0,25751.7875,25600,25900,61.45,65.25,126.7,0.4920046812284391
2026-01-14 12:51:00+05:30,2026-01-20,Tuesday,Wednesday,25749.1,25749.8,25742.25,25743.1,0,25746.0625,25600,25850,62.6,80.15,142.75,0.5544537150098194
2026-01-14 12:52:00+05:30,2026-01-20,Tuesday,Wednesday,25742.95,25745.05,25741.15,25743.35,0,25743.125,25600,25850,62.3,80.9,143.2,0.5562650222146689
2026-01-14 12:53:00+05:30,2026-01-20,Tuesday,Wednesday,25743.7,25748.3,25742.3,25748.3,0,25745.65,25600,25850,60.45,83.4,143.85000000000002,0.5587351649696163
2026-01-14 12:54:00+05:30,2026-01-20,Tuesday,Wednesday,25747.85,25752.85,25746.1,25747.85,0,25748.6625,25600,25900,61.9,63.95,125.85,0.48876325129509157
2026-01-14 12:55:00+05:30,2026-01-20,Tuesday,Wednesday,25747.65,25748.7,25741.75,25745.55,0,25745.912500000002,25600,25850,61.8,81.65,143.45,0.5571758235409212
2026-01-14 12:56:00+05:30,2026-01-20,Tuesday,Wednesday,25745.25,25747.65,25742.55,25745.0,0,25745.1125,25600,25850,62.65,79.7,142.35,0.552920481508869
2026-01-14 12:57:00+05:30,2026-01-20,Tuesday,Wednesday,25744.5,25748.05,25743.75,25746.65,0,25745.737500000003,25600,25850,61.7,81.5,143.2,0.5562085762740335
2026-01-14 12:58:00+05:30,2026-01-20,Tuesday,Wednesday,25747.35,25753.45,25745.1,25746.15,0,25748.012499999997,25600,25900,61.2,63.85,125.05000000000001,0.4856685540291703
2026-01-14 12:59:00+05:30,2026-01-20,Tuesday,Wednesday,25746.4,25749.7,25745.2,25749.2,0,25747.625,25600,25900,60.4,64.95,125.35,0.48684101931731566
2026-01-14 13:00:00+05:30,2026-01-20,Tuesday,Wednesday,25749.1,25754.05,25748.1,25748.1,0,25749.8375,25600,25900,61.25,63.35,124.6,0.4838865487986089
2026-01-14 13:01:00+05:30,2026-01-20,Tuesday,Wednesday,25748.2,25748.2,25737.85,25739.05,0,25743.325,25600,25850,62.6,78.25,140.85,0.5471321206565196
2026-01-14 13:02:00+05:30,2026-01-20,Tuesday,Wednesday,25740.15,25741.55,25738.75,25741.2,0,25740.4125,25600,25850,61.7,79.8,141.5,0.5497192401248426
2026-01-14 13:03:00+05:30,2026-01-20,Tuesday,Wednesday,25741.25,25745.0,25736.65,25736.65,0,25739.887499999997,25600,25850,63.25,77.45,140.7,0.5466224357041188
2026-01-14 13:04:00+05:30,2026-01-20,Tuesday,Wednesday,25736.65,25742.25,25736.05,25740.5,0,25738.8625,25600,25850,61.6,80.34,141.94,0.5514618215937087
2026-01-14 13:05:00+05:30,2026-01-20,Tuesday,Wednesday,25740.45,25752.85,25740.45,25745.45,0,25744.8,25600,25850,60.45,81.5,141.95,0.5513734812466984
2026-01-14 13:06:00+05:30,2026-01-20,Tuesday,Wednesday,25745.9,25751.6,25745.4,25750.4,0,25748.324999999997,25600,25900,59.3,64.84,124.14,0.4821284491321281
2026-01-14 13:07:00+05:30,2026-01-20,Tuesday,Wednesday,25750.55,25752.55,25746.7,25747.85,0,25749.4125,25600,25900,61.35,62.65,124.0,0.481564385206847
2026-01-14 13:08:00+05:30,2026-01-20,Tuesday,Wednesday,25747.6,25749.1,25746.3,25747.45,0,25747.6125,25600,25900,60.8,62.9,123.69999999999999,0.48043289450623816
2026-01-14 13:09:00+05:30,2026-01-20,Tuesday,Wednesday,25747.7,25753.8,25745.0,25753.35,0,25749.9625,25600,25900,59.05,64.5,123.55,0.47980652399008344
2026-01-14 13:10:00+05:30,2026-01-20,Tuesday,Wednesday,25753.0,25760.1,25751.6,25759.75,0,25756.1125,25650,25900,70.34,67.0,137.34,0.5332326452604212
2026-01-14 13:11:00+05:30,2026-01-20,Tuesday,Wednesday,25759.65,25761.5,25756.95,25757.35,0,25758.862500000003,25650,25900,70.84,66.34,137.18,0.5325545722370311
2026-01-14 13:12:00+05:30,2026-01-20,Tuesday,Wednesday,25758.1,25758.9,25753.9,25754.2,0,25756.274999999998,25650,25900,72.3,65.05,137.35,0.533268106509967
2026-01-14 13:13:00+05:30,2026-01-20,Tuesday,Wednesday,25756.15,25756.15,25747.4,25748.7,0,25752.100000000002,25600,25900,58.7,64.3,123.0,0.47763095048559145
2026-01-14 13:14:00+05:30,2026-01-20,Tuesday,Wednesday,25749.45,25756.4,25746.0,25747.15,0,25749.75,25600,25900,60.65,61.85,122.5,0.47573277410460296
2026-01-14 13:15:00+05:30,2026-01-20,Tuesday,Wednesday,25746.75,25751.3,25746.15,25750.25,0,25748.612500000003,25600,25900,58.15,64.65,122.80000000000001,0.47691890194083275
2026-01-14 13:16:00+05:30,2026-01-20,Tuesday,Wednesday,25750.5,25757.3,25749.4,25750.55,0,25751.937500000004,25600,25900,59.15,63.75,122.9,0.47724564413842646
2026-01-14 13:17:00+05:30,2026-01-20,Tuesday,Wednesday,25750.35,25750.9,25745.55,25748.5,0,25748.825,25600,25900,59.4,63.65,123.05,0.4778858841131586
2026-01-14 13:18:00+05:30,2026-01-20,Tuesday,Wednesday,25747.9,25748.75,25740.3,25741.0,0,25744.4875,25600,25850,60.55,78.8,139.35,0.5412809247028125
2026-01-14 13:19:00+05:30,2026-01-20,Tuesday,Wednesday,25740.45,25746.85,25740.45,25743.05,0,25742.7,25600,25850,62.15,78.34,140.49,0.5457469496206692
2026-01-14 13:20:00+05:30,2026-01-20,Tuesday,Wednesday,25743.5,25744.2,25734.25,25735.95,0,25739.475,25600,25850,63.05,75.05,138.1,0.5365299797295788
2026-01-14 13:21:00+05:30,2026-01-20,Tuesday,Wednesday,25736.35,25739.7,25722.6,25724.4,0,25730.762499999997,25600,25850,67.09,69.5,136.59,0.5308431881876801
2026-01-14 13:22:00+05:30,2026-01-20,Tuesday,Wednesday,25723.75,25726.15,25718.95,25724.45,0,25723.325,25600,25850,66.65,70.2,136.85000000000002,0.5320074290551474
2026-01-14 13:23:00+05:30,2026-01-20,Tuesday,Wednesday,25724.35,25726.35,25718.9,25719.3,0,25722.225000000002,25600,25850,68.05,68.65,136.7,0.5314470268415736
2026-01-14 13:24:00+05:30,2026-01-20,Tuesday,Wednesday,25719.0,25723.2,25716.95,25717.15,0,25719.074999999997,25600,25850,67.84,69.0,136.84,0.5320564600398733
2026-01-14 13:25:00+05:30,2026-01-20,Tuesday,Wednesday,25716.9,25716.9,25705.6,25715.5,0,25713.725,25600,25850,68.5,69.2,137.7,0.5355116771296263
2026-01-14 13:26:00+05:30,2026-01-20,Tuesday,Wednesday,25715.95,25723.7,25715.2,25722.0,0,25719.2125,25600,25850,66.09,70.95,137.04000000000002,0.5328312443470034
2026-01-14 13:27:00+05:30,2026-01-20,Tuesday,Wednesday,25722.1,25728.8,25717.9,25721.55,0,25722.587499999998,25600,25850,67.8,69.3,137.1,0.5329945908435534
2026-01-14 13:28:00+05:30,2026-01-20,Tuesday,Wednesday,25720.2,25721.7,25714.4,25716.6,0,25718.225,25600,25850,68.4,68.75,137.15,0.5332794156672944
2026-01-14 13:29:00+05:30,2026-01-20,Tuesday,Wednesday,25716.6,25718.4,25712.85,25715.5,0,25715.8375,25600,25850,68.55,68.09,136.64,0.5313457125399862
2026-01-14 13:30:00+05:30,2026-01-20,Tuesday,Wednesday,25715.85,25718.45,25712.25,25717.15,0,25715.925000000003,25600,25850,67.9,68.8,136.7,0.5315772230631407
2026-01-14 13:31:00+05:30,2026-01-20,Tuesday,Wednesday,25717.3,25718.55,25708.0,25708.0,0,25712.9625,25600,25850,71.15,65.45,136.60000000000002,0.5312495594391351
2026-01-14 13:32:00+05:30,2026-01-20,Tuesday,Wednesday,25707.7,25707.85,25702.35,25704.55,0,25705.6125,25600,25850,71.34,64.8,136.14,0.5296119670363816
2026-01-14 13:33:00+05:30,2026-01-20,Tuesday,Wednesday,25705.3,25706.85,25700.55,25704.15,0,25704.2125,25600,25850,71.8,65.09,136.89,0.5325586224436947
2026-01-14 13:34:00+05:30,2026-01-20,Tuesday,Wednesday,25703.6,25707.95,25699.75,25700.35,0,25702.9125,25550,25850,58.0,64.65,122.65,0.4771832764088506
2026-01-14 13:35:00+05:30,2026-01-20,Tuesday,Wednesday,25699.75,25708.95,25699.75,25708.2,0,25704.1625,25600,25850,70.0,67.15,137.15,0.5335711677048416
2026-01-14 13:36:00+05:30,2026-01-20,Tuesday,Wednesday,25708.95,25709.35,25695.55,25695.75,0,25702.4,25550,25850,60.65,61.7,122.35,0.4760255851593625
2026-01-14 13:37:00+05:30,2026-01-20,Tuesday,Wednesday,25696.35,25696.35,25684.05,25684.75,0,25690.375,25550,25800,64.4,75.7,140.10000000000002,0.5453404241861008
2026-01-14 13:38:00+05:30,2026-01-20,Tuesday,Wednesday,25684.95,25685.6,25678.6,25682.8,0,25682.9875,25550,25800,63.55,76.4,139.95,0.54491324266696
2026-01-14 13:39:00+05:30,2026-01-20,Tuesday,Wednesday,25682.6,25686.25,25671.2,25671.2,0,25677.8125,25550,25800,68.8,73.0,141.8,0.5522277257846634
2026-01-14 13:40:00+05:30,2026-01-20,Tuesday,Wednesday,25671.35,25674.55,25663.75,25665.9,0,25668.887499999997,25550,25800,70.8,71.84,142.64,0.5556921779333055
2026-01-14 13:41:00+05:30,2026-01-20,Tuesday,Wednesday,25666.4,25678.8,25665.5,25678.4,0,25672.275,25550,25800,67.65,74.25,141.9,0.5527363663718934
2026-01-14 13:42:00+05:30,2026-01-20,Tuesday,Wednesday,25678.75,25683.1,25677.3,25678.0,0,25679.2875,25550,25800,67.9,73.7,141.60000000000002,0.5514171684085862
2026-01-14 13:43:00+05:30,2026-01-20,Tuesday,Wednesday,25676.95,25678.55,25663.35,25665.2,0,25671.0125,25550,25800,71.2,71.25,142.45,0.5549060443174961
2026-01-14 13:44:00+05:30,2026-01-20,Tuesday,Wednesday,25664.65,25666.7,25658.8,25659.35,0,25662.375,25550,25800,74.05,68.55,142.6,0.555677329163805
2026-01-14 13:45:00+05:30,2026-01-20,Tuesday,Wednesday,25659.85,25659.85,25653.6,25656.25,0,25657.387499999997,25550,25800,73.59,68.59,142.18,0.5541483909848577
2026-01-14 13:46:00+05:30,2026-01-20,Tuesday,Wednesday,25655.8,25660.15,25650.95,25658.55,0,25656.3625,25550,25800,73.75,68.8,142.55,0.5556126672282559
2026-01-14 13:47:00+05:30,2026-01-20,Tuesday,Wednesday,25657.9,25669.2,25657.45,25668.65,0,25663.300000000003,25550,25800,70.7,70.75,141.45,0.5511761932409315
2026-01-14 13:48:00+05:30,2026-01-20,Tuesday,Wednesday,25668.5,25669.0,25660.8,25661.55,0,25664.9625,25550,25800,71.59,70.2,141.79000000000002,0.5524652529689066
2026-01-14 13:49:00+05:30,2026-01-20,Tuesday,Wednesday,25661.75,25666.7,25660.15,25661.65,0,25662.5625,25550,25800,72.09,70.65,142.74,0.5562188109624672
2026-01-14 13:50:00+05:30,2026-01-20,Tuesday,Wednesday,25662.05,25668.25,25662.05,25665.25,0,25664.4,25550,25800,71.45,71.0,142.45,0.5550490173158148
2026-01-14 13:51:00+05:30,2026-01-20,Tuesday,Wednesday,25665.25,25670.85,25658.6,25658.6,0,25663.324999999997,25550,25800,74.34,68.5,142.84,0.5565919458994499
2026-01-14 13:52:00+05:30,2026-01-20,Tuesday,Wednesday,25658.3,25658.3,25650.45,25651.4,0,25654.612500000003,25550,25800,76.55,67.09,143.64,0.5598993163510069
2026-01-14 13:53:00+05:30,2026-01-20,Tuesday,Wednesday,25652.35,25652.35,25639.55,25648.55,0,25648.2,25500,25800,61.5,66.59,128.09,0.499411264728129
2026-01-14 13:54:00+05:30,2026-01-20,Tuesday,Wednesday,25648.0,25648.0,25638.95,25638.95,0,25643.475,25500,25750,66.0,80.34,146.34,0.570671486606242
2026-01-14 13:55:00+05:30,2026-01-20,Tuesday,Wednesday,25639.65,25645.45,25637.3,25642.0,0,25641.100000000002,25500,25750,63.75,82.25,146.0,0.5693983487447886
2026-01-14 13:56:00+05:30,2026-01-20,Tuesday,Wednesday,25642.65,25643.15,25635.05,25637.05,0,25639.475000000002,25500,25750,65.59,80.45,146.04000000000002,0.5695904459822207
2026-01-14 13:57:00+05:30,2026-01-20,Tuesday,Wednesday,25637.4,25637.55,25631.55,25632.15,0,25634.6625,25500,25750,66.0,79.0,145.0,0.5656403707285009
2026-01-14 13:58:00+05:30,2026-01-20,Tuesday,Wednesday,25632.55,25640.65,25631.2,25637.75,0,25635.5375,25500,25750,65.3,80.2,145.5,0.5675714815809889
2026-01-14 13:59:00+05:30,2026-01-20,Tuesday,Wednesday,25637.7,25638.9,25633.7,25635.95,0,25636.5625,25500,25750,63.95,80.8,144.75,0.5646232797396297
2026-01-14 14:00:00+05:30,2026-01-20,Tuesday,Wednesday,25636.05,25653.95,25634.15,25652.9,0,25644.262499999997,25500,25750,61.05,83.9,144.95,0.565233646317573
2026-01-14 14:01:00+05:30,2026-01-20,Tuesday,Wednesday,25653.7,25655.65,25646.6,25646.6,0,25650.637500000004,25500,25800,63.0,65.05,128.05,0.4992078656914472
2026-01-14 14:02:00+05:30,2026-01-20,Tuesday,Wednesday,25646.45,25656.9,25646.3,25654.65,0,25651.075000000004,25500,25800,59.6,67.9,127.5,0.49705519164401485
2026-01-14 14:03:00+05:30,2026-01-20,Tuesday,Wednesday,25654.35,25656.35,25644.75,25645.95,0,25650.35,25500,25800,61.95,66.09,128.04000000000002,0.49917447520209285
2026-01-14 14:04:00+05:30,2026-01-20,Tuesday,Wednesday,25646.0,25646.75,25637.5,25638.15,0,25642.1,25500,25750,65.95,79.2,145.15,0.5660612820322829
2026-01-14 14:05:00+05:30,2026-01-20,Tuesday,Wednesday,25637.75,25642.2,25632.2,25642.2,0,25638.587499999998,25500,25750,62.6,82.95,145.55,0.5676989810768632
2026-01-14 14:06:00+05:30,2026-01-20,Tuesday,Wednesday,25640.9,25648.55,25640.9,25648.1,0,25644.612500000003,25500,25750,61.2,83.95,145.15,0.5660058228604545
2026-01-14 14:07:00+05:30,2026-01-20,Tuesday,Wednesday,25647.4,25651.05,25644.15,25645.15,0,25646.9375,25500,25800,62.75,66.0,128.75,0.5020092554910308
2026-01-14 14:08:00+05:30,2026-01-20,Tuesday,Wednesday,25645.05,25654.25,25644.8,25653.45,0,25649.3875,25500,25800,60.3,67.84,128.14,0.49958307971291704
2026-01-14 14:09:00+05:30,2026-01-20,Tuesday,Wednesday,25652.45,25658.1,25645.6,25645.9,0,25650.512499999997,25500,25800,62.1,66.0,128.1,0.4994052263088311
2026-01-14 14:10:00+05:30,2026-01-20,Tuesday,Wednesday,25645.3,25653.0,25645.3,25650.55,0,25648.537500000002,25500,25800,60.45,67.55,128.0,0.49905379595230326
2026-01-14 14:11:00+05:30,2026-01-20,Tuesday,Wednesday,25650.35,25653.8,25649.65,25649.75,0,25650.887499999997,25500,25800,60.7,66.7,127.4,0.49666897490388984
2026-01-14 14:12:00+05:30,2026-01-20,Tuesday,Wednesday,25649.95,25651.15,25644.0,25650.45,0,25648.8875,25500,25800,59.5,68.0,127.5,0.4970975836671278
2026-01-14 14:13:00+05:30,2026-01-20,Tuesday,Wednesday,25650.0,25658.45,25650.0,25657.7,0,25654.0375,25550,25800,71.4,68.75,140.15,0.5463077692936249
2026-01-14 14:14:00+05:30,2026-01-20,Tuesday,Wednesday,25657.4,25664.1,25654.65,25663.2,0,25659.837499999998,25550,25800,70.0,70.05,140.05,0.5457945709905607
2026-01-14 14:15:00+05:30,2026-01-20,Tuesday,Wednesday,25663.25,25669.75,25659.95,25666.25,0,25664.8,25550,25800,70.09,70.05,140.14,0.546039711979053
2026-01-14 14:16:00+05:30,2026-01-20,Tuesday,Wednesday,25660.4,25664.35,25654.1,25663.5,0,25660.5875,25550,25800,70.05,70.05,140.1,0.5459734700150571
2026-01-14 14:17:00+05:30,2026-01-20,Tuesday,Wednesday,25663.2,25665.65,25652.35,25652.95,0,25658.537500000002,25550,25800,73.25,67.8,141.05,0.5497195621535328
2026-01-14 14:18:00+05:30,2026-01-20,Tuesday,Wednesday,25652.75,25655.35,25644.65,25651.1,0,25650.9625,25500,25800,59.9,66.55,126.44999999999999,0.4929639579801342
2026-01-14 14:19:00+05:30,2026-01-20,Tuesday,Wednesday,25650.95,25656.85,25643.65,25644.1,0,25648.887500000004,25500,25800,61.6,65.55,127.15,0.49573300206490434
2026-01-14 14:20:00+05:30,2026-01-20,Tuesday,Wednesday,25643.65,25644.5,25635.75,25637.25,0,25640.2875,25500,25750,61.75,82.65,144.4,0.5631762124352155
2026-01-14 14:21:00+05:30,2026-01-20,Tuesday,Wednesday,25636.5,25637.35,25630.55,25632.7,0,25634.274999999998,25500,25750,63.2,81.0,144.2,0.5625280995854184
2026-01-14 14:22:00+05:30,2026-01-20,Tuesday,Wednesday,25632.25,25638.7,25631.55,25636.05,0,25634.6375,25500,25750,62.0,81.5,143.5,0.5597894645477237
2026-01-14 14:23:00+05:30,2026-01-20,Tuesday,Wednesday,25635.85,25636.2,25620.25,25620.6,0,25628.225,25500,25750,67.45,76.05,143.5,0.5599295308200237
2026-01-14 14:24:00+05:30,2026-01-20,Tuesday,Wednesday,25619.95,25620.3,25610.45,25610.85,0,25615.387499999997,25500,25750,69.7,73.84,143.54000000000002,0.5603663032620531
2026-01-14 14:25:00+05:30,2026-01-20,Tuesday,Wednesday,25610.85,25619.15,25603.95,25618.75,0,25613.175,25500,25750,68.4,77.8,146.2,0.570799988677702
2026-01-14 14:26:00+05:30,2026-01-20,Tuesday,Wednesday,25617.9,25621.85,25614.45,25620.85,0,25618.762499999997,25500,25750,68.3,78.45,146.75,0.572822360174501
2026-01-14 14:27:00+05:30,2026-01-20,Tuesday,Wednesday,25620.35,25630.8,25620.35,25624.9,0,25624.1,25500,25750,69.0,78.55,147.55,0.5758251021499292
2026-01-14 14:28:00+05:30,2026-01-20,Tuesday,Wednesday,25625.45,25626.7,25619.6,25622.6,0,25623.5875,25500,25750,70.45,78.34,148.79000000000002,0.5806759104282334
2026-01-14 14:29:00+05:30,2026-01-20,Tuesday,Wednesday,25622.15,25625.3,25620.3,25624.3,0,25623.0125,25500,25750,69.55,79.9,149.45,0.583264750778231
2026-01-14 14:30:00+05:30,2026-01-20,Tuesday,Wednesday,25624.4,25628.15,25623.45,25626.9,0,25625.725,25500,25750,67.15,81.45,148.60000000000002,0.5798860324927393
2026-01-14 14:31:00+05:30,2026-01-20,Tuesday,Wednesday,25628.1,25632.1,25625.95,25629.0,0,25628.7875,25500,25750,68.25,81.0,149.25,0.5823529497835198
2026-01-14 14:32:00+05:30,2026-01-20,Tuesday,Wednesday,25629.45,25630.05,25618.35,25620.45,0,25624.575,25500,25750,71.5,78.65,150.15,0.5859609378887259
2026-01-14 14:33:00+05:30,2026-01-20,Tuesday,Wednesday,25620.65,25631.35,25620.65,25631.35,0,25626.0,25500,25750,68.05,80.7,148.75,0.5804651525794114
2026-01-14 14:34:00+05:30,2026-01-20,Tuesday,Wednesday,25630.3,25637.8,25629.1,25636.4,0,25633.4,25500,25750,65.84,82.4,148.24,0.5783079887958679
2026-01-14 14:35:00+05:30,2026-01-20,Tuesday,Wednesday,25635.95,25639.35,25627.5,25635.8,0,25634.65,25500,25750,65.9,83.6,149.5,0.5831950114395944
2026-01-14 14:36:00+05:30,2026-01-20,Tuesday,Wednesday,25636.0,25641.05,25635.45,25640.95,0,25638.3625,25500,25750,64.95,83.9,148.85000000000002,0.5805753000020966
2026-01-14 14:37:00+05:30,2026-01-20,Tuesday,Wednesday,25640.05,25644.8,25636.8,25640.6,0,25640.5625,25500,25750,64.2,84.05,148.25,0.5781854434745728
2026-01-14 14:38:00+05:30,2026-01-20,Tuesday,Wednesday,25639.95,25647.05,25639.8,25646.75,0,25643.3875,25500,25750,61.95,86.55,148.5,0.5790966579590937
2026-01-14 14:39:00+05:30,2026-01-20,Tuesday,Wednesday,25648.15,25666.3,25648.15,25658.95,0,25655.3875,25550,25800,74.65,71.65,146.3,0.5702505955133206
2026-01-14 14:40:00+05:30,2026-01-20,Tuesday,Wednesday,25658.05,25667.5,25650.25,25660.55,0,25659.0875,25550,25800,73.3,72.05,145.35,0.5664659742868876
2026-01-14 14:41:00+05:30,2026-01-20,Tuesday,Wednesday,25661.75,25669.5,25657.0,25669.05,0,25664.325,25550,25800,70.15,73.8,143.95,0.5608953284374321
2026-01-14 14:42:00+05:30,2026-01-20,Tuesday,Wednesday,25667.85,25675.0,25667.85,25674.2,0,25671.225,25550,25800,69.3,74.7,144.0,0.560939339669221
2026-01-14 14:43:00+05:30,2026-01-20,Tuesday,Wednesday,25674.1,25680.3,25674.1,25679.2,0,25676.925,25550,25800,67.45,75.84,143.29000000000002,0.5580496885822582
2026-01-14 14:44:00+05:30,2026-01-20,Tuesday,Wednesday,25678.85,25680.0,25674.2,25676.65,0,25677.425000000003,25550,25800,68.65,74.34,142.99,0.55687048058752
2026-01-14 14:45:00+05:30,2026-01-20,Tuesday,Wednesday,25676.4,25696.2,25676.4,25696.2,0,25686.3,25550,25800,62.05,81.75,143.8,0.5598315055107198
2026-01-14 14:46:00+05:30,2026-01-20,Tuesday,Wednesday,25695.95,25697.55,25691.85,25697.55,0,25695.725000000002,25550,25800,60.9,82.35,143.25,0.5574857296301232
2026-01-14 14:47:00+05:30,2026-01-20,Tuesday,Wednesday,25697.7,25708.1,25696.9,25707.9,0,25702.65,25550,25850,58.15,68.8,126.94999999999999,0.49391794231334113
2026-01-14 14:48:00+05:30,2026-01-20,Tuesday,Wednesday,25708.6,25715.65,25692.4,25692.4,0,25702.262499999997,25550,25850,61.0,65.09,126.09,0.490579379928129
2026-01-14 14:49:00+05:30,2026-01-20,Tuesday,Wednesday,25692.0,25696.45,25689.1,25696.45,0,25693.499999999996,25550,25800,60.25,84.8,145.05,0.5645396695662328
2026-01-14 14:50:00+05:30,2026-01-20,Tuesday,Wednesday,25697.2,25700.45,25696.05,25697.1,0,25697.699999999997,25550,25850,61.35,66.05,127.4,0.4957642123614176
2026-01-14 14:51:00+05:30,2026-01-20,Tuesday,Wednesday,25693.8,25699.4,25692.45,25694.55,0,25695.05,25550,25800,61.1,83.25,144.35,0.5617813547745577
2026-01-14 14:52:00+05:30,2026-01-20,Tuesday,Wednesday,25693.8,25698.25,25689.15,25697.1,0,25694.575000000004,25550,25800,59.95,83.6,143.55,0.5586782423916332
2026-01-14 14:53:00+05:30,2026-01-20,Tuesday,Wednesday,25697.5,25702.7,25697.2,25702.6,0,25700.0,25550,25850,58.45,67.2,125.65,0.48891050583657586
2026-01-14 14:54:00+05:30,2026-01-20,Tuesday,Wednesday,25701.9,25701.9,25693.9,25695.85,0,25698.387500000004,25550,25850,60.15,65.2,125.35,0.487773795145707
2026-01-14 14:55:00+05:30,2026-01-20,Tuesday,Wednesday,25696.95,25698.05,25692.95,25696.05,0,25696.0,25550,25800,60.95,81.75,142.7,0.5553393524283935
2026-01-14 14:56:00+05:30,2026-01-20,Tuesday,Wednesday,25695.7,25703.8,25695.7,25697.05,0,25698.0625,25550,25850,59.1,64.4,123.5,0.48058097765152524
2026-01-14 14:57:00+05:30,2026-01-20,Tuesday,Wednesday,25694.95,25694.95,25675.65,25680.65,0,25686.550000000003,25550,25800,65.0,76.25,141.25,0.5498986823843606
2026-01-14 14:58:00+05:30,2026-01-20,Tuesday,Wednesday,25680.5,25683.65,25677.45,25679.65,0,25680.3125,25550,25800,63.8,77.9,141.7,0.5517845625905058
2026-01-14 14:59:00+05:30,2026-01-20,Tuesday,Wednesday,25678.8,25684.4,25677.3,25678.2,0,25679.675,25550,25800,65.0,77.25,142.25,0.5539400323407521
2026-01-14 15:00:00+05:30,2026-01-20,Tuesday,Wednesday,25681.25,25681.25,25659.55,25666.15,0,25672.050000000003,25550,25800,66.4,73.84,140.24,0.5462750345219801
2026-01-14 15:01:00+05:30,2026-01-20,Tuesday,Wednesday,25667.7,25668.6,25661.7,25667.3,0,25666.325,25550,25800,68.09,72.9,140.99,0.549319000675009
2026-01-14 15:02:00+05:30,2026-01-20,Tuesday,Wednesday,25668.1,25668.35,25649.4,25649.6,0,25658.862500000003,25550,25800,74.55,66.84,141.39,0.5510376775275988
2026-01-14 15:03:00+05:30,2026-01-20,Tuesday,Wednesday,25649.5,25663.45,25649.5,25662.95,0,25656.35,25550,25800,69.45,71.3,140.75,0.5485971309247029
2026-01-14 15:04:00+05:30,2026-01-20,Tuesday,Wednesday,25663.8,25684.95,25662.5,25684.95,0,25674.05,25550,25800,65.15,75.2,140.35000000000002,0.5466609280577082
2026-01-14 15:05:00+05:30,2026-01-20,Tuesday,Wednesday,25686.25,25694.1,25681.75,25690.25,0,25688.0875,25550,25800,63.4,77.8,141.2,0.5496711267430866
2026-01-14 15:06:00+05:30,2026-01-20,Tuesday,Wednesday,25691.15,25692.8,25683.9,25686.75,0,25688.65,25550,25800,66.8,76.0,142.8,0.5558875223104367
2026-01-14 15:07:00+05:30,2026-01-20,Tuesday,Wednesday,25687.65,25687.65,25659.95,25660.65,0,25673.975,25550,25800,69.2,72.65,141.85000000000002,0.5525050172402209
2026-01-14 15:08:00+05:30,2026-01-20,Tuesday,Wednesday,25661.5,25664.15,25655.05,25664.05,0,25661.1875,25550,25800,69.25,73.3,142.55,0.5555081969608773
2026-01-14 15:09:00+05:30,2026-01-20,Tuesday,Wednesday,25665.4,25674.15,25663.7,25673.1,0,25669.0875,25550,25800,69.34,75.59,144.93,0.564609084760025
2026-01-14 15:10:00+05:30,2026-01-20,Tuesday,Wednesday,25673.45,25676.4,25671.0,25672.65,0,25673.375,25550,25800,71.84,74.5,146.34,0.5700068650888324
2026-01-14 15:11:00+05:30,2026-01-20,Tuesday,Wednesday,25673.85,25674.5,25662.6,25663.65,0,25668.65,25550,25800,72.34,74.4,146.74,0.5716701112056926
2026-01-14 15:12:00+05:30,2026-01-20,Tuesday,Wednesday,25665.1,25665.9,25657.95,25657.95,0,25661.725,25550,25800,74.55,73.4,147.95,0.5765395740153867
2026-01-14 15:13:00+05:30,2026-01-20,Tuesday,Wednesday,25658.7,25660.1,25650.8,25653.0,0,25655.65,25550,25800,74.3,73.55,147.85,0.5762863151001826
2026-01-14 15:14:00+05:30,2026-01-20,Tuesday,Wednesday,25653.45,25659.0,25651.65,25652.85,0,25654.237500000003,25550,25800,73.05,75.0,148.05,0.5770976432256074
2026-01-14 15:15:00+05:30,2026-01-20,Tuesday,Wednesday,25655.25,25659.05,25653.9,25654.0,0,25655.550000000003,25550,25800,74.45,76.15,150.60000000000002,0.5870074896075118
2026-01-14 15:16:00+05:30,2026-01-20,Tuesday,Wednesday,25655.85,25657.85,25651.4,25653.55,0,25654.662500000002,25550,25800,75.2,75.8,151.0,0.5885869673787366
2026-01-14 15:17:00+05:30,2026-01-20,Tuesday,Wednesday,25654.75,25655.45,25648.3,25650.4,0,25652.225,25500,25800,60.45,75.65,136.10000000000002,0.530558265413624
2026-01-14 15:18:00+05:30,2026-01-20,Tuesday,Wednesday,25651.4,25660.05,25649.6,25659.65,0,25655.174999999996,25550,25800,73.34,76.05,149.39,0.582299672483232
2026-01-14 15:19:00+05:30,2026-01-20,Tuesday,Wednesday,25659.5,25662.0,25658.2,25660.15,0,25659.9625,25550,25800,73.8,75.59,149.39,0.5821910300921133
2026-01-14 15:20:00+05:30,2026-01-20,Tuesday,Wednesday,25660.75,25661.45,25654.85,25659.6,0,25659.1625,25550,25800,72.0,78.59,150.59,0.5868858736133731
2026-01-14 15:21:00+05:30,2026-01-20,Tuesday,Wednesday,25660.6,25665.35,25659.6,25661.9,0,25661.862499999996,25550,25800,72.0,78.05,150.05,0.5847198347353004
2026-01-14 15:22:00+05:30,2026-01-20,Tuesday,Wednesday,25663.2,25665.95,25662.0,25664.65,0,25663.949999999997,25550,25800,70.25,77.9,148.15,0.5772688927464401
2026-01-14 15:23:00+05:30,2026-01-20,Tuesday,Wednesday,25665.5,25672.4,25662.1,25672.4,0,25668.1,25550,25800,67.34,80.7,148.04000000000002,0.5767470128291539
2026-01-14 15:24:00+05:30,2026-01-20,Tuesday,Wednesday,25673.2,25675.95,25669.65,25675.55,0,25673.5875,25550,25800,68.09,80.25,148.34,0.5777922543937422
2026-01-14 15:25:00+05:30,2026-01-20,Tuesday,Wednesday,25675.8,25677.4,25667.8,25670.6,0,25672.9,25550,25800,69.25,79.3,148.55,0.5786257103794273
2026-01-14 15:26:00+05:30,2026-01-20,Tuesday,Wednesday,25670.65,25673.0,25666.95,25671.8,0,25670.600000000002,25550,25800,69.59,80.8,150.39,0.5858452860470732
2026-01-14 15:27:00+05:30,2026-01-20,Tuesday,Wednesday,25673.0,25673.35,25668.4,25668.4,0,25670.7875,25550,25800,70.9,78.84,149.74,0.5833089460149986
2026-01-14 15:28:00+05:30,2026-01-20,Tuesday,Wednesday,25670.2,25672.15,25665.35,25665.8,0,25668.375000000004,25550,25800,71.25,78.55,149.8,0.5835975202949154
2026-01-14 15:29:00+05:30,2026-01-20,Tuesday,Wednesday,25666.35,25675.55,25662.6,25669.1,0,25668.4,25550,25800,70.8,78.59,149.39,0.5819996571660095
2026-01-21 09:15:00+05:30,2026-01-27,Tuesday,Wednesday,25141.0,25237.2,25130.15,25171.75,0,25170.025,25050,25300,91.3,118.5,209.8,0.8335311546174469
2026-01-21 09:16:00+05:30,2026-01-27,Tuesday,Wednesday,25175.75,25254.0,25175.55,25253.3,0,25214.65,25100,25350,87.15,134.6,221.75,0.8794490504528121
2026-01-21 09:17:00+05:30,2026-01-27,Tuesday,Wednesday,25247.3,25250.15,25236.45,25238.2,0,25243.024999999998,25100,25350,91.75,128.0,219.75,0.8705375049147239
2026-01-21 09:18:00+05:30,2026-01-27,Tuesday,Wednesday,25238.1,25276.3,25238.1,25270.85,0,25255.8375,25150,25400,97.35,123.6,220.95,0.8748472506603671
2026-01-21 09:19:00+05:30,2026-01-27,Tuesday,Wednesday,25272.0,25277.75,25242.4,25242.4,0,25258.637499999997,25150,25400,105.15,107.75,212.9,0.8428799851140032
2026-01-21 09:20:00+05:30,2026-01-27,Tuesday,Wednesday,25239.2,25240.2,25203.65,25204.85,0,25221.975,25100,25350,95.05,116.2,211.25,0.8375632756752793
2026-01-21 09:21:00+05:30,2026-01-27,Tuesday,Wednesday,25204.9,25222.3,25196.75,25197.45,0,25205.35,25100,25350,97.25,115.35,212.6,0.8434717232651006
2026-01-21 09:22:00+05:30,2026-01-27,Tuesday,Wednesday,25197.05,25211.65,25185.95,25193.1,0,25196.9375,25050,25300,83.6,137.55,221.15,0.8776860283119725
2026-01-21 09:23:00+05:30,2026-01-27,Tuesday,Wednesday,25192.55,25234.8,25192.55,25207.8,0,25206.925,25100,25350,93.7,116.8,210.5,0.8350879768158949
2026-01-21 09:24:00+05:30,2026-01-27,Tuesday,Wednesday,25206.65,25221.4,25201.7,25221.4,0,25212.7875,25100,25350,88.85,124.3,213.14999999999998,0.8454043409519871
2026-01-21 09:25:00+05:30,2026-01-27,Tuesday,Wednesday,25222.65,25250.2,25222.65,25249.5,0,25236.25,25100,25350,81.8,135.0,216.8,0.8590816781415622
2026-01-21 09:26:00+05:30,2026-01-27,Tuesday,Wednesday,25250.35,25254.6,25234.95,25247.25,0,25246.7875,25100,25350,81.75,131.4,213.15,0.8442658298605318
2026-01-21 09:27:00+05:30,2026-01-27,Tuesday,Wednesday,25247.95,25248.35,25208.4,25209.35,0,25228.512500000004,25100,25350,92.9,114.75,207.65,0.823076667718717
2026-01-21 09:28:00+05:30,2026-01-27,Tuesday,Wednesday,25210.3,25229.0,25206.25,25226.15,0,25217.925000000003,25100,25350,86.25,120.4,206.65,0.8194567951169653
2026-01-21 09:29:00+05:30,2026-01-27,Tuesday,Wednesday,25225.35,25226.45,25199.35,25199.95,0,25212.774999999998,25100,25350,93.5,109.35,202.85,0.8045524540634659
2026-01-21 09:30:00+05:30,2026-01-27,Tuesday,Wednesday,25201.95,25231.8,25199.0,25231.8,0,25216.1375,25100,25350,82.8,123.8,206.6,0.819316598348974
2026-01-21 09:31:00+05:30,2026-01-27,Tuesday,Wednesday,25234.1,25236.55,25211.3,25230.55,0,25228.125,25100,25350,83.6,121.45,205.05,0.8127833519137867
2026-01-21 09:32:00+05:30,2026-01-27,Tuesday,Wednesday,25230.5,25248.15,25228.95,25238.6,0,25236.550000000003,25100,25350,83.05,121.35,204.39999999999998,0.8099363819539515
2026-01-21 09:33:00+05:30,2026-01-27,Tuesday,Wednesday,25238.05,25247.9,25217.6,25223.55,0,25231.774999999998,25100,25350,83.5,119.9,203.4,0.8061264021258909
2026-01-21 09:34:00+05:30,2026-01-27,Tuesday,Wednesday,25223.95,25247.0,25222.05,25242.85,0,25233.9625,25100,25350,79.8,124.65,204.45,0.810217578788904
2026-01-21 09:35:00+05:30,2026-01-27,Tuesday,Wednesday,25242.1,25251.3,25228.75,25229.95,0,25238.024999999998,25100,25350,82.2,120.05,202.25,0.8013701547565628
2026-01-21 09:36:00+05:30,2026-01-27,Tuesday,Wednesday,25230.85,25239.85,25210.2,25211.25,0,25223.0375,25100,25350,87.45,111.8,199.25,0.789952439312672
2026-01-21 09:37:00+05:30,2026-01-27,Tuesday,Wednesday,25211.5,25215.35,25196.6,25200.5,0,25205.9875,25100,25350,90.25,107.4,197.65,0.7841390860008957
2026-01-21 09:38:00+05:30,2026-01-27,Tuesday,Wednesday,25199.6,25225.7,25188.2,25192.95,0,25201.6125,25100,25350,91.15,104.15,195.3,0.7749504123992067
2026-01-21 09:39:00+05:30,2026-01-27,Tuesday,Wednesday,25193.25,25208.6,25188.6,25189.45,0,25194.975,25050,25300,79.35,123.25,202.6,0.8041286010404852
2026-01-21 09:40:00+05:30,2026-01-27,Tuesday,Wednesday,25188.6,25215.95,25187.9,25195.85,0,25197.075000000004,25050,25300,77.45,127.9,205.35000000000002,0.8149755477570313
2026-01-21 09:41:00+05:30,2026-01-27,Tuesday,Wednesday,25195.65,25202.95,25188.85,25191.2,0,25194.662500000002,25050,25300,78.3,126.3,204.6,0.8120767642749728
2026-01-21 09:42:00+05:30,2026-01-27,Tuesday,Wednesday,25191.15,25219.5,25191.0,25205.15,0,25201.699999999997,25100,25350,88.45,107.7,196.15,0.7783205101243171
2026-01-21 09:43:00+05:30,2026-01-27,Tuesday,Wednesday,25204.1,25212.15,25195.4,25211.3,0,25205.7375,25100,25350,87.2,108.55,195.75,0.7766088970814681
2026-01-21 09:44:00+05:30,2026-01-27,Tuesday,Wednesday,25210.65,25223.75,25199.45,25199.45,0,25208.325,25100,25350,89.2,104.35,193.55,0.7678019067113742
2026-01-21 09:45:00+05:30,2026-01-27,Tuesday,Wednesday,25199.65,25206.2,25192.5,25195.8,0,25198.537500000002,25050,25300,76.8,125.2,202.0,0.8016338249789299
2026-01-21 09:46:00+05:30,2026-01-27,Tuesday,Wednesday,25195.65,25196.95,25173.7,25174.65,0,25185.237500000003,25050,25300,83.45,114.55,198.0,0.7861748375412382
2026-01-21 09:47:00+05:30,2026-01-27,Tuesday,Wednesday,25174.35,25205.65,25173.3,25183.55,0,25184.2125,25050,25300,80.85,117.85,198.7,0.7889863540501812
2026-01-21 09:48:00+05:30,2026-01-27,Tuesday,Wednesday,25184.9,25192.85,25179.65,25191.2,0,25187.149999999998,25050,25300,79.0,121.25,200.25,0.7950482686608054
2026-01-21 09:49:00+05:30,2026-01-27,Tuesday,Wednesday,25192.05,25212.3,25190.65,25198.9,0,25198.475,25050,25300,78.55,124.3,202.85,0.8050090332847524
2026-01-21 09:50:00+05:30,2026-01-27,Tuesday,Wednesday,25198.75,25198.75,25181.7,25185.15,0,25191.0875,25050,25300,80.75,118.3,199.05,0.7901604089144624
2026-01-21 09:51:00+05:30,2026-01-27,Tuesday,Wednesday,25184.75,25199.45,25184.75,25193.0,0,25190.4875,25050,25300,80.65,118.3,198.95,0.7897822541147724
2026-01-21 09:52:00+05:30,2026-01-27,Tuesday,Wednesday,25193.2,25195.85,25186.5,25195.45,0,25192.75,25050,25300,78.45,122.0,200.45,0.7956654196147701
2026-01-21 09:53:00+05:30,2026-01-27,Tuesday,Wednesday,25195.7,25209.65,25185.55,25185.55,0,25194.112500000003,25050,25300,81.75,116.2,197.95,0.7856994367235599
2026-01-21 09:54:00+05:30,2026-01-27,Tuesday,Wednesday,25185.0,25185.0,25168.05,25177.55,0,25178.9,25050,25300,81.9,113.45,195.35000000000002,0.7758480314866814
2026-01-21 09:55:00+05:30,2026-01-27,Tuesday,Wednesday,25178.3,25187.15,25177.9,25177.9,0,25180.3125,25050,25300,84.0,110.85,194.85,0.773818831676533
2026-01-21 09:56:00+05:30,2026-01-27,Tuesday,Wednesday,25178.55,25202.5,25177.7,25202.5,0,25190.3125,25050,25300,78.35,120.15,198.5,0.7880013398007667
2026-01-21 09:57:00+05:30,2026-01-27,Tuesday,Wednesday,25203.15,25207.25,25170.55,25173.3,0,25188.5625,25050,25300,83.75,110.3,194.05,0.7703893384150049
2026-01-21 09:58:00+05:30,2026-01-27,Tuesday,Wednesday,25172.7,25182.8,25172.6,25176.25,0,25176.0875,25050,25300,84.85,109.15,194.0,0.7705724727879183
2026-01-21 09:59:00+05:30,2026-01-27,Tuesday,Wednesday,25175.95,25176.0,25158.1,25158.7,0,25167.187499999996,25050,25300,90.85,102.55,193.39999999999998,0.76846091761346
2026-01-21 10:00:00+05:30,2026-01-27,Tuesday,Wednesday,25158.95,25160.3,25147.05,25151.55,0,25154.4625,25050,25300,92.75,103.1,195.85,0.7785894848677446
2026-01-21 10:01:00+05:30,2026-01-27,Tuesday,Wednesday,25151.15,25165.8,25143.6,25153.25,0,25153.449999999997,25050,25300,92.25,104.05,196.3,0.780409844375225
2026-01-21 10:02:00+05:30,2026-01-27,Tuesday,Wednesday,25153.75,25157.1,25145.35,25147.55,0,25150.9375,25050,25300,94.95,101.3,196.25,0.7802890051315184
2026-01-21 10:03:00+05:30,2026-01-27,Tuesday,Wednesday,25147.5,25170.7,25147.5,25160.9,0,25156.65,25050,25300,91.25,104.8,196.05,0.7793168009254015
2026-01-21 10:04:00+05:30,2026-01-27,Tuesday,Wednesday,25161.45,25161.7,25151.1,25159.55,0,25158.45,25050,25300,91.0,105.9,196.9,0.7826396300249021
2026-01-21 10:05:00+05:30,2026-01-27,Tuesday,Wednesday,25159.6,25173.95,25155.75,25168.3,0,25164.4,25050,25300,89.4,107.3,196.7,0.7816598051215209
2026-01-21 10:06:00+05:30,2026-01-27,Tuesday,Wednesday,25169.05,25169.85,25159.9,25166.75,0,25166.387499999997,25050,25300,87.95,108.05,196.0,0.7788165862104762
2026-01-21 10:07:00+05:30,2026-01-27,Tuesday,Wednesday,25166.35,25167.5,25158.65,25161.45,0,25163.4875,25050,25300,89.65,105.9,195.55,0.7771180365996566
2026-01-21 10:08:00+05:30,2026-01-27,Tuesday,Wednesday,25161.55,25164.35,25151.15,25159.7,0,25159.187499999996,25050,25300,90.6,104.5,195.1,0.7754622441603094
2026-01-21 10:09:00+05:30,2026-01-27,Tuesday,Wednesday,25159.4,25159.4,25147.1,25153.8,0,25154.925,25050,25300,91.4,104.0,195.4,0.7767862555742067
2026-01-21 10:10:00+05:30,2026-01-27,Tuesday,Wednesday,25154.2,25155.05,25142.55,25142.55,0,25148.5875,25000,25250,80.35,120.95,201.3,0.8004425695876557
2026-01-21 10:11:00+05:30,2026-01-27,Tuesday,Wednesday,25142.75,25160.4,25140.65,25146.2,0,25147.5,25000,25250,79.15,123.15,202.3,0.8044537230340989
2026-01-21 10:12:00+05:30,2026-01-27,Tuesday,Wednesday,25146.4,25150.85,25137.95,25150.85,0,25146.512499999997,25000,25250,76.4,127.0,203.4,0.8088596778579139
2026-01-21 10:13:00+05:30,2026-01-27,Tuesday,Wednesday,25152.3,25178.95,25151.1,25169.45,0,25162.95,25050,25300,87.1,108.8,195.89999999999998,0.7785255703325722
2026-01-21 10:14:00+05:30,2026-01-27,Tuesday,Wednesday,25171.0,25171.85,25152.1,25153.25,0,25162.05,25050,25300,90.1,103.95,194.05,0.771201074634221
2026-01-21 10:15:00+05:30,2026-01-27,Tuesday,Wednesday,25153.8,25153.9,25145.1,25145.8,0,25149.649999999998,25000,25300,78.75,100.95,179.7,0.7145228661233854
2026-01-21 10:16:00+05:30,2026-01-27,Tuesday,Wednesday,25145.3,25154.35,25143.15,25145.85,0,25147.1625,25000,25250,78.45,124.55,203.0,0.8072481338600329
2026-01-21 10:17:00+05:30,2026-01-27,Tuesday,Wednesday,25146.9,25159.1,25146.9,25158.5,0,25152.85,25050,25300,88.95,106.1,195.05,0.7754588446239692
2026-01-21 10:18:00+05:30,2026-01-27,Tuesday,Wednesday,25157.8,25158.75,25144.4,25146.0,0,25151.737500000003,25050,25300,92.85,101.35,194.2,0.772113656163913
2026-01-21 10:19:00+05:30,2026-01-27,Tuesday,Wednesday,25145.9,25148.15,25136.3,25144.45,0,25143.7,25000,25250,78.5,122.4,200.9,0.7990073060050827
2026-01-21 10:20:00+05:30,2026-01-27,Tuesday,Wednesday,25144.25,25154.1,25143.2,25143.35,0,25146.225,25000,25250,79.6,120.55,200.14999999999998,0.7959445204995977
2026-01-21 10:21:00+05:30,2026-01-27,Tuesday,Wednesday,25142.9,25145.5,25128.95,25130.45,0,25136.95,25000,25250,83.15,115.1,198.25,0.7886796130795503
2026-01-21 10:22:00+05:30,2026-01-27,Tuesday,Wednesday,25130.85,25134.9,25124.25,25124.35,0,25128.5875,25000,25250,87.35,112.25,199.6,0.7943144436590397
2026-01-21 10:23:00+05:30,2026-01-27,Tuesday,Wednesday,25125.1,25125.65,25111.6,25113.1,0,25118.862500000003,25000,25250,92.05,107.25,199.3,0.7934276482464123
2026-01-21 10:24:00+05:30,2026-01-27,Tuesday,Wednesday,25113.05,25116.75,25105.25,25105.85,0,25110.225,25000,25250,93.45,104.6,198.05,0.7887225223987441
2026-01-21 10:25:00+05:30,2026-01-27,Tuesday,Wednesday,25107.5,25115.75,25099.7,25100.4,0,25105.8375,25000,25250,97.2,101.7,198.9,0.7922460264470365
2026-01-21 10:26:00+05:30,2026-01-27,Tuesday,Wednesday,25100.05,25104.15,25092.2,25103.5,0,25099.975,24950,25250,82.55,102.8,185.35,0.7384469506443732
2026-01-21 10:27:00+05:30,2026-01-27,Tuesday,Wednesday,25103.4,25120.5,25101.7,25112.1,0,25109.425000000003,25000,25250,94.45,105.45,199.9,0.7961154028815871
2026-01-21 10:28:00+05:30,2026-01-27,Tuesday,Wednesday,25110.55,25112.75,25096.95,25102.35,0,25105.65,25000,25250,97.15,104.35,201.5,0.8026081778404461
2026-01-21 10:29:00+05:30,2026-01-27,Tuesday,Wednesday,25102.95,25103.7,25096.4,25096.4,0,25099.862500000003,24950,25250,83.55,103.85,187.39999999999998,0.7466176358535827
2026-01-21 10:30:00+05:30,2026-01-27,Tuesday,Wednesday,25096.75,25102.5,25093.35,25093.35,0,25096.487500000003,24950,25200,83.45,124.4,207.85000000000002,0.8282035484049312
2026-01-21 10:31:00+05:30,2026-01-27,Tuesday,Wednesday,25094.3,25097.35,25086.5,25088.35,0,25091.625,24950,25200,85.55,123.3,208.85,0.8323494393049474
2026-01-21 10:32:00+05:30,2026-01-27,Tuesday,Wednesday,25088.4,25100.05,25087.4,25096.35,0,25093.050000000003,24950,25200,83.4,125.9,209.3,0.8340954965617968
2026-01-21 10:33:00+05:30,2026-01-27,Tuesday,Wednesday,25095.0,25097.05,25085.2,25087.0,0,25091.0625,24950,25200,85.55,121.5,207.05,0.8251942300171625
2026-01-21 10:34:00+05:30,2026-01-27,Tuesday,Wednesday,25086.55,25099.65,25085.45,25095.9,0,25091.887499999997,24950,25200,82.6,124.15,206.75,0.8239714927782934
2026-01-21 10:35:00+05:30,2026-01-27,Tuesday,Wednesday,25095.6,25097.4,25089.7,25094.5,0,25094.3,24950,25200,83.75,122.3,206.05,0.8211028002375041
2026-01-21 10:36:00+05:30,2026-01-27,Tuesday,Wednesday,25094.8,25098.95,25086.65,25086.65,0,25091.762499999997,24950,25200,85.25,120.65,205.9,0.8205880316299026
2026-01-21 10:37:00+05:30,2026-01-27,Tuesday,Wednesday,25087.8,25091.25,25082.95,25084.35,0,25086.5875,24950,25200,86.1,119.6,205.7,0.8199600683034309
2026-01-21 10:38:00+05:30,2026-01-27,Tuesday,Wednesday,25083.65,25089.4,25080.7,25083.8,0,25084.3875,24950,25200,85.6,119.75,205.35,0.8186366918466714
2026-01-21 10:39:00+05:30,2026-01-27,Tuesday,Wednesday,25083.85,25100.3,25078.1,25079.55,0,25085.45,24950,25200,87.05,118.55,205.6,0.819598611944374
2026-01-21 10:40:00+05:30,2026-01-27,Tuesday,Wednesday,25079.45,25084.8,25076.8,25076.85,0,25079.475,24950,25200,90.8,114.6,205.39999999999998,0.8189964104113024
2026-01-21 10:41:00+05:30,2026-01-27,Tuesday,Wednesday,25076.2,25079.1,25059.95,25060.8,0,25069.0125,24950,25200,95.0,112.2,207.2,0.8265183959679305
2026-01-21 10:42:00+05:30,2026-01-27,Tuesday,Wednesday,25061.7,25063.35,25034.25,25034.25,0,25048.3875,24900,25150,94.55,122.3,216.85,0.8657243904422988
2026-01-21 10:43:00+05:30,2026-01-27,Tuesday,Wednesday,25034.2,25047.45,25026.2,25038.75,0,25036.65,24900,25150,91.7,126.1,217.8,0.869924690403868
2026-01-21 10:44:00+05:30,2026-01-27,Tuesday,Wednesday,25040.75,25041.0,25029.0,25029.0,0,25034.9375,24900,25150,97.4,121.9,219.3,0.8759758237862587
2026-01-21 10:45:00+05:30,2026-01-27,Tuesday,Wednesday,25029.1,25030.5,25011.65,25012.55,0,25020.95,24900,25150,103.45,120.75,224.2,0.8960491108451117
2026-01-21 10:46:00+05:30,2026-01-27,Tuesday,Wednesday,25013.0,25020.4,25010.45,25016.55,0,25015.100000000002,24900,25150,100.75,120.65,221.4,0.8850654204860263
2026-01-21 10:47:00+05:30,2026-01-27,Tuesday,Wednesday,25016.55,25030.8,25013.5,25023.25,0,25021.025,24900,25150,99.5,121.05,220.55,0.8814586932389861
2026-01-21 10:48:00+05:30,2026-01-27,Tuesday,Wednesday,25023.9,25023.9,25012.6,25012.8,0,25018.3,24900,25150,102.15,120.25,222.4,0.888949289120364
2026-01-21 10:49:00+05:30,2026-01-27,Tuesday,Wednesday,25011.85,25014.8,25006.35,25011.3,0,25011.075,24900,25150,101.65,120.0,221.65,0.8862074101173181
2026-01-21 10:50:00+05:30,2026-01-27,Tuesday,Wednesday,25011.2,25019.05,25008.35,25009.05,0,25011.912500000002,24900,25150,101.95,118.95,220.9,0.8831791651278166
2026-01-21 10:51:00+05:30,2026-01-27,Tuesday,Wednesday,25010.15,25012.95,25005.2,25008.95,0,25009.3125,24900,25150,102.85,120.0,222.85,0.8910680771412648
2026-01-21 10:52:00+05:30,2026-01-27,Tuesday,Wednesday,25009.75,25019.3,25009.75,25011.3,0,25012.525,24900,25150,102.65,118.6,221.25,0.8845568370246505
2026-01-21 10:53:00+05:30,2026-01-27,Tuesday,Wednesday,25010.45,25013.25,25005.55,25006.15,0,25008.85,24900,25150,104.4,116.1,220.5,0.8816878824895987
2026-01-21 10:54:00+05:30,2026-01-27,Tuesday,Wednesday,25006.45,25007.0,24967.6,24969.45,0,24987.624999999996,24850,25100,109.8,124.95,234.75,0.9394650351924204
2026-01-21 10:55:00+05:30,2026-01-27,Tuesday,Wednesday,24969.05,24976.75,24949.45,24957.3,0,24963.1375,24850,25100,119.1,125.75,244.85,0.9808462578071365
2026-01-21 10:56:00+05:30,2026-01-27,Tuesday,Wednesday,24955.75,24955.75,24919.8,24923.0,0,24938.575,24800,25050,121.35,143.45,264.79999999999995,1.061808864379781
2026-01-21 10:57:00+05:30,2026-01-27,Tuesday,Wednesday,24922.65,24968.35,24922.65,24968.35,0,24945.5,24800,25050,102.15,153.75,255.9,1.0258363231845422
2026-01-21 10:58:00+05:30,2026-01-27,Tuesday,Wednesday,24973.0,25006.6,24973.0,24997.7,0,24987.575,24850,25100,102.8,138.05,240.85000000000002,0.9638790478867999
2026-01-21 10:59:00+05:30,2026-01-27,Tuesday,Wednesday,24997.2,24999.4,24980.35,24993.6,0,24992.637500000004,24850,25100,106.95,138.15,245.10000000000002,0.9806888128553858
2026-01-21 11:00:00+05:30,2026-01-27,Tuesday,Wednesday,24991.8,25003.7,24991.8,24996.3,0,24995.9,24850,25100,104.75,138.8,243.55,0.974359795006381
2026-01-21 11:01:00+05:30,2026-01-27,Tuesday,Wednesday,24996.85,25008.45,24987.05,25002.95,0,24998.825,24850,25100,100.15,144.7,244.85,0.9794460339635963
2026-01-21 11:02:00+05:30,2026-01-27,Tuesday,Wednesday,25003.3,25009.45,24995.5,24998.7,0,25001.7375,24900,25150,119.75,117.45,237.2,0.9487340629826226
2026-01-21 11:03:00+05:30,2026-01-27,Tuesday,Wednesday,24995.0,24996.35,24982.3,24985.3,0,24989.7375,24850,25100,105.25,137.9,243.15,0.9729994162603749
2026-01-21 11:04:00+05:30,2026-01-27,Tuesday,Wednesday,24985.85,24996.9,24985.85,24994.55,0,24990.787500000002,24850,25100,102.2,140.75,242.95,0.9721582403115547
2026-01-21 11:05:00+05:30,2026-01-27,Tuesday,Wednesday,24994.2,24995.2,24979.85,24985.75,0,24988.75,24850,25100,104.55,136.3,240.85000000000002,0.9638337251763295
2026-01-21 11:06:00+05:30,2026-01-27,Tuesday,Wednesday,24985.85,24989.0,24980.05,24982.45,0,24984.337499999998,24850,25100,106.0,135.15,241.15,0.965204700745017
2026-01-21 11:07:00+05:30,2026-01-27,Tuesday,Wednesday,24983.75,24986.1,24975.0,24981.3,0,24981.537500000002,24850,25100,103.65,137.3,240.95000000000002,0.9645122923278842
2026-01-21 11:08:00+05:30,2026-01-27,Tuesday,Wednesday,24981.4,24998.3,24978.55,24994.85,0,24988.275,24850,25100,97.1,143.65,240.75,0.9634518589218343
2026-01-21 11:09:00+05:30,2026-01-27,Tuesday,Wednesday,24994.9,25005.8,24994.9,25003.1,0,24999.675000000003,24850,25100,96.05,143.2,239.25,0.9570124411617351
2026-01-21 11:10:00+05:30,2026-01-27,Tuesday,Wednesday,25004.3,25018.55,25003.55,25017.2,0,25010.899999999998,24900,25150,102.6,125.85,228.45,0.9134017568340205
2026-01-21 11:11:00+05:30,2026-01-27,Tuesday,Wednesday,25018.0,25024.8,25011.2,25019.8,0,25018.45,24900,25150,102.15,126.4,228.55,0.9135258179463556
2026-01-21 11:12:00+05:30,2026-01-27,Tuesday,Wednesday,25019.1,25032.95,25019.05,25026.8,0,25024.475000000002,24900,25150,100.2,128.7,228.89999999999998,0.9147045042902997
2026-01-21 11:13:00+05:30,2026-01-27,Tuesday,Wednesday,25026.75,25070.1,25026.05,25064.5,0,25046.85,24900,25150,87.95,142.25,230.2,0.9190776484867359
2026-01-21 11:14:00+05:30,2026-01-27,Tuesday,Wednesday,25063.8,25064.75,25043.85,25054.75,0,25056.7875,24950,25200,106.3,121.3,227.6,0.908336713156066
2026-01-21 11:15:00+05:30,2026-01-27,Tuesday,Wednesday,25055.4,25056.85,25043.7,25046.1,0,25050.512499999997,24950,25200,111.6,117.3,228.89999999999998,0.9137537605268555
2026-01-21 11:16:00+05:30,2026-01-27,Tuesday,Wednesday,25045.65,25059.1,25036.6,25058.4,0,25049.9375,24900,25200,90.45,123.3,213.75,0.8532955421545464
2026-01-21 11:17:00+05:30,2026-01-27,Tuesday,Wednesday,25057.95,25068.65,25053.45,25065.9,0,25061.487500000003,24950,25200,102.35,124.9,227.25,0.9067697996776927
2026-01-21 11:18:00+05:30,2026-01-27,Tuesday,Wednesday,25064.9,25069.05,25050.85,25052.0,0,25059.199999999997,24950,25200,106.0,121.3,227.3,0.9070521006257184
2026-01-21 11:19:00+05:30,2026-01-27,Tuesday,Wednesday,25052.05,25077.2,25051.4,25075.65,0,25064.074999999997,24950,25200,98.65,129.55,228.20000000000002,0.9104664744260462
2026-01-21 11:20:00+05:30,2026-01-27,Tuesday,Wednesday,25076.35,25077.15,25059.2,25060.3,0,25068.25,24950,25200,106.65,121.3,227.95,0.9093175630528656
2026-01-21 11:21:00+05:30,2026-01-27,Tuesday,Wednesday,25058.0,25062.4,25048.8,25053.75,0,25055.7375,24950,25200,106.5,120.85,227.35,0.9073770029718742
2026-01-21 11:22:00+05:30,2026-01-27,Tuesday,Wednesday,25053.15,25058.45,25050.85,25052.75,0,25053.800000000003,24950,25200,105.85,119.7,225.55,0.9002626348098891
2026-01-21 11:23:00+05:30,2026-01-27,Tuesday,Wednesday,25053.2,25058.7,25047.6,25052.65,0,25053.0375,24950,25200,105.8,119.35,225.14999999999998,0.8986934219054277
2026-01-21 11:24:00+05:30,2026-01-27,Tuesday,Wednesday,25050.55,25063.75,25050.55,25059.0,0,25055.9625,24950,25200,103.2,120.8,224.0,0.8939987837226369
2026-01-21 11:25:00+05:30,2026-01-27,Tuesday,Wednesday,25058.3,25062.65,25040.15,25041.3,0,25050.600000000002,24950,25200,109.05,116.5,225.55,0.9003776356654132
2026-01-21 11:26:00+05:30,2026-01-27,Tuesday,Wednesday,25042.85,25048.6,25039.9,25043.05,0,25043.600000000002,24900,25150,96.0,138.85,234.85,0.9377645386446037
2026-01-21 11:27:00+05:30,2026-01-27,Tuesday,Wednesday,25042.85,25056.5,25042.85,25054.85,0,25049.262499999997,24900,25150,93.9,142.0,235.9,0.9417442928708981
2026-01-21 11:28:00+05:30,2026-01-27,Tuesday,Wednesday,25054.35,25055.05,25043.25,25044.5,0,25049.2875,24900,25150,95.9,139.75,235.65,0.9407453206004363
2026-01-21 11:29:00+05:30,2026-01-27,Tuesday,Wednesday,25043.75,25050.1,25026.6,25029.15,0,25037.4,24900,25150,101.65,131.05,232.70000000000002,0.9294096032335626
2026-01-21 11:30:00+05:30,2026-01-27,Tuesday,Wednesday,25028.0,25044.3,25024.45,25041.05,0,25034.45,24900,25150,98.8,135.95,234.75,0.9377078385984113
2026-01-21 11:31:00+05:30,2026-01-27,Tuesday,Wednesday,25040.15,25058.05,25039.4,25057.05,0,25048.662500000002,24900,25150,92.3,144.35,236.64999999999998,0.9447610226693739
2026-01-21 11:32:00+05:30,2026-01-27,Tuesday,Wednesday,25055.8,25071.2,25055.4,25061.2,0,25060.899999999998,24950,25200,105.15,120.75,225.9,0.9014041794189356
2026-01-21 11:33:00+05:30,2026-01-27,Tuesday,Wednesday,25060.5,25063.75,25053.55,25055.55,0,25058.3375,24950,25200,108.35,118.6,226.95,0.9056865803647187
2026-01-21 11:34:00+05:30,2026-01-27,Tuesday,Wednesday,25054.9,25058.95,25042.1,25043.65,0,25049.9,24900,25200,97.65,114.7,212.35000000000002,0.8477079748821352
2026-01-21 11:35:00+05:30,2026-01-27,Tuesday,Wednesday,25043.95,25050.6,25041.9,25049.35,0,25046.450000000004,24900,25150,95.1,139.95,235.04999999999998,0.9384563481052202
2026-01-21 11:36:00+05:30,2026-01-27,Tuesday,Wednesday,25049.3,25060.8,25049.3,25058.75,0,25054.5375,24950,25200,106.45,121.05,227.5,0.9080191562107263
2026-01-21 11:37:00+05:30,2026-01-27,Tuesday,Wednesday,25058.05,25061.55,25042.15,25042.15,0,25050.975,24950,25200,111.75,114.6,226.35,0.9035576459598879
2026-01-21 11:38:00+05:30,2026-01-27,Tuesday,Wednesday,25043.4,25044.35,25039.35,25040.0,0,25041.775,24900,25150,99.0,137.1,236.1,0.9428245401933368
2026-01-21 11:39:00+05:30,2026-01-27,Tuesday,Wednesday,25039.95,25048.55,25036.95,25043.35,0,25042.199999999997,24900,25150,98.4,137.6,236.0,0.9424092132480374
2026-01-21 11:40:00+05:30,2026-01-27,Tuesday,Wednesday,25043.35,25046.0,25040.5,25042.9,0,25043.1875,24900,25150,98.9,137.4,236.3,0.9435699828546187
2026-01-21 11:41:00+05:30,2026-01-27,Tuesday,Wednesday,25041.75,25043.75,25035.6,25043.45,0,25041.1375,24900,25150,96.1,140.05,236.15,0.9430482141635937
2026-01-21 11:42:00+05:30,2026-01-27,Tuesday,Wednesday,25043.05,25049.5,25042.95,25045.75,0,25045.3125,24900,25150,95.85,140.35,236.2,0.9430906482001372
2026-01-21 11:43:00+05:30,2026-01-27,Tuesday,Wednesday,25045.3,25051.5,25044.9,25048.15,0,25047.4625,24900,25150,95.0,141.55,236.55,0.9444070432284308
2026-01-21 11:44:00+05:30,2026-01-27,Tuesday,Wednesday,25048.25,25050.4,25040.05,25040.05,0,25044.6875,24900,25150,96.7,138.75,235.45,0.9401195363288123
2026-01-21 11:45:00+05:30,2026-01-27,Tuesday,Wednesday,25041.0,25050.0,25040.9,25045.15,0,25044.262499999997,24900,25150,96.55,139.1,235.64999999999998,0.9409340762180559
2026-01-21 11:46:00+05:30,2026-01-27,Tuesday,Wednesday,25044.1,25054.9,25043.75,25052.4,0,25048.7875,24900,25150,94.8,141.7,236.5,0.9441574766842508
2026-01-21 11:47:00+05:30,2026-01-27,Tuesday,Wednesday,25052.05,25063.4,25044.55,25062.75,0,25055.6875,24950,25200,104.2,124.15,228.35000000000002,0.911369923495414
2026-01-21 11:48:00+05:30,2026-01-27,Tuesday,Wednesday,25063.15,25064.15,25050.2,25050.2,0,25056.925,24950,25200,110.2,117.9,228.10000000000002,0.9103271849997556
2026-01-21 11:49:00+05:30,2026-01-27,Tuesday,Wednesday,25050.9,25053.35,25047.6,25050.25,0,25050.525,24950,25200,109.2,117.95,227.15,0.90676742303804
2026-01-21 11:50:00+05:30,2026-01-27,Tuesday,Wednesday,25051.45,25058.85,25047.65,25057.75,0,25053.925000000003,24950,25200,106.1,121.1,227.2,0.9068439376265395
2026-01-21 11:51:00+05:30,2026-01-27,Tuesday,Wednesday,25057.5,25080.25,25056.85,25077.55,0,25068.037500000002,24950,25200,99.95,130.3,230.25,0.9185003014296591
2026-01-21 11:52:00+05:30,2026-01-27,Tuesday,Wednesday,25076.8,25077.75,25067.15,25067.15,0,25072.2125,24950,25200,102.5,125.45,227.95,0.9091738513304319
2026-01-21 11:53:00+05:30,2026-01-27,Tuesday,Wednesday,25068.15,25074.05,25061.2,25067.85,0,25067.8125,24950,25200,102.1,126.45,228.55,0.9117269406734234
2026-01-21 11:54:00+05:30,2026-01-27,Tuesday,Wednesday,25068.45,25072.8,25058.9,25059.9,0,25065.012499999997,24950,25200,103.5,122.2,225.7,0.9004583580399174
2026-01-21 11:55:00+05:30,2026-01-27,Tuesday,Wednesday,25061.35,25067.15,25060.1,25062.35,0,25062.737500000003,24950,25200,106.1,119.9,226.0,0.9017370907707107
2026-01-21 11:56:00+05:30,2026-01-27,Tuesday,Wednesday,25061.5,25063.3,25053.8,25056.6,0,25058.800000000003,24950,25200,107.85,116.45,224.3,0.895094737178157
2026-01-21 11:57:00+05:30,2026-01-27,Tuesday,Wednesday,25056.05,25062.35,25048.75,25061.55,0,25057.175,24950,25200,105.95,118.4,224.35000000000002,0.895352329223067
2026-01-21 11:58:00+05:30,2026-01-27,Tuesday,Wednesday,25062.25,25070.45,25062.25,25065.45,0,25065.1,24950,25200,104.1,119.7,223.8,0.8928749536207716
2026-01-21 11:59:00+05:30,2026-01-27,Tuesday,Wednesday,25065.75,25069.85,25061.7,25069.85,0,25066.7875,24950,25200,103.0,121.0,224.0,0.8936127136355227
2026-01-21 12:00:00+05:30,2026-01-27,Tuesday,Wednesday,25069.1,25086.35,25063.85,25081.9,0,25075.299999999996,24950,25200,98.35,128.0,226.35,0.9026811244531472
2026-01-21 12:01:00+05:30,2026-01-27,Tuesday,Wednesday,25080.6,25084.8,25074.2,25084.8,0,25081.1,24950,25200,95.85,129.05,224.9,0.8966911339614293
2026-01-21 12:02:00+05:30,2026-01-27,Tuesday,Wednesday,25085.1,25104.7,25083.05,25104.7,0,25094.3875,24950,25200,86.5,137.75,224.25,0.8936261146043114
2026-01-21 12:03:00+05:30,2026-01-27,Tuesday,Wednesday,25105.85,25116.2,25105.85,25112.7,0,25110.149999999998,25000,25250,96.8,119.8,216.6,0.8625993871004356
2026-01-21 12:04:00+05:30,2026-01-27,Tuesday,Wednesday,25113.1,25124.1,25106.75,25116.65,0,25115.15,25000,25250,98.7,119.3,218.0,0.868001982866915
2026-01-21 12:05:00+05:30,2026-01-27,Tuesday,Wednesday,25115.6,25128.4,25115.6,25117.2,0,25119.2,25000,25250,99.15,118.7,217.85000000000002,0.8672648810471673
2026-01-21 12:06:00+05:30,2026-01-27,Tuesday,Wednesday,25116.2,25121.8,25108.05,25119.65,0,25116.425000000003,25000,25250,96.35,119.7,216.05,0.8601940761871962
2026-01-21 12:07:00+05:30,2026-01-27,Tuesday,Wednesday,25119.45,25120.9,25103.3,25104.8,0,25112.112500000003,25000,25250,101.7,114.05,215.75,0.8591471545852624
2026-01-21 12:08:00+05:30,2026-01-27,Tuesday,Wednesday,25104.85,25118.1,25103.7,25117.45,0,25111.024999999998,25000,25250,98.85,118.3,217.14999999999998,0.8647596026048319
2026-01-21 12:09:00+05:30,2026-01-27,Tuesday,Wednesday,25117.3,25118.35,25110.5,25115.45,0,25115.399999999998,25000,25250,99.1,117.3,216.39999999999998,0.8616227493888212
2026-01-21 12:10:00+05:30,2026-01-27,Tuesday,Wednesday,25116.3,25118.2,25106.45,25113.35,0,25113.574999999997,25000,25250,100.8,115.75,216.55,0.8622826499214071
2026-01-21 12:11:00+05:30,2026-01-27,Tuesday,Wednesday,25112.85,25116.25,25108.2,25115.15,0,25113.112500000003,25000,25250,99.05,117.1,216.14999999999998,0.8607057368934254
2026-01-21 12:12:00+05:30,2026-01-27,Tuesday,Wednesday,25114.9,25124.85,25113.1,25124.85,0,25119.425000000003,25000,25250,96.5,120.2,216.7,0.8626789825005945
2026-01-21 12:13:00+05:30,2026-01-27,Tuesday,Wednesday,25124.05,25124.95,25113.3,25122.25,0,25121.1375,25000,25250,96.95,119.9,216.85000000000002,0.8632172806665305
2026-01-21 12:14:00+05:30,2026-01-27,Tuesday,Wednesday,25123.3,25136.15,25120.7,25136.15,0,25129.074999999997,25000,25250,90.2,126.15,216.35000000000002,0.8609548899034288
2026-01-21 12:15:00+05:30,2026-01-27,Tuesday,Wednesday,25135.15,25135.3,25127.8,25129.25,0,25131.875,25000,25250,94.65,121.95,216.60000000000002,0.8618537216184626
2026-01-21 12:16:00+05:30,2026-01-27,Tuesday,Wednesday,25129.25,25131.2,25122.65,25124.2,0,25126.825,25000,25250,95.4,120.8,216.2,0.8604350131781471
2026-01-21 12:17:00+05:30,2026-01-27,Tuesday,Wednesday,25125.05,25137.6,25125.05,25135.95,0,25130.9125,25000,25250,91.4,126.25,217.65,0.8660648514056146
2026-01-21 12:18:00+05:30,2026-01-27,Tuesday,Wednesday,25135.85,25158.15,25134.45,25158.15,0,25146.65,25000,25250,82.45,139.25,221.7,0.8816283679933509
2026-01-21 12:19:00+05:30,2026-01-27,Tuesday,Wednesday,25157.05,25167.9,25156.5,25157.45,0,25159.725,25050,25300,96.15,114.55,210.7,0.8374495349213872
2026-01-21 12:20:00+05:30,2026-01-27,Tuesday,Wednesday,25157.15,25166.45,25153.35,25163.0,0,25159.987500000003,25050,25300,96.45,117.55,214.0,0.8505568613656901
2026-01-21 12:21:00+05:30,2026-01-27,Tuesday,Wednesday,25162.95,25164.55,25150.95,25151.5,0,25157.4875,25050,25300,100.2,111.75,211.95,0.8424927171284494
2026-01-21 12:22:00+05:30,2026-01-27,Tuesday,Wednesday,25152.1,25163.5,25145.8,25162.75,0,25156.0375,25050,25300,97.6,116.75,214.35,0.8520817318705302
2026-01-21 12:23:00+05:30,2026-01-27,Tuesday,Wednesday,25161.75,25183.6,25159.7,25181.55,0,25171.65,25050,25300,91.75,123.25,215.0,0.8541355056184239
2026-01-21 12:24:00+05:30,2026-01-27,Tuesday,Wednesday,25181.9,25187.9,25179.65,25185.85,0,25183.825000000004,25050,25300,92.4,122.05,214.45,0.8515386364065027
2026-01-21 12:25:00+05:30,2026-01-27,Tuesday,Wednesday,25184.35,25186.6,25165.4,25165.4,0,25175.4375,25050,25300,100.35,112.5,212.85,0.8454669357781766
2026-01-21 12:26:00+05:30,2026-01-27,Tuesday,Wednesday,25165.05,25169.6,25160.2,25168.25,0,25165.774999999998,25050,25300,99.45,114.15,213.60000000000002,0.8487717942324449
2026-01-21 12:27:00+05:30,2026-01-27,Tuesday,Wednesday,25168.1,25168.35,25142.15,25142.15,0,25155.1875,25050,25300,108.9,102.3,211.2,0.8395882559014914
2026-01-21 12:28:00+05:30,2026-01-27,Tuesday,Wednesday,25142.0,25143.45,25120.75,25123.0,0,25132.3,25000,25250,102.2,115.3,217.5,0.8654201963210688
2026-01-21 12:29:00+05:30,2026-01-27,Tuesday,Wednesday,25121.7,25133.4,25118.5,25133.2,0,25126.7,25000,25250,97.75,123.0,220.75,0.8785475211627471
2026-01-21 12:30:00+05:30,2026-01-27,Tuesday,Wednesday,25133.9,25154.35,25132.0,25153.65,0,25143.475,25000,25250,90.8,130.8,221.60000000000002,0.8813419783860426
2026-01-21 12:31:00+05:30,2026-01-27,Tuesday,Wednesday,25153.1,25164.0,25153.1,25164.0,0,25158.55,25050,25300,102.95,112.7,215.65,0.8571638667570269
2026-01-21 12:32:00+05:30,2026-01-27,Tuesday,Wednesday,25163.75,25171.25,25156.7,25168.0,0,25164.925,25050,25300,102.3,113.75,216.05,0.8585362364481516
2026-01-21 12:33:00+05:30,2026-01-27,Tuesday,Wednesday,25167.9,25182.5,25163.55,25182.3,0,25174.0625,25050,25300,96.9,121.1,218.0,0.8659706791464429
2026-01-21 12:34:00+05:30,2026-01-27,Tuesday,Wednesday,25182.5,25189.3,25180.6,25185.45,0,25184.462499999998,25050,25300,95.75,124.45,220.2,0.874348618716798
2026-01-21 12:35:00+05:30,2026-01-27,Tuesday,Wednesday,25186.1,25192.5,25183.6,25191.3,0,25188.375,25050,25300,94.45,126.35,220.8,0.8765948577468773
2026-01-21 12:36:00+05:30,2026-01-27,Tuesday,Wednesday,25191.05,25201.8,25191.05,25200.15,0,25196.012499999997,25050,25300,91.15,130.2,221.35,0.8785120264565673
2026-01-21 12:37:00+05:30,2026-01-27,Tuesday,Wednesday,25199.25,25213.05,25196.1,25212.95,0,25205.337499999998,25100,25350,100.75,116.05,216.8,0.8601352788868628
2026-01-21 12:38:00+05:30,2026-01-27,Tuesday,Wednesday,25212.7,25214.45,25205.9,25213.2,0,25211.5625,25100,25350,102.2,115.55,217.75,0.8636910147873619
2026-01-21 12:39:00+05:30,2026-01-27,Tuesday,Wednesday,25212.4,25232.95,25212.4,25226.65,0,25221.1,25100,25350,96.9,120.75,217.65,0.8629679117881458
2026-01-21 12:40:00+05:30,2026-01-27,Tuesday,Wednesday,25229.05,25230.6,25223.35,25225.6,0,25227.15,25100,25350,98.4,122.85,221.25,0.8770312936657529
2026-01-21 12:41:00+05:30,2026-01-27,Tuesday,Wednesday,25225.15,25245.85,25224.7,25241.7,0,25234.35,25100,25350,95.0,130.1,225.1,0.8920380354556388
2026-01-21 12:42:00+05:30,2026-01-27,Tuesday,Wednesday,25240.4,25241.8,25218.35,25219.55,0,25230.024999999998,25100,25350,101.25,119.75,221.0,0.8759404717197071
2026-01-21 12:43:00+05:30,2026-01-27,Tuesday,Wednesday,25218.9,25241.0,25218.9,25236.8,0,25228.9,25100,25350,98.1,128.35,226.45,0.8975817415741469
2026-01-21 12:44:00+05:30,2026-01-27,Tuesday,Wednesday,25235.9,25237.65,25223.4,25226.7,0,25230.912500000002,25100,25350,101.0,123.85,224.85,0.8911687201166425
2026-01-21 12:45:00+05:30,2026-01-27,Tuesday,Wednesday,25225.9,25262.95,25225.1,25260.15,0,25243.525,25100,25350,93.25,135.1,228.35,0.9045884043531954
2026-01-21 12:46:00+05:30,2026-01-27,Tuesday,Wednesday,25260.7,25262.65,25255.2,25255.4,0,25258.487500000003,25150,25400,107.35,114.9,222.25,0.8799022506791033
2026-01-21 12:47:00+05:30,2026-01-27,Tuesday,Wednesday,25255.3,25261.55,25254.2,25254.95,0,25256.5,25150,25400,107.9,112.2,220.10000000000002,0.8714588323797835
2026-01-21 12:48:00+05:30,2026-01-27,Tuesday,Wednesday,25255.15,25266.55,25254.55,25259.95,0,25259.05,25150,25400,105.55,116.05,221.6,0.8773093208176871
2026-01-21 12:49:00+05:30,2026-01-27,Tuesday,Wednesday,25259.7,25285.7,25259.15,25279.3,0,25270.9625,25150,25400,99.85,124.95,224.8,0.889558519981184
2026-01-21 12:50:00+05:30,2026-01-27,Tuesday,Wednesday,25279.55,25279.55,25262.05,25266.0,0,25271.7875,25150,25400,104.5,117.05,221.55,0.876669289815768
2026-01-21 12:51:00+05:30,2026-01-27,Tuesday,Wednesday,25265.5,25281.65,25263.75,25280.65,0,25272.887499999997,25150,25400,101.2,125.75,226.95,0.8979979038801957
2026-01-21 12:52:00+05:30,2026-01-27,Tuesday,Wednesday,25282.0,25284.45,25275.9,25283.4,0,25281.4375,25150,25400,100.7,127.55,228.25,0.9028363201261794
2026-01-21 12:53:00+05:30,2026-01-27,Tuesday,Wednesday,25283.6,25291.5,25281.25,25290.8,0,25286.787500000002,25150,25400,98.5,132.45,230.95,0.9133228173013277
2026-01-21 12:54:00+05:30,2026-01-27,Tuesday,Wednesday,25289.85,25294.4,25282.7,25282.9,0,25287.4625,25150,25400,102.55,129.85,232.39999999999998,0.9190325047441987
2026-01-21 12:55:00+05:30,2026-01-27,Tuesday,Wednesday,25282.5,25286.7,25275.7,25281.8,0,25281.675,25150,25400,102.45,126.0,228.45,0.9036189255656518
2026-01-21 12:56:00+05:30,2026-01-27,Tuesday,Wednesday,25281.55,25281.55,25269.95,25269.95,0,25275.75,25150,25400,104.95,120.35,225.3,0.8913682086584968
2026-01-21 12:57:00+05:30,2026-01-27,Tuesday,Wednesday,25269.6,25269.9,25256.0,25265.55,0,25265.2625,25150,25400,105.5,119.25,224.75,0.8895613097231821
2026-01-21 12:58:00+05:30,2026-01-27,Tuesday,Wednesday,25265.55,25274.0,25261.15,25272.3,0,25268.250000000004,25150,25400,103.85,123.25,227.1,0.8987563444243267
2026-01-21 12:59:00+05:30,2026-01-27,Tuesday,Wednesday,25272.65,25279.75,25270.85,25279.4,0,25275.6625,25150,25400,101.75,126.55,228.3,0.9032404195142264
2026-01-21 13:00:00+05:30,2026-01-27,Tuesday,Wednesday,25279.1,25283.25,25273.75,25281.6,0,25279.425000000003,25150,25400,101.0,126.85,227.85,0.901325880632174
2026-01-21 13:01:00+05:30,2026-01-27,Tuesday,Wednesday,25282.05,25293.25,25274.8,25292.05,0,25285.537500000002,25150,25400,99.45,130.85,230.3,0.9107973283146541
2026-01-21 13:02:00+05:30,2026-01-27,Tuesday,Wednesday,25291.65,25296.0,25282.65,25294.55,0,25291.2125,25150,25400,99.45,130.3,229.75,0.9084182895541286
2026-01-21 13:03:00+05:30,2026-01-27,Tuesday,Wednesday,25294.35,25300.95,25292.3,25293.5,0,25295.275,25150,25400,99.25,128.6,227.85,0.9007611105236056
2026-01-21 13:04:00+05:30,2026-01-27,Tuesday,Wednesday,25292.75,25295.95,25286.75,25287.15,0,25290.65,25150,25400,101.55,125.55,227.1,0.8979603133964528
2026-01-21 13:05:00+05:30,2026-01-27,Tuesday,Wednesday,25286.85,25293.25,25286.35,25288.85,0,25288.824999999997,25150,25400,100.95,126.8,227.75,0.9005954211000314
2026-01-21 13:06:00+05:30,2026-01-27,Tuesday,Wednesday,25289.65,25293.7,25279.75,25280.5,0,25285.9,25150,25400,102.5,123.05,225.55,0.8919990983117073
2026-01-21 13:07:00+05:30,2026-01-27,Tuesday,Wednesday,25281.05,25281.7,25270.45,25272.05,0,25276.3125,25150,25400,105.25,118.3,223.55,0.8844248938606056
2026-01-21 13:08:00+05:30,2026-01-27,Tuesday,Wednesday,25271.55,25285.75,25269.05,25285.75,0,25278.025,25150,25400,103.25,122.55,225.8,0.8932659889370312
2026-01-21 13:09:00+05:30,2026-01-27,Tuesday,Wednesday,25286.1,25287.4,25259.2,25260.0,0,25273.175,25150,25400,107.8,112.5,220.3,0.8716752050345871
2026-01-21 13:10:00+05:30,2026-01-27,Tuesday,Wednesday,25258.0,25259.4,25221.5,25221.5,0,25240.1,25100,25350,106.65,113.7,220.35000000000002,0.8730155585754416
2026-01-21 13:11:00+05:30,2026-01-27,Tuesday,Wednesday,25222.1,25237.35,25222.1,25228.2,0,25227.437499999996,25100,25350,106.3,120.35,226.64999999999998,0.8984265643309989
2026-01-21 13:12:00+05:30,2026-01-27,Tuesday,Wednesday,25227.4,25238.85,25225.4,25233.65,0,25231.324999999997,25100,25350,104.0,123.5,227.5,0.9016569680744076
2026-01-21 13:13:00+05:30,2026-01-27,Tuesday,Wednesday,25233.0,25241.6,25232.75,25237.2,0,25236.1375,25100,25350,103.0,125.9,228.9,0.90703262335609
2026-01-21 13:14:00+05:30,2026-01-27,Tuesday,Wednesday,25236.25,25237.45,25229.5,25237.45,0,25235.1625,25100,25350,98.65,129.6,228.25,0.9044918969711411
2026-01-21 13:15:00+05:30,2026-01-27,Tuesday,Wednesday,25237.6,25240.85,25224.6,25225.05,0,25232.024999999998,25100,25350,103.25,122.1,225.35,0.8931110364705172
2026-01-21 13:16:00+05:30,2026-01-27,Tuesday,Wednesday,25225.15,25225.8,25209.0,25212.6,0,25218.137499999997,25100,25350,108.9,116.8,225.7,0.8949907581398507
2026-01-21 13:17:00+05:30,2026-01-27,Tuesday,Wednesday,25213.2,25230.5,25213.2,25225.65,0,25220.637499999997,25100,25350,103.1,124.0,227.1,0.9004530515931647
2026-01-21 13:18:00+05:30,2026-01-27,Tuesday,Wednesday,25225.15,25242.4,25221.9,25236.65,0,25231.525,25100,25350,102.05,126.2,228.25,0.904622292945036
2026-01-21 13:19:00+05:30,2026-01-27,Tuesday,Wednesday,25235.5,25235.95,25210.6,25214.4,0,25224.112499999996,25100,25350,106.6,120.2,226.8,0.8991396624955588
2026-01-21 13:20:00+05:30,2026-01-27,Tuesday,Wednesday,25214.3,25227.15,25214.3,25225.7,0,25220.3625,25100,25350,106.05,121.2,227.25,0.9010576275420308
2026-01-21 13:21:00+05:30,2026-01-27,Tuesday,Wednesday,25223.0,25224.15,25215.55,25216.65,0,25219.8375,25100,25350,108.65,115.6,224.25,0.8891809869908954
2026-01-21 13:22:00+05:30,2026-01-27,Tuesday,Wednesday,25215.75,25217.45,25196.05,25213.9,0,25210.7875,25100,25350,107.9,116.75,224.65,0.8910868016320396
2026-01-21 13:23:00+05:30,2026-01-27,Tuesday,Wednesday,25214.05,25225.95,25213.0,25222.95,0,25218.9875,25100,25350,106.35,120.95,227.3,0.9013050186887956
2026-01-21 13:24:00+05:30,2026-01-27,Tuesday,Wednesday,25222.5,25225.4,25212.5,25212.5,0,25218.225,25100,25350,110.05,115.55,225.6,0.8945911141644584
2026-01-21 13:25:00+05:30,2026-01-27,Tuesday,Wednesday,25212.4,25212.45,25200.75,25205.25,0,25207.7125,25100,25350,112.85,113.5,226.35,0.8979394699142176
2026-01-21 13:26:00+05:30,2026-01-27,Tuesday,Wednesday,25204.65,25212.9,25203.6,25204.65,0,25206.449999999997,25100,25350,114.05,112.75,226.8,0.899769701802515
2026-01-21 13:27:00+05:30,2026-01-27,Tuesday,Wednesday,25205.3,25218.75,25203.6,25216.05,0,25210.925,25100,25350,107.85,120.5,228.35,0.9057581187520887
2026-01-21 13:28:00+05:30,2026-01-27,Tuesday,Wednesday,25216.1,25218.1,25207.4,25211.95,0,25213.3875,25100,25350,109.55,116.65,226.2,0.8971424406974271
2026-01-21 13:29:00+05:30,2026-01-27,Tuesday,Wednesday,25211.75,25217.2,25210.4,25210.4,0,25212.4375,25100,25350,111.2,114.0,225.2,0.8932099484629361
2026-01-21 13:30:00+05:30,2026-01-27,Tuesday,Wednesday,25210.75,25216.7,25207.8,25215.7,0,25212.7375,25100,25350,109.2,115.5,224.7,0.8912161957819931
2026-01-21 13:31:00+05:30,2026-01-27,Tuesday,Wednesday,25214.45,25219.9,25203.45,25204.6,0,25210.6,25100,25350,111.85,111.5,223.35,0.8859368678254386
2026-01-21 13:32:00+05:30,2026-01-27,Tuesday,Wednesday,25203.4,25205.3,25187.5,25187.5,0,25195.925,25050,25300,103.3,124.3,227.6,0.9033206758632596
2026-01-21 13:33:00+05:30,2026-01-27,Tuesday,Wednesday,25186.1,25192.5,25177.05,25192.5,0,25187.0375,25050,25300,101.55,127.4,228.95,0.9089993215756318
2026-01-21 13:34:00+05:30,2026-01-27,Tuesday,Wednesday,25192.2,25194.95,25181.8,25183.6,0,25188.137499999997,25050,25300,105.9,121.4,227.3,0.9024089216600475
2026-01-21 13:35:00+05:30,2026-01-27,Tuesday,Wednesday,25182.4,25185.2,25178.45,25182.35,0,25182.1,25050,25300,107.1,120.55,227.64999999999998,0.9040151536210245
2026-01-21 13:36:00+05:30,2026-01-27,Tuesday,Wednesday,25181.4,25182.75,25174.25,25182.65,0,25180.262499999997,25050,25300,106.65,122.65,229.3,0.9106338744482908
2026-01-21 13:37:00+05:30,2026-01-27,Tuesday,Wednesday,25181.7,25205.6,25180.3,25205.25,0,25193.2125,25050,25300,99.05,134.65,233.7,0.9276308053210759
2026-01-21 13:38:00+05:30,2026-01-27,Tuesday,Wednesday,25204.95,25211.8,25203.95,25207.65,0,25207.0875,25100,25350,112.0,116.35,228.35,0.9058960103978692
2026-01-21 13:39:00+05:30,2026-01-27,Tuesday,Wednesday,25207.2,25238.25,25207.2,25212.15,0,25216.199999999997,25100,25350,110.25,116.15,226.4,0.8978355184365608
2026-01-21 13:40:00+05:30,2026-01-27,Tuesday,Wednesday,25211.45,25211.45,25192.65,25193.1,0,25202.1625,25100,25350,116.55,109.4,225.95,0.8965500480365525
2026-01-21 13:41:00+05:30,2026-01-27,Tuesday,Wednesday,25192.4,25196.2,25185.85,25191.75,0,25191.550000000003,25050,25300,103.15,129.15,232.3,0.9221346046591019
2026-01-21 13:42:00+05:30,2026-01-27,Tuesday,Wednesday,25190.25,25191.85,25173.35,25183.8,0,25184.8125,25050,25300,105.05,127.0,232.05,0.921388634519316
2026-01-21 13:43:00+05:30,2026-01-27,Tuesday,Wednesday,25183.2,25200.9,25182.75,25199.9,0,25191.6875,25050,25300,100.8,131.8,232.60000000000002,0.9233204405222954
2026-01-21 13:44:00+05:30,2026-01-27,Tuesday,Wednesday,25199.8,25201.45,25190.95,25195.7,0,25196.975,25050,25300,102.1,128.8,230.9,0.9163798432153067
2026-01-21 13:45:00+05:30,2026-01-27,Tuesday,Wednesday,25195.15,25202.85,25188.45,25192.95,0,25194.85,25050,25300,103.15,127.5,230.65,0.9154648668279431
2026-01-21 13:46:00+05:30,2026-01-27,Tuesday,Wednesday,25192.65,25203.65,25192.65,25203.15,0,25198.025,25050,25300,99.55,132.8,232.35000000000002,0.9220960769742867
2026-01-21 13:47:00+05:30,2026-01-27,Tuesday,Wednesday,25203.25,25208.9,25200.55,25208.9,0,25205.4,25100,25350,113.0,110.8,223.8,0.8879049727439359
2026-01-21 13:48:00+05:30,2026-01-27,Tuesday,Wednesday,25207.6,25208.2,25184.95,25185.45,0,25196.55,25050,25300,103.4,125.6,229.0,0.9088545852507586
2026-01-21 13:49:00+05:30,2026-01-27,Tuesday,Wednesday,25185.45,25196.85,25184.3,25195.7,0,25190.575,25050,25300,101.15,128.35,229.5,0.9110550275251755
2026-01-21 13:50:00+05:30,2026-01-27,Tuesday,Wednesday,25195.5,25201.3,25179.95,25179.95,0,25189.175,25050,25300,105.9,120.75,226.65,0.8997912793888644
2026-01-21 13:51:00+05:30,2026-01-27,Tuesday,Wednesday,25179.6,25184.6,25174.4,25178.85,0,25179.362500000003,25050,25300,106.05,120.75,226.8,0.9007376576750106
2026-01-21 13:52:00+05:30,2026-01-27,Tuesday,Wednesday,25178.5,25182.5,25175.25,25175.7,0,25177.9875,25050,25300,108.0,117.2,225.2,0.8944320907300475
2026-01-21 13:53:00+05:30,2026-01-27,Tuesday,Wednesday,25175.5,25176.3,25163.0,25166.05,0,25170.2125,25050,25300,111.6,115.15,226.75,0.9008664507699329
2026-01-21 13:54:00+05:30,2026-01-27,Tuesday,Wednesday,25164.45,25171.55,25160.6,25168.85,0,25166.362500000003,25050,25300,111.3,116.05,227.35,0.9033884018796914
2026-01-21 13:55:00+05:30,2026-01-27,Tuesday,Wednesday,25169.2,25170.2,25159.45,25164.25,0,25165.775,25050,25300,114.25,114.3,228.55,0.9081778725272718
2026-01-21 13:56:00+05:30,2026-01-27,Tuesday,Wednesday,25163.6,25164.1,25157.7,25160.85,0,25161.5625,25050,25300,115.9,112.75,228.65,0.9087273495038316
2026-01-21 13:57:00+05:30,2026-01-27,Tuesday,Wednesday,25160.65,25164.3,25156.1,25159.35,0,25160.1,25050,25300,115.65,112.45,228.10000000000002,0.9065941709293686
2026-01-21 13:58:00+05:30,2026-01-27,Tuesday,Wednesday,25158.0,25164.35,25154.6,25162.95,0,25159.975,25050,25300,113.5,115.35,228.85,0.9095796001387124
2026-01-21 13:59:00+05:30,2026-01-27,Tuesday,Wednesday,25162.3,25163.95,25148.45,25153.25,0,25156.9875,25050,25300,116.3,109.55,225.85,0.8977625003788708
2026-01-21 14:00:00+05:30,2026-01-27,Tuesday,Wednesday,25151.1,25152.15,25140.8,25141.15,0,25146.300000000003,25000,25250,104.45,126.7,231.15,0.9192207203445437
2026-01-21 14:01:00+05:30,2026-01-27,Tuesday,Wednesday,25140.7,25158.85,25136.35,25140.05,0,25143.9875,25000,25250,103.2,127.5,230.7,0.9175155690798844
2026-01-21 14:02:00+05:30,2026-01-27,Tuesday,Wednesday,25138.3,25149.1,25136.9,25144.8,0,25142.274999999998,25000,25250,101.1,129.15,230.25,0.915788249074517
2026-01-21 14:03:00+05:30,2026-01-27,Tuesday,Wednesday,25144.1,25146.4,25138.05,25142.2,0,25142.6875,25000,25250,102.6,126.8,229.39999999999998,0.9123925196938473
2026-01-21 14:04:00+05:30,2026-01-27,Tuesday,Wednesday,25141.1,25150.4,25140.95,25148.25,0,25145.175,25000,25250,101.6,129.55,231.15,0.9192618464576207
2026-01-21 14:05:00+05:30,2026-01-27,Tuesday,Wednesday,25149.05,25151.8,25142.6,25151.55,0,25148.75,25000,25250,99.5,130.7,230.2,0.9153536458074457
2026-01-21 14:06:00+05:30,2026-01-27,Tuesday,Wednesday,25150.5,25154.8,25147.45,25147.45,0,25150.05,25000,25300,101.6,105.3,206.89999999999998,0.8226623803928819
2026-01-21 14:07:00+05:30,2026-01-27,Tuesday,Wednesday,25146.95,25155.2,25145.0,25151.95,0,25149.774999999998,25000,25300,98.7,108.75,207.45,0.8248582740799868
2026-01-21 14:08:00+05:30,2026-01-27,Tuesday,Wednesday,25151.9,25154.85,25145.4,25151.95,0,25151.024999999998,25050,25300,112.35,108.05,220.39999999999998,0.8763062340401634
2026-01-21 14:09:00+05:30,2026-01-27,Tuesday,Wednesday,25151.85,25160.3,25143.65,25144.1,0,25149.975,25000,25300,100.1,102.9,203.0,0.8071578599978727
2026-01-21 14:10:00+05:30,2026-01-27,Tuesday,Wednesday,25143.2,25152.4,25140.0,25141.05,0,25144.162500000002,25000,25250,101.05,120.95,222.0,0.8829087069414222
2026-01-21 14:11:00+05:30,2026-01-27,Tuesday,Wednesday,25141.1,25145.7,25134.85,25138.7,0,25140.087499999998,25000,25250,99.45,121.55,221.0,0.8790741082345079
2026-01-21 14:12:00+05:30,2026-01-27,Tuesday,Wednesday,25138.1,25140.15,25132.85,25137.55,0,25137.162500000002,25000,25250,99.15,121.65,220.8,0.8783807639386505
2026-01-21 14:13:00+05:30,2026-01-27,Tuesday,Wednesday,25138.15,25150.1,25138.15,25149.05,0,25143.8625,25000,25250,96.0,125.8,221.8,0.8821238184865194
2026-01-21 14:14:00+05:30,2026-01-27,Tuesday,Wednesday,25148.7,25149.8,25136.7,25136.7,0,25142.975,25000,25250,100.0,120.2,220.2,0.8757913492735048
2026-01-21 14:15:00+05:30,2026-01-27,Tuesday,Wednesday,25137.45,25143.5,25135.15,25139.05,0,25138.787500000002,25000,25250,99.45,121.75,221.2,0.8799151510390069
2026-01-21 14:16:00+05:30,2026-01-27,Tuesday,Wednesday,25139.25,25140.3,25131.4,25134.0,0,25136.237500000003,25000,25250,100.1,119.65,219.75,0.874235851726019
2026-01-21 14:17:00+05:30,2026-01-27,Tuesday,Wednesday,25134.2,25190.65,25129.8,25188.35,0,25160.75,25050,25300,90.2,118.75,208.95,0.8304601412914956
2026-01-21 14:18:00+05:30,2026-01-27,Tuesday,Wednesday,25191.1,25202.05,25165.95,25167.3,0,25181.6,25050,25300,104.3,108.8,213.1,0.8462528195190139
2026-01-21 14:19:00+05:30,2026-01-27,Tuesday,Wednesday,25169.3,25177.95,25159.9,25177.8,0,25171.2375,25050,25300,99.6,114.4,214.0,0.8501767145933925
2026-01-21 14:20:00+05:30,2026-01-27,Tuesday,Wednesday,25176.65,25186.0,25173.1,25178.3,0,25178.5125,25050,25300,100.35,112.65,213.0,0.845959426713552
2026-01-21 14:21:00+05:30,2026-01-27,Tuesday,Wednesday,25176.9,25181.15,25163.25,25163.85,0,25171.2875,25050,25300,106.95,106.1,213.05,0.8464008843409381
2026-01-21 14:22:00+05:30,2026-01-27,Tuesday,Wednesday,25162.35,25163.95,25157.25,25158.9,0,25160.612500000003,25050,25300,107.75,103.15,210.9,0.8382148884491583
2026-01-21 14:23:00+05:30,2026-01-27,Tuesday,Wednesday,25157.6,25158.6,25141.35,25142.0,0,25149.887499999997,25000,25300,98.75,98.05,196.8,0.7825084704653252
2026-01-21 14:24:00+05:30,2026-01-27,Tuesday,Wednesday,25141.75,25155.9,25138.3,25152.2,0,25147.0375,25000,25250,95.5,122.45,217.95,0.8667024893091284
2026-01-21 14:25:00+05:30,2026-01-27,Tuesday,Wednesday,25151.95,25153.4,25142.1,25144.75,0,25148.050000000003,25000,25250,96.9,119.25,216.15,0.8595099818872635
2026-01-21 14:26:00+05:30,2026-01-27,Tuesday,Wednesday,25143.1,25144.6,25130.15,25130.35,0,25137.050000000003,25000,25250,100.0,114.35,214.35,0.8527253595787889
2026-01-21 14:27:00+05:30,2026-01-27,Tuesday,Wednesday,25131.1,25143.55,25131.05,25133.5,0,25134.8,25000,25250,100.0,114.55,214.55,0.8535974028040804
2026-01-21 14:28:00+05:30,2026-01-27,Tuesday,Wednesday,25133.5,25135.1,25125.05,25126.2,0,25129.962499999998,25000,25250,104.45,110.35,214.8,0.8547565480847813
2026-01-21 14:29:00+05:30,2026-01-27,Tuesday,Wednesday,25126.4,25133.55,25120.0,25120.85,0,25125.199999999997,25000,25250,105.95,108.3,214.25,0.8527295305112
2026-01-21 14:30:00+05:30,2026-01-27,Tuesday,Wednesday,25120.25,25130.1,25119.85,25130.1,0,25125.074999999997,25000,25250,101.3,112.4,213.7,0.8505447247421152
2026-01-21 14:31:00+05:30,2026-01-27,Tuesday,Wednesday,25129.5,25136.9,25128.15,25136.1,0,25132.6625,25000,25250,99.0,114.2,213.2,0.8482985039885846
2026-01-21 14:32:00+05:30,2026-01-27,Tuesday,Wednesday,25136.0,25151.0,25136.0,25145.85,0,25142.2125,25000,25250,97.4,116.6,214.0,0.8511581866552117
2026-01-21 14:33:00+05:30,2026-01-27,Tuesday,Wednesday,25144.9,25159.55,25144.5,25156.1,0,25151.262499999997,25050,25300,106.2,103.8,210.0,0.8349481462411679
2026-01-21 14:34:00+05:30,2026-01-27,Tuesday,Wednesday,25155.95,25166.4,25154.8,25162.85,0,25160.0,25050,25300,103.1,109.45,212.55,0.8447933227344993
2026-01-21 14:35:00+05:30,2026-01-27,Tuesday,Wednesday,25163.0,25163.75,25146.5,25146.5,0,25154.9375,25050,25300,107.15,105.0,212.15,0.8433731946263034
2026-01-21 14:36:00+05:30,2026-01-27,Tuesday,Wednesday,25146.5,25158.55,25143.9,25149.8,0,25149.687500000004,25000,25300,91.65,106.3,197.95,0.7870873147032144
2026-01-21 14:37:00+05:30,2026-01-27,Tuesday,Wednesday,25149.1,25155.8,25140.8,25154.6,0,25150.074999999997,25000,25300,89.65,106.9,196.55,0.781508603851082
2026-01-21 14:38:00+05:30,2026-01-27,Tuesday,Wednesday,25153.95,25162.4,25153.95,25158.65,0,25157.237500000003,25050,25300,104.15,108.1,212.25,0.8436935891709095
2026-01-21 14:39:00+05:30,2026-01-27,Tuesday,Wednesday,25159.25,25161.15,25151.7,25155.0,0,25156.775,25050,25300,104.6,106.65,211.25,0.8397340279109702
2026-01-21 14:40:00+05:30,2026-01-27,Tuesday,Wednesday,25154.3,25159.35,25150.65,25152.35,0,25154.1625,25050,25300,107.3,103.8,211.1,0.8392249195336954
2026-01-21 14:41:00+05:30,2026-01-27,Tuesday,Wednesday,25150.75,25157.0,25149.3,25156.7,0,25153.4375,25050,25300,106.1,105.4,211.5,0.8408393484985899
2026-01-21 14:42:00+05:30,2026-01-27,Tuesday,Wednesday,25155.8,25157.45,25148.4,25154.9,0,25154.137499999997,25050,25300,107.25,102.3,209.55,0.8330637454772601
2026-01-21 14:43:00+05:30,2026-01-27,Tuesday,Wednesday,25154.8,25162.75,25153.05,25161.9,0,25158.125,25050,25300,104.6,107.1,211.7,0.8414776538394654
2026-01-21 14:44:00+05:30,2026-01-27,Tuesday,Wednesday,25161.45,25163.2,25135.0,25150.1,0,25152.4375,25050,25300,111.1,100.4,211.5,0.8408727782347138
2026-01-21 14:45:00+05:30,2026-01-27,Tuesday,Wednesday,25149.0,25154.1,25147.4,25149.7,0,25150.05,25000,25300,95.2,102.0,197.2,0.7840938686006589
2026-01-21 14:46:00+05:30,2026-01-27,Tuesday,Wednesday,25150.1,25153.65,25148.05,25150.7,0,25150.625,25000,25300,95.55,101.0,196.55,0.781491513630377
2026-01-21 14:47:00+05:30,2026-01-27,Tuesday,Wednesday,25150.95,25158.45,25150.25,25157.75,0,25154.35,25050,25300,107.4,105.95,213.35000000000002,0.8481634389280583
2026-01-21 14:48:00+05:30,2026-01-27,Tuesday,Wednesday,25157.1,25158.25,25142.65,25149.15,0,25151.7875,25050,25300,110.3,101.85,212.14999999999998,0.8434788183543614
2026-01-21 14:49:00+05:30,2026-01-27,Tuesday,Wednesday,25148.8,25158.25,25147.55,25155.85,0,25152.612500000003,25050,25300,108.75,104.25,213.0,0.8468305230719074
2026-01-21 14:50:00+05:30,2026-01-27,Tuesday,Wednesday,25155.55,25156.85,25150.45,25153.5,0,25154.087499999998,25050,25300,108.35,103.45,211.8,0.8420102697026876
2026-01-21 14:51:00+05:30,2026-01-27,Tuesday,Wednesday,25153.25,25164.05,25152.85,25155.55,0,25156.425,25050,25300,107.3,105.4,212.7,0.8455096461440764
2026-01-21 14:52:00+05:30,2026-01-27,Tuesday,Wednesday,25155.65,25157.45,25153.1,25156.4,0,25155.65,25050,25300,106.45,104.75,211.2,0.8395728196250146
2026-01-21 14:53:00+05:30,2026-01-27,Tuesday,Wednesday,25154.95,25156.0,25143.15,25148.25,0,25150.5875,25000,25300,94.75,100.7,195.45,0.7771190235615767
2026-01-21 14:54:00+05:30,2026-01-27,Tuesday,Wednesday,25148.75,25154.85,25146.15,25153.95,0,25150.925,25050,25300,107.6,101.1,208.7,0.8297905544229486
2026-01-21 14:55:00+05:30,2026-01-27,Tuesday,Wednesday,25153.2,25155.45,25147.1,25147.1,0,25150.7125,25000,25300,93.4,99.65,193.05,0.76757268805009
2026-01-21 14:56:00+05:30,2026-01-27,Tuesday,Wednesday,25147.25,25157.8,25147.25,25152.65,0,25151.237500000003,25050,25300,105.8,103.8,209.6,0.8333585971664415
2026-01-21 14:57:00+05:30,2026-01-27,Tuesday,Wednesday,25152.1,25152.85,25138.9,25139.85,0,25145.925000000003,25000,25250,94.0,120.0,214.0,0.8510325231623015
2026-01-21 14:58:00+05:30,2026-01-27,Tuesday,Wednesday,25138.35,25157.45,25138.35,25152.3,0,25146.6125,25000,25250,91.7,123.45,215.15,0.8555824367993901
2026-01-21 14:59:00+05:30,2026-01-27,Tuesday,Wednesday,25150.9,25151.4,25137.65,25143.15,0,25145.775,25000,25250,93.2,119.5,212.7,0.8458677451778678
2026-01-21 15:00:00+05:30,2026-01-27,Tuesday,Wednesday,25143.75,25161.85,25135.35,25160.2,0,25150.2875,25000,25300,92.55,102.4,194.95,0.7751402444206652
2026-01-21 15:01:00+05:30,2026-01-27,Tuesday,Wednesday,25160.6,25166.0,25155.1,25158.15,0,25159.9625,25050,25300,108.25,103.55,211.8,0.8418136553263942
2026-01-21 15:02:00+05:30,2026-01-27,Tuesday,Wednesday,25159.05,25159.05,25138.1,25141.25,0,25149.3625,25000,25300,94.5,98.45,192.95,0.7672162664162958
2026-01-21 15:03:00+05:30,2026-01-27,Tuesday,Wednesday,25142.2,25154.7,25141.55,25154.7,0,25148.2875,25000,25250,90.5,123.8,214.3,0.8521454989728428
2026-01-21 15:04:00+05:30,2026-01-27,Tuesday,Wednesday,25154.55,25177.8,25154.55,25177.5,0,25166.1,25050,25300,92.45,115.15,207.60000000000002,0.8249192365920823
2026-01-21 15:05:00+05:30,2026-01-27,Tuesday,Wednesday,25178.45,25182.5,25171.7,25171.7,0,25176.087499999998,25050,25300,98.8,108.55,207.35,0.8235989805802828
2026-01-21 15:06:00+05:30,2026-01-27,Tuesday,Wednesday,25171.3,25172.2,25161.25,25171.45,0,25169.05,25050,25300,98.1,110.7,208.8,0.8295903103216054
2026-01-21 15:07:00+05:30,2026-01-27,Tuesday,Wednesday,25171.9,25172.2,25156.8,25158.05,0,25164.737500000003,25050,25300,100.4,108.4,208.8,0.8297324778372911
2026-01-21 15:08:00+05:30,2026-01-27,Tuesday,Wednesday,25158.05,25178.15,25156.8,25175.3,0,25167.075,25050,25300,99.5,109.45,208.95,0.8302514296953458
2026-01-21 15:09:00+05:30,2026-01-27,Tuesday,Wednesday,25175.45,25175.7,25158.95,25165.7,0,25168.95,25050,25300,103.95,103.6,207.55,0.8246271695879248
2026-01-21 15:10:00+05:30,2026-01-27,Tuesday,Wednesday,25165.45,25169.3,25158.6,25159.7,0,25163.2625,25050,25300,106.85,101.05,207.89999999999998,0.8262044716975789
2026-01-21 15:11:00+05:30,2026-01-27,Tuesday,Wednesday,25160.2,25160.55,25151.95,25154.4,0,25156.775,25050,25300,107.5,99.05,206.55,0.8210511880000517
2026-01-21 15:12:00+05:30,2026-01-27,Tuesday,Wednesday,25154.25,25159.75,25152.95,25154.1,0,25155.262499999997,25050,25300,109.5,96.6,206.1,0.8193116649051069
2026-01-21 15:13:00+05:30,2026-01-27,Tuesday,Wednesday,25153.9,25155.75,25150.65,25150.7,0,25152.75,25050,25300,111.3,93.6,204.89999999999998,0.8146226555744401
2026-01-21 15:14:00+05:30,2026-01-27,Tuesday,Wednesday,25149.75,25155.2,25144.75,25155.0,0,25151.175,25050,25300,109.55,95.3,204.85,0.8144748704583384
2026-01-21 15:15:00+05:30,2026-01-27,Tuesday,Wednesday,25155.2,25155.25,25145.85,25148.5,0,25151.199999999997,25050,25300,110.95,93.5,204.45,0.8128836795063457
2026-01-21 15:16:00+05:30,2026-01-27,Tuesday,Wednesday,25148.75,25153.3,25148.75,25152.9,0,25150.925000000003,25050,25300,110.6,95.1,205.7,0.8178625637029252
2026-01-21 15:17:00+05:30,2026-01-27,Tuesday,Wednesday,25153.15,25160.4,25152.45,25160.2,0,25156.55,25050,25300,105.45,97.6,203.05,0.8071456539151832
2026-01-21 15:18:00+05:30,2026-01-27,Tuesday,Wednesday,25160.2,25162.2,25158.4,25159.6,0,25160.1,25050,25300,108.15,96.7,204.85000000000002,0.8141859531559891
2026-01-21 15:19:00+05:30,2026-01-27,Tuesday,Wednesday,25160.6,25161.15,25158.15,25159.9,0,25159.949999999997,25050,25300,108.6,96.45,205.05,0.8149857213547723
2026-01-21 15:20:00+05:30,2026-01-27,Tuesday,Wednesday,25159.35,25160.15,25154.0,25154.25,0,25156.9375,25050,25300,111.0,94.45,205.45,0.8166733331511437
2026-01-21 15:21:00+05:30,2026-01-27,Tuesday,Wednesday,25154.8,25155.1,25147.9,25149.15,0,25151.737499999996,25050,25300,110.65,90.6,201.25,0.8001435288516351
2026-01-21 15:22:00+05:30,2026-01-27,Tuesday,Wednesday,25149.35,25149.7,25140.55,25142.65,0,25145.5625,25000,25250,95.65,107.0,202.65,0.8059076029816394
2026-01-21 15:23:00+05:30,2026-01-27,Tuesday,Wednesday,25142.65,25155.2,25141.4,25152.5,0,25147.9375,25000,25250,92.7,111.45,204.15,0.8117961960101103
2026-01-21 15:24:00+05:30,2026-01-27,Tuesday,Wednesday,25152.9,25156.5,25151.65,25152.8,0,25153.4625,25050,25300,109.05,90.9,199.95,0.7949203812397597
2026-01-21 15:25:00+05:30,2026-01-27,Tuesday,Wednesday,25152.05,25153.15,25145.8,25150.7,0,25150.425,25000,25300,91.6,92.65,184.25,0.7325919939722689
2026-01-21 15:26:00+05:30,2026-01-27,Tuesday,Wednesday,25150.15,25164.6,25148.4,25163.55,0,25156.675,25050,25300,98.05,96.95,195.0,0.77514218393329
2026-01-21 15:27:00+05:30,2026-01-27,Tuesday,Wednesday,25164.3,25170.1,25163.15,25169.05,0,25166.649999999998,25050,25300,100.05,98.5,198.55,0.7889409198284238
2026-01-21 15:28:00+05:30,2026-01-27,Tuesday,Wednesday,25168.65,25171.7,25157.8,25162.0,0,25165.037500000002,25050,25300,100.05,99.7,199.75,0.7937599934035464
2026-01-21 15:29:00+05:30,2026-01-27,Tuesday,Wednesday,25162.2,25170.7,25152.8,25168.1,0,25163.449999999997,25050,25300,94.8,98.5,193.3,0.7681776544949124
2026-01-28 09:15:00+05:30,2026-02-03,Tuesday,Wednesday,25258.85,25310.45,25225.7,25306.25,0,25275.3125,25150,25400,153.3,215.85,369.15,1.4605160668142083
2026-01-28 09:16:00+05:30,2026-02-03,Tuesday,Wednesday,25305.1,25334.75,25295.2,25321.4,0,25314.112500000003,25200,25450,172.55,199.75,372.3,1.4707211244320733
2026-01-28 09:17:00+05:30,2026-02-03,Tuesday,Wednesday,25322.25,25322.25,25299.35,25305.4,0,25312.3125,25200,25450,178.2,191.7,369.9,1.4613441581048747
2026-01-28 09:18:00+05:30,2026-02-03,Tuesday,Wednesday,25302.85,25322.6,25295.15,25321.75,0,25310.5875,25200,25450,172.55,198.6,371.15,1.4663823982750301
2026-01-28 09:19:00+05:30,2026-02-03,Tuesday,Wednesday,25321.25,25336.3,25313.85,25336.0,0,25326.85,25200,25450,169.35,206.5,375.85,1.483998207435982
2026-01-28 09:20:00+05:30,2026-02-03,Tuesday,Wednesday,25335.45,25355.3,25335.1,25343.25,0,25342.275,25200,25450,165.9,212.6,378.5,1.4935517825451738
2026-01-28 09:21:00+05:30,2026-02-03,Tuesday,Wednesday,25343.65,25356.65,25342.8,25356.25,0,25349.8375,25200,25500,165.15,189.35,354.5,1.3984310550314178
2026-01-28 09:22:00+05:30,2026-02-03,Tuesday,Wednesday,25355.75,25360.95,25349.15,25359.85,0,25356.425000000003,25250,25500,179.25,192.85,372.1,1.4674781638184404
2026-01-28 09:23:00+05:30,2026-02-03,Tuesday,Wednesday,25361.6,25372.1,25354.4,25354.7,0,25360.7,25250,25500,183.8,190.55,374.35,1.4761027889608727
2026-01-28 09:24:00+05:30,2026-02-03,Tuesday,Wednesday,25353.65,25362.75,25349.7,25358.75,0,25356.2125,25250,25500,180.5,193.05,373.55,1.473208981822502
2026-01-28 09:25:00+05:30,2026-02-03,Tuesday,Wednesday,25357.9,25365.15,25353.4,25364.1,0,25360.137500000004,25250,25500,178.0,193.6,371.6,1.46529173984171
2026-01-28 09:26:00+05:30,2026-02-03,Tuesday,Wednesday,25362.95,25366.65,25341.25,25341.4,0,25353.0625,25250,25500,182.35,187.05,369.4,1.4570231899992359
2026-01-28 09:27:00+05:30,2026-02-03,Tuesday,Wednesday,25343.8,25345.7,25324.7,25328.1,0,25335.574999999997,25200,25450,169.3,199.25,368.55,1.4546739120781749
2026-01-28 09:28:00+05:30,2026-02-03,Tuesday,Wednesday,25327.55,25336.0,25325.25,25328.9,0,25329.425000000003,25200,25450,167.4,200.4,367.8,1.4520661246751554
2026-01-28 09:29:00+05:30,2026-02-03,Tuesday,Wednesday,25329.15,25357.75,25329.15,25352.75,0,25342.2,25200,25450,158.2,210.75,368.95,1.4558720237390597
2026-01-28 09:30:00+05:30,2026-02-03,Tuesday,Wednesday,25352.1,25363.9,25346.7,25348.75,0,25352.8625,25250,25500,180.5,182.25,362.75,1.430804904179952
2026-01-28 09:31:00+05:30,2026-02-03,Tuesday,Wednesday,25347.45,25355.25,25341.45,25342.75,0,25346.725,25200,25450,163.7,205.5,369.2,1.4565984362871338
2026-01-28 09:32:00+05:30,2026-02-03,Tuesday,Wednesday,25342.5,25348.4,25330.75,25331.35,0,25338.25,25200,25450,168.45,198.45,366.9,1.4480084457292828
2026-01-28 09:33:00+05:30,2026-02-03,Tuesday,Wednesday,25331.95,25339.0,25331.15,25337.1,0,25334.800000000003,25200,25450,164.6,202.65,367.25,1.449587129166206
2026-01-28 09:34:00+05:30,2026-02-03,Tuesday,Wednesday,25336.95,25336.95,25308.7,25309.3,0,25322.975000000002,25200,25450,175.2,188.65,363.85,1.4368374963842123
2026-01-28 09:35:00+05:30,2026-02-03,Tuesday,Wednesday,25310.3,25315.85,25301.7,25313.1,0,25310.237499999996,25200,25450,173.4,190.55,363.95000000000005,1.4379556888788583
2026-01-28 09:36:00+05:30,2026-02-03,Tuesday,Wednesday,25312.65,25319.1,25306.55,25306.55,0,25311.2125,25200,25450,175.65,190.15,365.8,1.4452093118810487
2026-01-28 09:37:00+05:30,2026-02-03,Tuesday,Wednesday,25308.0,25317.2,25299.05,25299.05,0,25305.825,25200,25450,180.7,182.1,362.79999999999995,1.4336620125998656
2026-01-28 09:38:00+05:30,2026-02-03,Tuesday,Wednesday,25298.95,25301.05,25288.3,25288.9,0,25294.300000000003,25150,25400,166.05,199.95,366.0,1.446966312568444
2026-01-28 09:39:00+05:30,2026-02-03,Tuesday,Wednesday,25286.5,25311.5,25286.5,25311.1,0,25298.9,25150,25450,154.5,189.1,343.6,1.3581618173122152
2026-01-28 09:40:00+05:30,2026-02-03,Tuesday,Wednesday,25311.4,25319.85,25308.2,25313.6,0,25313.262499999997,25200,25450,173.25,190.45,363.7,1.4367962249038424
2026-01-28 09:41:00+05:30,2026-02-03,Tuesday,Wednesday,25312.85,25316.8,25302.6,25315.3,0,25311.8875,25200,25450,171.0,192.2,363.2,1.4348989185417325
2026-01-28 09:42:00+05:30,2026-02-03,Tuesday,Wednesday,25316.65,25319.65,25302.5,25306.15,0,25311.237500000003,25200,25450,176.5,187.1,363.6,1.4365160929014238
2026-01-28 09:43:00+05:30,2026-02-03,Tuesday,Wednesday,25306.25,25306.75,25290.3,25291.95,0,25298.8125,25150,25450,161.9,180.8,342.70000000000005,1.3546090355031488
2026-01-28 09:44:00+05:30,2026-02-03,Tuesday,Wednesday,25293.4,25306.0,25289.0,25293.0,0,25295.35,25150,25400,161.0,200.25,361.25,1.4281280946893402
2026-01-28 09:45:00+05:30,2026-02-03,Tuesday,Wednesday,25292.95,25299.6,25284.1,25284.8,0,25290.3625,25150,25400,161.65,197.65,359.3,1.420699288118152
2026-01-28 09:46:00+05:30,2026-02-03,Tuesday,Wednesday,25285.1,25289.55,25281.05,25284.85,0,25285.137499999997,25150,25400,162.2,195.4,357.6,1.4142695486627275
2026-01-28 09:47:00+05:30,2026-02-03,Tuesday,Wednesday,25284.95,25287.65,25278.1,25280.55,0,25282.812500000004,25150,25400,162.25,194.2,356.45,1.4098510598850502
2026-01-28 09:48:00+05:30,2026-02-03,Tuesday,Wednesday,25281.0,25297.8,25279.8,25292.0,0,25287.65,25150,25400,158.45,200.4,358.85,1.4190721557756454
2026-01-28 09:49:00+05:30,2026-02-03,Tuesday,Wednesday,25291.25,25292.7,25279.75,25292.7,0,25289.1,25150,25400,155.75,203.65,359.4,1.4211656405328776
2026-01-28 09:50:00+05:30,2026-02-03,Tuesday,Wednesday,25292.65,25300.6,25279.85,25284.8,0,25289.475000000002,25150,25400,158.2,197.95,356.15,1.4082933710565362
2026-01-28 09:51:00+05:30,2026-02-03,Tuesday,Wednesday,25287.0,25296.8,25278.95,25285.05,0,25286.95,25150,25400,161.7,192.75,354.45,1.4017111593134008
2026-01-28 09:52:00+05:30,2026-02-03,Tuesday,Wednesday,25285.2,25292.6,25278.55,25282.1,0,25284.612500000003,25150,25400,161.6,192.35,353.95,1.3998632567534897
2026-01-28 09:53:00+05:30,2026-02-03,Tuesday,Wednesday,25282.45,25301.85,25279.45,25301.75,0,25291.375,25150,25400,154.8,203.1,357.9,1.4151069287454714
2026-01-28 09:54:00+05:30,2026-02-03,Tuesday,Wednesday,25301.5,25302.9,25286.9,25288.4,0,25294.925000000003,25150,25400,160.15,195.0,355.15,1.4040365804603094
2026-01-28 09:55:00+05:30,2026-02-03,Tuesday,Wednesday,25288.4,25292.15,25287.0,25289.2,0,25289.1875,25150,25400,158.6,196.65,355.25,1.4047505480355982
2026-01-28 09:56:00+05:30,2026-02-03,Tuesday,Wednesday,25289.1,25290.4,25272.85,25274.4,0,25281.6875,25150,25400,163.25,189.85,353.1,1.396663098537232
2026-01-28 09:57:00+05:30,2026-02-03,Tuesday,Wednesday,25274.35,25282.75,25272.7,25280.05,0,25277.4625,25150,25400,162.6,193.35,355.95,1.4081714096104383
2026-01-28 09:58:00+05:30,2026-02-03,Tuesday,Wednesday,25280.0,25297.75,25277.5,25294.95,0,25287.55,25150,25400,157.65,200.05,357.70000000000005,1.4145300750764707
2026-01-28 09:59:00+05:30,2026-02-03,Tuesday,Wednesday,25294.7,25304.65,25294.05,25303.7,0,25299.275,25150,25450,150.3,183.1,333.4,1.3178243250053607
2026-01-28 10:00:00+05:30,2026-02-03,Tuesday,Wednesday,25304.7,25316.4,25303.8,25304.45,0,25307.3375,25200,25450,170.2,178.9,349.1,1.3794418318402717
2026-01-28 10:01:00+05:30,2026-02-03,Tuesday,Wednesday,25304.05,25308.2,25295.8,25298.15,0,25301.550000000003,25200,25450,171.6,178.65,350.25,1.3843025427295954
2026-01-28 10:02:00+05:30,2026-02-03,Tuesday,Wednesday,25299.0,25300.5,25284.95,25295.1,0,25294.887499999997,25150,25400,155.5,198.0,353.5,1.397515604684939
2026-01-28 10:03:00+05:30,2026-02-03,Tuesday,Wednesday,25296.2,25299.0,25281.7,25282.8,0,25289.925,25150,25400,160.4,192.05,352.45000000000005,1.3936379803419743
2026-01-28 10:04:00+05:30,2026-02-03,Tuesday,Wednesday,25283.95,25295.6,25283.95,25289.8,0,25288.325,25150,25400,158.75,195.1,353.85,1.3992623078040956
2026-01-28 10:05:00+05:30,2026-02-03,Tuesday,Wednesday,25290.25,25295.65,25289.85,25293.3,0,25292.2625,25150,25400,159.45,193.2,352.65,1.3942999365912796
2026-01-28 10:06:00+05:30,2026-02-03,Tuesday,Wednesday,25292.45,25292.65,25277.95,25282.35,0,25286.35,25150,25400,161.95,189.6,351.54999999999995,1.390275781202111
2026-01-28 10:07:00+05:30,2026-02-03,Tuesday,Wednesday,25283.05,25284.4,25272.55,25276.05,0,25279.0125,25150,25400,165.35,186.25,351.6,1.3908771159474684
2026-01-28 10:08:00+05:30,2026-02-03,Tuesday,Wednesday,25276.65,25277.0,25244.45,25247.25,0,25261.3375,25150,25400,178.9,174.9,353.8,1.4005592538399838
2026-01-28 10:09:00+05:30,2026-02-03,Tuesday,Wednesday,25247.0,25261.95,25246.25,25252.1,0,25251.824999999997,25150,25400,176.4,177.45,353.85,1.4012848576291024
2026-01-28 10:10:00+05:30,2026-02-03,Tuesday,Wednesday,25252.85,25263.6,25247.2,25258.2,0,25255.462499999998,25150,25400,176.7,178.4,355.1,1.4060324573347251
2026-01-28 10:11:00+05:30,2026-02-03,Tuesday,Wednesday,25258.1,25265.1,25246.6,25250.35,0,25255.0375,25150,25400,180.55,176.55,357.1,1.413975330664229
2026-01-28 10:12:00+05:30,2026-02-03,Tuesday,Wednesday,25250.4,25251.0,25240.4,25241.15,0,25245.737500000003,25100,25350,167.55,195.9,363.45000000000005,1.4396489704450108
2026-01-28 10:13:00+05:30,2026-02-03,Tuesday,Wednesday,25241.4,25250.55,25232.7,25240.6,0,25241.3125,25100,25350,165.55,194.85,360.4,1.427817986881625
2026-01-28 10:14:00+05:30,2026-02-03,Tuesday,Wednesday,25239.4,25253.45,25236.8,25248.1,0,25244.4375,25100,25350,162.2,199.55,361.75,1.4329889505361328
2026-01-28 10:15:00+05:30,2026-02-03,Tuesday,Wednesday,25248.3,25257.7,25246.55,25256.4,0,25252.237500000003,25150,25400,177.6,178.6,356.2,1.4105680734231965
2026-01-28 10:16:00+05:30,2026-02-03,Tuesday,Wednesday,25255.25,25257.8,25250.45,25251.7,0,25253.8,25150,25400,180.4,176.45,356.85,1.413054669000309
2026-01-28 10:17:00+05:30,2026-02-03,Tuesday,Wednesday,25250.2,25251.85,25243.45,25248.45,0,25248.4875,25100,25350,163.05,198.8,361.85,1.4331551543434038
2026-01-28 10:18:00+05:30,2026-02-03,Tuesday,Wednesday,25249.65,25249.7,25235.6,25244.35,0,25244.825000000004,25100,25350,164.5,195.35,359.85,1.425440659620338
2026-01-28 10:19:00+05:30,2026-02-03,Tuesday,Wednesday,25245.05,25260.4,25244.55,25260.4,0,25252.6,25150,25400,175.75,178.3,354.05,1.4020338499798042
2026-01-28 10:20:00+05:30,2026-02-03,Tuesday,Wednesday,25260.35,25269.65,25259.8,25262.65,0,25263.112500000003,25150,25400,175.95,178.45,354.4,1.4028358540540082
2026-01-28 10:21:00+05:30,2026-02-03,Tuesday,Wednesday,25262.3,25263.5,25254.25,25260.65,0,25260.175000000003,25150,25400,174.75,177.2,351.95,1.3932999276529159
2026-01-28 10:22:00+05:30,2026-02-03,Tuesday,Wednesday,25261.1,25265.25,25254.8,25260.05,0,25260.3,25150,25400,173.7,176.95,350.65,1.3881466174194288
2026-01-28 10:23:00+05:30,2026-02-03,Tuesday,Wednesday,25259.85,25276.6,25259.85,25276.1,0,25268.1,25150,25400,165.3,184.1,349.4,1.382771162058089
2026-01-28 10:24:00+05:30,2026-02-03,Tuesday,Wednesday,25276.65,25278.1,25271.2,25274.85,0,25275.199999999997,25150,25400,166.85,183.2,350.04999999999995,1.384954421725644
2026-01-28 10:25:00+05:30,2026-02-03,Tuesday,Wednesday,25275.35,25281.6,25270.5,25275.0,0,25275.6125,25150,25400,167.55,182.85,350.4,1.3863165531596908
2026-01-28 10:26:00+05:30,2026-02-03,Tuesday,Wednesday,25274.05,25279.1,25269.25,25274.8,0,25274.3,25150,25400,167.8,182.7,350.5,1.386784203716819
2026-01-28 10:27:00+05:30,2026-02-03,Tuesday,Wednesday,25274.7,25276.85,25266.35,25266.35,0,25271.0625,25150,25400,172.2,178.6,350.79999999999995,1.3881489945268424
2026-01-28 10:28:00+05:30,2026-02-03,Tuesday,Wednesday,25266.75,25267.9,25261.95,25262.0,0,25264.65,25150,25400,174.7,176.1,350.79999999999995,1.3885013249738267
2026-01-28 10:29:00+05:30,2026-02-03,Tuesday,Wednesday,25262.1,25262.65,25246.5,25246.5,0,25254.4375,25150,25400,182.55,168.65,351.20000000000005,1.3906466932791517
2026-01-28 10:30:00+05:30,2026-02-03,Tuesday,Wednesday,25246.85,25251.9,25239.05,25240.05,0,25244.4625,25100,25350,166.15,189.15,355.3,1.4074373736418433
2026-01-28 10:31:00+05:30,2026-02-03,Tuesday,Wednesday,25240.5,25248.95,25236.6,25244.2,0,25242.562499999996,25100,25350,163.2,192.05,355.25,1.4073452328780014
2026-01-28 10:32:00+05:30,2026-02-03,Tuesday,Wednesday,25244.4,25245.05,25234.05,25240.7,0,25241.05,25100,25350,164.3,190.4,354.70000000000005,1.4052505739658219
2026-01-28 10:33:00+05:30,2026-02-03,Tuesday,Wednesday,25240.4,25253.7,25240.4,25247.7,0,25245.55,25100,25350,161.7,192.0,353.7,1.4010389949911966
2026-01-28 10:34:00+05:30,2026-02-03,Tuesday,Wednesday,25247.05,25260.7,25247.05,25259.0,0,25253.45,25150,25400,174.1,175.95,350.04999999999995,1.3861472392880971
2026-01-28 10:35:00+05:30,2026-02-03,Tuesday,Wednesday,25259.3,25272.45,25256.15,25267.2,0,25263.774999999998,25150,25400,171.4,178.4,349.8,1.384591178475901
2026-01-28 10:36:00+05:30,2026-02-03,Tuesday,Wednesday,25266.9,25275.15,25260.65,25265.5,0,25267.050000000003,25150,25400,170.6,178.35,348.95,1.3810476490132404
2026-01-28 10:37:00+05:30,2026-02-03,Tuesday,Wednesday,25266.05,25281.75,25266.05,25281.65,0,25273.875,25150,25400,164.35,186.0,350.35,1.386214025352266
2026-01-28 10:38:00+05:30,2026-02-03,Tuesday,Wednesday,25281.95,25292.8,25281.7,25289.05,0,25286.375,25150,25400,161.4,188.55,349.95000000000005,1.3839468883934531
2026-01-28 10:39:00+05:30,2026-02-03,Tuesday,Wednesday,25288.6,25302.2,25287.65,25301.6,0,25295.012500000004,25150,25400,153.75,196.1,349.85,1.3830789765373708
2026-01-28 10:40:00+05:30,2026-02-03,Tuesday,Wednesday,25301.85,25301.85,25291.4,25292.1,0,25296.800000000003,25150,25400,158.4,191.8,350.20000000000005,1.3843648208469057
2026-01-28 10:41:00+05:30,2026-02-03,Tuesday,Wednesday,25292.2,25296.2,25292.05,25294.15,0,25293.65,25150,25400,157.1,193.75,350.85,1.3871070406999384
2026-01-28 10:42:00+05:30,2026-02-03,Tuesday,Wednesday,25294.2,25294.2,25284.1,25284.1,0,25289.15,25150,25400,161.2,187.45,348.65,1.3786544822582014
2026-01-28 10:43:00+05:30,2026-02-03,Tuesday,Wednesday,25284.2,25288.95,25282.7,25284.25,0,25285.025,25150,25400,160.35,188.85,349.2,1.3810545965447927
2026-01-28 10:44:00+05:30,2026-02-03,Tuesday,Wednesday,25284.15,25285.3,25279.8,25281.7,0,25282.7375,25150,25400,160.25,187.9,348.15,1.3770265185880288
2026-01-28 10:45:00+05:30,2026-02-03,Tuesday,Wednesday,25282.2,25285.8,25271.7,25274.05,0,25278.4375,25150,25400,164.05,183.6,347.65,1.3752827879492155
2026-01-28 10:46:00+05:30,2026-02-03,Tuesday,Wednesday,25274.6,25283.65,25271.45,25282.3,0,25278.0,25150,25400,159.6,187.5,347.1,1.373130785663423
2026-01-28 10:47:00+05:30,2026-02-03,Tuesday,Wednesday,25282.85,25285.4,25276.85,25280.25,0,25281.3375,25150,25400,163.15,184.9,348.05,1.376707225240753
2026-01-28 10:48:00+05:30,2026-02-03,Tuesday,Wednesday,25280.8,25280.8,25267.35,25267.75,0,25274.175,25150,25400,167.65,179.35,347.0,1.372942934833679
2026-01-28 10:49:00+05:30,2026-02-03,Tuesday,Wednesday,25268.05,25281.65,25267.55,25281.15,0,25274.6,25150,25400,162.8,185.65,348.45000000000005,1.3786568333425655
2026-01-28 10:50:00+05:30,2026-02-03,Tuesday,Wednesday,25280.8,25291.1,25280.6,25289.95,0,25285.6125,25150,25400,157.45,192.6,350.04999999999995,1.3843841038060676
2026-01-28 10:51:00+05:30,2026-02-03,Tuesday,Wednesday,25290.6,25298.55,25287.45,25288.8,0,25291.35,25150,25400,159.3,190.8,350.1,1.3842677437147484
2026-01-28 10:52:00+05:30,2026-02-03,Tuesday,Wednesday,25289.5,25294.4,25289.15,25292.35,0,25291.35,25150,25400,159.8,190.4,350.20000000000005,1.3846631358152097
2026-01-28 10:53:00+05:30,2026-02-03,Tuesday,Wednesday,25292.15,25296.15,25292.15,25293.7,0,25293.537500000002,25150,25400,158.7,191.1,349.79999999999995,1.3829619522377996
2026-01-28 10:54:00+05:30,2026-02-03,Tuesday,Wednesday,25294.05,25298.6,25293.8,25296.3,0,25295.6875,25150,25400,157.45,193.0,350.45,1.3854140157289656
2026-01-28 10:55:00+05:30,2026-02-03,Tuesday,Wednesday,25296.15,25298.1,25288.1,25288.7,0,25292.7625,25150,25400,160.4,187.1,347.5,1.3739108173731518
2026-01-28 10:56:00+05:30,2026-02-03,Tuesday,Wednesday,25287.95,25294.9,25286.7,25294.9,0,25291.112500000003,25150,25400,155.5,192.7,348.2,1.3767682224338686
2026-01-28 10:57:00+05:30,2026-02-03,Tuesday,Wednesday,25295.25,25305.65,25294.05,25304.8,0,25299.9375,25150,25450,150.5,175.7,326.2,1.2893312483479455
2026-01-28 10:58:00+05:30,2026-02-03,Tuesday,Wednesday,25304.95,25307.35,25301.25,25301.3,0,25303.7125,25200,25450,170.75,172.6,343.35,1.3569155119036387
2026-01-28 10:59:00+05:30,2026-02-03,Tuesday,Wednesday,25301.2,25303.15,25294.4,25298.75,0,25299.375,25150,25450,154.9,170.4,325.3,1.2858025148842611
2026-01-28 11:00:00+05:30,2026-02-03,Tuesday,Wednesday,25299.85,25303.95,25294.6,25294.75,0,25298.2875,25150,25400,157.2,190.75,347.95,1.3753895397069862
2026-01-28 11:01:00+05:30,2026-02-03,Tuesday,Wednesday,25294.65,25298.25,25290.0,25290.6,0,25293.375,25150,25400,158.35,187.05,345.4,1.3655749776374249
2026-01-28 11:02:00+05:30,2026-02-03,Tuesday,Wednesday,25291.15,25297.95,25288.85,25297.1,0,25293.762500000004,25150,25400,156.05,190.95,347.0,1.371879727264775
2026-01-28 11:03:00+05:30,2026-02-03,Tuesday,Wednesday,25297.55,25311.65,25293.35,25311.65,0,25303.549999999996,25200,25450,167.35,174.9,342.25,1.352577009945245
2026-01-28 11:04:00+05:30,2026-02-03,Tuesday,Wednesday,25311.45,25322.45,25311.15,25321.1,0,25316.5375,25200,25450,162.0,181.2,343.2,1.3556356196024042
2026-01-28 11:05:00+05:30,2026-02-03,Tuesday,Wednesday,25321.0,25328.35,25321.0,25326.5,0,25324.2125,25200,25450,160.8,183.3,344.1,1.3587786787052116
2026-01-28 11:06:00+05:30,2026-02-03,Tuesday,Wednesday,25328.05,25330.6,25323.75,25325.25,0,25326.9125,25200,25450,159.4,183.2,342.6,1.3527112710639326
2026-01-28 11:07:00+05:30,2026-02-03,Tuesday,Wednesday,25325.25,25325.5,25314.45,25323.85,0,25322.262499999997,25200,25450,161.45,181.9,343.35,1.3559214939818276
2026-01-28 11:08:00+05:30,2026-02-03,Tuesday,Wednesday,25323.15,25329.3,25322.6,25326.95,0,25325.499999999996,25200,25450,159.9,183.3,343.20000000000005,1.355155870565241
2026-01-28 11:09:00+05:30,2026-02-03,Tuesday,Wednesday,25327.5,25328.7,25318.35,25321.15,0,25323.924999999996,25200,25450,162.5,179.5,342.0,1.3505015513985297
2026-01-28 11:10:00+05:30,2026-02-03,Tuesday,Wednesday,25320.6,25324.0,25320.6,25323.5,0,25322.175,25200,25450,160.7,181.0,341.7,1.3494101513791765
2026-01-28 11:11:00+05:30,2026-02-03,Tuesday,Wednesday,25323.35,25324.4,25312.9,25313.5,0,25318.5375,25200,25450,162.6,177.0,339.6,1.3413097024265324
2026-01-28 11:12:00+05:30,2026-02-03,Tuesday,Wednesday,25315.05,25323.25,25315.05,25317.45,0,25317.7,25200,25450,162.3,177.45,339.75,1.3419465433273954
2026-01-28 11:13:00+05:30,2026-02-03,Tuesday,Wednesday,25317.7,25324.65,25316.8,25323.25,0,25320.600000000002,25200,25450,158.55,181.45,340.0,1.342780186883407
2026-01-28 11:14:00+05:30,2026-02-03,Tuesday,Wednesday,25323.9,25326.7,25322.35,25325.6,0,25324.637500000004,25200,25450,157.2,182.2,339.4,1.340196873499176
2026-01-28 11:15:00+05:30,2026-02-03,Tuesday,Wednesday,25325.35,25327.15,25322.5,25325.55,0,25325.1375,25200,25450,156.45,182.7,339.15,1.3391832522133393
2026-01-28 11:16:00+05:30,2026-02-03,Tuesday,Wednesday,25324.7,25328.6,25324.05,25324.95,0,25325.575,25200,25450,157.45,180.85,338.29999999999995,1.3358038267640515
2026-01-28 11:17:00+05:30,2026-02-03,Tuesday,Wednesday,25324.45,25326.0,25316.1,25316.1,0,25320.6625,25200,25450,158.8,178.5,337.3,1.332113644340862
2026-01-28 11:18:00+05:30,2026-02-03,Tuesday,Wednesday,25314.05,25320.3,25313.3,25314.05,0,25315.425,25200,25450,158.8,179.95,338.75,1.3381169780874704
2026-01-28 11:19:00+05:30,2026-02-03,Tuesday,Wednesday,25313.7,25327.95,25313.7,25322.55,0,25319.475000000002,25200,25450,155.75,184.55,340.3,1.344024708253232
2026-01-28 11:20:00+05:30,2026-02-03,Tuesday,Wednesday,25322.5,25323.55,25318.95,25322.55,0,25321.8875,25200,25450,154.0,185.8,339.8,1.3419220822302447
2026-01-28 11:21:00+05:30,2026-02-03,Tuesday,Wednesday,25322.9,25329.8,25322.9,25324.35,0,25324.987500000003,25200,25450,154.55,184.8,339.35,1.3399809180557343
2026-01-28 11:22:00+05:30,2026-02-03,Tuesday,Wednesday,25323.5,25328.55,25323.4,25325.45,0,25325.225000000002,25200,25450,153.35,186.0,339.35,1.3399683517125711
2026-01-28 11:23:00+05:30,2026-02-03,Tuesday,Wednesday,25325.15,25334.25,25324.5,25332.0,0,25328.975,25200,25450,152.25,185.85,338.1,1.3348349074528283
2026-01-28 11:24:00+05:30,2026-02-03,Tuesday,Wednesday,25332.0,25339.15,25329.25,25337.9,0,25334.574999999997,25200,25450,149.9,187.75,337.65,1.3327636244144614
2026-01-28 11:25:00+05:30,2026-02-03,Tuesday,Wednesday,25337.2,25340.25,25330.7,25335.2,0,25335.837499999998,25200,25450,149.75,187.0,336.75,1.3291449315618638
2026-01-28 11:26:00+05:30,2026-02-03,Tuesday,Wednesday,25334.75,25339.45,25333.4,25335.35,0,25335.737500000003,25200,25450,150.7,186.65,337.35,1.331518373996415
2026-01-28 11:27:00+05:30,2026-02-03,Tuesday,Wednesday,25335.05,25341.8,25334.6,25340.1,0,25337.887499999997,25200,25450,148.75,188.5,337.25,1.3310107245523133
2026-01-28 11:28:00+05:30,2026-02-03,Tuesday,Wednesday,25340.85,25351.05,25339.0,25339.0,0,25342.475,25200,25450,147.25,190.0,337.25,1.3307697847191327
2026-01-28 11:29:00+05:30,2026-02-03,Tuesday,Wednesday,25339.0,25340.45,25335.35,25336.95,0,25337.937499999996,25200,25450,148.95,188.25,337.2,1.330810765477656
2026-01-28 11:30:00+05:30,2026-02-03,Tuesday,Wednesday,25337.4,25342.15,25337.15,25337.15,0,25338.4625,25200,25450,148.45,188.35,336.79999999999995,1.3292045640101482
2026-01-28 11:31:00+05:30,2026-02-03,Tuesday,Wednesday,25336.75,25337.55,25330.95,25333.45,0,25334.675,25200,25450,148.7,188.2,336.9,1.3297979942509623
2026-01-28 11:32:00+05:30,2026-02-03,Tuesday,Wednesday,25333.95,25342.3,25333.95,25340.75,0,25337.7375,25200,25450,145.8,192.1,337.9,1.3335839476590994
2026-01-28 11:33:00+05:30,2026-02-03,Tuesday,Wednesday,25340.95,25343.95,25334.3,25335.8,0,25338.75,25200,25450,147.4,190.65,338.05,1.3341226382516895
2026-01-28 11:34:00+05:30,2026-02-03,Tuesday,Wednesday,25335.55,25341.55,25335.55,25337.8,0,25337.6125,25200,25450,147.0,190.2,337.2,1.3308278354955505
2026-01-28 11:35:00+05:30,2026-02-03,Tuesday,Wednesday,25337.4,25338.1,25327.7,25328.8,0,25333.0,25200,25450,149.25,186.6,335.85,1.3257411281727391
2026-01-28 11:36:00+05:30,2026-02-03,Tuesday,Wednesday,25329.55,25332.8,25325.5,25327.45,0,25328.825,25200,25450,150.8,184.0,334.8,1.3218141781152501
2026-01-28 11:37:00+05:30,2026-02-03,Tuesday,Wednesday,25327.5,25327.65,25316.3,25318.2,0,25322.4125,25200,25450,154.35,179.65,334.0,1.3189896499790454
2026-01-28 11:38:00+05:30,2026-02-03,Tuesday,Wednesday,25317.5,25317.9,25304.4,25305.85,0,25311.4125,25200,25450,157.35,173.75,331.1,1.3081055828077555
2026-01-28 11:39:00+05:30,2026-02-03,Tuesday,Wednesday,25306.4,25311.8,25301.1,25309.4,0,25307.174999999996,25200,25450,157.9,174.7,332.6,1.3142517882774354
2026-01-28 11:40:00+05:30,2026-02-03,Tuesday,Wednesday,25310.55,25310.55,25300.2,25300.6,0,25305.475,25200,25450,160.0,171.6,331.6,1.3103883645732792
2026-01-28 11:41:00+05:30,2026-02-03,Tuesday,Wednesday,25300.2,25306.15,25300.2,25306.05,0,25303.15,25200,25450,157.75,172.85,330.6,1.3065566935342043
2026-01-28 11:42:00+05:30,2026-02-03,Tuesday,Wednesday,25305.55,25306.8,25294.85,25295.4,0,25300.65,25150,25450,145.25,166.9,312.15,1.2337627689407187
2026-01-28 11:43:00+05:30,2026-02-03,Tuesday,Wednesday,25295.55,25296.05,25292.6,25294.25,0,25294.6125,25150,25400,144.3,190.25,334.55,1.3226136593316067
2026-01-28 11:44:00+05:30,2026-02-03,Tuesday,Wednesday,25294.25,25298.35,25292.3,25292.5,0,25294.35,25150,25400,146.7,187.75,334.45,1.3222320399614933
2026-01-28 11:45:00+05:30,2026-02-03,Tuesday,Wednesday,25292.8,25307.5,25290.65,25307.1,0,25299.512500000004,25150,25450,140.25,170.95,311.2,1.2300632275029013
2026-01-28 11:46:00+05:30,2026-02-03,Tuesday,Wednesday,25307.05,25308.5,25301.1,25302.55,0,25304.8,25200,25450,160.0,167.8,327.8,1.2954064051089123
2026-01-28 11:47:00+05:30,2026-02-03,Tuesday,Wednesday,25302.4,25312.15,25301.65,25311.3,0,25306.875000000004,25200,25450,154.1,172.4,326.5,1.290163246153466
2026-01-28 11:48:00+05:30,2026-02-03,Tuesday,Wednesday,25311.85,25320.5,25311.85,25313.95,0,25314.5375,25200,25450,154.4,174.55,328.95000000000005,1.299450957774757
2026-01-28 11:49:00+05:30,2026-02-03,Tuesday,Wednesday,25313.5,25320.95,25313.5,25316.5,0,25316.1125,25200,25450,153.4,174.85,328.25,1.2966050771025766
2026-01-28 11:50:00+05:30,2026-02-03,Tuesday,Wednesday,25317.1,25318.2,25309.15,25309.25,0,25313.425000000003,25200,25450,157.1,170.1,327.2,1.2925947397477817
2026-01-28 11:51:00+05:30,2026-02-03,Tuesday,Wednesday,25309.0,25319.75,25309.0,25318.95,0,25314.175,25200,25450,153.4,175.25,328.65,1.2982844592012182
2026-01-28 11:52:00+05:30,2026-02-03,Tuesday,Wednesday,25318.6,25321.45,25317.6,25321.15,0,25319.699999999997,25200,25450,151.45,176.8,328.25,1.2964213636022546
2026-01-28 11:53:00+05:30,2026-02-03,Tuesday,Wednesday,25321.3,25321.9,25309.7,25312.85,0,25316.4375,25200,25450,154.25,172.35,326.6,1.290070927238479
2026-01-28 11:54:00+05:30,2026-02-03,Tuesday,Wednesday,25313.0,25316.8,25311.65,25314.6,0,25314.012500000004,25200,25450,154.3,170.9,325.20000000000005,1.2846639781030367
2026-01-28 11:55:00+05:30,2026-02-03,Tuesday,Wednesday,25314.15,25316.3,25310.2,25314.25,0,25313.725,25200,25450,152.6,171.85,324.45,1.2817157490649835
2026-01-28 11:56:00+05:30,2026-02-03,Tuesday,Wednesday,25314.9,25320.25,25314.05,25316.75,0,25316.4875,25200,25450,153.2,171.65,324.85,1.2831558880354157
2026-01-28 11:57:00+05:30,2026-02-03,Tuesday,Wednesday,25317.25,25320.25,25316.35,25316.8,0,25317.662500000002,25200,25450,152.7,171.2,323.9,1.279344015269972
2026-01-28 11:58:00+05:30,2026-02-03,Tuesday,Wednesday,25315.95,25316.95,25312.6,25316.45,0,25315.4875,25200,25450,150.8,172.65,323.45000000000005,1.2776763631354129
2026-01-28 11:59:00+05:30,2026-02-03,Tuesday,Wednesday,25316.5,25322.45,25316.25,25321.8,0,25319.25,25200,25450,149.4,173.75,323.15,1.2763016282077866
2026-01-28 12:00:00+05:30,2026-02-03,Tuesday,Wednesday,25320.85,25325.85,25318.9,25325.7,0,25322.825,25200,25450,147.1,175.5,322.6,1.273949490232626
2026-01-28 12:01:00+05:30,2026-02-03,Tuesday,Wednesday,25325.8,25329.25,25320.95,25321.15,0,25324.2875,25200,25450,148.65,174.0,322.65,1.2740733574439163
2026-01-28 12:02:00+05:30,2026-02-03,Tuesday,Wednesday,25321.1,25327.75,25321.1,25326.2,0,25324.0375,25200,25450,147.8,175.5,323.3,1.2766526664636317
2026-01-28 12:03:00+05:30,2026-02-03,Tuesday,Wednesday,25326.6,25328.1,25321.95,25328.1,0,25326.1875,25200,25450,147.1,176.35,323.45,1.2771365607239542
2026-01-28 12:04:00+05:30,2026-02-03,Tuesday,Wednesday,25328.6,25332.25,25327.7,25328.75,0,25329.325,25200,25450,146.7,176.2,322.9,1.2748069678129992
2026-01-28 12:05:00+05:30,2026-02-03,Tuesday,Wednesday,25329.15,25331.1,25327.1,25329.6,0,25329.237500000003,25200,25450,146.15,176.55,322.70000000000005,1.2740217702960859
2026-01-28 12:06:00+05:30,2026-02-03,Tuesday,Wednesday,25329.65,25335.85,25329.65,25335.35,0,25332.625,25200,25450,143.1,180.4,323.5,1.2770093900651827
2026-01-28 12:07:00+05:30,2026-02-03,Tuesday,Wednesday,25335.4,25339.5,25332.5,25334.75,0,25335.5375,25200,25450,143.7,180.1,323.79999999999995,1.278046696266065
2026-01-28 12:08:00+05:30,2026-02-03,Tuesday,Wednesday,25334.7,25336.55,25327.9,25328.15,0,25331.824999999997,25200,25450,146.85,176.0,322.85,1.274483776830134
2026-01-28 12:09:00+05:30,2026-02-03,Tuesday,Wednesday,25328.45,25328.8,25316.45,25317.5,0,25322.8,25200,25450,150.75,171.0,321.75,1.2705940891212664
2026-01-28 12:10:00+05:30,2026-02-03,Tuesday,Wednesday,25317.55,25318.65,25306.95,25311.0,0,25313.5375,25200,25450,151.9,169.7,321.6,1.2704664450790413
2026-01-28 12:11:00+05:30,2026-02-03,Tuesday,Wednesday,25311.9,25319.35,25310.5,25317.1,0,25314.7125,25200,25450,150.45,170.0,320.45,1.2658646626936805
2026-01-28 12:12:00+05:30,2026-02-03,Tuesday,Wednesday,25317.3,25319.05,25310.2,25314.55,0,25315.275,25200,25450,151.85,169.2,321.04999999999995,1.268206645987452
2026-01-28 12:13:00+05:30,2026-02-03,Tuesday,Wednesday,25314.3,25314.95,25309.95,25311.8,0,25312.75,25200,25450,152.6,167.55,320.15,1.2647776318258583
2026-01-28 12:14:00+05:30,2026-02-03,Tuesday,Wednesday,25311.55,25314.7,25310.2,25313.8,0,25312.5625,25200,25450,152.3,167.6,319.9,1.2637993486435835
2026-01-28 12:15:00+05:30,2026-02-03,Tuesday,Wednesday,25313.8,25318.05,25310.6,25312.55,0,25313.75,25200,25450,152.35,167.5,319.85,1.263542541109081
2026-01-28 12:16:00+05:30,2026-02-03,Tuesday,Wednesday,25313.0,25314.5,25311.35,25314.25,0,25313.275,25200,25450,151.8,167.9,319.70000000000005,1.262973676855326
2026-01-28 12:17:00+05:30,2026-02-03,Tuesday,Wednesday,25314.7,25316.65,25308.1,25309.05,0,25312.125000000004,25200,25450,154.25,164.25,318.5,1.2582902462752532
2026-01-28 12:18:00+05:30,2026-02-03,Tuesday,Wednesday,25309.0,25310.0,25304.25,25305.15,0,25307.1,25200,25450,157.0,161.25,318.25,1.257552228426015
2026-01-28 12:19:00+05:30,2026-02-03,Tuesday,Wednesday,25305.1,25306.8,25299.95,25302.0,0,25303.462499999998,25200,25450,158.2,160.3,318.5,1.2587210149599093
2026-01-28 12:20:00+05:30,2026-02-03,Tuesday,Wednesday,25302.5,25304.3,25300.2,25303.0,0,25302.5,25200,25450,157.7,161.1,318.79999999999995,1.2599545499456573
2026-01-28 12:21:00+05:30,2026-02-03,Tuesday,Wednesday,25302.75,25306.9,25302.0,25306.4,0,25304.512499999997,25200,25450,155.9,161.6,317.5,1.25471692054925
2026-01-28 12:22:00+05:30,2026-02-03,Tuesday,Wednesday,25306.4,25309.95,25295.8,25296.05,0,25302.050000000003,25200,25450,161.0,155.7,316.7,1.2516772356390093
2026-01-28 12:23:00+05:30,2026-02-03,Tuesday,Wednesday,25295.95,25295.95,25291.45,25293.4,0,25294.1875,25150,25400,144.35,178.65,323.0,1.2769732176611723
2026-01-28 12:24:00+05:30,2026-02-03,Tuesday,Wednesday,25293.15,25294.65,25286.05,25286.1,0,25289.987500000003,25150,25400,147.95,174.8,322.75,1.2761967557318878
2026-01-28 12:25:00+05:30,2026-02-03,Tuesday,Wednesday,25286.6,25286.75,25277.15,25279.05,0,25282.3875,25150,25400,149.85,173.15,323.0,1.2775692169103887
2026-01-28 12:26:00+05:30,2026-02-03,Tuesday,Wednesday,25277.6,25290.2,25277.6,25285.95,0,25282.837499999998,25150,25400,145.75,175.85,321.6,1.2720091247669494
2026-01-28 12:27:00+05:30,2026-02-03,Tuesday,Wednesday,25286.1,25287.75,25284.0,25286.15,0,25286.0,25150,25400,147.7,174.75,322.45,1.2752115795301748
2026-01-28 12:28:00+05:30,2026-02-03,Tuesday,Wednesday,25285.95,25286.9,25274.05,25274.25,0,25280.287500000002,25150,25400,152.7,170.35,323.04999999999995,1.2778731254539724
2026-01-28 12:29:00+05:30,2026-02-03,Tuesday,Wednesday,25274.5,25275.75,25269.0,25271.8,0,25272.7625,25150,25400,153.0,169.5,322.5,1.276077357985697
2026-01-28 12:30:00+05:30,2026-02-03,Tuesday,Wednesday,25272.0,25280.2,25270.45,25271.0,0,25273.4125,25150,25400,153.3,169.0,322.3,1.275253193449836
2026-01-28 12:31:00+05:30,2026-02-03,Tuesday,Wednesday,25270.55,25277.9,25269.05,25274.65,0,25273.0375,25150,25400,151.3,170.1,321.4,1.2717110082236849
2026-01-28 12:32:00+05:30,2026-02-03,Tuesday,Wednesday,25275.1,25276.3,25274.2,25275.6,0,25275.299999999996,25150,25400,150.05,171.2,321.25,1.2710037071765719
2026-01-28 12:33:00+05:30,2026-02-03,Tuesday,Wednesday,25275.3,25277.8,25269.6,25277.4,0,25275.025,25150,25400,149.3,171.1,320.4,1.2676545324880983
2026-01-28 12:34:00+05:30,2026-02-03,Tuesday,Wednesday,25278.15,25286.2,25277.65,25279.5,0,25280.375,25150,25400,148.5,172.0,320.5,1.2677818268123
2026-01-28 12:35:00+05:30,2026-02-03,Tuesday,Wednesday,25280.25,25285.8,25271.1,25285.0,0,25280.5375,25150,25400,146.75,173.15,319.9,1.2654003104166593
2026-01-28 12:36:00+05:30,2026-02-03,Tuesday,Wednesday,25285.35,25285.45,25274.8,25279.65,0,25281.3125,25150,25400,149.3,169.9,319.20000000000005,1.2625926759142747
2026-01-28 12:37:00+05:30,2026-02-03,Tuesday,Wednesday,25280.25,25285.95,25276.55,25277.8,0,25280.1375,25150,25400,150.0,169.55,319.55,1.2640358463240162
2026-01-28 12:38:00+05:30,2026-02-03,Tuesday,Wednesday,25278.0,25282.2,25277.2,25277.5,0,25278.725,25150,25400,150.05,168.35,318.4,1.2595571968127348
2026-01-28 12:39:00+05:30,2026-02-03,Tuesday,Wednesday,25277.45,25278.5,25274.1,25274.9,0,25276.237499999996,25150,25400,150.45,167.1,317.54999999999995,1.2563183108245441
2026-01-28 12:40:00+05:30,2026-02-03,Tuesday,Wednesday,25274.65,25275.35,25267.05,25269.6,0,25271.6625,25150,25400,152.65,165.65,318.3,1.2595134965893124
2026-01-28 12:41:00+05:30,2026-02-03,Tuesday,Wednesday,25269.65,25270.75,25265.9,25267.8,0,25268.525,25150,25400,153.15,165.0,318.15,1.2590762618712408
2026-01-28 12:42:00+05:30,2026-02-03,Tuesday,Wednesday,25267.8,25269.05,25258.95,25261.9,0,25264.425000000003,25150,25400,154.9,162.85,317.75,1.2576973352846936
2026-01-28 12:43:00+05:30,2026-02-03,Tuesday,Wednesday,25262.05,25276.7,25261.7,25272.0,0,25268.1125,25150,25400,149.2,168.35,317.54999999999995,1.2567222818878931
2026-01-28 12:44:00+05:30,2026-02-03,Tuesday,Wednesday,25272.1,25277.85,25271.55,25275.35,0,25274.2125,25150,25400,146.2,169.75,315.95,1.2500884053261796
2026-01-28 12:45:00+05:30,2026-02-03,Tuesday,Wednesday,25275.6,25281.05,25275.1,25275.8,0,25276.8875,25150,25400,147.25,168.45,315.7,1.2489670652686173
2026-01-28 12:46:00+05:30,2026-02-03,Tuesday,Wednesday,25275.65,25276.3,25273.45,25274.9,0,25275.074999999997,25150,25400,147.2,168.25,315.45,1.24806751315278
2026-01-28 12:47:00+05:30,2026-02-03,Tuesday,Wednesday,25274.65,25275.2,25265.2,25270.85,0,25271.475,25150,25400,148.85,166.8,315.65,1.2490367103621771
2026-01-28 12:48:00+05:30,2026-02-03,Tuesday,Wednesday,25271.25,25273.05,25270.15,25270.85,0,25271.325000000004,25150,25400,149.0,166.15,315.15,1.2470655970749454
2026-01-28 12:49:00+05:30,2026-02-03,Tuesday,Wednesday,25271.6,25272.4,25263.05,25265.1,0,25268.0375,25150,25400,153.95,162.4,316.35,1.2519769293519531
2026-01-28 12:50:00+05:30,2026-02-03,Tuesday,Wednesday,25264.4,25265.5,25261.4,25264.8,0,25264.025,25150,25400,152.4,164.1,316.5,1.2527695012968043
2026-01-28 12:51:00+05:30,2026-02-03,Tuesday,Wednesday,25264.85,25275.6,25264.6,25269.7,0,25268.687499999996,25150,25400,150.25,165.15,315.4,1.2481851303119722
2026-01-28 12:52:00+05:30,2026-02-03,Tuesday,Wednesday,25269.55,25279.45,25266.4,25269.7,0,25271.274999999998,25150,25400,150.35,163.7,314.04999999999995,1.2427152963196357
2026-01-28 12:53:00+05:30,2026-02-03,Tuesday,Wednesday,25269.8,25273.7,25263.45,25272.3,0,25269.8125,25150,25400,147.95,165.3,313.25,1.2396213861895493
2026-01-28 12:54:00+05:30,2026-02-03,Tuesday,Wednesday,25272.45,25272.95,25261.0,25265.4,0,25267.949999999997,25150,25400,150.45,163.7,314.15,1.2432745830192002
2026-01-28 12:55:00+05:30,2026-02-03,Tuesday,Wednesday,25265.15,25268.35,25265.0,25267.6,0,25266.525,25150,25400,150.1,164.0,314.1,1.2431468118389846
2026-01-28 12:56:00+05:30,2026-02-03,Tuesday,Wednesday,25267.9,25268.05,25263.7,25264.75,0,25266.1,25150,25400,151.85,163.7,315.54999999999995,1.2489066377478122
2026-01-28 12:57:00+05:30,2026-02-03,Tuesday,Wednesday,25264.65,25266.7,25261.95,25262.05,0,25263.8375,25150,25400,152.95,162.3,315.25,1.2478310153791956
2026-01-28 12:58:00+05:30,2026-02-03,Tuesday,Wednesday,25262.9,25264.2,25260.75,25261.25,0,25262.275,25150,25400,153.15,161.65,314.8,1.246126882871792
2026-01-28 12:59:00+05:30,2026-02-03,Tuesday,Wednesday,25261.2,25262.2,25257.05,25258.1,0,25259.637499999997,25150,25400,153.55,161.5,315.05,1.2472467191977719
2026-01-28 13:00:00+05:30,2026-02-03,Tuesday,Wednesday,25258.1,25259.2,25252.05,25254.45,0,25255.95,25150,25400,153.85,160.85,314.7,1.2460430116467605
2026-01-28 13:01:00+05:30,2026-02-03,Tuesday,Wednesday,25255.05,25261.05,25252.85,25261.05,0,25257.5,25150,25400,150.7,162.7,313.4,1.2408195585469661
2026-01-28 13:02:00+05:30,2026-02-03,Tuesday,Wednesday,25260.9,25267.75,25259.55,25266.95,0,25263.7875,25150,25400,148.85,164.8,313.65,1.2415003094844745
2026-01-28 13:03:00+05:30,2026-02-03,Tuesday,Wednesday,25266.8,25269.15,25264.8,25264.8,0,25266.3875,25150,25400,151.6,162.3,313.9,1.24236201158555
2026-01-28 13:04:00+05:30,2026-02-03,Tuesday,Wednesday,25264.4,25264.45,25261.1,25262.25,0,25263.050000000003,25150,25400,152.9,161.8,314.70000000000005,1.2456928201464192
2026-01-28 13:05:00+05:30,2026-02-03,Tuesday,Wednesday,25262.4,25267.15,25262.05,25264.85,0,25264.112500000003,25150,25400,150.9,163.85,314.75,1.24583834084811
2026-01-28 13:06:00+05:30,2026-02-03,Tuesday,Wednesday,25264.6,25264.6,25257.55,25261.5,0,25262.0625,25150,25400,152.9,161.75,314.65,1.2455435893249016
2026-01-28 13:07:00+05:30,2026-02-03,Tuesday,Wednesday,25261.6,25264.9,25260.65,25262.05,0,25262.3,25150,25400,153.1,161.5,314.6,1.2453339561322603
2026-01-28 13:08:00+05:30,2026-02-03,Tuesday,Wednesday,25262.05,25262.05,25256.35,25257.4,0,25259.4625,25150,25400,153.6,160.35,313.95,1.2429005565736009
2026-01-28 13:09:00+05:30,2026-02-03,Tuesday,Wednesday,25257.4,25264.75,25257.05,25260.05,0,25259.8125,25150,25400,151.25,161.65,312.9,1.2387265344903093
2026-01-28 13:10:00+05:30,2026-02-03,Tuesday,Wednesday,25260.05,25264.9,25256.85,25264.7,0,25261.624999999996,25150,25400,150.4,162.0,312.4,1.2366583701563143
2026-01-28 13:11:00+05:30,2026-02-03,Tuesday,Wednesday,25264.2,25268.85,25262.1,25267.2,0,25265.587499999998,25150,25400,148.3,164.1,312.4,1.2364644202316688
2026-01-28 13:12:00+05:30,2026-02-03,Tuesday,Wednesday,25268.25,25272.2,25264.95,25265.25,0,25267.6625,25150,25400,149.55,162.6,312.15,1.2353734739016717
2026-01-28 13:13:00+05:30,2026-02-03,Tuesday,Wednesday,25265.4,25277.15,25265.25,25275.0,0,25270.7,25150,25400,144.4,167.25,311.65,1.2332464078953096
2026-01-28 13:14:00+05:30,2026-02-03,Tuesday,Wednesday,25274.9,25279.7,25273.95,25276.25,0,25276.2,25150,25400,141.5,169.35,310.85,1.2298130256921531
2026-01-28 13:15:00+05:30,2026-02-03,Tuesday,Wednesday,25276.6,25283.75,25268.8,25280.7,0,25277.462499999998,25150,25400,141.25,170.1,311.35,1.2317296484961655
2026-01-28 13:16:00+05:30,2026-02-03,Tuesday,Wednesday,25280.0,25284.2,25276.25,25283.75,0,25281.05,25150,25400,140.25,171.7,311.95,1.2339281794071053
2026-01-28 13:17:00+05:30,2026-02-03,Tuesday,Wednesday,25283.35,25290.3,25283.35,25289.8,0,25286.7,25150,25400,136.2,174.3,310.5,1.2279182336959744
2026-01-28 13:18:00+05:30,2026-02-03,Tuesday,Wednesday,25290.35,25291.25,25285.0,25288.1,0,25288.675000000003,25150,25400,138.8,172.15,310.95000000000005,1.2296017881522066
2026-01-28 13:19:00+05:30,2026-02-03,Tuesday,Wednesday,25288.05,25291.3,25277.25,25278.55,0,25283.787500000002,25150,25400,140.7,168.8,309.5,1.224104576895372
2026-01-28 13:20:00+05:30,2026-02-03,Tuesday,Wednesday,25278.5,25280.15,25268.05,25268.05,0,25273.6875,25150,25400,147.4,163.35,310.75,1.2295396150640858
2026-01-28 13:21:00+05:30,2026-02-03,Tuesday,Wednesday,25267.75,25269.25,25256.0,25257.95,0,25262.7375,25150,25400,153.4,156.6,310.0,1.227103753106725
2026-01-28 13:22:00+05:30,2026-02-03,Tuesday,Wednesday,25257.7,25257.7,25213.55,25233.95,0,25240.725,25100,25350,144.9,170.45,315.35,1.2493698180222639
2026-01-28 13:23:00+05:30,2026-02-03,Tuesday,Wednesday,25234.25,25239.45,25226.25,25231.7,0,25232.9125,25100,25350,149.1,170.65,319.75,1.267194185371982
2026-01-28 13:24:00+05:30,2026-02-03,Tuesday,Wednesday,25232.0,25239.25,25220.2,25238.3,0,25232.4375,25100,25350,145.05,173.45,318.5,1.2622640995345773
2026-01-28 13:25:00+05:30,2026-02-03,Tuesday,Wednesday,25239.25,25239.6,25227.85,25231.55,0,25234.5625,25100,25350,147.25,172.0,319.25,1.265129918539305
2026-01-28 13:26:00+05:30,2026-02-03,Tuesday,Wednesday,25231.05,25244.75,25231.05,25239.8,0,25236.662500000002,25100,25350,145.4,173.35,318.75,1.2630433996571455
2026-01-28 13:27:00+05:30,2026-02-03,Tuesday,Wednesday,25239.4,25241.6,25232.85,25233.3,0,25236.787500000002,25100,25350,147.15,171.85,319.0,1.2640277610611097
2026-01-28 13:28:00+05:30,2026-02-03,Tuesday,Wednesday,25233.55,25239.05,25232.75,25237.55,0,25235.725000000002,25100,25350,143.15,173.95,317.1,1.2565519714610933
2026-01-28 13:29:00+05:30,2026-02-03,Tuesday,Wednesday,25237.2,25252.55,25237.2,25238.65,0,25241.4,25100,25350,143.4,174.6,318.0,1.259835032922104
2026-01-28 13:30:00+05:30,2026-02-03,Tuesday,Wednesday,25238.35,25251.5,25236.7,25248.7,0,25243.8125,25100,25350,138.35,179.6,317.95,1.2595165647027367
2026-01-28 13:31:00+05:30,2026-02-03,Tuesday,Wednesday,25249.1,25249.85,25241.6,25245.5,0,25246.512499999997,25100,25350,140.6,179.1,319.7,1.2663135155796272
2026-01-28 13:32:00+05:30,2026-02-03,Tuesday,Wednesday,25246.15,25247.2,25243.6,25243.6,0,25245.137500000004,25100,25350,141.3,176.95,318.25,1.2606388061859435
2026-01-28 13:33:00+05:30,2026-02-03,Tuesday,Wednesday,25243.8,25244.5,25235.3,25236.65,0,25240.0625,25100,25350,145.55,174.1,319.65,1.2664390193170083
2026-01-28 13:34:00+05:30,2026-02-03,Tuesday,Wednesday,25235.7,25237.85,25232.8,25232.8,0,25234.787500000002,25100,25350,149.0,171.65,320.65,1.2706665352343465
2026-01-28 13:35:00+05:30,2026-02-03,Tuesday,Wednesday,25233.0,25233.5,25229.0,25232.15,0,25231.9125,25100,25350,148.65,171.35,320.0,1.2682352160186035
2026-01-28 13:36:00+05:30,2026-02-03,Tuesday,Wednesday,25231.95,25232.1,25226.25,25228.65,0,25229.737500000003,25100,25350,150.6,169.8,320.4,1.2699299784629148
2026-01-28 13:37:00+05:30,2026-02-03,Tuesday,Wednesday,25229.65,25231.65,25225.85,25229.9,0,25229.262499999997,25100,25350,148.5,170.55,319.05,1.2646029585684484
2026-01-28 13:38:00+05:30,2026-02-03,Tuesday,Wednesday,25229.7,25234.9,25229.7,25233.45,0,25231.9375,25100,25350,145.65,172.3,317.95000000000005,1.260109335638613
2026-01-28 13:39:00+05:30,2026-02-03,Tuesday,Wednesday,25233.65,25234.25,25229.65,25232.4,0,25232.487500000003,25100,25350,145.55,172.15,317.70000000000005,1.2590910824784913
2026-01-28 13:40:00+05:30,2026-02-03,Tuesday,Wednesday,25232.0,25240.8,25232.0,25236.3,0,25235.275,25100,25350,141.8,174.15,315.95000000000005,1.2520172655142456
2026-01-28 13:41:00+05:30,2026-02-03,Tuesday,Wednesday,25236.45,25239.85,25231.1,25231.25,0,25234.6625,25100,25350,147.05,169.8,316.85,1.2556141775226837
2026-01-28 13:42:00+05:30,2026-02-03,Tuesday,Wednesday,25231.4,25231.4,25223.95,25224.45,0,25227.8,25100,25350,150.05,166.8,316.85,1.2559557313757046
2026-01-28 13:43:00+05:30,2026-02-03,Tuesday,Wednesday,25224.75,25226.95,25221.35,25224.0,0,25224.262499999997,25100,25350,150.95,166.3,317.25,1.257717643875614
2026-01-28 13:44:00+05:30,2026-02-03,Tuesday,Wednesday,25224.2,25224.35,25207.0,25208.35,0,25215.975,25100,25350,160.5,159.9,320.4,1.27062308715011
2026-01-28 13:45:00+05:30,2026-02-03,Tuesday,Wednesday,25207.35,25207.35,25199.55,25206.3,0,25205.1375,25100,25350,158.65,160.0,318.65,1.2642263903539506
2026-01-28 13:46:00+05:30,2026-02-03,Tuesday,Wednesday,25205.8,25213.45,25203.55,25204.7,0,25206.875,25100,25350,160.4,159.75,320.15,1.2700900052069128
2026-01-28 13:47:00+05:30,2026-02-03,Tuesday,Wednesday,25204.9,25207.8,25202.3,25203.35,0,25204.5875,25100,25350,160.95,160.25,321.2,1.2743711834204785
2026-01-28 13:48:00+05:30,2026-02-03,Tuesday,Wednesday,25203.75,25206.3,25191.25,25192.15,0,25198.362500000003,25050,25300,149.0,177.75,326.75,1.2967112446294873
2026-01-28 13:49:00+05:30,2026-02-03,Tuesday,Wednesday,25192.35,25200.15,25192.35,25198.8,0,25195.912500000002,25050,25300,146.6,180.55,327.15,1.2984248933234703
2026-01-28 13:50:00+05:30,2026-02-03,Tuesday,Wednesday,25199.05,25199.5,25188.7,25188.8,0,25194.0125,25050,25300,152.6,177.15,329.75,1.3088427260246853
2026-01-28 13:51:00+05:30,2026-02-03,Tuesday,Wednesday,25188.25,25202.2,25187.65,25197.05,0,25193.787500000002,25050,25300,149.75,177.65,327.4,1.2995267186404582
2026-01-28 13:52:00+05:30,2026-02-03,Tuesday,Wednesday,25196.3,25203.1,25195.55,25200.55,0,25198.875,25050,25300,145.6,180.0,325.6,1.2921211760445657
2026-01-28 13:53:00+05:30,2026-02-03,Tuesday,Wednesday,25200.35,25214.55,25200.35,25214.4,0,25207.4125,25100,25350,153.9,163.2,317.1,1.2579633074199903
2026-01-28 13:54:00+05:30,2026-02-03,Tuesday,Wednesday,25215.4,25220.85,25215.4,25218.85,0,25217.625,25100,25350,152.6,163.85,316.45,1.2548763017928928
2026-01-28 13:55:00+05:30,2026-02-03,Tuesday,Wednesday,25218.85,25225.15,25218.4,25222.7,0,25221.274999999998,25100,25350,151.3,164.15,315.45000000000005,1.2507297906231944
2026-01-28 13:56:00+05:30,2026-02-03,Tuesday,Wednesday,25222.25,25223.35,25216.9,25220.6,0,25220.775,25100,25350,153.4,163.8,317.20000000000005,1.257693310376069
2026-01-28 13:57:00+05:30,2026-02-03,Tuesday,Wednesday,25220.3,25222.35,25217.0,25221.2,0,25220.212499999998,25100,25350,151.2,164.3,315.5,1.2509807361853118
2026-01-28 13:58:00+05:30,2026-02-03,Tuesday,Wednesday,25221.35,25231.2,25220.9,25230.05,0,25225.875000000004,25100,25350,146.1,167.55,313.65,1.2433661865049277
2026-01-28 13:59:00+05:30,2026-02-03,Tuesday,Wednesday,25230.5,25234.2,25229.15,25231.3,0,25231.287500000002,25100,25350,145.25,168.4,313.65,1.2430994652968064
2026-01-28 14:00:00+05:30,2026-02-03,Tuesday,Wednesday,25232.25,25236.5,25230.6,25236.5,0,25233.9625,25100,25350,143.05,169.45,312.5,1.2384103368624726
2026-01-28 14:01:00+05:30,2026-02-03,Tuesday,Wednesday,25236.3,25236.5,25226.7,25227.5,0,25231.75,25100,25350,147.9,165.15,313.05,1.2406987228392798
2026-01-28 14:02:00+05:30,2026-02-03,Tuesday,Wednesday,25227.35,25229.95,25224.6,25229.95,0,25227.962499999998,25100,25350,144.95,167.4,312.35,1.2381102913087016
2026-01-28 14:03:00+05:30,2026-02-03,Tuesday,Wednesday,25229.8,25242.8,25229.05,25232.1,0,25233.4375,25100,25350,144.75,168.55,313.3,1.241606499312668
2026-01-28 14:04:00+05:30,2026-02-03,Tuesday,Wednesday,25232.25,25239.65,25232.25,25235.5,0,25234.9125,25100,25350,143.95,168.9,312.85,1.2397506827099165
2026-01-28 14:05:00+05:30,2026-02-03,Tuesday,Wednesday,25235.8,25237.45,25227.75,25232.45,0,25233.3625,25100,25350,147.5,166.5,314.0,1.2443842948001878
2026-01-28 14:06:00+05:30,2026-02-03,Tuesday,Wednesday,25231.75,25232.1,25224.5,25228.0,0,25229.0875,25100,25350,148.8,166.25,315.05,1.2487570150922027
2026-01-28 14:07:00+05:30,2026-02-03,Tuesday,Wednesday,25228.3,25235.3,25223.0,25232.7,0,25229.825,25100,25350,146.6,166.8,313.4,1.2421806334368153
2026-01-28 14:08:00+05:30,2026-02-03,Tuesday,Wednesday,25232.15,25233.4,25221.7,25224.55,0,25227.95,25100,25350,148.9,164.75,313.65,1.243263919581258
2026-01-28 14:09:00+05:30,2026-02-03,Tuesday,Wednesday,25224.7,25227.2,25222.95,25223.8,0,25224.662500000002,25100,25350,149.25,164.6,313.85,1.2442188275066117
2026-01-28 14:10:00+05:30,2026-02-03,Tuesday,Wednesday,25223.95,25233.55,25223.65,25228.9,0,25227.512499999997,25100,25350,147.75,166.05,313.8,1.243880069428169
2026-01-28 14:11:00+05:30,2026-02-03,Tuesday,Wednesday,25228.45,25229.85,25219.7,25220.2,0,25224.55,25100,25350,149.95,163.05,313.0,1.2408546435912633
2026-01-28 14:12:00+05:30,2026-02-03,Tuesday,Wednesday,25220.15,25225.2,25209.85,25210.7,0,25216.475000000002,25100,25350,155.1,158.2,313.29999999999995,1.242441697342709
2026-01-28 14:13:00+05:30,2026-02-03,Tuesday,Wednesday,25210.25,25216.45,25205.15,25214.15,0,25211.5,25100,25350,153.85,159.55,313.4,1.243083513475993
2026-01-28 14:14:00+05:30,2026-02-03,Tuesday,Wednesday,25213.9,25218.45,25208.25,25209.05,0,25212.412500000002,25100,25350,154.8,159.0,313.8,1.2446250433194364
2026-01-28 14:15:00+05:30,2026-02-03,Tuesday,Wednesday,25208.65,25210.1,25201.1,25208.3,0,25207.037500000002,25100,25350,154.7,159.5,314.2,1.2464772982545052
2026-01-28 14:16:00+05:30,2026-02-03,Tuesday,Wednesday,25209.1,25221.75,25201.45,25221.25,0,25213.3875,25100,25350,151.15,162.6,313.75,1.2443786064050297
2026-01-28 14:17:00+05:30,2026-02-03,Tuesday,Wednesday,25221.8,25224.95,25208.55,25212.1,0,25216.85,25100,25350,154.8,159.1,313.9,1.2448025824002602
2026-01-28 14:18:00+05:30,2026-02-03,Tuesday,Wednesday,25211.05,25211.7,25204.1,25210.8,0,25209.412500000002,25100,25350,154.35,158.35,312.7,1.2404097080802656
2026-01-28 14:19:00+05:30,2026-02-03,Tuesday,Wednesday,25210.95,25226.45,25210.9,25226.35,0,25218.6625,25100,25350,150.35,162.35,312.7,1.2399547359024294
2026-01-28 14:20:00+05:30,2026-02-03,Tuesday,Wednesday,25226.4,25228.75,25222.15,25226.95,0,25226.0625,25100,25350,149.5,162.4,311.9,1.2364196750880165
2026-01-28 14:21:00+05:30,2026-02-03,Tuesday,Wednesday,25226.3,25232.15,25224.4,25230.45,0,25228.325,25100,25350,148.15,162.9,311.05,1.2329395629713824
2026-01-28 14:22:00+05:30,2026-02-03,Tuesday,Wednesday,25229.8,25229.8,25216.1,25216.1,0,25222.949999999997,25100,25350,153.5,159.2,312.7,1.2397439633349787
2026-01-28 14:23:00+05:30,2026-02-03,Tuesday,Wednesday,25217.95,25218.15,25211.0,25218.1,0,25216.300000000003,25100,25350,150.45,161.25,311.7,1.2361052176568328
2026-01-28 14:24:00+05:30,2026-02-03,Tuesday,Wednesday,25219.45,25224.85,25213.7,25219.1,0,25219.275,25100,25350,150.95,161.0,311.95,1.236950705363259
2026-01-28 14:25:00+05:30,2026-02-03,Tuesday,Wednesday,25219.8,25223.6,25216.65,25221.65,0,25220.424999999996,25100,25350,150.45,162.35,312.79999999999995,1.2402645871352287
2026-01-28 14:26:00+05:30,2026-02-03,Tuesday,Wednesday,25221.95,25223.2,25216.35,25220.65,0,25220.5375,25100,25350,150.35,162.5,312.85,1.2404573058762132
2026-01-28 14:27:00+05:30,2026-02-03,Tuesday,Wednesday,25220.55,25230.2,25219.15,25226.6,0,25224.125,25100,25350,148.8,162.0,310.8,1.2321537417056094
2026-01-28 14:28:00+05:30,2026-02-03,Tuesday,Wednesday,25226.65,25233.8,25224.65,25233.8,0,25229.725000000002,25100,25350,143.75,165.9,309.65,1.2273221368841711
2026-01-28 14:29:00+05:30,2026-02-03,Tuesday,Wednesday,25233.55,25239.6,25230.15,25235.15,0,25234.612499999996,25100,25350,142.4,168.45,310.85,1.2318397994025074
2026-01-28 14:30:00+05:30,2026-02-03,Tuesday,Wednesday,25235.15,25250.7,25234.65,25249.1,0,25242.4,25100,25350,135.5,174.6,310.1,1.2284885747789434
2026-01-28 14:31:00+05:30,2026-02-03,Tuesday,Wednesday,25248.15,25249.8,25240.25,25242.65,0,25245.2125,25100,25350,138.15,172.95,311.1,1.232312859319366
2026-01-28 14:32:00+05:30,2026-02-03,Tuesday,Wednesday,25242.6,25246.35,25240.4,25243.1,0,25243.112500000003,25100,25350,139.0,171.75,310.75,1.2310288598523655
2026-01-28 14:33:00+05:30,2026-02-03,Tuesday,Wednesday,25243.05,25246.35,25228.3,25228.3,0,25236.5,25100,25350,146.0,164.95,310.95,1.2321439185306995
2026-01-28 14:34:00+05:30,2026-02-03,Tuesday,Wednesday,25229.05,25234.05,25224.3,25224.3,0,25227.925,25100,25350,149.3,162.05,311.35,1.2341482702204007
2026-01-28 14:35:00+05:30,2026-02-03,Tuesday,Wednesday,25223.55,25233.8,25218.95,25233.8,0,25227.525,25100,25350,144.35,167.35,311.7,1.2355552120154474
2026-01-28 14:36:00+05:30,2026-02-03,Tuesday,Wednesday,25234.7,25234.7,25220.75,25229.25,0,25229.85,25100,25350,147.35,165.3,312.65,1.239206733294094
2026-01-28 14:37:00+05:30,2026-02-03,Tuesday,Wednesday,25229.3,25237.25,25224.35,25236.7,0,25231.899999999998,25100,25350,143.0,168.85,311.85,1.235935462648473
2026-01-28 14:38:00+05:30,2026-02-03,Tuesday,Wednesday,25237.0,25240.6,25232.15,25235.85,0,25236.4,25100,25350,142.0,169.0,311.0,1.232346927453995
2026-01-28 14:39:00+05:30,2026-02-03,Tuesday,Wednesday,25235.65,25240.15,25232.05,25236.75,0,25236.15,25100,25350,141.85,170.25,312.1,1.2367179621297226
2026-01-28 14:40:00+05:30,2026-02-03,Tuesday,Wednesday,25237.65,25248.95,25237.65,25240.5,0,25241.1875,25100,25350,141.15,170.75,311.9,1.235678788884239
2026-01-28 14:41:00+05:30,2026-02-03,Tuesday,Wednesday,25241.05,25242.9,25232.8,25237.1,0,25238.4625,25100,25350,142.4,170.5,312.9,1.2397744117733003
2026-01-28 14:42:00+05:30,2026-02-03,Tuesday,Wednesday,25237.45,25246.4,25237.05,25245.6,0,25241.625,25100,25350,139.55,173.8,313.35,1.2414018511090312
2026-01-28 14:43:00+05:30,2026-02-03,Tuesday,Wednesday,25246.05,25253.0,25243.05,25250.65,0,25248.1875,25100,25350,137.3,175.5,312.8,1.2389008121870135
2026-01-28 14:44:00+05:30,2026-02-03,Tuesday,Wednesday,25250.8,25253.2,25249.25,25251.55,0,25251.2,25100,25400,136.35,155.1,291.45,1.1542025725510074
2026-01-28 14:45:00+05:30,2026-02-03,Tuesday,Wednesday,25252.05,25262.05,25251.2,25260.65,0,25256.487500000003,25150,25400,149.95,161.05,311.0,1.2313667923934393
2026-01-28 14:46:00+05:30,2026-02-03,Tuesday,Wednesday,25260.55,25267.55,25259.45,25264.1,0,25262.9125,25150,25400,148.15,162.0,310.15,1.2276890085416716
2026-01-28 14:47:00+05:30,2026-02-03,Tuesday,Wednesday,25264.75,25269.75,25264.75,25268.75,0,25267.0,25150,25400,146.8,163.1,309.9,1.2265009696441997
2026-01-28 14:48:00+05:30,2026-02-03,Tuesday,Wednesday,25268.95,25270.9,25264.5,25268.75,0,25268.275,25150,25400,146.7,161.5,308.2,1.2197112782728539
2026-01-28 14:49:00+05:30,2026-02-03,Tuesday,Wednesday,25268.9,25280.85,25267.15,25280.5,0,25274.35,25150,25400,141.95,166.9,308.85,1.2219898830236982
2026-01-28 14:50:00+05:30,2026-02-03,Tuesday,Wednesday,25280.9,25290.4,25278.0,25286.05,0,25283.8375,25150,25400,141.2,169.85,311.04999999999995,1.2302325546903232
2026-01-28 14:51:00+05:30,2026-02-03,Tuesday,Wednesday,25285.55,25302.5,25283.25,25301.3,0,25293.15,25150,25400,133.05,180.3,313.35,1.2388729754894112
2026-01-28 14:52:00+05:30,2026-02-03,Tuesday,Wednesday,25301.5,25301.5,25294.25,25296.8,0,25298.5125,25150,25450,136.65,153.55,290.20000000000005,1.1471030164322904
2026-01-28 14:53:00+05:30,2026-02-03,Tuesday,Wednesday,25296.8,25305.2,25292.05,25305.0,0,25299.7625,25150,25450,131.3,158.75,290.05,1.1464534499088677
2026-01-28 14:54:00+05:30,2026-02-03,Tuesday,Wednesday,25304.1,25309.55,25301.4,25307.2,0,25305.562499999996,25200,25450,146.55,160.75,307.3,1.2143575152696173
2026-01-28 14:55:00+05:30,2026-02-03,Tuesday,Wednesday,25307.75,25319.0,25307.75,25316.65,0,25312.7875,25200,25450,145.2,164.05,309.25,1.221714518798058
2026-01-28 14:56:00+05:30,2026-02-03,Tuesday,Wednesday,25316.5,25321.0,25313.4,25320.4,0,25317.824999999997,25200,25450,144.25,165.1,309.35,1.221866412300425
2026-01-28 14:57:00+05:30,2026-02-03,Tuesday,Wednesday,25320.45,25329.05,25318.5,25327.0,0,25323.75,25200,25450,144.3,165.5,309.8,1.223357520114517
2026-01-28 14:58:00+05:30,2026-02-03,Tuesday,Wednesday,25326.45,25328.4,25322.55,25325.65,0,25325.762500000004,25200,25450,142.35,166.7,309.04999999999995,1.2202988952455032
2026-01-28 14:59:00+05:30,2026-02-03,Tuesday,Wednesday,25325.75,25328.2,25318.1,25320.7,0,25323.187499999996,25200,25450,143.2,167.0,310.2,1.2249642743434255
2026-01-28 15:00:00+05:30,2026-02-03,Tuesday,Wednesday,25320.8,25342.0,25320.8,25328.8,0,25328.100000000002,25200,25450,143.5,167.7,311.2,1.2286748709930866
2026-01-28 15:01:00+05:30,2026-02-03,Tuesday,Wednesday,25328.5,25344.5,25328.5,25343.5,0,25336.25,25200,25450,138.7,173.2,311.9,1.231042478661996
2026-01-28 15:02:00+05:30,2026-02-03,Tuesday,Wednesday,25343.2,25344.35,25339.25,25340.95,0,25341.9375,25200,25450,140.2,170.65,310.85,1.2266228657536544
2026-01-28 15:03:00+05:30,2026-02-03,Tuesday,Wednesday,25340.75,25343.75,25329.4,25329.4,0,25335.824999999997,25200,25450,144.35,165.05,309.4,1.221195678451363
2026-01-28 15:04:00+05:30,2026-02-03,Tuesday,Wednesday,25329.15,25336.3,25329.15,25334.35,0,25332.237500000003,25200,25450,142.6,165.7,308.29999999999995,1.2170263286059904
2026-01-28 15:05:00+05:30,2026-02-03,Tuesday,Wednesday,25333.6,25341.65,25333.6,25338.95,0,25336.95,25200,25450,142.0,167.7,309.7,1.2223254969520798
2026-01-28 15:06:00+05:30,2026-02-03,Tuesday,Wednesday,25338.0,25343.7,25338.0,25342.95,0,25340.6625,25200,25450,139.6,171.5,311.1,1.2276711392214
2026-01-28 15:07:00+05:30,2026-02-03,Tuesday,Wednesday,25342.25,25344.1,25329.0,25333.1,0,25337.112500000003,25200,25450,144.1,164.65,308.75,1.2185682168794885
2026-01-28 15:08:00+05:30,2026-02-03,Tuesday,Wednesday,25331.1,25335.9,25326.2,25328.05,0,25330.3125,25200,25450,146.5,162.5,309.0,1.2198823050445982
2026-01-28 15:09:00+05:30,2026-02-03,Tuesday,Wednesday,25327.1,25333.45,25323.2,25333.2,0,25329.2375,25200,25450,145.35,166.45,311.79999999999995,1.2309884969889044
2026-01-28 15:10:00+05:30,2026-02-03,Tuesday,Wednesday,25333.2,25334.65,25322.95,25323.6,0,25328.6,25200,25450,148.8,161.85,310.65,1.2264791579479324
2026-01-28 15:11:00+05:30,2026-02-03,Tuesday,Wednesday,25322.5,25329.6,25322.5,25329.0,0,25325.9,25200,25450,146.25,164.4,310.65,1.226609913171891
2026-01-28 15:12:00+05:30,2026-02-03,Tuesday,Wednesday,25328.55,25332.8,25327.9,25331.85,0,25330.275,25200,25450,145.15,166.4,311.55,1.2299511158090466
2026-01-28 15:13:00+05:30,2026-02-03,Tuesday,Wednesday,25331.95,25333.75,25330.0,25330.9,0,25331.65,25200,25450,146.75,164.05,310.8,1.2269236311096987
2026-01-28 15:14:00+05:30,2026-02-03,Tuesday,Wednesday,25330.7,25331.55,25324.1,25329.65,0,25329.0,25200,25450,146.75,166.35,313.1,1.2361324963480596
2026-01-28 15:15:00+05:30,2026-02-03,Tuesday,Wednesday,25329.75,25340.8,25329.75,25338.05,0,25334.5875,25200,25450,143.85,170.1,313.95,1.239214966495902
2026-01-28 15:16:00+05:30,2026-02-03,Tuesday,Wednesday,25338.55,25348.6,25337.9,25343.9,0,25342.237499999996,25200,25450,141.4,171.0,312.4,1.2327246163642813
2026-01-28 15:17:00+05:30,2026-02-03,Tuesday,Wednesday,25344.05,25353.0,25343.85,25352.7,0,25348.399999999998,25200,25500,134.8,152.35,287.15,1.1328131164097142
2026-01-28 15:18:00+05:30,2026-02-03,Tuesday,Wednesday,25351.9,25356.45,25351.05,25354.65,0,25353.512500000004,25250,25500,151.55,151.9,303.45000000000005,1.1968755808490046
2026-01-28 15:19:00+05:30,2026-02-03,Tuesday,Wednesday,25354.9,25355.85,25349.95,25350.55,0,25352.8125,25250,25500,154.4,151.3,305.70000000000005,1.2057833820212256
2026-01-28 15:20:00+05:30,2026-02-03,Tuesday,Wednesday,25350.55,25352.8,25347.3,25348.1,0,25349.6875,25200,25500,136.6,150.35,286.95,1.1319666169454752
2026-01-28 15:21:00+05:30,2026-02-03,Tuesday,Wednesday,25347.45,25353.15,25346.4,25351.45,0,25349.6125,25200,25500,136.95,152.2,289.15,1.1406485996580815
2026-01-28 15:22:00+05:30,2026-02-03,Tuesday,Wednesday,25350.15,25355.05,25349.1,25352.05,0,25351.587499999998,25200,25500,135.7,151.8,287.5,1.1340512699648495
2026-01-28 15:23:00+05:30,2026-02-03,Tuesday,Wednesday,25351.7,25357.9,25351.7,25355.85,0,25354.2875,25250,25500,153.8,151.5,305.3,1.2041355924515726
2026-01-28 15:24:00+05:30,2026-02-03,Tuesday,Wednesday,25354.8,25355.85,25350.45,25351.6,0,25353.174999999996,25250,25500,155.9,149.7,305.6,1.2053717137991595
2026-01-28 15:25:00+05:30,2026-02-03,Tuesday,Wednesday,25350.5,25358.4,25349.85,25354.4,0,25353.2875,25250,25500,154.45,149.2,303.65,1.197675054960821
2026-01-28 15:26:00+05:30,2026-02-03,Tuesday,Wednesday,25355.6,25357.3,25351.0,25354.25,0,25354.5375,25250,25500,152.25,149.5,301.75,1.1901222808737886
2026-01-28 15:27:00+05:30,2026-02-03,Tuesday,Wednesday,25355.0,25358.2,25350.55,25351.6,0,25353.8375,25250,25500,153.9,145.9,299.8,1.18246399583495
2026-01-28 15:28:00+05:30,2026-02-03,Tuesday,Wednesday,25350.65,25357.4,25344.5,25346.85,0,25349.85,25200,25500,135.0,146.15,281.15,1.1090795409045813
2026-01-28 15:29:00+05:30,2026-02-03,Tuesday,Wednesday,25346.15,25351.5,25341.0,25348.05,0,25346.675,25200,25450,133.0,166.0,299.0,1.1796419056937448
2026-02-04 09:15:00+05:30,2026-02-10,Tuesday,Wednesday,25675.05,25675.05,25563.95,25662.7,0,25644.1875,25500,25750,107.15,153.0,260.15,1.014459904413037
2026-02-04 09:16:00+05:30,2026-02-10,Tuesday,Wednesday,25664.3,25688.0,25655.9,25682.55,0,25672.687500000004,25550,25800,116.15,138.6,254.75,0.9922996959317173
2026-02-04 09:17:00+05:30,2026-02-10,Tuesday,Wednesday,25684.35,25722.55,25676.05,25717.6,0,25700.137499999997,25550,25850,110.5,131.7,242.2,0.9424074092988803
2026-02-04 09:18:00+05:30,2026-02-10,Tuesday,Wednesday,25716.65,25742.05,25712.95,25734.25,0,25726.475,25600,25850,124.5,137.95,262.45,1.0201553069357538
2026-02-04 09:19:00+05:30,2026-02-10,Tuesday,Wednesday,25734.35,25738.25,25710.7,25710.7,0,25723.5,25600,25850,130.15,126.2,256.35,0.996559566155461
2026-02-04 09:20:00+05:30,2026-02-10,Tuesday,Wednesday,25712.55,25734.55,25712.3,25732.3,0,25722.925,25600,25850,125.6,130.35,255.95,0.9950268097426711
2026-02-04 09:21:00+05:30,2026-02-10,Tuesday,Wednesday,25729.5,25730.7,25714.2,25714.55,0,25722.2375,25600,25850,130.35,124.15,254.5,0.9894162589860234
2026-02-04 09:22:00+05:30,2026-02-10,Tuesday,Wednesday,25713.55,25738.45,25708.35,25738.05,0,25724.600000000002,25600,25850,122.15,133.2,255.35,0.9926296230067716
2026-02-04 09:23:00+05:30,2026-02-10,Tuesday,Wednesday,25737.1,25752.5,25735.05,25751.3,0,25743.9875,25600,25850,116.4,136.65,253.05,0.9829479601790515
2026-02-04 09:24:00+05:30,2026-02-10,Tuesday,Wednesday,25751.25,25762.15,25749.3,25754.15,0,25754.2125,25650,25900,132.5,117.25,249.75,0.969744269990783
2026-02-04 09:25:00+05:30,2026-02-10,Tuesday,Wednesday,25754.8,25771.6,25751.3,25767.0,0,25761.175,25650,25900,127.75,120.4,248.15,0.9632712793574052
2026-02-04 09:26:00+05:30,2026-02-10,Tuesday,Wednesday,25766.2,25788.3,25766.2,25778.2,0,25774.725,25650,25900,124.7,125.2,249.9,0.9695544763329191
2026-02-04 09:27:00+05:30,2026-02-10,Tuesday,Wednesday,25777.15,25780.55,25769.1,25776.65,0,25775.862499999996,25650,25900,123.05,126.2,249.25,0.9669899503847836
2026-02-04 09:28:00+05:30,2026-02-10,Tuesday,Wednesday,25777.7,25777.7,25767.35,25769.8,0,25773.1375,25650,25900,126.15,123.15,249.3,0.9672861909032224
2026-02-04 09:29:00+05:30,2026-02-10,Tuesday,Wednesday,25769.15,25769.15,25749.65,25752.65,0,25760.15,25650,25900,129.5,117.65,247.15,0.9594276430843764
2026-02-04 09:30:00+05:30,2026-02-10,Tuesday,Wednesday,25752.65,25767.4,25752.65,25764.7,0,25759.350000000002,25650,25900,126.05,121.65,247.7,0.9615925867694641
2026-02-04 09:31:00+05:30,2026-02-10,Tuesday,Wednesday,25765.55,25788.0,25765.45,25785.8,0,25776.2,25650,25900,118.3,130.8,249.10000000000002,0.966395356957193
2026-02-04 09:32:00+05:30,2026-02-10,Tuesday,Wednesday,25785.8,25790.15,25778.55,25787.35,0,25785.4625,25650,25900,118.75,129.9,248.65,0.9643030447873487
2026-02-04 09:33:00+05:30,2026-02-10,Tuesday,Wednesday,25784.35,25788.5,25775.7,25776.3,0,25781.2125,25650,25900,122.15,124.95,247.10000000000002,0.9584498789573996
2026-02-04 09:34:00+05:30,2026-02-10,Tuesday,Wednesday,25776.6,25783.4,25760.25,25762.25,0,25770.625,25650,25900,125.0,122.35,247.35,0.9598137414207067
2026-02-04 09:35:00+05:30,2026-02-10,Tuesday,Wednesday,25761.95,25764.2,25753.3,25760.95,0,25760.1,25650,25900,124.5,122.15,246.65,0.957488519066308
2026-02-04 09:36:00+05:30,2026-02-10,Tuesday,Wednesday,25761.15,25764.2,25755.2,25755.65,0,25759.050000000003,25650,25900,127.75,120.2,247.95,0.9625743185404739
2026-02-04 09:37:00+05:30,2026-02-10,Tuesday,Wednesday,25755.75,25755.9,25738.4,25742.65,0,25748.175000000003,25600,25900,115.8,115.9,231.7,0.8998696024087143
2026-02-04 09:38:00+05:30,2026-02-10,Tuesday,Wednesday,25742.1,25744.05,25728.2,25740.25,0,25738.649999999998,25600,25850,114.6,135.45,250.04999999999998,0.971496174041762
2026-02-04 09:39:00+05:30,2026-02-10,Tuesday,Wednesday,25739.1,25740.3,25729.75,25729.75,0,25734.725,25600,25850,117.15,131.3,248.45000000000002,0.9654270640156443
2026-02-04 09:40:00+05:30,2026-02-10,Tuesday,Wednesday,25729.7,25754.15,25729.7,25750.55,0,25741.025,25600,25850,112.7,137.0,249.7,0.9700468415690517
2026-02-04 09:41:00+05:30,2026-02-10,Tuesday,Wednesday,25749.85,25769.25,25749.85,25769.1,0,25759.512499999997,25650,25900,123.75,122.85,246.6,0.9573162535587583
2026-02-04 09:42:00+05:30,2026-02-10,Tuesday,Wednesday,25768.0,25780.05,25768.0,25778.85,0,25773.725,25650,25900,118.5,126.55,245.05,0.9507744805999134
2026-02-04 09:43:00+05:30,2026-02-10,Tuesday,Wednesday,25778.45,25789.35,25774.7,25786.45,0,25782.2375,25650,25900,116.65,128.55,245.20000000000002,0.9510423600744505
2026-02-04 09:44:00+05:30,2026-02-10,Tuesday,Wednesday,25785.6,25791.2,25783.85,25788.65,0,25787.324999999997,25650,25900,114.6,130.1,244.7,0.9489157948720931
2026-02-04 09:45:00+05:30,2026-02-10,Tuesday,Wednesday,25788.05,25792.55,25779.9,25790.95,0,25787.8625,25650,25900,114.45,135.2,249.64999999999998,0.9680910932420241
2026-02-04 09:46:00+05:30,2026-02-10,Tuesday,Wednesday,25792.5,25793.6,25784.9,25790.55,0,25790.3875,25650,25900,114.45,131.3,245.75,0.9528743994249794
2026-02-04 09:47:00+05:30,2026-02-10,Tuesday,Wednesday,25789.65,25794.75,25786.2,25787.5,0,25789.525,25650,25900,115.15,130.0,245.15,0.9505797411933722
2026-02-04 09:48:00+05:30,2026-02-10,Tuesday,Wednesday,25788.2,25795.25,25787.25,25789.9,0,25790.15,25650,25900,115.5,130.25,245.75,0.9528831743902226
2026-02-04 09:49:00+05:30,2026-02-10,Tuesday,Wednesday,25789.75,25791.8,25784.0,25786.45,0,25788.0,25650,25900,115.65,130.15,245.8,0.9531565069024353
2026-02-04 09:50:00+05:30,2026-02-10,Tuesday,Wednesday,25786.25,25786.95,25776.1,25780.15,0,25782.362499999996,25650,25900,117.5,127.7,245.2,0.9510377491589456
2026-02-04 09:51:00+05:30,2026-02-10,Tuesday,Wednesday,25779.0,25779.85,25769.4,25775.0,0,25775.8125,25650,25900,118.15,125.9,244.05,0.9468178743153102
2026-02-04 09:52:00+05:30,2026-02-10,Tuesday,Wednesday,25774.5,25776.75,25767.95,25767.95,0,25771.7875,25650,25900,120.1,123.0,243.1,0.9432795455107645
2026-02-04 09:53:00+05:30,2026-02-10,Tuesday,Wednesday,25767.6,25767.65,25748.35,25751.0,0,25758.65,25650,25900,126.2,114.0,240.2,0.9325022856399695
2026-02-04 09:54:00+05:30,2026-02-10,Tuesday,Wednesday,25749.95,25764.65,25748.1,25762.65,0,25756.3375,25650,25900,119.6,120.4,240.0,0.9318095012538176
2026-02-04 09:55:00+05:30,2026-02-10,Tuesday,Wednesday,25763.1,25768.6,25760.7,25765.5,0,25764.475,25650,25900,120.1,120.4,240.5,0.9334558534571343
2026-02-04 09:56:00+05:30,2026-02-10,Tuesday,Wednesday,25765.2,25768.4,25761.75,25763.45,0,25764.7,25650,25900,121.3,118.7,240.0,0.9315070619879138
2026-02-04 09:57:00+05:30,2026-02-10,Tuesday,Wednesday,25763.6,25763.6,25757.55,25758.1,0,25760.7125,25650,25900,123.85,116.2,240.05,0.9318453439515697
2026-02-04 09:58:00+05:30,2026-02-10,Tuesday,Wednesday,25756.2,25776.65,25756.2,25775.2,0,25766.0625,25650,25900,115.7,124.0,239.7,0.9302934819784746
2026-02-04 09:59:00+05:30,2026-02-10,Tuesday,Wednesday,25774.95,25782.05,25774.95,25781.5,0,25778.3625,25650,25900,113.6,124.75,238.35,0.9246126475256139
2026-02-04 10:00:00+05:30,2026-02-10,Tuesday,Wednesday,25779.55,25785.35,25773.75,25778.5,0,25779.2875,25650,25900,114.75,123.8,238.55,0.9253552876509873
2026-02-04 10:01:00+05:30,2026-02-10,Tuesday,Wednesday,25778.85,25782.8,25774.65,25778.75,0,25778.762499999997,25650,25900,115.2,122.0,237.2,0.9201372641530019
2026-02-04 10:02:00+05:30,2026-02-10,Tuesday,Wednesday,25779.05,25780.6,25775.0,25776.85,0,25777.875,25650,25900,115.2,121.9,237.10000000000002,0.9197810137569526
2026-02-04 10:03:00+05:30,2026-02-10,Tuesday,Wednesday,25777.15,25781.55,25772.45,25775.8,0,25776.7375,25650,25900,115.75,120.85,236.6,0.9178818692629354
2026-02-04 10:04:00+05:30,2026-02-10,Tuesday,Wednesday,25775.95,25782.35,25772.3,25776.15,0,25776.6875,25650,25900,116.7,119.4,236.10000000000002,0.9159439124984544
2026-02-04 10:05:00+05:30,2026-02-10,Tuesday,Wednesday,25775.7,25790.45,25775.7,25788.3,0,25782.537500000002,25650,25900,111.45,125.15,236.60000000000002,0.9176753839687036
2026-02-04 10:06:00+05:30,2026-02-10,Tuesday,Wednesday,25787.7,25789.85,25780.3,25784.3,0,25785.537500000002,25650,25900,114.0,123.75,237.75,0.9220284820512273
2026-02-04 10:07:00+05:30,2026-02-10,Tuesday,Wednesday,25783.3,25784.7,25771.3,25780.65,0,25779.987500000003,25650,25900,113.85,123.1,236.95,0.9191237970926089
2026-02-04 10:08:00+05:30,2026-02-10,Tuesday,Wednesday,25780.6,25796.95,25780.6,25796.2,0,25788.587499999998,25650,25900,109.15,129.5,238.65,0.9254093501631293
2026-02-04 10:09:00+05:30,2026-02-10,Tuesday,Wednesday,25795.6,25800.55,25793.2,25796.0,0,25796.337499999998,25650,25950,109.05,109.95,219.0,0.8489577251034183
2026-02-04 10:10:00+05:30,2026-02-10,Tuesday,Wednesday,25795.85,25801.8,25793.9,25795.4,0,25796.737499999996,25650,25950,110.15,109.1,219.25,0.8499136760995457
2026-02-04 10:11:00+05:30,2026-02-10,Tuesday,Wednesday,25795.8,25798.1,25788.55,25788.55,0,25792.75,25650,25900,112.65,125.15,237.8,0.9219645055296547
2026-02-04 10:12:00+05:30,2026-02-10,Tuesday,Wednesday,25788.7,25793.5,25781.25,25781.85,0,25786.324999999997,25650,25900,114.6,121.65,236.25,0.9161832870717328
2026-02-04 10:13:00+05:30,2026-02-10,Tuesday,Wednesday,25781.35,25788.3,25781.0,25782.0,0,25783.1625,25650,25900,115.05,122.0,237.05,0.9193984640169723
2026-02-04 10:14:00+05:30,2026-02-10,Tuesday,Wednesday,25782.1,25785.5,25774.9,25782.3,0,25781.2,25650,25900,114.6,122.75,237.35,0.9206320884985958
2026-02-04 10:15:00+05:30,2026-02-10,Tuesday,Wednesday,25782.55,25787.05,25776.35,25781.65,0,25781.9,25650,25900,114.3,123.1,237.39999999999998,0.9208010270771354
2026-02-04 10:16:00+05:30,2026-02-10,Tuesday,Wednesday,25783.0,25784.15,25778.3,25780.3,0,25781.4375,25650,25900,114.85,122.65,237.5,0.9212054215363282
2026-02-04 10:17:00+05:30,2026-02-10,Tuesday,Wednesday,25779.9,25782.25,25772.2,25773.5,0,25776.9625,25650,25900,117.0,119.85,236.85,0.9188437155851858
2026-02-04 10:18:00+05:30,2026-02-10,Tuesday,Wednesday,25773.15,25779.55,25771.2,25771.2,0,25773.774999999998,25650,25900,117.0,119.0,236.0,0.9156594251327174
2026-02-04 10:19:00+05:30,2026-02-10,Tuesday,Wednesday,25770.55,25771.1,25757.35,25757.35,0,25764.0875,25650,25900,123.1,113.85,236.95,0.9196910234061267
2026-02-04 10:20:00+05:30,2026-02-10,Tuesday,Wednesday,25757.25,25768.2,25755.85,25764.4,0,25761.424999999996,25650,25900,119.25,117.2,236.45,0.9178451890763032
2026-02-04 10:21:00+05:30,2026-02-10,Tuesday,Wednesday,25764.35,25769.6,25754.8,25756.8,0,25761.3875,25650,25900,123.55,113.15,236.7,0.9188169697769578
2026-02-04 10:22:00+05:30,2026-02-10,Tuesday,Wednesday,25756.5,25756.5,25745.2,25746.25,0,25751.1125,25600,25900,108.65,110.95,219.60000000000002,0.8527786906293855
2026-02-04 10:23:00+05:30,2026-02-10,Tuesday,Wednesday,25745.65,25746.85,25737.55,25742.7,0,25743.1875,25600,25850,108.9,129.45,238.35,0.9258760205976824
2026-02-04 10:24:00+05:30,2026-02-10,Tuesday,Wednesday,25742.75,25746.3,25740.65,25744.8,0,25743.625000000004,25600,25850,108.35,130.3,238.65,0.9270256228483751
2026-02-04 10:25:00+05:30,2026-02-10,Tuesday,Wednesday,25744.8,25747.15,25735.95,25746.7,0,25743.649999999998,25600,25850,107.55,131.3,238.85000000000002,0.9278016132133557
2026-02-04 10:26:00+05:30,2026-02-10,Tuesday,Wednesday,25746.2,25753.8,25745.55,25748.0,0,25748.3875,25600,25900,107.1,110.7,217.8,0.8458782127618673
2026-02-04 10:27:00+05:30,2026-02-10,Tuesday,Wednesday,25746.6,25748.5,25742.0,25742.0,0,25744.775,25600,25850,110.85,126.15,237.0,0.9205751458305618
2026-02-04 10:28:00+05:30,2026-02-10,Tuesday,Wednesday,25742.1,25744.75,25738.8,25743.05,0,25742.175,25600,25850,107.8,128.5,236.3,0.9179488524182593
2026-02-04 10:29:00+05:30,2026-02-10,Tuesday,Wednesday,25743.4,25749.0,25741.35,25743.3,0,25744.2625,25600,25850,107.2,128.5,235.7,0.9155438032066368
2026-02-04 10:30:00+05:30,2026-02-10,Tuesday,Wednesday,25744.15,25745.85,25740.05,25741.75,0,25742.95,25600,25850,108.2,127.0,235.2,0.9136482027118105
2026-02-04 10:31:00+05:30,2026-02-10,Tuesday,Wednesday,25741.9,25750.35,25740.55,25746.3,0,25744.775,25600,25850,105.0,129.55,234.55,0.9110586517069968
2026-02-04 10:32:00+05:30,2026-02-10,Tuesday,Wednesday,25746.95,25748.9,25740.7,25743.65,0,25745.050000000003,25600,25850,106.6,126.7,233.3,0.906193617802257
2026-02-04 10:33:00+05:30,2026-02-10,Tuesday,Wednesday,25745.4,25745.4,25733.85,25735.75,0,25740.1,25600,25850,109.8,122.65,232.45,0.9030656446556151
2026-02-04 10:34:00+05:30,2026-02-10,Tuesday,Wednesday,25736.05,25736.05,25723.55,25726.5,0,25730.5375,25600,25850,113.25,118.25,231.5,0.8997091490995864
2026-02-04 10:35:00+05:30,2026-02-10,Tuesday,Wednesday,25726.2,25732.2,25723.35,25726.75,0,25727.125,25600,25850,113.3,119.7,233.0,0.9056589105856173
2026-02-04 10:36:00+05:30,2026-02-10,Tuesday,Wednesday,25724.9,25725.4,25716.9,25718.9,0,25721.525,25600,25850,113.65,118.35,232.0,0.9019682930930417
2026-02-04 10:37:00+05:30,2026-02-10,Tuesday,Wednesday,25717.95,25724.0,25715.1,25715.4,0,25718.112499999996,25600,25850,115.4,116.2,231.60000000000002,0.900532649898005
2026-02-04 10:38:00+05:30,2026-02-10,Tuesday,Wednesday,25716.2,25716.3,25709.55,25714.0,0,25714.0125,25600,25850,113.1,117.3,230.39999999999998,0.8960095201011509
2026-02-04 10:39:00+05:30,2026-02-10,Tuesday,Wednesday,25713.55,25728.95,25713.2,25727.45,0,25720.7875,25600,25850,109.1,122.45,231.55,0.9002445978763287
2026-02-04 10:40:00+05:30,2026-02-10,Tuesday,Wednesday,25727.1,25743.3,25727.1,25733.05,0,25732.6375,25600,25850,110.45,121.5,231.95,0.901384477203318
2026-02-04 10:41:00+05:30,2026-02-10,Tuesday,Wednesday,25732.3,25736.5,25724.0,25735.6,0,25732.1,25600,25850,108.1,124.55,232.64999999999998,0.9041236432316055
2026-02-04 10:42:00+05:30,2026-02-10,Tuesday,Wednesday,25734.95,25734.95,25729.0,25731.6,0,25732.625,25600,25850,108.0,123.55,231.55,0.8998304681314091
2026-02-04 10:43:00+05:30,2026-02-10,Tuesday,Wednesday,25732.2,25742.2,25730.45,25740.6,0,25736.362500000003,25600,25850,105.0,126.2,231.2,0.8983398489199861
2026-02-04 10:44:00+05:30,2026-02-10,Tuesday,Wednesday,25740.75,25743.75,25733.1,25740.35,0,25739.487500000003,25600,25850,105.4,125.0,230.4,0.895122717575476
2026-02-04 10:45:00+05:30,2026-02-10,Tuesday,Wednesday,25739.0,25742.0,25733.05,25733.05,0,25736.775,25600,25850,109.9,120.05,229.95,0.8934685872647212
2026-02-04 10:46:00+05:30,2026-02-10,Tuesday,Wednesday,25732.75,25741.95,25729.6,25740.45,0,25736.187499999996,25600,25850,106.65,123.7,230.35000000000002,0.8950432149283963
2026-02-04 10:47:00+05:30,2026-02-10,Tuesday,Wednesday,25741.15,25748.15,25739.0,25743.85,0,25743.0375,25600,25850,104.4,125.2,229.60000000000002,0.8918916425460672
2026-02-04 10:48:00+05:30,2026-02-10,Tuesday,Wednesday,25743.85,25751.1,25742.95,25749.8,0,25746.925,25600,25900,101.25,108.0,209.25,0.8127184120045403
2026-02-04 10:49:00+05:30,2026-02-10,Tuesday,Wednesday,25749.55,25755.9,25749.4,25752.85,0,25751.925000000003,25600,25900,101.35,107.9,209.25,0.812560614400671
2026-02-04 10:50:00+05:30,2026-02-10,Tuesday,Wednesday,25751.85,25755.45,25745.45,25751.0,0,25750.9375,25600,25900,102.15,106.55,208.7,0.8104559300025485
2026-02-04 10:51:00+05:30,2026-02-10,Tuesday,Wednesday,25750.35,25756.9,25746.4,25753.35,0,25751.75,25600,25900,100.45,107.7,208.15,0.808294581921617
2026-02-04 10:52:00+05:30,2026-02-10,Tuesday,Wednesday,25752.35,25756.6,25746.3,25750.35,0,25751.4,25600,25900,101.3,106.05,207.35,0.8051989406401205
2026-02-04 10:53:00+05:30,2026-02-10,Tuesday,Wednesday,25748.15,25756.55,25748.15,25750.95,0,25750.95,25600,25900,101.9,105.25,207.15,0.8044363411835292
2026-02-04 10:54:00+05:30,2026-02-10,Tuesday,Wednesday,25749.85,25749.85,25739.05,25743.3,0,25745.5125,25600,25850,104.1,122.7,226.8,0.880930220363646
2026-02-04 10:55:00+05:30,2026-02-10,Tuesday,Wednesday,25742.4,25748.1,25740.25,25744.2,0,25743.7375,25600,25850,104.25,123.05,227.3,0.8829331793800337
2026-02-04 10:56:00+05:30,2026-02-10,Tuesday,Wednesday,25743.6,25748.95,25742.45,25745.15,0,25745.0375,25600,25850,103.5,123.4,226.9,0.881334898036175
2026-02-04 10:57:00+05:30,2026-02-10,Tuesday,Wednesday,25744.4,25745.05,25734.95,25737.55,0,25740.4875,25600,25850,105.85,120.9,226.75,0.8809079470619973
2026-02-04 10:58:00+05:30,2026-02-10,Tuesday,Wednesday,25736.9,25742.9,25735.9,25738.45,0,25738.537500000002,25600,25850,105.55,120.75,226.3,0.8792263352181529
2026-02-04 10:59:00+05:30,2026-02-10,Tuesday,Wednesday,25736.6,25750.4,25736.6,25746.2,0,25742.45,25600,25850,102.3,123.55,225.85,0.8773446194903748
2026-02-04 11:00:00+05:30,2026-02-10,Tuesday,Wednesday,25745.9,25752.55,25744.05,25750.75,0,25748.3125,25600,25900,100.4,106.0,206.4,0.8016059304857357
2026-02-04 11:01:00+05:30,2026-02-10,Tuesday,Wednesday,25750.4,25756.4,25750.4,25752.6,0,25752.450000000004,25600,25900,100.3,105.05,205.35,0.7973998590425375
2026-02-04 11:02:00+05:30,2026-02-10,Tuesday,Wednesday,25751.7,25751.7,25737.3,25745.15,0,25746.4625,25600,25900,100.75,104.15,204.9,0.7958374864119683
2026-02-04 11:03:00+05:30,2026-02-10,Tuesday,Wednesday,25745.55,25760.15,25745.55,25759.85,0,25752.775,25600,25900,95.5,109.2,204.7,0.7948657960161574
2026-02-04 11:04:00+05:30,2026-02-10,Tuesday,Wednesday,25758.85,25759.65,25748.75,25749.05,0,25754.075,25650,25900,116.95,104.1,221.05,0.8583107721787717
2026-02-04 11:05:00+05:30,2026-02-10,Tuesday,Wednesday,25748.8,25749.3,25741.7,25748.05,0,25746.9625,25600,25900,99.85,104.35,204.2,0.7931032641229038
2026-02-04 11:06:00+05:30,2026-02-10,Tuesday,Wednesday,25747.9,25757.8,25747.1,25756.6,0,25752.35,25600,25900,96.6,107.0,203.6,0.7906074591250897
2026-02-04 11:07:00+05:30,2026-02-10,Tuesday,Wednesday,25756.85,25759.0,25749.35,25750.4,0,25753.9,25650,25900,115.95,105.25,221.2,0.8588990405336666
2026-02-04 11:08:00+05:30,2026-02-10,Tuesday,Wednesday,25750.45,25750.9,25746.65,25747.95,0,25748.9875,25600,25900,100.85,103.4,204.25,0.7932350738063002
2026-02-04 11:09:00+05:30,2026-02-10,Tuesday,Wednesday,25747.65,25747.65,25736.7,25737.15,0,25742.2875,25600,25850,103.7,120.4,224.10000000000002,0.8705520051394036
2026-02-04 11:10:00+05:30,2026-02-10,Tuesday,Wednesday,25737.4,25738.0,25726.3,25727.1,0,25732.199999999997,25600,25850,107.55,114.85,222.39999999999998,0.8642867691064114
2026-02-04 11:11:00+05:30,2026-02-10,Tuesday,Wednesday,25727.4,25730.1,25721.3,25721.3,0,25725.025,25600,25850,109.75,113.05,222.8,0.8660827346134747
2026-02-04 11:12:00+05:30,2026-02-10,Tuesday,Wednesday,25721.4,25722.05,25714.15,25717.85,0,25718.862500000003,25600,25850,111.1,112.05,223.14999999999998,0.8676511257058898
2026-02-04 11:13:00+05:30,2026-02-10,Tuesday,Wednesday,25716.75,25727.0,25716.15,25726.9,0,25721.699999999997,25600,25850,107.6,115.45,223.05,0.8671666336206396
2026-02-04 11:14:00+05:30,2026-02-10,Tuesday,Wednesday,25727.3,25727.3,25720.5,25723.95,0,25724.7625,25600,25850,108.8,114.8,223.6,0.8692014163396066
2026-02-04 11:15:00+05:30,2026-02-10,Tuesday,Wednesday,25724.0,25726.8,25713.9,25716.6,0,25720.325000000004,25600,25850,112.4,111.8,224.2,0.8716841641775519
2026-02-04 11:16:00+05:30,2026-02-10,Tuesday,Wednesday,25716.05,25720.6,25710.7,25710.7,0,25714.512499999997,25600,25850,115.05,108.6,223.64999999999998,0.8697423293558453
2026-02-04 11:17:00+05:30,2026-02-10,Tuesday,Wednesday,25710.65,25714.35,25704.9,25709.7,0,25709.899999999998,25600,25850,115.7,108.25,223.95,0.8710652316811812
2026-02-04 11:18:00+05:30,2026-02-10,Tuesday,Wednesday,25709.65,25711.5,25704.95,25710.6,0,25709.175000000003,25600,25850,112.75,110.9,223.65,0.8699228971758135
2026-02-04 11:19:00+05:30,2026-02-10,Tuesday,Wednesday,25711.3,25711.8,25708.4,25708.95,0,25710.1125,25600,25850,114.0,108.75,222.75,0.8663906079757527
2026-02-04 11:20:00+05:30,2026-02-10,Tuesday,Wednesday,25709.1,25715.0,25707.4,25714.85,0,25711.5875,25600,25850,111.35,111.2,222.55,0.8655630462335319
2026-02-04 11:21:00+05:30,2026-02-10,Tuesday,Wednesday,25713.85,25715.5,25710.05,25712.25,0,25712.9125,25600,25850,111.25,110.75,222.0,0.8633794401937159
2026-02-04 11:22:00+05:30,2026-02-10,Tuesday,Wednesday,25712.95,25723.25,25712.95,25718.15,0,25716.824999999997,25600,25850,109.6,113.05,222.64999999999998,0.8657756157690538
2026-02-04 11:23:00+05:30,2026-02-10,Tuesday,Wednesday,25717.55,25718.55,25710.35,25711.7,0,25714.5375,25600,25850,113.3,109.7,223.0,0.8672137307544421
2026-02-04 11:24:00+05:30,2026-02-10,Tuesday,Wednesday,25710.1,25710.2,25695.4,25698.05,0,25703.437500000004,25550,25850,100.7,105.7,206.4,0.8030054345843819
2026-02-04 11:25:00+05:30,2026-02-10,Tuesday,Wednesday,25696.9,25702.55,25696.8,25700.0,0,25699.0625,25550,25850,99.8,106.55,206.35,0.8029475783406496
2026-02-04 11:26:00+05:30,2026-02-10,Tuesday,Wednesday,25698.6,25701.35,25696.15,25700.25,0,25699.0875,25550,25850,99.15,107.25,206.4,0.8031413566726833
2026-02-04 11:27:00+05:30,2026-02-10,Tuesday,Wednesday,25699.65,25700.5,25688.2,25689.65,0,25694.5,25550,25800,102.8,123.05,225.85,0.8789818832824144
2026-02-04 11:28:00+05:30,2026-02-10,Tuesday,Wednesday,25688.3,25702.0,25685.95,25700.9,0,25694.2875,25550,25800,98.1,128.3,226.4,0.881129706359828
2026-02-04 11:29:00+05:30,2026-02-10,Tuesday,Wednesday,25700.2,25704.65,25697.05,25699.35,0,25700.3125,25550,25850,97.8,108.0,205.8,0.8007684731459979
2026-02-04 11:30:00+05:30,2026-02-10,Tuesday,Wednesday,25698.15,25699.85,25692.4,25696.05,0,25696.6125,25550,25850,99.65,106.45,206.10000000000002,0.8020512431356468
2026-02-04 11:31:00+05:30,2026-02-10,Tuesday,Wednesday,25696.1,25709.3,25691.25,25706.8,0,25700.8625,25550,25850,95.05,111.0,206.05,0.8017240666534052
2026-02-04 11:32:00+05:30,2026-02-10,Tuesday,Wednesday,25706.5,25711.5,25706.15,25709.0,0,25708.2875,25600,25850,111.45,110.45,221.9,0.8631457851869753
2026-02-04 11:33:00+05:30,2026-02-10,Tuesday,Wednesday,25708.95,25709.7,25700.0,25703.05,0,25705.425,25600,25850,113.2,108.6,221.8,0.8628528802772178
2026-02-04 11:34:00+05:30,2026-02-10,Tuesday,Wednesday,25704.2,25710.0,25701.9,25705.15,0,25705.3125,25600,25850,112.95,109.15,222.10000000000002,0.8640237305031792
2026-02-04 11:35:00+05:30,2026-02-10,Tuesday,Wednesday,25705.85,25708.6,25700.45,25702.4,0,25704.324999999997,25600,25850,114.35,108.05,222.39999999999998,0.8652240430355592
2026-02-04 11:36:00+05:30,2026-02-10,Tuesday,Wednesday,25701.45,25703.3,25698.1,25700.0,0,25700.7125,25550,25850,99.4,106.05,205.45,0.7993941802197116
2026-02-04 11:37:00+05:30,2026-02-10,Tuesday,Wednesday,25699.45,25705.0,25698.35,25703.05,0,25701.462499999998,25550,25850,96.25,108.3,204.55,0.7958691066704863
2026-02-04 11:38:00+05:30,2026-02-10,Tuesday,Wednesday,25701.85,25707.55,25699.8,25706.05,0,25703.8125,25600,25850,112.5,108.35,220.85,0.8592110606160078
2026-02-04 11:39:00+05:30,2026-02-10,Tuesday,Wednesday,25705.35,25709.1,25702.35,25703.45,0,25705.062499999996,25600,25850,112.5,108.5,221.0,0.8597528210639441
2026-02-04 11:40:00+05:30,2026-02-10,Tuesday,Wednesday,25703.2,25712.05,25702.6,25711.3,0,25707.287500000002,25600,25850,109.3,110.95,220.25,0.856760947649572
2026-02-04 11:41:00+05:30,2026-02-10,Tuesday,Wednesday,25710.85,25719.65,25710.85,25715.35,0,25714.175000000003,25600,25850,108.45,112.0,220.45,0.8573092467481456
2026-02-04 11:42:00+05:30,2026-02-10,Tuesday,Wednesday,25715.0,25723.9,25713.95,25722.2,0,25718.7625,25600,25850,106.7,113.3,220.0,0.8554066316371169
2026-02-04 11:43:00+05:30,2026-02-10,Tuesday,Wednesday,25721.2,25721.5,25714.2,25715.2,0,25718.024999999998,25600,25850,108.4,111.05,219.45,0.8532925837034532
2026-02-04 11:44:00+05:30,2026-02-10,Tuesday,Wednesday,25714.25,25717.6,25712.25,25717.35,0,25715.362500000003,25600,25850,107.0,111.95,218.95,0.8514365683159238
2026-02-04 11:45:00+05:30,2026-02-10,Tuesday,Wednesday,25717.05,25725.6,25716.55,25723.1,0,25720.574999999997,25600,25850,104.7,113.35,218.05,0.8477648730636855
2026-02-04 11:46:00+05:30,2026-02-10,Tuesday,Wednesday,25723.2,25723.3,25714.95,25716.6,0,25719.512499999997,25600,25850,107.1,111.0,218.1,0.8479943000474834
2026-02-04 11:47:00+05:30,2026-02-10,Tuesday,Wednesday,25716.3,25716.35,25703.85,25705.1,0,25710.4,25600,25850,111.7,106.8,218.5,0.8498506440973302
2026-02-04 11:48:00+05:30,2026-02-10,Tuesday,Wednesday,25704.85,25712.4,25703.95,25711.65,0,25708.2125,25600,25850,107.6,110.05,217.64999999999998,0.8466166210505688
2026-02-04 11:49:00+05:30,2026-02-10,Tuesday,Wednesday,25711.4,25714.2,25704.9,25714.2,0,25711.175,25600,25850,106.8,110.55,217.35,0.8453522641419539
2026-02-04 11:50:00+05:30,2026-02-10,Tuesday,Wednesday,25713.75,25714.55,25699.4,25701.75,0,25707.362500000003,25600,25850,111.3,106.35,217.64999999999998,0.8466446139700249
2026-02-04 11:51:00+05:30,2026-02-10,Tuesday,Wednesday,25701.7,25703.35,25695.7,25697.65,0,25699.6,25550,25850,97.6,103.95,201.55,0.7842534514155863
2026-02-04 11:52:00+05:30,2026-02-10,Tuesday,Wednesday,25696.95,25703.55,25695.65,25703.0,0,25699.7875,25550,25850,94.5,106.0,200.5,0.7801620927799501
2026-02-04 11:53:00+05:30,2026-02-10,Tuesday,Wednesday,25702.8,25703.6,25697.9,25703.55,0,25701.962499999998,25550,25850,93.2,107.45,200.65,0.7806796854520351
2026-02-04 11:54:00+05:30,2026-02-10,Tuesday,Wednesday,25702.95,25723.15,25702.95,25721.9,0,25712.737500000003,25600,25850,102.95,114.0,216.95,0.8437452449394001
2026-02-04 11:55:00+05:30,2026-02-10,Tuesday,Wednesday,25721.35,25726.75,25718.1,25726.3,0,25723.125,25600,25850,100.65,116.45,217.10000000000002,0.843987657020677
2026-02-04 11:56:00+05:30,2026-02-10,Tuesday,Wednesday,25726.45,25729.3,25717.9,25720.65,0,25723.574999999997,25600,25850,104.35,111.8,216.14999999999998,0.8402797822619912
2026-02-04 11:57:00+05:30,2026-02-10,Tuesday,Wednesday,25720.4,25726.45,25719.3,25723.45,0,25722.4,25600,25850,102.1,113.95,216.05,0.8399294000559823
2026-02-04 11:58:00+05:30,2026-02-10,Tuesday,Wednesday,25722.65,25729.55,25722.05,25725.95,0,25725.05,25600,25850,101.6,114.0,215.6,0.8380936091475042
2026-02-04 11:59:00+05:30,2026-02-10,Tuesday,Wednesday,25725.9,25728.7,25723.1,25727.45,0,25726.287500000002,25600,25850,99.05,115.85,214.89999999999998,0.8353323424532201
2026-02-04 12:00:00+05:30,2026-02-10,Tuesday,Wednesday,25726.9,25734.85,25726.4,25732.85,0,25730.25,25600,25850,98.15,115.5,213.65,0.830345604881414
2026-02-04 12:01:00+05:30,2026-02-10,Tuesday,Wednesday,25733.5,25733.5,25727.55,25731.25,0,25731.45,25600,25850,98.2,115.45,213.65,0.8303068812678649
2026-02-04 12:02:00+05:30,2026-02-10,Tuesday,Wednesday,25730.55,25731.4,25722.35,25724.85,0,25727.2875,25600,25850,100.1,113.3,213.39999999999998,0.8294694883788274
2026-02-04 12:03:00+05:30,2026-02-10,Tuesday,Wednesday,25724.9,25724.9,25714.15,25715.05,0,25719.750000000004,25600,25850,102.9,109.7,212.60000000000002,0.8266021248262522
2026-02-04 12:04:00+05:30,2026-02-10,Tuesday,Wednesday,25715.15,25718.35,25711.25,25717.55,0,25715.575,25600,25850,101.7,110.85,212.55,0.8265418914412764
2026-02-04 12:05:00+05:30,2026-02-10,Tuesday,Wednesday,25717.4,25722.3,25716.55,25721.05,0,25719.325,25600,25850,100.55,111.8,212.35,0.8256437523146506
2026-02-04 12:06:00+05:30,2026-02-10,Tuesday,Wednesday,25720.8,25723.0,25718.65,25720.4,0,25720.7125,25600,25850,100.35,111.65,212.0,0.8242384420727069
2026-02-04 12:07:00+05:30,2026-02-10,Tuesday,Wednesday,25719.4,25730.3,25719.4,25728.85,0,25724.487500000003,25600,25850,97.0,114.4,211.4,0.8217850792945826
2026-02-04 12:08:00+05:30,2026-02-10,Tuesday,Wednesday,25728.25,25736.1,25727.1,25735.2,0,25731.6625,25600,25850,95.0,116.95,211.95,0.823693377759793
2026-02-04 12:09:00+05:30,2026-02-10,Tuesday,Wednesday,25734.3,25737.9,25733.3,25736.35,0,25735.4625,25600,25850,94.95,116.9,211.85000000000002,0.8231831854585866
2026-02-04 12:10:00+05:30,2026-02-10,Tuesday,Wednesday,25736.2,25738.9,25735.4,25738.6,0,25737.275,25600,25850,94.1,118.2,212.3,0.8248736511538226
2026-02-04 12:11:00+05:30,2026-02-10,Tuesday,Wednesday,25737.5,25739.75,25733.1,25738.9,0,25737.3125,25600,25850,94.15,117.9,212.05,0.823901096899686
2026-02-04 12:12:00+05:30,2026-02-10,Tuesday,Wednesday,25738.65,25739.15,25733.25,25736.15,0,25736.800000000003,25600,25850,95.75,115.45,211.2,0.8206148394516799
2026-02-04 12:13:00+05:30,2026-02-10,Tuesday,Wednesday,25735.9,25736.5,25731.65,25735.5,0,25734.8875,25600,25850,95.4,116.25,211.65,0.82242442287731
2026-02-04 12:14:00+05:30,2026-02-10,Tuesday,Wednesday,25735.2,25742.55,25734.8,25742.55,0,25738.775,25600,25850,93.55,118.45,212.0,0.8236600226700765
2026-02-04 12:15:00+05:30,2026-02-10,Tuesday,Wednesday,25741.7,25750.15,25740.5,25747.9,0,25745.0625,25600,25850,92.7,118.75,211.45,0.8213225351463023
2026-02-04 12:16:00+05:30,2026-02-10,Tuesday,Wednesday,25747.9,25750.3,25741.5,25741.5,0,25745.3,25600,25850,94.85,116.45,211.3,0.8207323278423636
2026-02-04 12:17:00+05:30,2026-02-10,Tuesday,Wednesday,25741.35,25746.85,25739.65,25745.45,0,25743.325,25600,25850,93.85,118.0,211.85,0.822931769691755
2026-02-04 12:18:00+05:30,2026-02-10,Tuesday,Wednesday,25745.1,25745.1,25735.1,25738.8,0,25741.024999999998,25600,25850,94.85,116.45,211.3,0.820868632853587
2026-02-04 12:19:00+05:30,2026-02-10,Tuesday,Wednesday,25738.35,25738.35,25732.4,25734.15,0,25735.8125,25600,25850,96.85,114.25,211.1,0.8202577633793376
2026-02-04 12:20:00+05:30,2026-02-10,Tuesday,Wednesday,25733.5,25737.7,25730.75,25737.6,0,25734.887499999997,25600,25850,95.4,115.65,211.05,0.8200929574687281
2026-02-04 12:21:00+05:30,2026-02-10,Tuesday,Wednesday,25737.35,25738.3,25731.15,25733.65,0,25735.112499999996,25600,25850,97.4,113.75,211.15,0.8204743616333523
2026-02-04 12:22:00+05:30,2026-02-10,Tuesday,Wednesday,25733.65,25734.3,25725.95,25727.95,0,25730.462499999998,25600,25850,98.8,110.8,209.6,0.8145986493635706
2026-02-04 12:23:00+05:30,2026-02-10,Tuesday,Wednesday,25727.25,25733.65,25727.25,25732.6,0,25730.1875,25600,25850,96.8,112.95,209.75,0.8151903284808942
2026-02-04 12:24:00+05:30,2026-02-10,Tuesday,Wednesday,25731.1,25731.15,25723.6,25727.85,0,25728.425000000003,25600,25850,98.2,110.25,208.45,0.8101933950484724
2026-02-04 12:25:00+05:30,2026-02-10,Tuesday,Wednesday,25727.2,25734.75,25727.2,25734.4,0,25730.887499999997,25600,25850,95.85,112.45,208.3,0.8095329008764274
2026-02-04 12:26:00+05:30,2026-02-10,Tuesday,Wednesday,25733.6,25745.55,25733.6,25745.1,0,25739.4625,25600,25850,92.1,117.2,209.3,0.8131482932093084
2026-02-04 12:27:00+05:30,2026-02-10,Tuesday,Wednesday,25744.35,25752.4,25744.35,25752.4,0,25748.375,25600,25900,88.55,101.0,189.55,0.736162961740304
2026-02-04 12:28:00+05:30,2026-02-10,Tuesday,Wednesday,25752.75,25756.3,25752.2,25755.1,0,25754.0875,25650,25900,104.95,100.75,205.7,0.7987081662279821
2026-02-04 12:29:00+05:30,2026-02-10,Tuesday,Wednesday,25755.2,25756.2,25747.8,25748.0,0,25751.8,25600,25900,91.55,97.35,188.89999999999998,0.733540956360332
2026-02-04 12:30:00+05:30,2026-02-10,Tuesday,Wednesday,25746.85,25747.7,25737.5,25737.5,0,25742.3875,25600,25850,94.9,112.5,207.4,0.8056750757869682
2026-02-04 12:31:00+05:30,2026-02-10,Tuesday,Wednesday,25736.75,25738.6,25731.35,25733.65,0,25735.0875,25600,25850,95.95,110.9,206.85000000000002,0.8037664530963806
2026-02-04 12:32:00+05:30,2026-02-10,Tuesday,Wednesday,25734.4,25739.05,25733.9,25738.3,0,25736.412500000002,25600,25850,94.8,112.15,206.95,0.8041136269478116
2026-02-04 12:33:00+05:30,2026-02-10,Tuesday,Wednesday,25737.65,25737.7,25733.15,25734.4,0,25735.725,25600,25850,96.0,110.9,206.9,0.8039408254478939
2026-02-04 12:34:00+05:30,2026-02-10,Tuesday,Wednesday,25735.2,25738.75,25733.05,25738.5,0,25736.375,25600,25850,93.5,113.0,206.5,0.8023663006153741
2026-02-04 12:35:00+05:30,2026-02-10,Tuesday,Wednesday,25738.0,25740.3,25732.9,25734.15,0,25736.3375,25600,25850,95.85,110.2,206.05,0.8006189691909348
2026-02-04 12:36:00+05:30,2026-02-10,Tuesday,Wednesday,25732.7,25734.15,25728.05,25728.7,0,25730.9,25600,25850,97.05,108.55,205.6,0.799039287393756
2026-02-04 12:37:00+05:30,2026-02-10,Tuesday,Wednesday,25728.3,25742.0,25727.2,25742.0,0,25734.875,25600,25850,91.9,114.5,206.4,0.8020244901131247
2026-02-04 12:38:00+05:30,2026-02-10,Tuesday,Wednesday,25742.4,25742.65,25736.15,25736.15,0,25739.3375,25600,25850,94.5,111.2,205.7,0.7991658681968794
2026-02-04 12:39:00+05:30,2026-02-10,Tuesday,Wednesday,25735.9,25742.95,25734.2,25741.55,0,25738.65,25600,25850,92.05,114.0,206.05,0.8005470372377729
2026-02-04 12:40:00+05:30,2026-02-10,Tuesday,Wednesday,25741.2,25751.9,25738.9,25748.2,0,25745.05,25600,25850,90.15,116.75,206.9,0.8036496336188899
2026-02-04 12:41:00+05:30,2026-02-10,Tuesday,Wednesday,25748.05,25756.75,25748.0,25756.35,0,25752.2875,25600,25900,87.75,99.5,187.25,0.7271198723608535
2026-02-04 12:42:00+05:30,2026-02-10,Tuesday,Wednesday,25755.45,25762.95,25754.95,25761.85,0,25758.800000000003,25650,25900,102.6,100.9,203.5,0.7900212742829635
2026-02-04 12:43:00+05:30,2026-02-10,Tuesday,Wednesday,25760.75,25760.9,25754.85,25756.9,0,25758.35,25650,25900,104.2,99.0,203.2,0.7888704051307636
2026-02-04 12:44:00+05:30,2026-02-10,Tuesday,Wednesday,25756.5,25756.95,25738.7,25738.7,0,25747.712499999998,25600,25900,92.85,92.75,185.6,0.7208407348808171
2026-02-04 12:45:00+05:30,2026-02-10,Tuesday,Wednesday,25738.6,25738.9,25729.65,25737.35,0,25736.125,25600,25850,92.05,112.5,204.55,0.7947971965476543
2026-02-04 12:46:00+05:30,2026-02-10,Tuesday,Wednesday,25737.85,25737.85,25731.25,25734.6,0,25735.387499999997,25600,25850,93.15,111.5,204.65,0.7952085431004294
2026-02-04 12:47:00+05:30,2026-02-10,Tuesday,Wednesday,25733.95,25734.8,25728.55,25728.55,0,25731.4625,25600,25850,95.65,108.05,203.7,0.791637863568773
2026-02-04 12:48:00+05:30,2026-02-10,Tuesday,Wednesday,25729.4,25730.35,25725.9,25725.9,0,25727.887499999997,25600,25850,96.0,108.0,204.0,0.7929139149104256
2026-02-04 12:49:00+05:30,2026-02-10,Tuesday,Wednesday,25725.4,25726.85,25722.2,25723.35,0,25724.449999999997,25600,25850,97.1,106.75,203.85,0.7924367673555704
2026-02-04 12:50:00+05:30,2026-02-10,Tuesday,Wednesday,25723.9,25725.0,25718.95,25720.8,0,25722.162500000002,25600,25850,98.1,105.85,203.95,0.7928960094237799
2026-02-04 12:51:00+05:30,2026-02-10,Tuesday,Wednesday,25720.85,25723.85,25718.4,25722.75,0,25721.4625,25600,25850,96.9,106.95,203.85000000000002,0.7925288074113204
2026-02-04 12:52:00+05:30,2026-02-10,Tuesday,Wednesday,25722.65,25724.95,25720.7,25721.7,0,25722.5,25600,25850,97.5,106.7,204.2,0.7938575177373893
2026-02-04 12:53:00+05:30,2026-02-10,Tuesday,Wednesday,25721.35,25722.9,25716.7,25718.35,0,25719.824999999997,25600,25850,99.35,104.85,204.2,0.7939400831848584
2026-02-04 12:54:00+05:30,2026-02-10,Tuesday,Wednesday,25718.1,25721.2,25712.45,25720.4,0,25718.0375,25600,25850,97.3,106.0,203.3,0.7904957755816322
2026-02-04 12:55:00+05:30,2026-02-10,Tuesday,Wednesday,25720.1,25721.6,25713.7,25716.2,0,25717.899999999998,25600,25850,98.8,104.9,203.7,0.7920553388884785
2026-02-04 12:56:00+05:30,2026-02-10,Tuesday,Wednesday,25715.85,25720.6,25714.7,25717.55,0,25717.175,25600,25850,97.9,105.75,203.65,0.7918832453409056
2026-02-04 12:57:00+05:30,2026-02-10,Tuesday,Wednesday,25718.05,25719.9,25713.3,25714.3,0,25716.3875,25600,25850,99.2,104.4,203.60000000000002,0.7917130662306282
2026-02-04 12:58:00+05:30,2026-02-10,Tuesday,Wednesday,25715.35,25715.45,25709.15,25710.45,0,25712.600000000002,25600,25850,100.45,102.85,203.3,0.7906629434596267
2026-02-04 12:59:00+05:30,2026-02-10,Tuesday,Wednesday,25710.7,25713.15,25701.25,25705.15,0,25707.5625,25600,25850,101.9,102.2,204.10000000000002,0.7939298017849807
2026-02-04 13:00:00+05:30,2026-02-10,Tuesday,Wednesday,25704.55,25711.25,25704.5,25708.95,0,25707.3125,25600,25850,101.2,103.65,204.85000000000002,0.7968549804651887
2026-02-04 13:01:00+05:30,2026-02-10,Tuesday,Wednesday,25709.5,25709.65,25702.65,25706.95,0,25707.1875,25600,25850,102.3,102.95,205.25,0.7984148402076268
2026-02-04 13:02:00+05:30,2026-02-10,Tuesday,Wednesday,25708.2,25712.4,25706.7,25711.15,0,25709.612500000003,25600,25850,100.6,104.3,204.89999999999998,0.7969781730471432
2026-02-04 13:03:00+05:30,2026-02-10,Tuesday,Wednesday,25711.2,25716.65,25709.25,25710.35,0,25711.862500000003,25600,25850,101.0,103.35,204.35,0.7947693404163155
2026-02-04 13:04:00+05:30,2026-02-10,Tuesday,Wednesday,25709.6,25718.25,25709.35,25717.1,0,25713.574999999997,25600,25850,98.95,105.55,204.5,0.7952997589794496
2026-02-04 13:05:00+05:30,2026-02-10,Tuesday,Wednesday,25717.2,25720.5,25715.6,25718.25,0,25717.887499999997,25600,25850,97.9,106.15,204.05,0.7934166443491909
2026-02-04 13:06:00+05:30,2026-02-10,Tuesday,Wednesday,25718.3,25721.5,25717.2,25721.0,0,25719.5,25600,25850,97.5,106.2,203.7,0.7920060654367308
2026-02-04 13:07:00+05:30,2026-02-10,Tuesday,Wednesday,25720.95,25725.35,25719.1,25723.95,0,25722.337499999998,25600,25850,95.1,107.9,203.0,0.7891973270314178
2026-02-04 13:08:00+05:30,2026-02-10,Tuesday,Wednesday,25723.65,25733.7,25722.65,25733.05,0,25728.2625,25600,25850,92.5,110.5,203.0,0.7890155816001955
2026-02-04 13:09:00+05:30,2026-02-10,Tuesday,Wednesday,25732.35,25738.1,25732.3,25733.9,0,25734.1625,25600,25850,93.15,109.9,203.05,0.7890289804457403
2026-02-04 13:10:00+05:30,2026-02-10,Tuesday,Wednesday,25734.15,25735.6,25730.25,25731.15,0,25732.7875,25600,25850,93.55,109.55,203.1,0.7892654458830004
2026-02-04 13:11:00+05:30,2026-02-10,Tuesday,Wednesday,25731.3,25733.75,25728.8,25731.9,0,25731.4375,25600,25850,92.3,110.05,202.35,0.7863921321923814
2026-02-04 13:12:00+05:30,2026-02-10,Tuesday,Wednesday,25732.0,25738.65,25732.0,25738.25,0,25735.225,25600,25850,89.55,112.85,202.39999999999998,0.7864706836641218
2026-02-04 13:13:00+05:30,2026-02-10,Tuesday,Wednesday,25739.4,25739.6,25734.45,25737.7,0,25737.7875,25600,25850,89.35,112.9,202.25,0.7858095805632089
2026-02-04 13:14:00+05:30,2026-02-10,Tuesday,Wednesday,25738.3,25740.95,25734.4,25736.75,0,25737.6,25600,25850,90.65,112.25,202.9,0.7883407932363546
2026-02-04 13:15:00+05:30,2026-02-10,Tuesday,Wednesday,25735.9,25744.0,25735.9,25737.85,0,25738.4125,25600,25850,90.0,112.7,202.7,0.7875388585057451
2026-02-04 13:16:00+05:30,2026-02-10,Tuesday,Wednesday,25737.5,25740.0,25734.25,25734.85,0,25736.65,25600,25850,90.55,111.25,201.8,0.7840958322081546
2026-02-04 13:17:00+05:30,2026-02-10,Tuesday,Wednesday,25734.55,25736.05,25731.65,25734.25,0,25734.125,25600,25850,90.25,112.05,202.3,0.786115712113779
2026-02-04 13:18:00+05:30,2026-02-10,Tuesday,Wednesday,25734.05,25737.7,25731.95,25732.15,0,25733.9625,25600,25850,90.3,111.75,202.05,0.7851491972913228
2026-02-04 13:19:00+05:30,2026-02-10,Tuesday,Wednesday,25732.05,25735.2,25727.85,25734.7,0,25732.45,25600,25850,90.0,112.65,202.65,0.7875270329875314
2026-02-04 13:20:00+05:30,2026-02-10,Tuesday,Wednesday,25736.95,25740.8,25734.6,25737.15,0,25737.375,25600,25850,88.5,114.2,202.7,0.7875706050053668
2026-02-04 13:21:00+05:30,2026-02-10,Tuesday,Wednesday,25736.7,25740.1,25735.2,25736.4,0,25737.1,25600,25850,89.25,112.6,201.85,0.7842763947764123
2026-02-04 13:22:00+05:30,2026-02-10,Tuesday,Wednesday,25736.1,25745.0,25734.8,25744.35,0,25740.0625,25600,25850,87.15,115.05,202.2,0.7855458781422927
2026-02-04 13:23:00+05:30,2026-02-10,Tuesday,Wednesday,25743.6,25751.3,25742.75,25751.05,0,25747.175,25600,25900,84.85,98.85,183.7,0.7134763328403989
2026-02-04 13:24:00+05:30,2026-02-10,Tuesday,Wednesday,25750.65,25752.2,25747.35,25750.6,0,25750.200000000004,25600,25900,84.6,99.5,184.1,0.7149459033327895
2026-02-04 13:25:00+05:30,2026-02-10,Tuesday,Wednesday,25750.55,25754.4,25748.75,25753.05,0,25751.6875,25600,25900,83.0,103.55,186.55,0.7244185453865888
2026-02-04 13:26:00+05:30,2026-02-10,Tuesday,Wednesday,25754.4,25756.5,25752.05,25752.65,0,25753.9,25650,25900,101.05,100.2,201.25,0.7814350447893328
2026-02-04 13:27:00+05:30,2026-02-10,Tuesday,Wednesday,25752.45,25757.4,25751.1,25755.6,0,25754.137500000004,25650,25900,99.85,101.3,201.14999999999998,0.7810395514118846
2026-02-04 13:28:00+05:30,2026-02-10,Tuesday,Wednesday,25754.9,25757.5,25753.45,25756.35,0,25755.550000000003,25650,25900,98.6,101.75,200.35,0.7778905905717407
2026-02-04 13:29:00+05:30,2026-02-10,Tuesday,Wednesday,25756.1,25759.25,25755.65,25757.25,0,25757.0625,25650,25900,97.55,103.9,201.45,0.7821155848031971
2026-02-04 13:30:00+05:30,2026-02-10,Tuesday,Wednesday,25757.95,25763.85,25757.5,25762.75,0,25760.5125,25650,25900,98.55,103.35,201.89999999999998,0.7837576989200038
2026-02-04 13:31:00+05:30,2026-02-10,Tuesday,Wednesday,25763.2,25764.15,25757.85,25763.55,0,25762.187500000004,25650,25900,98.65,103.3,201.95,0.7839008236392967
2026-02-04 13:32:00+05:30,2026-02-10,Tuesday,Wednesday,25763.4,25768.9,25762.4,25767.5,0,25765.550000000003,25650,25900,97.6,103.75,201.35,0.7814698308400169
2026-02-04 13:33:00+05:30,2026-02-10,Tuesday,Wednesday,25767.1,25767.1,25757.25,25757.55,0,25762.25,25650,25900,100.5,99.1,199.6,0.7747770478122059
2026-02-04 13:34:00+05:30,2026-02-10,Tuesday,Wednesday,25757.3,25765.25,25757.05,25765.15,0,25761.1875,25650,25900,98.4,103.05,201.45,0.7819903488532894
2026-02-04 13:35:00+05:30,2026-02-10,Tuesday,Wednesday,25764.35,25770.15,25760.2,25760.2,0,25763.725,25650,25900,99.1,101.25,200.35,0.7776437607527639
2026-02-04 13:36:00+05:30,2026-02-10,Tuesday,Wednesday,25760.35,25764.75,25757.45,25764.65,0,25761.800000000003,25650,25900,96.7,104.2,200.9,0.7798368126450791
2026-02-04 13:37:00+05:30,2026-02-10,Tuesday,Wednesday,25764.45,25766.35,25762.3,25766.2,0,25764.825,25650,25900,97.45,103.85,201.3,0.7812977576987229
2026-02-04 13:38:00+05:30,2026-02-10,Tuesday,Wednesday,25765.9,25767.9,25762.75,25763.75,0,25765.075,25650,25900,97.9,102.25,200.15,0.7768267703470687
2026-02-04 13:39:00+05:30,2026-02-10,Tuesday,Wednesday,25764.05,25772.5,25763.55,25770.9,0,25767.75,25650,25900,96.35,105.5,201.85,0.7833435204858786
2026-02-04 13:40:00+05:30,2026-02-10,Tuesday,Wednesday,25771.5,25772.4,25767.95,25771.15,0,25770.75,25650,25900,97.35,104.3,201.64999999999998,0.7824762569967889
2026-02-04 13:41:00+05:30,2026-02-10,Tuesday,Wednesday,25770.9,25772.45,25767.25,25771.5,0,25770.525,25650,25900,96.95,105.3,202.25,0.7848113299981276
2026-02-04 13:42:00+05:30,2026-02-10,Tuesday,Wednesday,25771.0,25772.7,25767.85,25772.05,0,25770.899999999998,25650,25900,96.8,106.8,203.6,0.7900383766185893
2026-02-04 13:43:00+05:30,2026-02-10,Tuesday,Wednesday,25772.6,25772.6,25767.85,25769.5,0,25770.637499999997,25650,25900,98.0,104.25,202.25,0.7848079039565864
2026-02-04 13:44:00+05:30,2026-02-10,Tuesday,Wednesday,25769.5,25772.2,25768.65,25771.35,0,25770.425000000003,25650,25900,97.1,105.65,202.75,0.7867545839853243
2026-02-04 13:45:00+05:30,2026-02-10,Tuesday,Wednesday,25770.2,25772.55,25765.0,25766.15,0,25768.475,25650,25900,98.45,103.5,201.95,0.7837095520786543
2026-02-04 13:46:00+05:30,2026-02-10,Tuesday,Wednesday,25766.5,25770.7,25765.4,25767.35,0,25767.487500000003,25650,25900,98.95,102.9,201.85000000000002,0.783351500607112
2026-02-04 13:47:00+05:30,2026-02-10,Tuesday,Wednesday,25767.95,25769.5,25763.15,25764.75,0,25766.3375,25650,25900,98.95,102.6,201.55,0.7822221532260842
2026-02-04 13:48:00+05:30,2026-02-10,Tuesday,Wednesday,25764.45,25771.05,25762.45,25769.5,0,25766.8625,25650,25900,97.1,104.45,201.55,0.7822062154443523
2026-02-04 13:49:00+05:30,2026-02-10,Tuesday,Wednesday,25769.55,25771.35,25762.55,25764.4,0,25766.9625,25650,25900,98.95,102.3,201.25,0.7810388981627151
2026-02-04 13:50:00+05:30,2026-02-10,Tuesday,Wednesday,25764.5,25766.4,25761.0,25762.8,0,25763.675,25650,25900,99.75,101.5,201.25,0.7811385603955958
2026-02-04 13:51:00+05:30,2026-02-10,Tuesday,Wednesday,25762.15,25774.55,25762.15,25773.1,0,25767.987500000003,25650,25900,95.45,108.0,203.45,0.7895455553135453
2026-02-04 13:52:00+05:30,2026-02-10,Tuesday,Wednesday,25773.8,25783.5,25773.65,25781.0,0,25777.987500000003,25650,25900,95.5,107.75,203.25,0.7884634128246045
2026-02-04 13:53:00+05:30,2026-02-10,Tuesday,Wednesday,25780.9,25785.7,25779.25,25785.7,0,25782.8875,25650,25900,93.8,110.6,204.39999999999998,0.792773889270548
2026-02-04 13:54:00+05:30,2026-02-10,Tuesday,Wednesday,25785.65,25787.1,25781.5,25786.25,0,25785.125,25650,25900,92.4,114.35,206.75,0.8018188781322565
2026-02-04 13:55:00+05:30,2026-02-10,Tuesday,Wednesday,25786.75,25788.25,25779.05,25783.6,0,25784.4125,25650,25900,95.3,110.6,205.89999999999998,0.7985444694541712
2026-02-04 13:56:00+05:30,2026-02-10,Tuesday,Wednesday,25783.15,25784.35,25779.25,25780.9,0,25781.9125,25650,25900,96.35,108.9,205.25,0.7961007547442417
2026-02-04 13:57:00+05:30,2026-02-10,Tuesday,Wednesday,25780.9,25784.45,25778.8,25782.6,0,25781.6875,25650,25900,95.55,110.25,205.8,0.7982409995466745
2026-02-04 13:58:00+05:30,2026-02-10,Tuesday,Wednesday,25782.7,25783.35,25775.45,25779.4,0,25780.225,25650,25900,95.15,109.9,205.05,0.7953770768098417
2026-02-04 13:59:00+05:30,2026-02-10,Tuesday,Wednesday,25779.35,25779.5,25772.6,25775.1,0,25776.637499999997,25650,25900,96.1,106.7,202.8,0.786758940144928
2026-02-04 14:00:00+05:30,2026-02-10,Tuesday,Wednesday,25774.95,25775.8,25762.6,25765.85,0,25769.800000000003,25650,25900,98.05,103.05,201.1,0.7803708216594618
2026-02-04 14:01:00+05:30,2026-02-10,Tuesday,Wednesday,25766.1,25768.65,25764.6,25767.35,0,25766.675000000003,25650,25900,97.45,104.05,201.5,0.782017858338338
2026-02-04 14:02:00+05:30,2026-02-10,Tuesday,Wednesday,25767.15,25767.15,25760.05,25761.4,0,25763.9375,25650,25900,99.7,101.7,201.4,0.781712810784454
2026-02-04 14:03:00+05:30,2026-02-10,Tuesday,Wednesday,25761.0,25763.55,25755.25,25761.4,0,25760.300000000003,25650,25900,99.2,101.9,201.10000000000002,0.7806586103422709
2026-02-04 14:04:00+05:30,2026-02-10,Tuesday,Wednesday,25758.9,25770.1,25758.9,25766.2,0,25763.524999999998,25650,25900,98.35,103.9,202.25,0.7850245647674379
2026-02-04 14:05:00+05:30,2026-02-10,Tuesday,Wednesday,25765.6,25767.55,25763.55,25765.0,0,25765.425,25650,25900,98.3,102.85,201.14999999999998,0.7806973880694767
2026-02-04 14:06:00+05:30,2026-02-10,Tuesday,Wednesday,25764.85,25765.25,25758.7,25760.0,0,25762.2,25650,25900,100.65,99.65,200.3,0.7774957107700429
2026-02-04 14:07:00+05:30,2026-02-10,Tuesday,Wednesday,25759.75,25764.25,25757.1,25760.7,0,25760.45,25650,25900,98.9,101.55,200.45,0.7781308168141472
2026-02-04 14:08:00+05:30,2026-02-10,Tuesday,Wednesday,25760.85,25764.0,25760.7,25763.15,0,25762.175000000003,25650,25900,97.35,102.9,200.25,0.7773023822716831
2026-02-04 14:09:00+05:30,2026-02-10,Tuesday,Wednesday,25763.3,25767.9,25762.6,25766.55,0,25765.087499999998,25650,25900,96.1,104.7,200.8,0.7793491871510237
2026-02-04 14:10:00+05:30,2026-02-10,Tuesday,Wednesday,25766.75,25777.0,25765.25,25775.55,0,25771.1375,25650,25900,93.0,109.2,202.2,0.7845986619721382
2026-02-04 14:11:00+05:30,2026-02-10,Tuesday,Wednesday,25776.55,25781.4,25775.65,25780.75,0,25778.5875,25650,25900,91.1,111.9,203.0,0.787475264112124
2026-02-04 14:12:00+05:30,2026-02-10,Tuesday,Wednesday,25780.05,25787.65,25779.85,25786.75,0,25783.574999999997,25650,25900,88.6,114.3,202.89999999999998,0.7869350933685496
2026-02-04 14:13:00+05:30,2026-02-10,Tuesday,Wednesday,25786.05,25791.7,25786.05,25789.05,0,25788.2125,25650,25900,88.25,116.25,204.5,0.7929979637014392
2026-02-04 14:14:00+05:30,2026-02-10,Tuesday,Wednesday,25788.75,25791.15,25787.55,25790.9,0,25789.5875,25650,25900,87.05,118.5,205.55,0.7970270947528727
2026-02-04 14:15:00+05:30,2026-02-10,Tuesday,Wednesday,25789.95,25797.75,25789.95,25796.75,0,25793.6,25650,25900,86.55,119.85,206.39999999999998,0.8001984988524286
2026-02-04 14:16:00+05:30,2026-02-10,Tuesday,Wednesday,25796.1,25798.75,25794.9,25797.5,0,25796.8125,25650,25950,87.6,100.5,188.1,0.729159852598068
2026-02-04 14:17:00+05:30,2026-02-10,Tuesday,Wednesday,25797.0,25805.25,25796.1,25803.25,0,25800.4,25650,25950,86.2,106.9,193.10000000000002,0.7484380087130432
2026-02-04 14:18:00+05:30,2026-02-10,Tuesday,Wednesday,25803.35,25813.9,25802.7,25809.3,0,25807.3125,25700,25950,101.15,107.9,209.05,0.8100417275142463
2026-02-04 14:19:00+05:30,2026-02-10,Tuesday,Wednesday,25807.95,25808.9,25802.85,25806.2,0,25806.475000000002,25700,25950,100.9,105.4,206.3,0.7994117755330784
2026-02-04 14:20:00+05:30,2026-02-10,Tuesday,Wednesday,25806.2,25811.1,25806.2,25810.35,0,25808.4625,25700,25950,99.4,107.25,206.65,0.8007063574593023
2026-02-04 14:21:00+05:30,2026-02-10,Tuesday,Wednesday,25810.75,25818.55,25810.75,25816.4,0,25814.112500000003,25700,25950,97.1,109.75,206.85,0.8013058748388113
2026-02-04 14:22:00+05:30,2026-02-10,Tuesday,Wednesday,25816.1,25816.9,25806.8,25807.6,0,25811.85,25700,25950,101.55,104.4,205.95,0.7978893415233701
2026-02-04 14:23:00+05:30,2026-02-10,Tuesday,Wednesday,25808.1,25809.2,25804.85,25806.35,0,25807.125,25700,25950,101.75,103.4,205.15,0.7949355071516102
2026-02-04 14:24:00+05:30,2026-02-10,Tuesday,Wednesday,25805.65,25807.0,25799.75,25801.0,0,25803.35,25650,25950,87.05,101.75,188.8,0.731687939744258
2026-02-04 14:25:00+05:30,2026-02-10,Tuesday,Wednesday,25801.25,25801.25,25794.7,25794.95,0,25798.0375,25650,25950,87.95,99.4,187.35000000000002,0.7262180311196154
2026-02-04 14:26:00+05:30,2026-02-10,Tuesday,Wednesday,25794.2,25797.0,25788.35,25796.45,0,25793.999999999996,25650,25900,87.9,119.25,207.15,0.8030937427308679
2026-02-04 14:27:00+05:30,2026-02-10,Tuesday,Wednesday,25796.55,25798.6,25794.3,25797.3,0,25796.6875,25650,25950,87.15,100.45,187.60000000000002,0.727225152454167
2026-02-04 14:28:00+05:30,2026-02-10,Tuesday,Wednesday,25797.05,25797.5,25791.4,25795.4,0,25795.3375,25650,25900,87.5,119.5,207.0,0.8024706015185883
2026-02-04 14:29:00+05:30,2026-02-10,Tuesday,Wednesday,25794.9,25799.75,25794.55,25798.2,0,25796.85,25650,25950,87.0,101.3,188.3,0.729934081099049
2026-02-04 14:30:00+05:30,2026-02-10,Tuesday,Wednesday,25797.75,25803.2,25793.15,25795.6,0,25797.425000000003,25650,25950,88.55,99.6,188.14999999999998,0.7293363581830355
2026-02-04 14:31:00+05:30,2026-02-10,Tuesday,Wednesday,25795.45,25800.45,25794.5,25799.7,0,25797.524999999998,25650,25950,87.15,101.05,188.2,0.7295273480692431
2026-02-04 14:32:00+05:30,2026-02-10,Tuesday,Wednesday,25799.65,25801.6,25795.85,25799.0,0,25799.025,25650,25950,87.2,101.2,188.4,0.730260155180283
2026-02-04 14:33:00+05:30,2026-02-10,Tuesday,Wednesday,25798.8,25802.9,25797.3,25802.1,0,25800.275,25650,25950,87.05,101.4,188.45,0.7304185711198814
2026-02-04 14:34:00+05:30,2026-02-10,Tuesday,Wednesday,25802.55,25804.05,25797.1,25799.2,0,25800.725,25650,25950,87.85,100.0,187.85,0.7280803155725275
2026-02-04 14:35:00+05:30,2026-02-10,Tuesday,Wednesday,25799.4,25800.7,25796.7,25797.95,0,25798.6875,25650,25950,88.1,98.65,186.75,0.723874034289535
2026-02-04 14:36:00+05:30,2026-02-10,Tuesday,Wednesday,25797.8,25806.4,25795.85,25805.2,0,25801.312499999996,25650,25950,87.25,101.15,188.4,0.7301954115706324
2026-02-04 14:37:00+05:30,2026-02-10,Tuesday,Wednesday,25805.55,25810.7,25802.45,25809.05,0,25806.9375,25700,25950,102.25,102.65,204.9,0.7939725509855635
2026-02-04 14:38:00+05:30,2026-02-10,Tuesday,Wednesday,25809.15,25812.15,25805.1,25810.35,0,25809.1875,25700,25950,100.6,104.45,205.05,0.7944845222268234
2026-02-04 14:39:00+05:30,2026-02-10,Tuesday,Wednesday,25810.3,25815.7,25810.3,25811.5,0,25811.95,25700,25950,101.0,104.0,205.0,0.7942057845300335
2026-02-04 14:40:00+05:30,2026-02-10,Tuesday,Wednesday,25811.45,25813.25,25806.45,25809.85,0,25810.25,25700,25950,101.2,104.9,206.10000000000002,0.7985199678422332
2026-02-04 14:41:00+05:30,2026-02-10,Tuesday,Wednesday,25809.25,25812.75,25808.2,25810.85,0,25810.262499999997,25700,25950,103.55,102.2,205.75,0.7971635313666415
2026-02-04 14:42:00+05:30,2026-02-10,Tuesday,Wednesday,25810.35,25812.4,25806.9,25808.8,0,25809.6125,25700,25950,103.15,102.25,205.4,0.7958275235631687
2026-02-04 14:43:00+05:30,2026-02-10,Tuesday,Wednesday,25807.55,25809.6,25803.9,25807.2,0,25807.062499999996,25700,25950,103.9,101.7,205.60000000000002,0.7966811410636141
2026-02-04 14:44:00+05:30,2026-02-10,Tuesday,Wednesday,25807.55,25813.1,25806.85,25809.35,0,25809.2125,25700,25950,103.95,103.6,207.55,0.80417021635201
2026-02-04 14:45:00+05:30,2026-02-10,Tuesday,Wednesday,25809.7,25812.65,25804.5,25805.5,0,25808.0875,25700,25950,104.8,101.7,206.5,0.8001367788295044
2026-02-04 14:46:00+05:30,2026-02-10,Tuesday,Wednesday,25803.85,25811.05,25795.65,25798.0,0,25802.137499999997,25650,25950,89.5,100.35,189.85,0.7357917536870735
2026-02-04 14:47:00+05:30,2026-02-10,Tuesday,Wednesday,25798.1,25799.65,25784.95,25784.95,0,25791.9125,25650,25900,94.4,112.45,206.85000000000002,0.8019955867948918
2026-02-04 14:48:00+05:30,2026-02-10,Tuesday,Wednesday,25784.2,25796.95,25782.25,25796.2,0,25789.899999999998,25650,25900,90.75,117.1,207.85,0.8059356569819969
2026-02-04 14:49:00+05:30,2026-02-10,Tuesday,Wednesday,25795.8,25798.6,25792.3,25795.05,0,25795.4375,25650,25900,91.3,116.75,208.05,0.8065379778885317
2026-02-04 14:50:00+05:30,2026-02-10,Tuesday,Wednesday,25795.25,25797.95,25792.3,25796.15,0,25795.4125,25650,25900,91.55,117.55,209.1,0.8106092507727876
2026-02-04 14:51:00+05:30,2026-02-10,Tuesday,Wednesday,25795.35,25799.55,25792.35,25799.15,0,25796.6,25650,25950,91.55,98.65,190.2,0.7373064667436794
2026-02-04 14:52:00+05:30,2026-02-10,Tuesday,Wednesday,25798.0,25799.25,25794.15,25798.05,0,25797.3625,25650,25950,91.7,99.25,190.95,0.7401919479171563
2026-02-04 14:53:00+05:30,2026-02-10,Tuesday,Wednesday,25797.45,25798.45,25793.05,25797.2,0,25796.5375,25650,25950,91.9,98.5,190.4,0.738083550941672
2026-02-04 14:54:00+05:30,2026-02-10,Tuesday,Wednesday,25796.4,25796.65,25791.5,25795.65,0,25795.050000000003,25650,25900,92.2,117.8,210.0,0.8141096838346891
2026-02-04 14:55:00+05:30,2026-02-10,Tuesday,Wednesday,25795.3,25798.7,25793.65,25793.95,0,25795.399999999998,25650,25900,92.4,117.3,209.7,0.8129356396876962
2026-02-04 14:56:00+05:30,2026-02-10,Tuesday,Wednesday,25794.65,25794.75,25786.6,25790.85,0,25791.7125,25650,25900,93.05,115.8,208.85,0.8097562346819739
2026-02-04 14:57:00+05:30,2026-02-10,Tuesday,Wednesday,25790.35,25791.0,25782.9,25787.5,0,25787.9375,25650,25900,93.25,115.3,208.55,0.8087114372756643
2026-02-04 14:58:00+05:30,2026-02-10,Tuesday,Wednesday,25787.7,25791.05,25785.3,25785.9,0,25787.487500000003,25650,25900,93.7,115.15,208.85000000000002,0.8098889044541466
2026-02-04 14:59:00+05:30,2026-02-10,Tuesday,Wednesday,25786.25,25786.3,25779.85,25782.65,0,25783.762499999997,25650,25900,94.6,115.35,209.95,0.8142721606282248
2026-02-04 15:00:00+05:30,2026-02-10,Tuesday,Wednesday,25784.8,25810.0,25784.8,25806.05,0,25796.412500000002,25650,25950,89.55,102.55,192.1,0.7446771910629045
2026-02-04 15:01:00+05:30,2026-02-10,Tuesday,Wednesday,25806.6,25812.4,25795.25,25796.15,0,25802.6,25650,25950,93.0,97.7,190.7,0.7390728066163875
2026-02-04 15:02:00+05:30,2026-02-10,Tuesday,Wednesday,25796.5,25797.05,25790.9,25790.9,0,25793.8375,25650,25900,94.15,115.85,210.0,0.8141479529752018
2026-02-04 15:03:00+05:30,2026-02-10,Tuesday,Wednesday,25791.55,25797.55,25787.1,25797.35,0,25793.387499999997,25650,25900,93.2,117.6,210.8,0.8172637269920442
2026-02-04 15:04:00+05:30,2026-02-10,Tuesday,Wednesday,25796.95,25798.7,25788.65,25789.9,0,25793.550000000003,25650,25900,94.65,115.85,210.5,0.8160954967424026
2026-02-04 15:05:00+05:30,2026-02-10,Tuesday,Wednesday,25790.05,25794.35,25788.85,25791.6,0,25791.2125,25650,25900,94.3,116.9,211.2,0.8188835635393256
2026-02-04 15:06:00+05:30,2026-02-10,Tuesday,Wednesday,25792.9,25796.55,25791.6,25793.9,0,25793.737499999996,25650,25900,94.7,116.75,211.45,0.8197726289181629
2026-02-04 15:07:00+05:30,2026-02-10,Tuesday,Wednesday,25794.35,25796.55,25788.05,25788.05,0,25791.75,25650,25900,97.25,115.5,212.75,0.8248761716440335
2026-02-04 15:08:00+05:30,2026-02-10,Tuesday,Wednesday,25788.6,25789.45,25784.1,25784.35,0,25786.625,25650,25900,98.0,113.0,211.0,0.8182536489362218
2026-02-04 15:09:00+05:30,2026-02-10,Tuesday,Wednesday,25784.65,25785.4,25780.2,25784.65,0,25783.725,25650,25900,98.25,113.4,211.65,0.8208666513469253
2026-02-04 15:10:00+05:30,2026-02-10,Tuesday,Wednesday,25785.45,25785.45,25781.4,25782.2,0,25783.625,25650,25900,100.85,112.8,213.64999999999998,0.8286266962073796
2026-02-04 15:11:00+05:30,2026-02-10,Tuesday,Wednesday,25782.1,25789.3,25780.35,25785.15,0,25784.225,25650,25900,100.35,113.25,213.6,0.8284134970122237
2026-02-04 15:12:00+05:30,2026-02-10,Tuesday,Wednesday,25784.45,25786.4,25781.0,25782.1,0,25783.487500000003,25650,25900,100.6,112.6,213.2,0.8268858120919443
2026-02-04 15:13:00+05:30,2026-02-10,Tuesday,Wednesday,25782.75,25785.55,25781.35,25781.8,0,25782.8625,25650,25900,100.45,112.7,213.15,0.8267119292902408
2026-02-04 15:14:00+05:30,2026-02-10,Tuesday,Wednesday,25782.2,25785.3,25781.3,25783.1,0,25782.975,25650,25900,99.45,114.7,214.15,0.830586850431341
2026-02-04 15:15:00+05:30,2026-02-10,Tuesday,Wednesday,25783.0,25790.0,25781.6,25788.45,0,25785.7625,25650,25900,98.15,116.8,214.95,0.8335995493637234
2026-02-04 15:16:00+05:30,2026-02-10,Tuesday,Wednesday,25788.05,25790.0,25786.05,25787.25,0,25787.8375,25650,25900,96.7,115.75,212.45,0.8238379817617509
2026-02-04 15:17:00+05:30,2026-02-10,Tuesday,Wednesday,25788.2,25790.25,25782.15,25782.8,0,25785.850000000002,25650,25900,98.35,113.1,211.45,0.8200233849184726
2026-02-04 15:18:00+05:30,2026-02-10,Tuesday,Wednesday,25783.0,25784.0,25778.4,25779.5,0,25781.225,25650,25900,98.7,112.45,211.15,0.8190068547945258
2026-02-04 15:19:00+05:30,2026-02-10,Tuesday,Wednesday,25780.0,25781.0,25768.95,25768.95,0,25774.725,25650,25900,103.15,108.0,211.15,0.8192133960692114
2026-02-04 15:20:00+05:30,2026-02-10,Tuesday,Wednesday,25770.1,25771.45,25766.55,25766.85,0,25768.737500000003,25650,25900,104.25,107.6,211.85,0.8221202144652991
2026-02-04 15:21:00+05:30,2026-02-10,Tuesday,Wednesday,25766.6,25767.85,25761.3,25761.3,0,25764.2625,25650,25900,108.8,105.75,214.55,0.8327426410905416
2026-02-04 15:22:00+05:30,2026-02-10,Tuesday,Wednesday,25762.6,25762.75,25755.9,25758.15,0,25759.85,25650,25900,106.65,106.9,213.55,0.829003274475589
2026-02-04 15:23:00+05:30,2026-02-10,Tuesday,Wednesday,25758.85,25761.95,25757.65,25758.85,0,25759.325000000004,25650,25900,109.0,104.05,213.05,0.8270791257146682
2026-02-04 15:24:00+05:30,2026-02-10,Tuesday,Wednesday,25759.35,25763.2,25757.5,25759.7,0,25759.9375,25650,25900,110.0,105.85,215.85,0.8379290516523962
2026-02-04 15:25:00+05:30,2026-02-10,Tuesday,Wednesday,25760.85,25764.6,25756.5,25761.15,0,25760.775,25650,25900,108.75,105.65,214.4,0.8322730973738174
2026-02-04 15:26:00+05:30,2026-02-10,Tuesday,Wednesday,25761.0,25763.35,25754.75,25755.35,0,25758.612500000003,25650,25900,109.6,104.9,214.5,0.8327311884520177
2026-02-04 15:27:00+05:30,2026-02-10,Tuesday,Wednesday,25756.05,25757.05,25748.25,25753.9,0,25753.8125,25650,25900,111.0,105.85,216.85,0.8420112556150667
2026-02-04 15:28:00+05:30,2026-02-10,Tuesday,Wednesday,25751.6,25755.3,25742.45,25745.05,0,25748.6,25600,25900,97.65,106.15,203.8,0.7914993436536356
2026-02-04 15:29:00+05:30,2026-02-10,Tuesday,Wednesday,25745.5,25750.35,25737.5,25737.5,0,25742.7125,25600,25850,94.4,125.75,220.15,0.8551934843696054
