strike_distance_pct,max_total_premium_pct,target_multiplier,window_start,window_finish,expiry_limit,limit_one_trade,results_folder,total_trades,total_profitable,profit_rate,total_pnl,avg_pnl_pct,win_rate,target_hit_rate
0.0025,0.005,1.5,09:30,10:00,10000,0,RV_IV_Analysis_20260303_024641,11,11,100.0,735.3299999999999,63.74688846659146,50.0,50.0
0.0025,0.005,1.5,10:00,10:30,10000,0,RV_IV_Analysis_20260303_024801,27,27,100.0,1831.4599999999998,74.75114962696314,50.0,50.0
0.0025,0.005,1.5,10:30,11:00,10000,0,RV_IV_Analysis_20260303_024930,23,23,100.0,1516.4799999999998,68.70762993908842,50.0,50.0
0.0025,0.005,1.5,11:00,11:30,10000,0,RV_IV_Analysis_20260303_025236,13,13,100.0,832.87,64.45809539764261,50.0,50.0
0.0025,0.005,1.5,11:30,12:00,10000,0,RV_IV_Analysis_20260303_025405,36,23,63.888888888888886,120.99999999999994,19.497284021442656,31.944444444444443,31.944444444444443
0.0025,0.005,1.5,12:00,12:30,10000,0,RV_IV_Analysis_20260303_025536,14,6,42.857142857142854,-490.5900000000001,-6.503788588529582,21.428571428571427,21.428571428571427
0.0025,0.005,1.5,12:30,13:00,10000,0,RV_IV_Analysis_20260303_025706,19,2,10.526315789473683,-1824.7500000000002,-76.31311054944958,5.263157894736842,5.263157894736842
0.0025,0.005,1.5,13:00,13:30,10000,0,RV_IV_Analysis_20260303_025834,42,36,85.71428571428571,1488.7800000000002,52.51553589751242,42.857142857142854,42.857142857142854
0.0025,0.005,1.5,13:30,14:00,10000,0,RV_IV_Analysis_20260303_030001,23,23,100.0,1333.3,54.22720398729242,50.0,50.0
0.0025,0.005,1.5,14:00,14:30,10000,0,RV_IV_Analysis_20260303_030135,28,28,100.0,1716.3199999999997,49.41602135360419,50.0,50.0
0.0025,0.005,1.5,14:30,15:00,10000,0,RV_IV_Analysis_20260303_030303,60,59,98.33333333333333,3698.05,70.03082740026497,50.0,49.166666666666664
0.0025,0.005,1.5,15:00,15:30,10000,0,RV_IV_Analysis_20260303_030432,53,53,100.0,3517.9899999999993,79.44406113604565,50.0,50.0
0.0025,0.005,2,09:30,10:00,10000,0,RV_IV_Analysis_20260303_030558,11,11,100.0,1468.7800000000004,119.27435093945205,50.0,50.0
0.0025,0.005,2,10:00,10:30,10000,0,RV_IV_Analysis_20260303_030726,27,27,100.0,3538.710000000001,131.1927692284104,50.0,50.0
0.0025,0.005,2,10:30,11:00,10000,0,RV_IV_Analysis_20260303_030854,23,23,100.0,2935.38,123.35288711891941,50.0,50.0
0.0025,0.005,2,11:00,11:30,10000,0,RV_IV_Analysis_20260303_031022,13,13,100.0,1659.37,121.1398219410774,50.0,50.0
0.0025,0.005,2,11:30,12:00,10000,0,RV_IV_Analysis_20260303_031148,36,9,25.0,40.299999999999784,16.931330901257184,30.555555555555557,12.5
0.0025,0.005,2,12:00,12:30,10000,0,RV_IV_Analysis_20260303_031316,14,0,0.0,-720.9900000000001,-24.5058241637868,21.428571428571427,0.0
0.0025,0.005,2,12:30,13:00,10000,0,RV_IV_Analysis_20260303_031443,19,0,0.0,-1901.5500000000002,-80.86103850888304,5.263157894736842,0.0
0.0025,0.005,2,13:00,13:30,10000,0,RV_IV_Analysis_20260303_031611,42,0,0.0,49.02999999999994,21.653986512999463,35.714285714285715,0.0
0.0025,0.005,2,13:30,14:00,10000,0,RV_IV_Analysis_20260303_031739,23,5,21.73913043478261,51.40000000000005,10.275568903692132,30.434782608695656,10.869565217391305
0.0025,0.005,2,14:00,14:30,10000,0,RV_IV_Analysis_20260303_031909,28,1,3.571428571428571,-1325.63,-36.76200084387556,19.642857142857142,1.7857142857142856
0.0025,0.005,2,14:30,15:00,10000,0,RV_IV_Analysis_20260303_032041,60,18,30.0,1554.61,36.43895629961901,40.0,15.0
0.0025,0.005,2,15:00,15:30,10000,0,RV_IV_Analysis_20260303_032208,53,24,45.28301886792453,3376.5599999999995,71.23151245032399,49.056603773584904,22.641509433962266
0.0025,0.005,2.5,09:30,10:00,10000,0,RV_IV_Analysis_20260303_032336,11,0,0.0,888.83,75.37506445742456,50.0,0.0
0.0025,0.005,2.5,10:00,10:30,10000,0,RV_IV_Analysis_20260303_032512,27,0,0.0,2232.66,88.01930656756916,50.0,0.0
0.0025,0.005,2.5,10:30,11:00,10000,0,RV_IV_Analysis_20260303_032638,23,0,0.0,1976.9799999999993,86.38758586081335,50.0,0.0
0.0025,0.005,2.5,11:00,11:30,10000,0,RV_IV_Analysis_20260303_032802,13,0,0.0,1169.9199999999998,87.60728392705748,50.0,0.0
0.0025,0.005,2.5,11:30,12:00,10000,0,RV_IV_Analysis_20260303_032929,36,0,0.0,-298.55000000000024,8.370400061506555,30.555555555555557,0.0
0.0025,0.005,2.5,12:00,12:30,10000,0,RV_IV_Analysis_20260303_033051,14,0,0.0,-720.9900000000001,-24.5058241637868,21.428571428571427,0.0
0.0025,0.005,2.5,12:30,13:00,10000,0,RV_IV_Analysis_20260303_033215,19,0,0.0,-1901.5500000000002,-80.86103850888304,5.263157894736842,0.0
0.0025,0.005,2.5,13:00,13:30,10000,0,RV_IV_Analysis_20260303_033343,42,0,0.0,49.02999999999994,21.653986512999463,35.714285714285715,0.0
0.0025,0.005,2.5,13:30,14:00,10000,0,RV_IV_Analysis_20260303_033512,23,0,0.0,-247.34999999999997,-2.7571815002028557,30.434782608695656,0.0
0.0025,0.005,2.5,14:00,14:30,10000,0,RV_IV_Analysis_20260303_033641,28,0,0.0,-1383.5300000000002,-38.65045485561724,19.642857142857142,0.0
0.0025,0.005,2.5,14:30,15:00,10000,0,RV_IV_Analysis_20260303_033810,60,10,16.666666666666664,686.5499999999997,25.559857438254948,33.33333333333333,8.333333333333332
0.0025,0.005,2.5,15:00,15:30,10000,0,RV_IV_Analysis_20260303_033938,53,13,24.528301886792452,2626.1399999999994,64.56602918258385,49.056603773584904,12.264150943396226
0.0025,0.0055,1.5,09:30,10:00,10000,0,RV_IV_Analysis_20260303_034101,26,26,100.0,1891.54,67.4633135903094,50.0,50.0
0.0025,0.0055,1.5,10:00,10:30,10000,0,RV_IV_Analysis_20260303_034228,39,38,97.43589743589743,2481.3700000000003,60.36181670681937,48.717948717948715,48.717948717948715
0.0025,0.0055,1.5,10:30,11:00,10000,0,RV_IV_Analysis_20260303_034353,74,60,81.08108108108108,2474.2999999999993,32.153084249558354,40.54054054054054,40.54054054054054
0.0025,0.0055,1.5,11:00,11:30,10000,0,RV_IV_Analysis_20260303_034520,37,35,94.5945945945946,2290.81,68.29391679873136,47.2972972972973,47.2972972972973
0.0025,0.0055,1.5,11:30,12:00,10000,0,RV_IV_Analysis_20260303_034647,85,72,84.70588235294117,3695.3,44.54120303786135,42.35294117647059,42.35294117647059
0.0025,0.0055,1.5,12:00,12:30,10000,0,RV_IV_Analysis_20260303_034814,80,72,90.0,4609.51,50.56826207840133,45.0,45.0
0.0025,0.0055,1.5,12:30,13:00,10000,0,RV_IV_Analysis_20260303_034941,90,44,48.888888888888886,-2531.55,-6.5960228055310886,24.444444444444443,24.444444444444443
0.0025,0.0055,1.5,13:00,13:30,10000,0,RV_IV_Analysis_20260303_035109,55,49,89.0909090909091,2380.49,53.91689030201003,44.54545454545455,44.54545454545455
0.0025,0.0055,1.5,13:30,14:00,10000,0,RV_IV_Analysis_20260303_035238,98,91,92.85714285714286,5069.18,57.53525058151571,46.42857142857143,46.42857142857143
0.0025,0.0055,1.5,14:00,14:30,10000,0,RV_IV_Analysis_20260303_035406,93,68,73.11827956989248,997.1399999999996,17.355382174908236,36.55913978494624,36.55913978494624
0.0025,0.0055,1.5,14:30,15:00,10000,0,RV_IV_Analysis_20260303_035539,108,78,72.22222222222221,1010.039999999999,20.126957582790048,36.574074074074076,36.11111111111111
0.0025,0.0055,1.5,15:00,15:30,10000,0,RV_IV_Analysis_20260303_035710,119,91,76.47058823529412,2278.45,23.614608646463335,38.23529411764706,38.23529411764706
0.0025,0.0055,2,09:30,10:00,10000,0,RV_IV_Analysis_20260303_035837,26,19,73.07692307692307,3059.1699999999996,104.2623808421233,50.0,36.53846153846153
0.0025,0.0055,2,10:00,10:30,10000,0,RV_IV_Analysis_20260303_040007,39,38,97.43589743589743,4951.770000000001,112.43053690217039,48.717948717948715,48.717948717948715
0.0025,0.0055,2,10:30,11:00,10000,0,RV_IV_Analysis_20260303_040143,74,59,79.72972972972973,6198.379999999999,72.43739954110232,39.86486486486486,39.86486486486486
0.0025,0.0055,2,11:00,11:30,10000,0,RV_IV_Analysis_20260303_040306,37,28,75.67567567567568,3971.98,108.58887617887244,45.94594594594595,37.83783783783784
0.0025,0.0055,2,11:30,12:00,10000,0,RV_IV_Analysis_20260303_040432,85,27,31.76470588235294,1010.1299999999992,27.241957243881604,28.823529411764703,15.88235294117647
0.0025,0.0055,2,12:00,12:30,10000,0,RV_IV_Analysis_20260303_040558,80,26,32.5,1532.9099999999999,31.41408039404618,30.0,16.25
0.0025,0.0055,2,12:30,13:00,10000,0,RV_IV_Analysis_20260303_040723,90,37,41.11111111111111,-294.2800000000002,15.448066370886409,24.444444444444443,20.555555555555554
0.0025,0.0055,2,13:00,13:30,10000,0,RV_IV_Analysis_20260303_040851,55,7,12.727272727272727,368.28999999999996,26.65287647283847,33.63636363636363,6.363636363636363
0.0025,0.0055,2,13:30,14:00,10000,0,RV_IV_Analysis_20260303_041019,98,34,34.69387755102041,1168.829999999999,34.93208229617956,30.612244897959183,17.346938775510203
0.0025,0.0055,2,14:00,14:30,10000,0,RV_IV_Analysis_20260303_041149,93,7,7.526881720430108,-4838.31,-28.187870996752736,19.892473118279568,3.763440860215054
0.0025,0.0055,2,14:30,15:00,10000,0,RV_IV_Analysis_20260303_041321,108,36,33.33333333333333,27.39999999999941,9.193393413289835,31.01851851851852,16.666666666666664
0.0025,0.0055,2,15:00,15:30,10000,0,RV_IV_Analysis_20260303_041451,119,61,51.26050420168067,4604.120000000001,33.72600514266961,37.81512605042017,25.630252100840334
0.0025,0.0055,2.5,09:30,10:00,10000,0,RV_IV_Analysis_20260303_041618,26,0,0.0,2020.1399999999999,71.61226474724516,50.0,0.0
0.0025,0.0055,2.5,10:00,10:30,10000,0,RV_IV_Analysis_20260303_041746,39,1,2.564102564102564,1865.0199999999993,54.421122750044596,37.17948717948718,1.282051282051282
0.0025,0.0055,2.5,10:30,11:00,10000,0,RV_IV_Analysis_20260303_041910,74,22,29.72972972972973,3916.85,57.49171887479199,30.405405405405407,14.864864864864865
0.0025,0.0055,2.5,11:00,11:30,10000,0,RV_IV_Analysis_20260303_042038,37,15,40.54054054054054,4458.91,119.19492540094521,45.94594594594595,20.27027027027027
0.0025,0.0055,2.5,11:30,12:00,10000,0,RV_IV_Analysis_20260303_042201,85,18,21.176470588235293,1856.0499999999997,36.28936737527891,28.823529411764703,10.588235294117647
0.0025,0.0055,2.5,12:00,12:30,10000,0,RV_IV_Analysis_20260303_042329,80,17,21.25,2198.8600000000006,38.54734642426514,30.0,10.625
0.0025,0.0055,2.5,12:30,13:00,10000,0,RV_IV_Analysis_20260303_042453,90,13,14.444444444444443,-836.7500000000007,11.116235820707741,24.444444444444443,7.222222222222221
0.0025,0.0055,2.5,13:00,13:30,10000,0,RV_IV_Analysis_20260303_042621,55,6,10.909090909090908,807.6399999999996,34.39195967324192,33.63636363636363,5.454545454545454
0.0025,0.0055,2.5,13:30,14:00,10000,0,RV_IV_Analysis_20260303_042750,98,29,29.591836734693878,3250.9799999999996,56.12473376594877,30.612244897959183,14.795918367346939
0.0025,0.0055,2.5,14:00,14:30,10000,0,RV_IV_Analysis_20260303_042918,93,6,6.451612903225806,-4403.61,-23.18968948816121,19.892473118279568,3.225806451612903
0.0025,0.0055,2.5,14:30,15:00,10000,0,RV_IV_Analysis_20260303_043049,108,14,12.962962962962962,-2710.3600000000006,-6.602846911777698,26.38888888888889,6.481481481481481
0.0025,0.0055,2.5,15:00,15:30,10000,0,RV_IV_Analysis_20260303_043218,119,23,19.327731092436977,1144.2999999999997,16.455276641911258,35.294117647058826,9.663865546218489
0.0025,0.0065,1.5,09:30,10:00,10000,0,RV_IV_Analysis_20260303_043344,141,86,60.99290780141844,474.40000000000055,9.12415755021138,39.361702127659576,30.49645390070922
0.0025,0.0065,1.5,10:00,10:30,10000,0,RV_IV_Analysis_20260303_043509,174,120,68.96551724137932,3555.0099999999993,16.283425514482396,41.95402298850575,34.48275862068966
0.0025,0.0065,1.5,10:30,11:00,10000,0,RV_IV_Analysis_20260303_043637,201,117,58.2089552238806,-813.7000000000007,0.20795708137848123,36.318407960199,29.1044776119403
0.0025,0.0065,1.5,11:00,11:30,10000,0,RV_IV_Analysis_20260303_043805,192,130,67.70833333333334,3788.67,16.742584377506745,41.92708333333333,33.85416666666667
0.0025,0.0065,1.5,11:30,12:00,10000,0,RV_IV_Analysis_20260303_043932,178,116,65.1685393258427,2997.5900000000006,19.10955081844243,41.29213483146067,32.58426966292135
0.0025,0.0065,1.5,12:00,12:30,10000,0,RV_IV_Analysis_20260303_044055,195,133,68.2051282051282,4747.4299999999985,24.275797090002662,42.05128205128205,34.1025641025641
0.0025,0.0065,1.5,12:30,13:00,10000,0,RV_IV_Analysis_20260303_044223,254,167,65.74803149606299,4729.67,16.788607984693193,38.976377952755904,32.874015748031496
0.0025,0.0065,1.5,13:00,13:30,10000,0,RV_IV_Analysis_20260303_044351,280,200,71.42857142857143,8600.289999999997,32.165224676862884,43.392857142857146,35.714285714285715
0.0025,0.0065,1.5,13:30,14:00,10000,0,RV_IV_Analysis_20260303_044518,270,176,65.18518518518519,2857.3500000000004,20.34314520434785,39.44444444444444,32.592592592592595
0.0025,0.0065,1.5,14:00,14:30,10000,0,RV_IV_Analysis_20260303_044648,255,207,81.17647058823529,11303.75,30.916368036363636,42.94117647058823,40.588235294117645
0.0025,0.0065,1.5,14:30,15:00,10000,0,RV_IV_Analysis_20260303_044820,266,211,79.32330827067669,10741.039999999999,28.6721829136218,44.17293233082707,39.661654135338345
0.0025,0.0065,1.5,15:00,15:30,10000,0,RV_IV_Analysis_20260303_044949,305,209,68.52459016393443,9393.990000000002,17.707959434419,43.278688524590166,34.26229508196722
0.0025,0.0065,2,09:30,10:00,10000,0,RV_IV_Analysis_20260303_045113,141,68,48.226950354609926,4337.480000000001,29.12561599265289,37.94326241134752,24.113475177304963
0.0025,0.0065,2,10:00,10:30,10000,0,RV_IV_Analysis_20260303_045242,174,100,57.47126436781609,7615.280000000001,33.80910126875258,37.06896551724138,28.735632183908045
0.0025,0.0065,2,10:30,11:00,10000,0,RV_IV_Analysis_20260303_045407,201,90,44.776119402985074,2113.0299999999997,14.072710553319105,31.592039800995025,22.388059701492537
0.0025,0.0065,2,11:00,11:30,10000,0,RV_IV_Analysis_20260303_045536,192,70,36.45833333333333,1358.1900000000005,14.119607415493666,30.989583333333332,18.229166666666664
0.0025,0.0065,2,11:30,12:00,10000,0,RV_IV_Analysis_20260303_045658,178,56,31.46067415730337,-347.630000000001,9.725257102723534,30.61797752808989,15.730337078651685
0.0025,0.0065,2,12:00,12:30,10000,0,RV_IV_Analysis_20260303_045824,195,66,33.84615384615385,519.5799999999995,15.123722748152437,30.512820512820515,16.923076923076923
0.0025,0.0065,2,12:30,13:00,10000,0,RV_IV_Analysis_20260303_045952,254,129,50.78740157480315,7068.739999999998,26.62623333120815,32.874015748031496,25.393700787401574
0.0025,0.0065,2,13:00,13:30,10000,0,RV_IV_Analysis_20260303_050130,280,128,45.714285714285715,11050.24,40.017020954755964,37.32142857142857,22.857142857142858
0.0025,0.0065,2,13:30,14:00,10000,0,RV_IV_Analysis_20260303_050258,270,112,41.48148148148148,4229.999999999998,26.357125547231778,33.51851851851852,20.74074074074074
0.0025,0.0065,2,14:00,14:30,10000,0,RV_IV_Analysis_20260303_050427,255,107,41.96078431372549,5751.450000000001,15.414709439816274,31.56862745098039,20.980392156862745
0.0025,0.0065,2,14:30,15:00,10000,0,RV_IV_Analysis_20260303_050554,266,106,39.849624060150376,5777.749999999998,14.317456169514058,36.09022556390977,19.924812030075188
0.0025,0.0065,2,15:00,15:30,10000,0,RV_IV_Analysis_20260303_050722,305,123,40.32786885245901,12438.21,22.781425964034636,39.34426229508197,20.163934426229506
0.0025,0.0065,2.5,09:30,10:00,10000,0,RV_IV_Analysis_20260303_050849,141,31,21.98581560283688,2615.3099999999995,24.453341597166435,37.94326241134752,10.99290780141844
0.0025,0.0065,2.5,10:00,10:30,10000,0,RV_IV_Analysis_20260303_051014,174,41,23.563218390804597,3601.3599999999988,21.35958292976733,34.48275862068966,11.781609195402298
0.0025,0.0065,2.5,10:30,11:00,10000,0,RV_IV_Analysis_20260303_051142,201,53,26.368159203980102,2251.1000000000004,16.09617847078988,28.109452736318406,13.184079601990051
0.0025,0.0065,2.5,11:00,11:30,10000,0,RV_IV_Analysis_20260303_051309,192,57,29.6875,5197.669999999999,27.239814317439336,30.989583333333332,14.84375
0.0025,0.0065,2.5,11:30,12:00,10000,0,RV_IV_Analysis_20260303_051435,178,37,20.786516853932586,1348.539999999999,17.87594441362452,30.61797752808989,10.393258426966293
0.0025,0.0065,2.5,12:00,12:30,10000,0,RV_IV_Analysis_20260303_051559,195,31,15.897435897435896,2217.73,22.90257141892687,30.512820512820515,7.948717948717948
0.0025,0.0065,2.5,12:30,13:00,10000,0,RV_IV_Analysis_20260303_051725,254,50,19.68503937007874,8946.719999999998,31.9900830141444,32.874015748031496,9.84251968503937
0.0025,0.0065,2.5,13:00,13:30,10000,0,RV_IV_Analysis_20260303_051853,280,81,28.92857142857143,17560.739999999998,57.999546562652554,37.32142857142857,14.464285714285715
0.0025,0.0065,2.5,13:30,14:00,10000,0,RV_IV_Analysis_20260303_052022,270,78,28.888888888888886,9152.050000000001,42.70584551909341,33.51851851851852,14.444444444444443
0.0025,0.0065,2.5,14:00,14:30,10000,0,RV_IV_Analysis_20260303_052154,255,76,29.80392156862745,11495.05,31.08250435366477,31.56862745098039,14.901960784313726
0.0025,0.0065,2.5,14:30,15:00,10000,0,RV_IV_Analysis_20260303_052323,266,56,21.052631578947366,3796.5899999999974,10.277770688836474,34.21052631578947,10.526315789473683
0.0025,0.0065,2.5,15:00,15:30,10000,0,RV_IV_Analysis_20260303_052453,305,61,20.0,8550.94,15.296987109341675,37.868852459016395,10.0
0.0025,0.0075,1.5,09:30,10:00,10000,0,RV_IV_Analysis_20260303_052616,363,212,58.40220385674931,1762.9300000000003,1.756136725438318,36.91460055096419,29.201101928374655
0.0025,0.0075,1.5,10:00,10:30,10000,0,RV_IV_Analysis_20260303_052744,403,271,67.24565756823822,7405.159999999998,13.517051809531718,39.826302729528535,33.62282878411911
0.0025,0.0075,1.5,10:30,11:00,10000,0,RV_IV_Analysis_20260303_052912,398,266,66.83417085427136,7316.120000000001,10.31233201572295,38.44221105527638,33.41708542713568
0.0025,0.0075,1.5,11:00,11:30,10000,0,RV_IV_Analysis_20260303_053040,394,287,72.84263959390863,14409.559999999998,19.780010335008402,42.89340101522843,36.421319796954315
0.0025,0.0075,1.5,11:30,12:00,10000,0,RV_IV_Analysis_20260303_053206,419,320,76.37231503579952,20638.449999999997,27.662700076405674,44.1527446300716,38.18615751789976
0.0025,0.0075,1.5,12:00,12:30,10000,0,RV_IV_Analysis_20260303_053333,446,321,71.97309417040358,17688.879999999997,24.064797251801156,42.937219730941706,35.98654708520179
0.0025,0.0075,1.5,12:30,13:00,10000,0,RV_IV_Analysis_20260303_053500,505,343,67.92079207920793,13908.019999999995,18.62045583160894,40.099009900990104,33.960396039603964
0.0025,0.0075,1.5,13:00,13:30,10000,0,RV_IV_Analysis_20260303_053625,518,366,70.65637065637065,15642.739999999996,22.186491794854476,41.312741312741316,35.32818532818533
0.0025,0.0075,1.5,13:30,14:00,10000,0,RV_IV_Analysis_20260303_053755,538,359,66.72862453531599,12022.309999999998,17.17865740102884,39.12639405204461,33.36431226765799
0.0025,0.0075,1.5,14:00,14:30,10000,0,RV_IV_Analysis_20260303_053925,523,359,68.64244741873804,12763.529999999997,18.580186485209417,40.05736137667304,34.32122370936902
0.0025,0.0075,1.5,14:30,15:00,10000,0,RV_IV_Analysis_20260303_054056,521,332,63.72360844529751,7242.789999999999,10.646752463909444,37.90786948176583,31.861804222648754
0.0025,0.0075,1.5,15:00,15:30,10000,0,RV_IV_Analysis_20260303_054226,490,294,60.0,4807.3499999999985,7.432497265423426,37.244897959183675,30.0
0.0025,0.0075,2,09:30,10:00,10000,0,RV_IV_Analysis_20260303_054353,363,149,41.04683195592286,8507.109999999997,13.865592363815406,36.36363636363637,20.52341597796143
0.0025,0.0075,2,10:00,10:30,10000,0,RV_IV_Analysis_20260303_054518,403,224,55.58312655086849,21906.179999999997,36.436024075005456,37.71712158808933,27.791563275434246
0.0025,0.0075,2,10:30,11:00,10000,0,RV_IV_Analysis_20260303_054646,398,189,47.48743718592965,16454.729999999996,26.285002135887133,35.427135678391956,23.743718592964825
0.0025,0.0075,2,11:00,11:30,10000,0,RV_IV_Analysis_20260303_054810,394,169,42.89340101522843,14726.739999999998,22.598691442604544,35.025380710659896,21.446700507614214
0.0025,0.0075,2,11:30,12:00,10000,0,RV_IV_Analysis_20260303_054935,419,207,49.40334128878281,23700.38,32.26906601675525,36.754176610978526,24.701670644391406
0.0025,0.0075,2,12:00,12:30,10000,0,RV_IV_Analysis_20260303_055058,446,205,45.964125560538115,20326.73,28.699799366234178,35.98654708520179,22.982062780269057
0.0025,0.0075,2,12:30,13:00,10000,0,RV_IV_Analysis_20260303_055222,505,233,46.13861386138614,21444.04,30.219403780078235,36.43564356435643,23.06930693069307
0.0025,0.0075,2,13:00,13:30,10000,0,RV_IV_Analysis_20260303_055351,518,203,39.189189189189186,17036.739999999998,25.722815762547068,35.907335907335906,19.594594594594593
0.0025,0.0075,2,13:30,14:00,10000,0,RV_IV_Analysis_20260303_055521,538,221,41.07806691449814,17932.61,24.80013440249187,35.78066914498142,20.53903345724907
0.0025,0.0075,2,14:00,14:30,10000,0,RV_IV_Analysis_20260303_055650,523,201,38.4321223709369,12363.76,17.554761818516294,34.41682600382409,19.21606118546845
0.0025,0.0075,2,14:30,15:00,10000,0,RV_IV_Analysis_20260303_055818,521,186,35.70057581573896,9291.629999999996,11.027253850086803,33.78119001919386,17.85028790786948
0.0025,0.0075,2,15:00,15:30,10000,0,RV_IV_Analysis_20260303_055948,490,169,34.48979591836735,12406.070000000002,15.93649987491503,34.79591836734694,17.244897959183675
0.0025,0.0075,2.5,09:30,10:00,10000,0,RV_IV_Analysis_20260303_060114,363,88,24.242424242424242,12460.439999999999,20.20026752484685,36.36363636363637,12.121212121212121
0.0025,0.0075,2.5,10:00,10:30,10000,0,RV_IV_Analysis_20260303_060240,403,127,31.5136476426799,21017.86,35.05438361209919,36.60049627791563,15.75682382133995
0.0025,0.0075,2.5,10:30,11:00,10000,0,RV_IV_Analysis_20260303_060405,398,133,33.41708542713568,24215.000000000004,37.90321005943554,33.66834170854271,16.70854271356784
0.0025,0.0075,2.5,11:00,11:30,10000,0,RV_IV_Analysis_20260303_060530,394,104,26.39593908629442,22151.72,33.384558424485476,35.025380710659896,13.19796954314721
0.0025,0.0075,2.5,11:30,12:00,10000,0,RV_IV_Analysis_20260303_060651,419,112,26.730310262529834,29818.449999999997,41.654036559493235,36.754176610978526,13.365155131264917
0.0025,0.0075,2.5,12:00,12:30,10000,0,RV_IV_Analysis_20260303_060815,446,125,28.02690582959641,27678.53,39.444148549399934,35.98654708520179,14.013452914798204
0.0025,0.0075,2.5,12:30,13:00,10000,0,RV_IV_Analysis_20260303_060942,505,123,24.356435643564357,26622.42,37.426092543901895,36.43564356435643,12.178217821782178
0.0025,0.0075,2.5,13:00,13:30,10000,0,RV_IV_Analysis_20260303_061106,518,127,24.517374517374517,28872.089999999997,41.16752014190297,35.907335907335906,12.258687258687258
0.0025,0.0075,2.5,13:30,14:00,10000,0,RV_IV_Analysis_20260303_061232,538,134,24.907063197026023,30115.059999999998,40.177025201917424,35.78066914498142,12.453531598513012
0.0025,0.0075,2.5,14:00,14:30,10000,0,RV_IV_Analysis_20260303_061403,523,124,23.709369024856596,20518.76,29.220015182690133,34.41682600382409,11.854684512428298
0.0025,0.0075,2.5,14:30,15:00,10000,0,RV_IV_Analysis_20260303_061533,521,98,18.809980806142036,10720.119999999999,12.797794292565817,32.82149712092131,9.404990403071018
0.0025,0.0075,2.5,15:00,15:30,10000,0,RV_IV_Analysis_20260303_061703,490,72,14.69387755102041,8322.150000000001,11.053590220793003,33.87755102040816,7.346938775510205
0.00375,0.005,1.5,09:30,10:00,10000,0,RV_IV_Analysis_20260303_061828,80,78,97.5,5116.8099999999995,68.91721883407459,48.75,48.75
0.00375,0.005,1.5,10:00,10:30,10000,0,RV_IV_Analysis_20260303_061956,101,87,86.13861386138613,3876.38,36.18107975953928,43.06930693069307,43.06930693069307
0.00375,0.005,1.5,10:30,11:00,10000,0,RV_IV_Analysis_20260303_062120,113,90,79.64601769911505,3246.06,28.490863066718703,41.150442477876105,39.823008849557525
0.00375,0.005,1.5,11:00,11:30,10000,0,RV_IV_Analysis_20260303_062248,135,89,65.92592592592592,1745.8399999999992,19.597219079907585,39.25925925925926,32.96296296296296
0.00375,0.005,1.5,11:30,12:00,10000,0,RV_IV_Analysis_20260303_062416,124,82,66.12903225806451,1251.7799999999997,14.807257307060738,37.5,33.064516129032256
0.00375,0.005,1.5,12:00,12:30,10000,0,RV_IV_Analysis_20260303_062543,130,91,70.0,1873.2999999999997,25.492370877521132,38.07692307692307,35.0
0.00375,0.005,1.5,12:30,13:00,10000,0,RV_IV_Analysis_20260303_062708,148,77,52.02702702702703,-1752.5600000000006,1.5715479776899668,34.45945945945946,26.013513513513516
0.00375,0.005,1.5,13:00,13:30,10000,0,RV_IV_Analysis_20260303_062835,153,87,56.86274509803921,-863.2100000000005,11.303967811359039,38.56209150326798,28.431372549019606
0.00375,0.005,1.5,13:30,14:00,10000,0,RV_IV_Analysis_20260303_063002,119,80,67.22689075630252,296.82000000000016,20.54621667543618,36.97478991596639,33.61344537815126
0.00375,0.005,1.5,14:00,14:30,10000,0,RV_IV_Analysis_20260303_063130,137,104,75.91240875912408,2307.6899999999987,26.82062322234263,37.95620437956204,37.95620437956204
0.00375,0.005,1.5,14:30,15:00,10000,0,RV_IV_Analysis_20260303_063254,160,135,84.375,5254.19,35.9130954026209,42.1875,42.1875
0.00375,0.005,1.5,15:00,15:30,10000,0,RV_IV_Analysis_20260303_063419,170,144,84.70588235294117,5816.610000000001,31.413436329474088,42.94117647058823,42.35294117647059
0.00375,0.005,2,09:30,10:00,10000,0,RV_IV_Analysis_20260303_063546,80,48,60.0,7466.82,89.62227422853013,48.75,30.0
0.00375,0.005,2,10:00,10:30,10000,0,RV_IV_Analysis_20260303_063710,101,73,72.27722772277228,8427.26,71.65991379213503,43.06930693069307,36.13861386138614
0.00375,0.005,2,10:30,11:00,10000,0,RV_IV_Analysis_20260303_063837,113,71,62.83185840707964,4938.37,48.25541324718387,33.6283185840708,31.41592920353982
0.00375,0.005,2,11:00,11:30,10000,0,RV_IV_Analysis_20260303_064000,135,84,62.22222222222222,5626.4699999999975,48.12185263115572,37.407407407407405,31.11111111111111
0.00375,0.005,2,11:30,12:00,10000,0,RV_IV_Analysis_20260303_064128,124,80,64.51612903225806,5219.5,44.730800010403556,36.693548387096776,32.25806451612903
0.00375,0.005,2,12:00,12:30,10000,0,RV_IV_Analysis_20260303_064251,130,67,51.53846153846153,1204.3599999999994,31.114807037122485,28.846153846153843,25.769230769230766
0.00375,0.005,2,12:30,13:00,10000,0,RV_IV_Analysis_20260303_064417,148,62,41.891891891891895,-1053.0100000000011,13.955640047419896,29.39189189189189,20.945945945945947
0.00375,0.005,2,13:00,13:30,10000,0,RV_IV_Analysis_20260303_064543,153,49,32.02614379084967,-2506.46,5.743340911492325,29.73856209150327,16.013071895424837
0.00375,0.005,2,13:30,14:00,10000,0,RV_IV_Analysis_20260303_064708,119,18,15.126050420168067,-4721.68,-19.285477277209157,23.949579831932773,7.563025210084033
0.00375,0.005,2,14:00,14:30,10000,0,RV_IV_Analysis_20260303_064836,137,38,27.73722627737226,-2515.310000000001,-3.3933056705770905,25.18248175182482,13.86861313868613
0.00375,0.005,2,14:30,15:00,10000,0,RV_IV_Analysis_20260303_065002,160,94,58.75,7713.53,48.05417061029728,39.0625,29.375
0.00375,0.005,2,15:00,15:30,10000,0,RV_IV_Analysis_20260303_065129,170,110,64.70588235294117,9718.989999999998,49.22026830167833,41.76470588235294,32.35294117647059
0.00375,0.005,2.5,09:30,10:00,10000,0,RV_IV_Analysis_20260303_065255,80,27,33.75,5625.750000000001,79.38732611811278,46.875,16.875
0.00375,0.005,2.5,10:00,10:30,10000,0,RV_IV_Analysis_20260303_065425,101,35,34.65346534653465,5106.96,55.21288284368805,35.148514851485146,17.326732673267326
0.00375,0.005,2.5,10:30,11:00,10000,0,RV_IV_Analysis_20260303_065551,113,39,34.51327433628318,3633.2699999999995,41.02419754661319,28.761061946902654,17.25663716814159
0.00375,0.005,2.5,11:00,11:30,10000,0,RV_IV_Analysis_20260303_065715,135,27,20.0,26.73999999999978,17.082327673524958,27.77777777777778,10.0
0.00375,0.005,2.5,11:30,12:00,10000,0,RV_IV_Analysis_20260303_065843,124,25,20.161290322580644,199.2400000000007,16.508080329151454,27.016129032258064,10.080645161290322
0.00375,0.005,2.5,12:00,12:30,10000,0,RV_IV_Analysis_20260303_070007,130,31,23.846153846153847,900.8600000000006,32.482902375073174,26.923076923076923,11.923076923076923
0.00375,0.005,2.5,12:30,13:00,10000,0,RV_IV_Analysis_20260303_070135,148,31,20.945945945945947,-314.7100000000005,17.9984747050228,29.39189189189189,10.472972972972974
0.00375,0.005,2.5,13:00,13:30,10000,0,RV_IV_Analysis_20260303_070259,153,29,18.954248366013072,-1545.64,12.751459321420596,29.73856209150327,9.477124183006536
0.00375,0.005,2.5,13:30,14:00,10000,0,RV_IV_Analysis_20260303_070425,119,18,15.126050420168067,-3617.7100000000005,-9.32499975753172,23.949579831932773,7.563025210084033
0.00375,0.005,2.5,14:00,14:30,10000,0,RV_IV_Analysis_20260303_070553,137,31,22.62773722627737,-2351.920000000002,3.145082184970734,22.62773722627737,11.313868613138686
0.00375,0.005,2.5,14:30,15:00,10000,0,RV_IV_Analysis_20260303_070719,160,31,19.375,-427.5999999999999,12.156845883700612,26.875,9.6875
0.00375,0.005,2.5,15:00,15:30,10000,0,RV_IV_Analysis_20260303_070850,170,57,33.52941176470588,2762.4299999999994,17.411950921205484,30.58823529411765,16.76470588235294
0.00375,0.0055,1.5,09:30,10:00,10000,0,RV_IV_Analysis_20260303_071015,149,90,60.40268456375839,-701.2400000000007,6.6732378740559195,32.88590604026846,30.201342281879196
0.00375,0.0055,1.5,10:00,10:30,10000,0,RV_IV_Analysis_20260303_071143,142,90,63.38028169014085,-520.3700000000008,3.759909585466678,31.690140845070424,31.690140845070424
0.00375,0.0055,1.5,10:30,11:00,10000,0,RV_IV_Analysis_20260303_071306,158,109,68.9873417721519,1472.8599999999997,10.02588920116139,35.44303797468354,34.49367088607595
0.00375,0.0055,1.5,11:00,11:30,10000,0,RV_IV_Analysis_20260303_071433,172,124,72.09302325581395,3968.35,23.451611696961614,40.98837209302326,36.04651162790697
0.00375,0.0055,1.5,11:30,12:00,10000,0,RV_IV_Analysis_20260303_071558,174,131,75.28735632183908,4718.639999999999,22.328270254926306,40.804597701149426,37.64367816091954
0.00375,0.0055,1.5,12:00,12:30,10000,0,RV_IV_Analysis_20260303_071726,157,118,75.15923566878982,3719.099999999999,27.916712246998493,40.12738853503185,37.57961783439491
0.00375,0.0055,1.5,12:30,13:00,10000,0,RV_IV_Analysis_20260303_071854,174,100,57.47126436781609,-400.96000000000095,5.040823842154848,36.49425287356322,28.735632183908045
0.00375,0.0055,1.5,13:00,13:30,10000,0,RV_IV_Analysis_20260303_072022,231,165,71.42857142857143,4572.04,20.218761243202692,42.42424242424242,35.714285714285715
0.00375,0.0055,1.5,13:30,14:00,10000,0,RV_IV_Analysis_20260303_072150,236,182,77.11864406779661,7355.1799999999985,33.84699327859535,40.25423728813559,38.559322033898304
0.00375,0.0055,1.5,14:00,14:30,10000,0,RV_IV_Analysis_20260303_072314,207,143,69.08212560386472,2071.5899999999992,14.690521693775688,34.54106280193236,34.54106280193236
0.00375,0.0055,1.5,14:30,15:00,10000,0,RV_IV_Analysis_20260303_072441,232,177,76.29310344827587,5457.15,28.711813189195645,38.793103448275865,38.146551724137936
0.00375,0.0055,1.5,15:00,15:30,10000,0,RV_IV_Analysis_20260303_072609,240,203,84.58333333333333,9272.46,37.89824287634565,44.375,42.291666666666664
0.00375,0.0055,2,09:30,10:00,10000,0,RV_IV_Analysis_20260303_072733,149,59,39.59731543624161,2420.2200000000003,21.30553085323426,32.88590604026846,19.798657718120804
0.00375,0.0055,2,10:00,10:30,10000,0,RV_IV_Analysis_20260303_072857,142,76,53.52112676056338,4184.11,30.051932318190026,31.690140845070424,26.76056338028169
0.00375,0.0055,2,10:30,11:00,10000,0,RV_IV_Analysis_20260303_073021,158,74,46.835443037974684,251.86999999999898,11.790437644660502,25.0,23.417721518987342
0.00375,0.0055,2,11:00,11:30,10000,0,RV_IV_Analysis_20260303_073147,172,96,55.81395348837209,4027.029999999999,30.97452981119367,32.848837209302324,27.906976744186046
0.00375,0.0055,2,11:30,12:00,10000,0,RV_IV_Analysis_20260303_073316,174,98,56.32183908045977,3544.8099999999977,24.792348154266254,31.321839080459768,28.160919540229884
0.00375,0.0055,2,12:00,12:30,10000,0,RV_IV_Analysis_20260303_073442,157,68,43.31210191082803,-2101.09,9.876634480085176,24.203821656050955,21.656050955414013
0.00375,0.0055,2,12:30,13:00,10000,0,RV_IV_Analysis_20260303_073607,174,66,37.93103448275862,-3307.310000000001,1.8021134850313365,26.72413793103448,18.96551724137931
0.00375,0.0055,2,13:00,13:30,10000,0,RV_IV_Analysis_20260303_073735,231,101,43.722943722943725,1238.2399999999993,11.520362440195345,30.952380952380953,21.861471861471863
0.00375,0.0055,2,13:30,14:00,10000,0,RV_IV_Analysis_20260303_073859,236,110,46.61016949152542,5042.679999999999,23.44051438428678,31.56779661016949,23.30508474576271
0.00375,0.0055,2,14:00,14:30,10000,0,RV_IV_Analysis_20260303_074025,207,75,36.231884057971016,-998.4600000000014,0.4703656583803844,25.60386473429952,18.115942028985508
0.00375,0.0055,2,14:30,15:00,10000,0,RV_IV_Analysis_20260303_074154,232,136,58.620689655172406,10746.289999999999,47.21488074545173,36.637931034482754,29.310344827586203
0.00375,0.0055,2,15:00,15:30,10000,0,RV_IV_Analysis_20260303_074320,240,167,69.58333333333333,16889.19,64.01326241545102,43.125,34.791666666666664
0.00375,0.0055,2.5,09:30,10:00,10000,0,RV_IV_Analysis_20260303_074445,149,29,19.463087248322147,-1000.8500000000004,9.936999499408948,28.859060402684566,9.731543624161073
0.00375,0.0055,2.5,10:00,10:30,10000,0,RV_IV_Analysis_20260303_074611,142,38,26.76056338028169,1064.3599999999988,19.733879967746084,26.056338028169012,13.380281690140844
0.00375,0.0055,2.5,10:30,11:00,10000,0,RV_IV_Analysis_20260303_074737,158,39,24.68354430379747,-1665.9799999999996,4.437593619726578,20.569620253164558,12.341772151898734
0.00375,0.0055,2.5,11:00,11:30,10000,0,RV_IV_Analysis_20260303_074904,172,39,22.674418604651162,-812.1999999999998,9.86514612637174,25.290697674418606,11.337209302325581
0.00375,0.0055,2.5,11:30,12:00,10000,0,RV_IV_Analysis_20260303_075033,174,43,24.71264367816092,-162.15000000000146,10.194114726948666,24.42528735632184,12.35632183908046
0.00375,0.0055,2.5,12:00,12:30,10000,0,RV_IV_Analysis_20260303_075157,157,32,20.382165605095544,-2343.2899999999995,11.239126311059692,22.611464968152866,10.191082802547772
0.00375,0.0055,2.5,12:30,13:00,10000,0,RV_IV_Analysis_20260303_075324,174,35,20.114942528735632,-2266.01,6.342170037929244,26.72413793103448,10.057471264367816
0.00375,0.0055,2.5,13:00,13:30,10000,0,RV_IV_Analysis_20260303_075452,231,80,34.63203463203463,5851.96,26.92953205903293,30.952380952380953,17.316017316017316
0.00375,0.0055,2.5,13:30,14:00,10000,0,RV_IV_Analysis_20260303_075619,236,103,43.64406779661017,11940.249999999998,47.64202826614594,31.56779661016949,21.822033898305087
0.00375,0.0055,2.5,14:00,14:30,10000,0,RV_IV_Analysis_20260303_075747,207,63,30.434782608695656,677.6299999999992,9.832260823297574,23.67149758454106,15.217391304347828
0.00375,0.0055,2.5,14:30,15:00,10000,0,RV_IV_Analysis_20260303_075915,232,70,30.17241379310345,4861.909999999998,30.865710672676133,28.01724137931034,15.086206896551724
0.00375,0.0055,2.5,15:00,15:30,10000,0,RV_IV_Analysis_20260303_080043,240,107,44.583333333333336,12864.179999999997,52.684797103918875,35.208333333333336,22.291666666666668
0.00375,0.0065,1.5,09:30,10:00,10000,0,RV_IV_Analysis_20260303_080206,348,185,53.16091954022989,1484.9699999999984,5.720238117952863,38.07471264367816,26.580459770114945
0.00375,0.0065,1.5,10:00,10:30,10000,0,RV_IV_Analysis_20260303_080333,403,254,63.0272952853598,3812.279999999999,5.868125617572682,36.972704714640194,31.5136476426799
0.00375,0.0065,1.5,10:30,11:00,10000,0,RV_IV_Analysis_20260303_080459,388,268,69.0721649484536,8677.91,13.846187971159358,39.948453608247426,34.5360824742268
0.00375,0.0065,1.5,11:00,11:30,10000,0,RV_IV_Analysis_20260303_080627,387,303,78.29457364341084,17413.0,34.94748704182632,45.99483204134367,39.14728682170542
0.00375,0.0065,1.5,11:30,12:00,10000,0,RV_IV_Analysis_20260303_080755,383,297,77.54569190600522,17519.199999999997,30.992526957159086,45.43080939947781,38.77284595300261
0.00375,0.0065,1.5,12:00,12:30,10000,0,RV_IV_Analysis_20260303_080921,430,333,77.44186046511628,18443.879999999997,30.481402024934123,44.883720930232556,38.72093023255814
0.00375,0.0065,1.5,12:30,13:00,10000,0,RV_IV_Analysis_20260303_081049,409,307,75.06112469437653,15304.97,22.85582600830949,43.15403422982885,37.530562347188265
0.00375,0.0065,1.5,13:00,13:30,10000,0,RV_IV_Analysis_20260303_081214,469,346,73.77398720682304,16021.39,25.214889868329625,42.75053304904051,36.88699360341152
0.00375,0.0065,1.5,13:30,14:00,10000,0,RV_IV_Analysis_20260303_081340,501,355,70.85828343313374,15099.859999999997,23.414583078552024,40.119760479041915,35.42914171656687
0.00375,0.0065,1.5,14:00,14:30,10000,0,RV_IV_Analysis_20260303_081504,468,333,71.15384615384616,14306.97,20.12649261049702,39.20940170940171,35.8974358974359
0.00375,0.0065,1.5,14:30,15:00,10000,0,RV_IV_Analysis_20260303_081633,477,344,72.11740041928721,14261.37,24.74201494596295,40.35639412997904,36.058700209643604
0.00375,0.0065,1.5,15:00,15:30,10000,0,RV_IV_Analysis_20260303_081758,492,315,64.02439024390245,6754.420000000001,14.892985910902375,38.109756097560975,32.01219512195122
0.00375,0.0065,2,09:30,10:00,10000,0,RV_IV_Analysis_20260303_081923,348,140,40.229885057471265,9471.829999999998,21.24365481728247,38.07471264367816,20.114942528735632
0.00375,0.0065,2,10:00,10:30,10000,0,RV_IV_Analysis_20260303_082051,403,169,41.935483870967744,9819.290000000003,17.57329503592912,35.111662531017366,20.967741935483872
0.00375,0.0065,2,10:30,11:00,10000,0,RV_IV_Analysis_20260303_082216,388,201,51.80412371134021,16392.87,29.391494392924066,35.6958762886598,25.902061855670105
0.00375,0.0065,2,11:00,11:30,10000,0,RV_IV_Analysis_20260303_082342,387,242,62.532299741602074,25866.83,53.86569619791218,41.343669250645995,31.266149870801037
0.00375,0.0065,2,11:30,12:00,10000,0,RV_IV_Analysis_20260303_082508,383,239,62.40208877284596,23690.219999999998,44.3215040918229,40.469973890339425,31.20104438642298
0.00375,0.0065,2,12:00,12:30,10000,0,RV_IV_Analysis_20260303_082635,430,254,59.06976744186046,22456.39,38.52907015947521,38.372093023255815,29.53488372093023
0.00375,0.0065,2,12:30,13:00,10000,0,RV_IV_Analysis_20260303_082759,409,238,58.19070904645477,20676.47,34.12812466056547,37.65281173594132,29.095354523227385
0.00375,0.0065,2,13:00,13:30,10000,0,RV_IV_Analysis_20260303_082925,469,266,56.71641791044776,22208.89,34.665695598549355,36.56716417910448,28.35820895522388
0.00375,0.0065,2,13:30,14:00,10000,0,RV_IV_Analysis_20260303_083052,501,253,50.49900199600798,17143.559999999998,25.10366093427494,34.63073852295409,25.24950099800399
0.00375,0.0065,2,14:00,14:30,10000,0,RV_IV_Analysis_20260303_083219,468,216,46.15384615384615,13170.34,17.186299321442455,33.11965811965812,23.076923076923077
0.00375,0.0065,2,14:30,15:00,10000,0,RV_IV_Analysis_20260303_083347,477,253,53.03983228511531,22023.309999999998,37.182682974962304,38.05031446540881,26.519916142557655
0.00375,0.0065,2,15:00,15:30,10000,0,RV_IV_Analysis_20260303_083513,492,235,47.764227642276424,18389.640000000003,32.20494506381934,37.19512195121951,23.882113821138212
0.00375,0.0065,2.5,09:30,10:00,10000,0,RV_IV_Analysis_20260303_083638,348,70,20.114942528735632,8814.91,21.676542718760167,36.35057471264368,10.057471264367816
0.00375,0.0065,2.5,10:00,10:30,10000,0,RV_IV_Analysis_20260303_083808,403,103,25.55831265508685,12131.21,22.40606633819306,33.126550868486355,12.779156327543426
0.00375,0.0065,2.5,10:30,11:00,10000,0,RV_IV_Analysis_20260303_083935,388,122,31.443298969072163,19147.72,34.45620752745154,33.891752577319586,15.721649484536082
0.00375,0.0065,2.5,11:00,11:30,10000,0,RV_IV_Analysis_20260303_084058,387,153,39.53488372093023,29352.299999999996,59.48140234878805,37.98449612403101,19.767441860465116
0.00375,0.0065,2.5,11:30,12:00,10000,0,RV_IV_Analysis_20260303_084226,383,139,36.29242819843342,24426.21,46.2891935133641,37.33681462140992,18.14621409921671
0.00375,0.0065,2.5,12:00,12:30,10000,0,RV_IV_Analysis_20260303_084354,430,143,33.25581395348837,27671.84,48.09306957117525,37.67441860465116,16.627906976744185
0.00375,0.0065,2.5,12:30,13:00,10000,0,RV_IV_Analysis_20260303_084520,409,113,27.628361858190708,22243.82,35.816507980811636,37.530562347188265,13.814180929095354
0.00375,0.0065,2.5,13:00,13:30,10000,0,RV_IV_Analysis_20260303_084648,469,149,31.769722814498934,27783.76,44.51582697512294,36.56716417910448,15.884861407249467
0.00375,0.0065,2.5,13:30,14:00,10000,0,RV_IV_Analysis_20260303_131533,501,160,31.936127744510976,26130.53,39.99961043363849,34.63073852295409,15.968063872255488
0.00375,0.0065,2.5,14:00,14:30,10000,0,RV_IV_Analysis_20260303_131822,468,114,24.358974358974358,18319.229999999996,26.260746627098957,32.26495726495727,12.179487179487179
0.00375,0.0065,2.5,14:30,15:00,10000,0,RV_IV_Analysis_20260303_131944,477,112,23.48008385744235,19302.829999999998,34.02667900262096,33.85744234800839,11.740041928721174
0.00375,0.0065,2.5,15:00,15:30,10000,0,RV_IV_Analysis_20260303_132105,492,148,30.081300813008134,17357.19,30.653795173219514,33.23170731707317,15.040650406504067
0.00375,0.0075,1.5,09:30,10:00,10000,0,RV_IV_Analysis_20260303_132226,660,332,50.303030303030305,-8427.53,-5.84218596564608,33.409090909090914,25.151515151515152
0.00375,0.0075,1.5,10:00,10:30,10000,0,RV_IV_Analysis_20260303_132350,596,335,56.208053691275175,-7313.070000000001,-5.229203360053889,32.466442953020135,28.104026845637588
0.00375,0.0075,1.5,10:30,11:00,10000,0,RV_IV_Analysis_20260303_132512,625,333,53.28000000000001,-12494.460000000003,-9.065932682422181,31.6,26.640000000000004
0.00375,0.0075,1.5,11:00,11:30,10000,0,RV_IV_Analysis_20260303_132634,698,370,53.00859598853869,-12422.130000000008,-3.824584244517349,33.166189111747855,26.504297994269344
0.00375,0.0075,1.5,11:30,12:00,10000,0,RV_IV_Analysis_20260303_132758,690,358,51.8840579710145,-9456.310000000001,-3.940625428477923,32.53623188405797,25.94202898550725
0.00375,0.0075,1.5,12:00,12:30,10000,0,RV_IV_Analysis_20260303_133324,686,360,52.47813411078717,-11467.620000000006,-5.077519431932391,32.36151603498542,26.239067055393583
0.00375,0.0075,1.5,12:30,13:00,10000,0,RV_IV_Analysis_20260303_133543,700,375,53.57142857142857,-4322.300000000003,-2.490902718311929,31.285714285714285,26.785714285714285
0.00375,0.0075,1.5,13:00,13:30,10000,0,RV_IV_Analysis_20260303_133706,758,416,54.88126649076517,-224.65000000000418,3.7019096777784677,32.849604221635886,27.440633245382585
0.00375,0.0075,1.5,13:30,14:00,10000,0,RV_IV_Analysis_20260303_133829,749,419,55.941255006675576,-210.3000000000029,4.019743026816245,31.64218958611482,27.970627503337788
0.00375,0.0075,1.5,14:00,14:30,10000,0,RV_IV_Analysis_20260303_133954,814,414,50.859950859950864,-11272.050000000007,-5.9582386736503725,28.869778869778866,25.614250614250615
0.00375,0.0075,1.5,14:30,15:00,10000,0,RV_IV_Analysis_20260303_134120,836,436,52.15311004784689,-12609.120000000004,-4.576179678540482,31.16028708133971,26.076555023923444
0.00375,0.0075,1.5,15:00,15:30,10000,0,RV_IV_Analysis_20260303_134246,845,468,55.38461538461539,2093.8700000000017,7.069119196737126,33.55029585798817,27.692307692307693
0.00375,0.0075,2,09:30,10:00,10000,0,RV_IV_Analysis_20260303_134517,660,237,35.90909090909091,1329.9300000000012,4.624283386151744,32.42424242424242,17.954545454545453
0.00375,0.0075,2,10:00,10:30,10000,0,RV_IV_Analysis_20260303_134723,596,240,40.26845637583892,5102.409999999999,9.122315532811674,31.1241610738255,20.13422818791946
0.00375,0.0075,2,10:30,11:00,10000,0,RV_IV_Analysis_20260303_134940,625,250,40.0,-964.860000000006,4.355822949704394,28.96,20.0
0.00375,0.0075,2,11:00,11:30,10000,0,RV_IV_Analysis_20260303_135254,698,292,41.833810888252145,-537.2500000000073,9.698828880158835,30.587392550143267,20.916905444126073
0.00375,0.0075,2,11:30,12:00,10000,0,RV_IV_Analysis_20260303_135613,690,294,42.608695652173914,515.0099999999966,6.886507743665301,29.782608695652176,21.304347826086957
0.00375,0.0075,2,12:00,12:30,10000,0,RV_IV_Analysis_20260303_135929,686,264,38.48396501457726,-8490.809999999998,-0.9176260050303241,28.279883381924197,19.24198250728863
0.00375,0.0075,2,12:30,13:00,10000,0,RV_IV_Analysis_20260303_140139,700,270,38.57142857142858,-314.85000000000355,3.030466899326749,28.07142857142857,19.28571428571429
0.00375,0.0075,2,13:00,13:30,10000,0,RV_IV_Analysis_20260303_192654,758,302,39.84168865435356,5858.200000000003,9.581370552837262,29.023746701846964,19.92084432717678
0.00375,0.0075,2,13:30,14:00,10000,0,RV_IV_Analysis_20260303_192820,749,276,36.849132176234974,-957.100000000004,2.9408885954590644,27.970627503337788,18.424566088117487
0.00375,0.0075,2,14:00,14:30,10000,0,RV_IV_Analysis_20260303_192948,814,258,31.695331695331696,-12740.050000000007,-7.985039584924963,25.36855036855037,15.847665847665848
0.00375,0.0075,2,14:30,15:00,10000,0,RV_IV_Analysis_20260303_193116,836,324,38.75598086124402,-403.7900000000045,5.510490313096733,29.72488038277512,19.37799043062201
0.00375,0.0075,2,15:00,15:30,10000,0,RV_IV_Analysis_20260303_193243,845,338,40.0,21909.64999999999,22.89952959926452,33.01775147928994,20.0
0.00375,0.0075,2.5,09:30,10:00,10000,0,RV_IV_Analysis_20260303_193411,660,127,19.242424242424242,7058.7099999999955,10.352727127586805,31.515151515151512,9.621212121212121
0.00375,0.0075,2.5,10:00,10:30,10000,0,RV_IV_Analysis_20260303_193541,596,132,22.14765100671141,6302.329999999996,10.294384897304418,29.78187919463087,11.073825503355705
0.00375,0.0075,2.5,10:30,11:00,10000,0,RV_IV_Analysis_20260303_193708,625,138,22.08,3778.5399999999954,9.400728086943225,27.839999999999996,11.04
0.00375,0.0075,2.5,11:00,11:30,10000,0,RV_IV_Analysis_20260303_194037,698,153,21.91977077363897,3718.319999999996,13.570935697446977,28.724928366762175,10.959885386819485
0.00375,0.0075,2.5,11:30,12:00,10000,0,RV_IV_Analysis_20260303_194346,690,158,22.89855072463768,2671.5499999999975,9.45234039477607,28.043478260869563,11.44927536231884
0.00375,0.0075,2.5,12:00,12:30,10000,0,RV_IV_Analysis_20260303_194514,686,148,21.574344023323615,-3347.1100000000024,5.038579031903123,27.84256559766764,10.787172011661808
0.00375,0.0075,2.5,12:30,13:00,10000,0,RV_IV_Analysis_20260303_194643,700,142,20.285714285714285,1458.3999999999992,4.185435588228091,28.000000000000004,10.142857142857142
0.00375,0.0075,2.5,13:00,13:30,10000,0,RV_IV_Analysis_20260303_194812,758,182,24.010554089709764,12674.720000000001,16.714876492078513,29.023746701846964,12.005277044854882
0.00375,0.0075,2.5,13:30,14:00,10000,0,RV_IV_Analysis_20260303_194942,749,181,24.16555407209613,8033.669999999998,12.907655068808621,27.970627503337788,12.082777036048064
0.00375,0.0075,2.5,14:00,14:30,10000,0,RV_IV_Analysis_20260303_195112,814,147,18.05896805896806,-7563.710000000008,-2.7993180037913565,24.877149877149876,9.02948402948403
0.00375,0.0075,2.5,14:30,15:00,10000,0,RV_IV_Analysis_20260303_195242,836,139,16.626794258373206,-5168.160000000005,2.255055970559878,27.332535885167463,8.313397129186603
0.00375,0.0075,2.5,15:00,15:30,10000,0,RV_IV_Analysis_20260303_195413,845,202,23.90532544378698,19980.899999999994,21.268055041345654,30.71005917159763,11.95266272189349
0.005,0.005,1.5,09:30,10:00,10000,0,RV_IV_Analysis_20260303_195541,184,102,55.434782608695656,-2285.3999999999996,-8.539473682291442,28.532608695652172,27.717391304347828
0.005,0.005,1.5,10:00,10:30,10000,0,RV_IV_Analysis_20260303_195713,216,147,68.05555555555556,1826.6799999999994,8.578540855800021,34.02777777777778,34.02777777777778
0.005,0.005,1.5,10:30,11:00,10000,0,RV_IV_Analysis_20260303_195842,232,170,73.27586206896551,4309.73,17.77903285863067,36.637931034482754,36.637931034482754
0.005,0.005,1.5,11:00,11:30,10000,0,RV_IV_Analysis_20260303_200011,256,194,75.78125,5680.24,20.743902401390585,37.890625,37.890625
0.005,0.005,1.5,11:30,12:00,10000,0,RV_IV_Analysis_20260303_200138,259,197,76.06177606177607,6532.609999999999,24.821596885463183,38.030888030888036,38.030888030888036
0.005,0.005,1.5,12:00,12:30,10000,0,RV_IV_Analysis_20260303_200306,269,207,76.95167286245353,7443.139999999998,30.821465402706227,38.47583643122677,38.47583643122677
0.005,0.005,1.5,12:30,13:00,10000,0,RV_IV_Analysis_20260303_200436,305,217,71.14754098360656,5718.339999999998,22.146229072014826,35.57377049180328,35.57377049180328
0.005,0.005,1.5,13:00,13:30,10000,0,RV_IV_Analysis_20260303_200604,311,210,67.52411575562701,5816.15,16.1460046498977,36.4951768488746,33.762057877813504
0.005,0.005,1.5,13:30,14:00,10000,0,RV_IV_Analysis_20260303_200732,326,226,69.32515337423312,8239.66,23.655823238135817,39.41717791411043,34.66257668711656
0.005,0.005,1.5,14:00,14:30,10000,0,RV_IV_Analysis_20260303_200900,319,237,74.29467084639498,8533.139999999998,24.000813298995958,39.96865203761755,37.14733542319749
0.005,0.005,1.5,14:30,15:00,10000,0,RV_IV_Analysis_20260303_201028,312,242,77.56410256410257,8795.439999999999,29.631870732817134,40.06410256410257,38.782051282051285
0.005,0.005,1.5,15:00,15:30,10000,0,RV_IV_Analysis_20260303_201157,310,203,65.48387096774194,5038.119999999997,15.063839262549974,37.41935483870968,32.74193548387097
0.005,0.005,2,09:30,10:00,10000,0,RV_IV_Analysis_20260303_201324,184,93,50.54347826086957,957.9500000000007,9.675636445702006,26.08695652173913,25.271739130434785
0.005,0.005,2,10:00,10:30,10000,0,RV_IV_Analysis_20260303_201453,216,121,56.018518518518526,4205.709999999999,21.97074432154079,28.47222222222222,28.009259259259263
0.005,0.005,2,10:30,11:00,10000,0,RV_IV_Analysis_20260303_201621,232,139,59.91379310344828,6883.989999999999,31.638287922089187,29.95689655172414,29.95689655172414
0.005,0.005,2,11:00,11:30,10000,0,RV_IV_Analysis_20260303_201748,256,171,66.796875,11639.72,44.27523154673618,34.1796875,33.3984375
0.005,0.005,2,11:30,12:00,10000,0,RV_IV_Analysis_20260303_201916,259,149,57.52895752895753,9603.259999999998,35.78623047966148,32.04633204633205,28.764478764478763
0.005,0.005,2,12:00,12:30,10000,0,RV_IV_Analysis_20260303_202044,269,159,59.10780669144982,10849.92,45.739588684553,32.52788104089219,29.55390334572491
0.005,0.005,2,12:30,13:00,10000,0,RV_IV_Analysis_20260303_202212,305,198,64.91803278688525,13116.869999999999,48.089960065730196,32.459016393442624,32.459016393442624
0.005,0.005,2,13:00,13:30,10000,0,RV_IV_Analysis_20260303_202340,311,170,54.662379421221864,7777.65,24.76876718473401,30.064308681672024,27.331189710610932
0.005,0.005,2,13:30,14:00,10000,0,RV_IV_Analysis_20260303_202508,326,175,53.68098159509203,8651.46,25.592144557103737,31.595092024539877,26.840490797546014
0.005,0.005,2,14:00,14:30,10000,0,RV_IV_Analysis_20260303_202635,319,191,59.87460815047022,11391.539999999997,32.818994747768755,32.758620689655174,29.93730407523511
0.005,0.005,2,14:30,15:00,10000,0,RV_IV_Analysis_20260303_202803,312,192,61.53846153846154,11580.29,41.494708457382366,35.73717948717949,30.76923076923077
0.005,0.005,2,15:00,15:30,10000,0,RV_IV_Analysis_20260303_202932,310,200,64.51612903225806,14589.919999999998,44.6011389819833,37.25806451612903,32.25806451612903
0.005,0.005,2.5,09:30,10:00,10000,0,RV_IV_Analysis_20260303_203100,184,42,22.82608695652174,-1308.9800000000005,0.5579226065875673,22.554347826086957,11.41304347826087
0.005,0.005,2.5,10:00,10:30,10000,0,RV_IV_Analysis_20260303_203228,216,78,36.11111111111111,5284.669999999998,25.454342382614147,25.694444444444443,18.055555555555554
0.005,0.005,2.5,10:30,11:00,10000,0,RV_IV_Analysis_20260303_203356,232,77,33.189655172413794,4143.779999999997,25.98417306075234,23.275862068965516,16.594827586206897
0.005,0.005,2.5,11:00,11:30,10000,0,RV_IV_Analysis_20260303_203522,256,113,44.140625,7957.249999999999,34.05810904594564,25.78125,22.0703125
0.005,0.005,2.5,11:30,12:00,10000,0,RV_IV_Analysis_20260303_203649,259,114,44.01544401544402,8172.769999999999,37.21556440696705,26.061776061776058,22.00772200772201
0.005,0.005,2.5,12:00,12:30,10000,0,RV_IV_Analysis_20260303_203817,269,93,34.572490706319705,6743.319999999997,38.11866033164553,26.95167286245353,17.286245353159853
0.005,0.005,2.5,12:30,13:00,10000,0,RV_IV_Analysis_20260303_203946,305,151,49.50819672131148,15651.57,55.908322459449344,29.67213114754098,24.75409836065574
0.005,0.005,2.5,13:00,13:30,10000,0,RV_IV_Analysis_20260303_204113,311,128,41.157556270096464,13047.3,36.76399698286767,30.064308681672024,20.578778135048232
0.005,0.005,2.5,13:30,14:00,10000,0,RV_IV_Analysis_20260303_204245,326,138,42.331288343558285,14911.0,42.067675734513074,30.981595092024538,21.165644171779142
0.005,0.005,2.5,14:00,14:30,10000,0,RV_IV_Analysis_20260303_204714,319,137,42.94670846394985,15080.789999999997,42.9260830186301,30.407523510971785,21.473354231974923
0.005,0.005,2.5,14:30,15:00,10000,0,RV_IV_Analysis_20260303_204834,312,142,45.51282051282051,12314.14,41.32605187308684,30.128205128205128,22.756410256410255
0.005,0.005,2.5,15:00,15:30,10000,0,RV_IV_Analysis_20260303_205002,310,162,52.25806451612903,15186.019999999997,47.60151121990795,31.451612903225808,26.129032258064516
0.005,0.0055,1.5,09:30,10:00,10000,0,RV_IV_Analysis_20260303_205133,321,204,63.55140186915887,3689.3999999999983,10.020225823112076,35.202492211838006,31.775700934579437
0.005,0.0055,1.5,10:00,10:30,10000,0,RV_IV_Analysis_20260303_205303,305,233,76.39344262295083,8456.629999999997,22.87305437058289,38.196721311475414,38.196721311475414
0.005,0.0055,1.5,10:30,11:00,10000,0,RV_IV_Analysis_20260303_205431,351,278,79.2022792022792,11883.379999999997,27.340081572875043,40.17094017094017,39.6011396011396
0.005,0.0055,1.5,11:00,11:30,10000,0,RV_IV_Analysis_20260303_205558,423,336,79.43262411347519,16982.8,30.367864522690997,42.31678486997636,39.71631205673759
0.005,0.0055,1.5,11:30,12:00,10000,0,RV_IV_Analysis_20260303_205726,441,340,77.09750566893425,18481.009999999995,31.307796391666916,41.950113378684804,38.54875283446712
0.005,0.0055,1.5,12:00,12:30,10000,0,RV_IV_Analysis_20260303_205858,444,340,76.57657657657657,16211.8,29.793014901940893,41.77927927927928,38.288288288288285
0.005,0.0055,1.5,12:30,13:00,10000,0,RV_IV_Analysis_20260303_210028,428,308,71.96261682242991,12725.14,24.077542836160074,39.60280373831775,35.981308411214954
0.005,0.0055,1.5,13:00,13:30,10000,0,RV_IV_Analysis_20260303_210156,436,314,72.01834862385321,13016.880000000001,22.366542369980383,39.564220183486235,36.00917431192661
0.005,0.0055,1.5,13:30,14:00,10000,0,RV_IV_Analysis_20260303_210323,420,305,72.61904761904762,12778.129999999997,24.144936796366345,40.0,36.30952380952381
0.005,0.0055,1.5,14:00,14:30,10000,0,RV_IV_Analysis_20260303_210451,419,312,74.46300715990454,13503.649999999998,25.749331532644703,40.930787589498806,37.23150357995227
0.005,0.0055,1.5,14:30,15:00,10000,0,RV_IV_Analysis_20260303_210619,419,325,77.56563245823389,14487.149999999998,31.130238183157317,41.527446300715994,38.782816229116946
0.005,0.0055,1.5,15:00,15:30,10000,0,RV_IV_Analysis_20260303_210747,413,279,67.55447941888619,7644.789999999996,15.770837469625972,37.409200968523,33.777239709443094
0.005,0.0055,2,09:30,10:00,10000,0,RV_IV_Analysis_20260303_210913,321,194,60.43613707165109,12699.599999999999,34.43881035076514,33.8006230529595,30.218068535825545
0.005,0.0055,2,10:00,10:30,10000,0,RV_IV_Analysis_20260303_211041,305,198,64.91803278688525,14121.31,40.70736523251288,34.26229508196722,32.459016393442624
0.005,0.0055,2,10:30,11:00,10000,0,RV_IV_Analysis_20260303_211208,351,246,70.08547008547008,20321.65,49.00363809376857,35.75498575498576,35.04273504273504
0.005,0.0055,2,11:00,11:30,10000,0,RV_IV_Analysis_20260303_211335,423,293,69.26713947990544,28891.829999999998,54.978503467996596,40.0709219858156,34.63356973995272
0.005,0.0055,2,11:30,12:00,10000,0,RV_IV_Analysis_20260303_211502,441,265,60.090702947845806,26838.659999999996,46.58627138947471,38.435374149659864,30.045351473922903
0.005,0.0055,2,12:00,12:30,10000,0,RV_IV_Analysis_20260303_211630,444,262,59.009009009009006,23526.03,45.3594170817594,38.17567567567568,29.504504504504503
0.005,0.0055,2,12:30,13:00,10000,0,RV_IV_Analysis_20260303_211758,428,262,61.21495327102804,22070.19,45.82425351087955,37.38317757009346,30.60747663551402
0.005,0.0055,2,13:00,13:30,10000,0,RV_IV_Analysis_20260303_211926,436,246,56.42201834862385,17708.58,32.896983829091596,34.977064220183486,28.211009174311926
0.005,0.0055,2,13:30,14:00,10000,0,RV_IV_Analysis_20260303_212053,420,227,54.047619047619044,13892.309999999998,26.69713744909671,33.92857142857143,27.023809523809522
0.005,0.0055,2,14:00,14:30,10000,0,RV_IV_Analysis_20260303_212222,419,239,57.04057279236277,15875.099999999995,31.32857594756695,35.32219570405728,28.520286396181383
0.005,0.0055,2,14:30,15:00,10000,0,RV_IV_Analysis_20260303_212350,419,260,62.05250596658711,20474.129999999997,46.035620230178004,38.3054892601432,31.026252983293556
0.005,0.0055,2,15:00,15:30,10000,0,RV_IV_Analysis_20260303_212517,413,276,66.82808716707022,21817.79,46.42915072691219,37.28813559322034,33.41404358353511
0.005,0.0055,2.5,09:30,10:00,10000,0,RV_IV_Analysis_20260303_212644,321,143,44.54828660436137,17424.17,46.13760041372323,31.775700934579437,22.274143302180686
0.005,0.0055,2.5,10:00,10:30,10000,0,RV_IV_Analysis_20260303_212813,305,139,45.57377049180328,19256.07,53.388961400087865,32.295081967213115,22.78688524590164
0.005,0.0055,2.5,10:30,11:00,10000,0,RV_IV_Analysis_20260303_212941,351,126,35.8974358974359,19492.18,49.707252041441095,31.339031339031337,17.94871794871795
0.005,0.0055,2.5,11:00,11:30,10000,0,RV_IV_Analysis_20260303_213107,423,165,39.00709219858156,27083.71,52.02314769722829,34.988179669030735,19.50354609929078
0.005,0.0055,2.5,11:30,12:00,10000,0,RV_IV_Analysis_20260303_213236,441,180,40.816326530612244,26697.11999999999,50.37840116998316,34.92063492063492,20.408163265306122
0.005,0.0055,2.5,12:00,12:30,10000,0,RV_IV_Analysis_20260303_213406,444,172,38.73873873873874,23596.68,47.878546060251566,34.7972972972973,19.36936936936937
0.005,0.0055,2.5,12:30,13:00,10000,0,RV_IV_Analysis_20260303_213535,428,186,43.45794392523364,27136.069999999996,56.05809000678739,35.39719626168225,21.72897196261682
0.005,0.0055,2.5,13:00,13:30,10000,0,RV_IV_Analysis_20260303_213702,436,184,42.201834862385326,27212.930000000004,48.970246012850886,34.977064220183486,21.100917431192663
0.005,0.0055,2.5,13:30,14:00,10000,0,RV_IV_Analysis_20260303_213835,420,162,38.57142857142858,21612.370000000003,42.31218166956888,33.45238095238095,19.28571428571429
0.005,0.0055,2.5,14:00,14:30,10000,0,RV_IV_Analysis_20260303_214007,419,159,37.94749403341289,20915.890000000003,41.73587558590339,33.53221957040573,18.973747016706444
0.005,0.0055,2.5,14:30,15:00,10000,0,RV_IV_Analysis_20260303_214137,419,153,36.51551312649165,21312.399999999998,46.34882077225649,34.12887828162291,18.257756563245824
0.005,0.0055,2.5,15:00,15:30,10000,0,RV_IV_Analysis_20260303_214542,413,173,41.88861985472155,21893.230000000003,47.77112291191957,32.92978208232446,20.944309927360774
0.005,0.0065,1.5,09:30,10:00,10000,0,RV_IV_Analysis_20260303_215105,645,381,59.06976744186046,1906.5899999999965,3.749215037577489,33.798449612403104,29.53488372093023
0.005,0.0065,1.5,10:00,10:30,10000,0,RV_IV_Analysis_20260303_215632,596,345,57.88590604026845,-4628.900000000002,-2.8010511096321604,31.543624161073826,28.942953020134226
0.005,0.0065,1.5,10:30,11:00,10000,0,RV_IV_Analysis_20260303_220155,613,373,60.848287112561174,-2401.6000000000013,1.0855554466904975,32.95269168026101,30.424143556280587
0.005,0.0065,1.5,11:00,11:30,10000,0,RV_IV_Analysis_20260303_220715,677,387,57.163958641063516,-8042.7800000000025,-3.900166613273972,31.831610044313148,28.581979320531758
0.005,0.0065,1.5,11:30,12:00,10000,0,RV_IV_Analysis_20260303_221234,692,382,55.202312138728324,-8288.140000000007,-3.6660827808483956,31.358381502890175,27.601156069364162
0.005,0.0065,1.5,12:00,12:30,10000,0,RV_IV_Analysis_20260303_221755,720,419,58.19444444444445,-832.7900000000009,3.3970789211911048,31.25,29.097222222222225
0.005,0.0065,1.5,12:30,13:00,10000,0,RV_IV_Analysis_20260303_222321,718,377,52.50696378830083,-10087.450000000003,-5.9200568032776175,28.412256267409468,26.253481894150415
0.005,0.0065,1.5,13:00,13:30,10000,0,RV_IV_Analysis_20260303_222845,678,361,53.2448377581121,-7695.25,-5.322926947020321,28.908554572271388,26.62241887905605
0.005,0.0065,1.5,13:30,14:00,10000,0,RV_IV_Analysis_20260303_223411,711,372,52.320675105485236,-10247.080000000009,-6.44689395925565,28.83263009845288,26.160337552742618
0.005,0.0065,1.5,14:00,14:30,10000,0,RV_IV_Analysis_20260303_223935,743,403,54.23956931359354,-7531.8700000000035,-3.5017909072926257,30.148048452220728,27.11978465679677
0.005,0.0065,1.5,14:30,15:00,10000,0,RV_IV_Analysis_20260303_224501,777,444,57.14285714285714,106.39999999999509,5.63585533328427,30.180180180180184,28.57142857142857
0.005,0.0065,1.5,15:00,15:30,10000,0,RV_IV_Analysis_20260303_225326,741,381,51.417004048582996,-13749.93,-9.623080818506622,27.732793522267208,25.708502024291498
0.005,0.0065,2,09:30,10:00,10000,0,RV_IV_Analysis_20260303_225847,645,302,46.821705426356594,11262.330000000002,17.041866267531976,32.325581395348834,23.410852713178297
0.005,0.0065,2,10:00,10:30,10000,0,RV_IV_Analysis_20260303_230411,596,276,46.308724832214764,5556.619999999999,11.719133281955985,29.53020134228188,23.154362416107382
0.005,0.0065,2,10:30,11:00,10000,0,RV_IV_Analysis_20260303_230932,613,308,50.24469820554649,9264.170000000002,17.22342302640942,30.424143556280587,25.122349102773246
0.005,0.0065,2,11:00,11:30,10000,0,RV_IV_Analysis_20260303_231452,677,322,47.56277695716396,4594.349999999995,12.449511645402659,30.354505169867064,23.78138847858198
0.005,0.0065,2,11:30,12:00,10000,0,RV_IV_Analysis_20260303_232012,692,296,42.77456647398844,1385.7699999999968,7.409167469202378,29.118497109826592,21.38728323699422
0.005,0.0065,2,12:00,12:30,10000,0,RV_IV_Analysis_20260303_232532,720,309,42.916666666666664,6514.619999999995,13.239630488845897,29.02777777777778,21.458333333333332
0.005,0.0065,2,12:30,13:00,10000,0,RV_IV_Analysis_20260303_233057,718,298,41.5041782729805,-1139.7700000000032,6.845447721173153,27.0891364902507,20.75208913649025
0.005,0.0065,2,13:00,13:30,10000,0,RV_IV_Analysis_20260303_233622,678,262,38.64306784660767,-4652.450000000002,-0.21258237786314646,25.958702064896755,19.321533923303836
0.005,0.0065,2,13:30,14:00,10000,0,RV_IV_Analysis_20260303_234113,711,252,35.44303797468354,-10025.960000000006,-5.73472994052388,25.246132208157523,17.72151898734177
0.005,0.0065,2,14:00,14:30,10000,0,RV_IV_Analysis_20260303_234646,743,255,34.32032301480484,-6734.070000000003,-1.2511327115322215,26.5814266487214,17.16016150740242
0.005,0.0065,2,14:30,15:00,10000,0,RV_IV_Analysis_20260303_235221,777,321,41.312741312741316,5750.9400000000005,14.048961016937227,27.734877734877735,20.656370656370658
0.005,0.0065,2,15:00,15:30,10000,0,RV_IV_Analysis_20260303_235756,741,349,47.09851551956815,3412.189999999998,9.787362373936885,27.597840755735493,23.549257759784076
0.005,0.0065,2.5,09:30,10:00,10000,0,RV_IV_Analysis_20260304_000322,645,183,28.37209302325581,12081.509999999998,18.331490202054702,31.317829457364343,14.186046511627906
0.005,0.0065,2.5,10:00,10:30,10000,0,RV_IV_Analysis_20260304_000853,596,170,28.523489932885905,11789.289999999997,19.803896175225205,28.523489932885905,14.261744966442953
0.005,0.0065,2.5,10:30,11:00,10000,0,RV_IV_Analysis_20260304_001312,613,153,24.95921696574225,9931.15,19.448730284557268,27.895595432300162,12.479608482871125
0.005,0.0065,2.5,11:00,11:30,10000,0,RV_IV_Analysis_20260304_001805,677,172,25.406203840472674,4406.93,12.309855906945776,27.17872968980798,12.703101920236337
0.005,0.0065,2.5,11:30,12:00,10000,0,RV_IV_Analysis_20260304_002332,692,211,30.491329479768787,3866.4699999999957,12.477950218860151,26.878612716763005,15.245664739884393
0.005,0.0065,2.5,12:00,12:30,10000,0,RV_IV_Analysis_20260304_002905,720,217,30.138888888888886,8374.839999999997,16.600581374925962,26.944444444444443,15.069444444444443
0.005,0.0065,2.5,12:30,13:00,10000,0,RV_IV_Analysis_20260304_143445,718,222,30.919220055710305,5448.080000000003,14.50355938341825,25.90529247910863,15.459610027855152
0.005,0.0065,2.5,13:00,13:30,10000,0,RV_IV_Analysis_20260304_143606,678,197,29.056047197640115,4620.149999999999,9.95197596718199,25.958702064896755,14.528023598820058
0.005,0.0065,2.5,13:30,14:00,10000,0,RV_IV_Analysis_20260304_143730,711,172,24.19127988748242,-2131.010000000004,3.6744894917546396,24.964838255977497,12.09563994374121
0.005,0.0065,2.5,14:00,14:30,10000,0,RV_IV_Analysis_20260304_143853,743,168,22.611036339165544,-2338.5799999999963,4.061600153837277,25.57200538358008,11.305518169582772
0.005,0.0065,2.5,14:30,15:00,10000,0,RV_IV_Analysis_20260304_144018,777,181,23.294723294723294,5232.509999999997,13.10007229099281,25.482625482625483,11.647361647361647
0.005,0.0065,2.5,15:00,15:30,10000,0,RV_IV_Analysis_20260304_144143,741,191,25.775978407557353,2876.1100000000033,10.118743375528595,25.168690958164643,12.887989203778677
0.005,0.0075,1.5,09:30,10:00,10000,0,RV_IV_Analysis_20260304_144305,803,410,51.05853051058531,-16578.06,-10.304793958971695,29.389788293897883,25.529265255292653
0.005,0.0075,1.5,10:00,10:30,10000,0,RV_IV_Analysis_20260304_144446,814,370,45.45454545454545,-29183.92,-18.380316067873828,27.27272727272727,22.727272727272727
0.005,0.0075,1.5,10:30,11:00,10000,0,RV_IV_Analysis_20260304_144940,846,412,48.69976359338061,-23456.239999999998,-13.061528366283078,27.836879432624112,24.349881796690305
0.005,0.0075,1.5,11:00,11:30,10000,0,RV_IV_Analysis_20260304_145449,844,428,50.71090047393365,-17947.79,-10.273965715550704,28.258293838862556,25.355450236966824
0.005,0.0075,1.5,11:30,12:00,10000,0,RV_IV_Analysis_20260304_145958,927,463,49.94606256742179,-10725.940000000004,-3.2277631627831855,28.478964401294498,24.973031283710895
0.005,0.0075,1.5,12:00,12:30,10000,0,RV_IV_Analysis_20260304_150508,955,500,52.35602094240838,-5606.700000000007,0.9625814255325876,30.41884816753927,26.17801047120419
0.005,0.0075,1.5,12:30,13:00,10000,0,RV_IV_Analysis_20260304_151021,943,474,50.26511134676564,-11118.39,-3.1429408166159436,28.791092258748673,25.13255567338282
0.005,0.0075,1.5,13:00,13:30,10000,0,RV_IV_Analysis_20260304_151537,954,446,46.75052410901468,-14780.240000000002,-6.2007034712761095,29.19287211740042,23.37526205450734
0.005,0.0075,1.5,13:30,14:00,10000,0,RV_IV_Analysis_20260304_151954,968,460,47.5206611570248,-14675.870000000006,-5.9622350023532995,29.90702479338843,23.7603305785124
0.005,0.0075,1.5,14:00,14:30,10000,0,RV_IV_Analysis_20260304_152509,1013,500,49.3583415597236,-14018.980000000007,-5.584119551978362,30.009871668311945,24.6791707798618
0.005,0.0075,1.5,14:30,15:00,10000,0,RV_IV_Analysis_20260304_153025,1047,560,53.48615090735434,-6586.3700000000035,1.802823754536577,31.184336198662848,26.93409742120344
0.005,0.0075,1.5,15:00,15:30,10000,0,RV_IV_Analysis_20260304_221526,1034,565,54.642166344294004,5454.059999999992,5.03193503704395,32.88201160541586,28.578336557059963
0.005,0.0075,2,09:30,10:00,10000,0,RV_IV_Analysis_20260304_221833,803,319,39.726027397260275,-8971.470000000001,-0.4469042849246764,27.52179327521793,19.863013698630137
0.005,0.0075,2,10:00,10:30,10000,0,RV_IV_Analysis_20260304_221952,814,299,36.73218673218673,-17521.67,-6.55403544482101,25.675675675675674,18.366093366093367
0.005,0.0075,2,10:30,11:00,10000,0,RV_IV_Analysis_20260304_222114,846,336,39.71631205673759,-9793.599999999999,0.017019515178331474,26.004728132387704,19.858156028368796
0.005,0.0075,2,11:00,11:30,10000,0,RV_IV_Analysis_20260304_222239,844,343,40.639810426540286,-8602.640000000001,0.799423356728148,26.12559241706161,20.319905213270143
0.005,0.0075,2,11:30,12:00,10000,0,RV_IV_Analysis_20260304_222404,927,337,36.353829557713055,-1291.2700000000086,4.758362554652245,26.806903991370014,18.176914778856528
0.005,0.0075,2,12:00,12:30,10000,0,RV_IV_Analysis_20260304_222530,955,344,36.02094240837697,3614.2399999999925,9.593501367002448,28.743455497382197,18.010471204188484
0.005,0.0075,2,12:30,13:00,10000,0,RV_IV_Analysis_20260304_222658,943,349,37.009544008483566,1347.5899999999983,8.87293703200524,27.783669141039237,18.504772004241783
0.005,0.0075,2,13:00,13:30,10000,0,RV_IV_Analysis_20260304_222825,954,312,32.70440251572327,-7258.320000000002,0.4264599435673908,27.096436058700206,16.352201257861633
0.005,0.0075,2,13:30,14:00,10000,0,RV_IV_Analysis_20260304_222951,968,299,30.888429752066116,-11969.600000000006,-3.810923187163443,26.962809917355372,15.444214876033058
0.005,0.0075,2,14:00,14:30,10000,0,RV_IV_Analysis_20260304_223306,1013,331,32.675222112537014,-10060.880000000005,-2.091178898956305,27.14708785784798,16.337611056268507
0.005,0.0075,2,14:30,15:00,10000,0,RV_IV_Analysis_20260304_223429,1047,413,39.44603629417383,4908.489999999996,11.486718468343922,29.083094555873924,19.723018147086915
0.005,0.0075,2,15:00,15:30,10000,0,RV_IV_Analysis_20260304_223554,1034,454,43.907156673114116,21218.629999999997,18.038726225160467,31.52804642166344,21.953578336557058
0.005,0.0075,2.5,09:30,10:00,10000,0,RV_IV_Analysis_20260304_223718,803,199,24.78206724782067,-6802.6399999999985,1.6280125302983848,26.71232876712329,12.391033623910335
0.005,0.0075,2.5,10:00,10:30,10000,0,RV_IV_Analysis_20260304_223844,814,193,23.710073710073708,-9286.550000000005,0.867520718392711,24.938574938574938,11.855036855036854
0.005,0.0075,2.5,10:30,11:00,10000,0,RV_IV_Analysis_20260304_224009,846,181,21.39479905437352,-7583.169999999996,2.6853964304721734,24.1725768321513,10.69739952718676
0.005,0.0075,2.5,11:00,11:30,10000,0,RV_IV_Analysis_20260304_224134,844,193,22.86729857819905,-8145.4600000000055,1.1028989527702697,23.5781990521327,11.433649289099526
0.005,0.0075,2.5,11:30,12:00,10000,0,RV_IV_Analysis_20260304_224300,927,245,26.429341963322546,26.029999999997017,7.761737398533545,25.13484358144552,13.214670981661273
0.005,0.0075,2.5,12:00,12:30,10000,0,RV_IV_Analysis_20260304_224424,955,242,25.340314136125652,3983.409999999999,11.381790506377612,26.701570680628272,12.670157068062826
0.005,0.0075,2.5,12:30,13:00,10000,0,RV_IV_Analysis_20260304_224551,943,240,25.45068928950159,1922.9400000000023,11.344344479738794,25.874867444326615,12.725344644750795
0.005,0.0075,2.5,13:00,13:30,10000,0,RV_IV_Analysis_20260304_224716,954,217,22.746331236897273,-4240.170000000002,4.144549716161272,25.995807127882596,11.373165618448636
0.005,0.0075,2.5,13:30,14:00,10000,0,RV_IV_Analysis_20260304_224842,968,216,22.31404958677686,-2748.250000000008,3.8551217952469576,26.704545454545453,11.15702479338843
0.005,0.0075,2.5,14:00,14:30,10000,0,RV_IV_Analysis_20260304_225007,1013,217,21.42152023692004,-4081.6400000000067,2.6715962307926575,26.40671273445212,10.71076011846002
0.005,0.0075,2.5,14:30,15:00,10000,0,RV_IV_Analysis_20260304_225134,1047,223,21.298949379178605,6927.7399999999925,12.093874185490993,27.411652340019106,10.649474689589303
0.005,0.0075,2.5,15:00,15:30,10000,0,RV_IV_Analysis_20260304_225259,1034,281,27.176015473887816,25813.920000000006,20.96901746717968,29.78723404255319,13.588007736943908
0.0075,0.005,1.5,09:30,10:00,10000,0,RV_IV_Analysis_20260304_225425,640,331,51.71875,-8390.660000000002,-12.989930005649097,27.500000000000004,25.859375
0.0075,0.005,1.5,10:00,10:30,10000,0,RV_IV_Analysis_20260304_225551,622,344,55.30546623794213,-9450.530000000002,-10.634959844190533,27.652733118971064,27.652733118971064
0.0075,0.005,1.5,10:30,11:00,10000,0,RV_IV_Analysis_20260304_225716,623,366,58.74799357945425,-5757.210000000002,-5.938040941857117,29.373996789727126,29.373996789727126
0.0075,0.005,1.5,11:00,11:30,10000,0,RV_IV_Analysis_20260304_225842,659,388,58.877086494688925,-5158.080000000001,-3.909864203375853,29.81790591805766,29.438543247344462
0.0075,0.005,1.5,11:30,12:00,10000,0,RV_IV_Analysis_20260304_230009,657,386,58.75190258751902,-3577.240000000003,-3.4289251590627976,30.82191780821918,29.37595129375951
0.0075,0.005,1.5,12:00,12:30,10000,0,RV_IV_Analysis_20260304_230135,660,372,56.36363636363636,-7756.390000000003,-6.859572718677063,29.09090909090909,28.18181818181818
0.0075,0.005,1.5,12:30,13:00,10000,0,RV_IV_Analysis_20260304_230301,664,361,54.36746987951807,-7775.490000000002,-9.589624428650852,29.066265060240966,27.183734939759034
0.0075,0.005,1.5,13:00,13:30,10000,0,RV_IV_Analysis_20260304_230427,712,383,53.79213483146067,46.049999999994725,-0.664994700767006,29.07303370786517,26.896067415730336
0.0075,0.005,1.5,13:30,14:00,10000,0,RV_IV_Analysis_20260304_230552,732,422,57.650273224043715,972.3999999999983,4.494274056920428,30.942622950819672,28.825136612021858
0.0075,0.005,1.5,14:00,14:30,10000,0,RV_IV_Analysis_20260304_230718,812,429,52.83251231527094,-5935.970000000003,-3.538717751574476,28.57142857142857,26.662561576354683
0.0075,0.005,1.5,14:30,15:00,10000,0,RV_IV_Analysis_20260304_230846,833,482,57.863145258103245,1644.8099999999977,5.585735395374844,30.792316926770706,28.931572629051622
0.0075,0.005,1.5,15:00,15:30,10000,0,RV_IV_Analysis_20260304_231014,819,459,56.043956043956044,-2945.600000000002,-1.0898093452786584,29.853479853479854,28.021978021978022
0.0075,0.005,2,09:30,10:00,10000,0,RV_IV_Analysis_20260304_231139,640,272,42.5,-4152.840000000001,-3.725293627952081,25.078125,21.25
0.0075,0.005,2,10:00,10:30,10000,0,RV_IV_Analysis_20260304_231305,622,290,46.62379421221865,-1421.810000000005,4.576611159451817,25.723472668810288,23.311897106109324
0.0075,0.005,2,10:30,11:00,10000,0,RV_IV_Analysis_20260304_231431,623,311,49.919743178170144,2475.7999999999956,9.567996795976505,26.886035313001607,24.959871589085072
0.0075,0.005,2,11:00,11:30,10000,0,RV_IV_Analysis_20260304_231558,659,319,48.406676783004556,-238.09000000000424,8.15383558953162,28.148710166919578,24.203338391502278
0.0075,0.005,2,11:30,12:00,10000,0,RV_IV_Analysis_20260304_231725,657,330,50.2283105022831,2702.5400000000013,10.562137112210996,29.52815829528158,25.11415525114155
0.0075,0.005,2,12:00,12:30,10000,0,RV_IV_Analysis_20260304_231852,660,312,47.27272727272727,-1484.6000000000017,4.547772777193996,26.969696969696972,23.636363636363637
0.0075,0.005,2,12:30,13:00,10000,0,RV_IV_Analysis_20260304_232019,664,295,44.42771084337349,-2419.6400000000003,0.710594515182709,26.35542168674699,22.213855421686745
0.0075,0.005,2,13:00,13:30,10000,0,RV_IV_Analysis_20260304_232145,712,324,45.50561797752809,5571.509999999993,6.88203262145305,25.63202247191011,22.752808988764045
0.0075,0.005,2,13:30,14:00,10000,0,RV_IV_Analysis_20260304_232310,732,303,41.39344262295082,-583.0000000000036,-0.1501444188455639,24.65846994535519,20.69672131147541
0.0075,0.005,2,14:00,14:30,10000,0,RV_IV_Analysis_20260304_232437,812,324,39.90147783251231,-4287.220000000003,-2.7510211432903504,23.52216748768473,19.950738916256157
0.0075,0.005,2,14:30,15:00,10000,0,RV_IV_Analysis_20260304_232604,833,388,46.578631452581035,4952.109999999994,11.34742224492137,25.390156062424968,23.289315726290518
0.0075,0.005,2,15:00,15:30,10000,0,RV_IV_Analysis_20260304_232732,819,395,48.22954822954823,7683.500000000001,11.538891687909791,26.862026862026863,24.114774114774114
0.0075,0.005,2.5,09:30,10:00,10000,0,RV_IV_Analysis_20260304_232858,640,236,36.875,4775.159999999999,11.636169123321618,25.078125,18.4375
0.0075,0.005,2.5,10:00,10:30,10000,0,RV_IV_Analysis_20260304_233324,622,234,37.62057877813505,5795.809999999993,18.86079384874329,25.723472668810288,18.810289389067524
0.0075,0.005,2.5,10:30,11:00,10000,0,RV_IV_Analysis_20260305_051257,623,205,32.90529695024077,5662.609999999996,16.189409456118135,24.959871589085072,16.452648475120384
0.0075,0.005,2.5,11:00,11:30,10000,0,RV_IV_Analysis_20260305_051421,659,208,31.56297420333839,-2416.210000000001,4.661132460806258,23.899848254931715,15.781487101669194
0.0075,0.005,2.5,11:30,12:00,10000,0,RV_IV_Analysis_20260305_051547,657,217,33.02891933028919,-416.19000000000415,5.9645311290770255,24.961948249619482,16.514459665144596
0.0075,0.005,2.5,12:00,12:30,10000,0,RV_IV_Analysis_20260305_052108,660,217,32.87878787878788,-2557.890000000003,4.613085148271094,24.015151515151516,16.43939393939394
0.0075,0.005,2.5,12:30,13:00,10000,0,RV_IV_Analysis_20260305_052246,664,221,33.28313253012048,344.0599999999963,7.304157007692581,24.84939759036145,16.64156626506024
0.0075,0.005,2.5,13:00,13:30,10000,0,RV_IV_Analysis_20260305_052422,712,241,33.848314606741575,9671.859999999999,15.899604454377187,25.63202247191011,16.924157303370787
0.0075,0.005,2.5,13:30,14:00,10000,0,RV_IV_Analysis_20260305_052609,732,237,32.37704918032787,4714.5499999999965,9.776320623451602,23.83879781420765,16.188524590163937
0.0075,0.005,2.5,14:00,14:30,10000,0,RV_IV_Analysis_20260305_052739,812,234,28.817733990147783,-3488.5700000000043,-0.4539748246959648,20.997536945812808,14.408866995073891
0.0075,0.005,2.5,14:30,15:00,10000,0,RV_IV_Analysis_20260305_114218,833,229,27.490996398559425,572.1499999999974,5.846900050189095,21.668667466986793,13.745498199279712
0.0075,0.005,2.5,15:00,15:30,10000,0,RV_IV_Analysis_20260305_114340,819,242,29.54822954822955,9439.509999999998,15.325861844771518,25.82417582417583,14.774114774114775
0.0075,0.0055,1.5,09:30,10:00,10000,0,RV_IV_Analysis_20260305_114507,763,411,53.86631716906947,-8625.390000000001,-11.367573489170045,28.309305373525557,26.933158584534734
0.0075,0.0055,1.5,10:00,10:30,10000,0,RV_IV_Analysis_20260305_114632,778,385,49.48586118251928,-21359.270000000004,-19.797841952973474,24.74293059125964,24.74293059125964
0.0075,0.0055,1.5,10:30,11:00,10000,0,RV_IV_Analysis_20260305_114800,761,383,50.32851511169514,-19755.090000000004,-18.651877740932843,25.689881734559787,25.16425755584757
0.0075,0.0055,1.5,11:00,11:30,10000,0,RV_IV_Analysis_20260305_114932,731,394,53.898768809849514,-13299.030000000002,-12.169231142915145,27.291381668946645,26.949384404924757
0.0075,0.0055,1.5,11:30,12:00,10000,0,RV_IV_Analysis_20260305_115112,789,421,53.35868187579214,-6711.820000000004,-5.39851813091913,27.9467680608365,26.67934093789607
0.0075,0.0055,1.5,12:00,12:30,10000,0,RV_IV_Analysis_20260305_115241,835,418,50.05988023952096,-8553.379999999997,-5.80492366684065,25.748502994011975,25.02994011976048
0.0075,0.0055,1.5,12:30,13:00,10000,0,RV_IV_Analysis_20260305_115414,818,395,48.28850855745721,-12772.570000000003,-12.687511627885128,25.67237163814181,24.144254278728607
0.0075,0.0055,1.5,13:00,13:30,10000,0,RV_IV_Analysis_20260305_115544,856,417,48.71495327102804,-7582.390000000002,-6.312972890491422,26.168224299065418,24.35747663551402
0.0075,0.0055,1.5,13:30,14:00,10000,0,RV_IV_Analysis_20260305_115717,912,474,51.973684210526315,-6373.820000000003,-1.436782522966492,28.289473684210524,25.986842105263158
0.0075,0.0055,1.5,14:00,14:30,10000,0,RV_IV_Analysis_20260305_115852,1004,519,51.69322709163347,-9135.410000000003,-4.391252085252068,27.88844621513944,26.045816733067728
0.0075,0.0055,1.5,14:30,15:00,10000,0,RV_IV_Analysis_20260305_120025,985,571,57.96954314720813,433.14999999999554,5.09330628470829,30.558375634517766,28.984771573604064
0.0075,0.0055,1.5,15:00,15:30,10000,0,RV_IV_Analysis_20260305_120235,961,542,56.399583766909466,-2907.0800000000045,-0.7176371409238151,29.76066597294485,28.199791883454733
0.0075,0.0055,2,09:30,10:00,10000,0,RV_IV_Analysis_20260305_120405,763,311,40.76015727391874,-9033.120000000003,-7.270009490108482,24.37745740498034,20.38007863695937
0.0075,0.0055,2,10:00,10:30,10000,0,RV_IV_Analysis_20260305_120538,778,327,42.030848329048844,-11860.450000000004,-5.850391515808818,22.94344473007712,21.015424164524422
0.0075,0.0055,2,10:30,11:00,10000,0,RV_IV_Analysis_20260305_120711,761,328,43.1011826544021,-10468.180000000004,-4.838217327827433,23.653088042049937,21.55059132720105
0.0075,0.0055,2,11:00,11:30,10000,0,RV_IV_Analysis_20260305_120842,731,320,43.77564979480164,-9351.640000000007,-2.184001226887969,25.444596443228455,21.88782489740082
0.0075,0.0055,2,11:30,12:00,10000,0,RV_IV_Analysis_20260305_121013,789,349,44.23320659062104,233.10999999999694,7.027046988021999,26.869455006337134,22.11660329531052
0.0075,0.0055,2,12:00,12:30,10000,0,RV_IV_Analysis_20260305_121141,835,349,41.796407185628745,-1844.0499999999993,3.7026864121758196,24.07185628742515,20.898203592814372
0.0075,0.0055,2,12:30,13:00,10000,0,RV_IV_Analysis_20260305_121314,818,316,38.63080684596577,-8409.020000000004,-5.363664622332101,23.227383863080682,19.315403422982886
0.0075,0.0055,2,13:00,13:30,10000,0,RV_IV_Analysis_20260305_121444,856,343,40.070093457943926,-1680.7800000000025,0.5773561508253349,23.306074766355138,20.035046728971963
0.0075,0.0055,2,13:30,14:00,10000,0,RV_IV_Analysis_20260305_121615,912,325,35.635964912280706,-10371.170000000002,-7.401240433362994,22.36842105263158,17.817982456140353
0.0075,0.0055,2,14:00,14:30,10000,0,RV_IV_Analysis_20260305_121744,1004,361,35.95617529880478,-7409.160000000005,-3.691834754063191,22.808764940239044,17.97808764940239
0.0075,0.0055,2,14:30,15:00,10000,0,RV_IV_Analysis_20260305_121917,985,446,45.27918781725888,9179.659999999996,14.53824802358895,25.98984771573604,22.63959390862944
0.0075,0.0055,2,15:00,15:30,10000,0,RV_IV_Analysis_20260305_122047,961,448,46.61810613943808,9737.319999999998,11.955458434374586,27.211238293444328,23.30905306971904
0.0075,0.0055,2.5,09:30,10:00,10000,0,RV_IV_Analysis_20260305_122217,763,267,34.99344692005242,2310.2299999999973,8.157307901973276,24.37745740498034,17.49672346002621
0.0075,0.0055,2.5,10:00,10:30,10000,0,RV_IV_Analysis_20260305_122346,778,265,34.06169665809769,-2627.130000000001,7.7365933148418655,22.94344473007712,17.030848329048844
0.0075,0.0055,2.5,10:30,11:00,10000,0,RV_IV_Analysis_20260305_122517,761,222,29.172141918528254,-6114.500000000003,1.827555848701342,22.07621550591327,14.586070959264127
0.0075,0.0055,2.5,11:00,11:30,10000,0,RV_IV_Analysis_20260305_122645,731,209,28.59097127222982,-11497.410000000007,-5.2978712161420445,21.61422708618331,14.29548563611491
0.0075,0.0055,2.5,11:30,12:00,10000,0,RV_IV_Analysis_20260305_122816,789,236,29.911280101394173,-2853.270000000004,3.230361874373303,23.067173637515843,14.955640050697086
0.0075,0.0055,2.5,12:00,12:30,10000,0,RV_IV_Analysis_20260305_122944,835,248,29.700598802395213,-3410.4799999999996,3.235202465948577,21.736526946107784,14.850299401197606
0.0075,0.0055,2.5,12:30,13:00,10000,0,RV_IV_Analysis_20260305_123116,818,240,29.3398533007335,-5548.520000000004,0.09078814489292128,22.00488997555012,14.66992665036675
0.0075,0.0055,2.5,13:00,13:30,10000,0,RV_IV_Analysis_20260305_123244,856,249,29.088785046728972,2699.619999999999,8.374192557575322,23.306074766355138,14.544392523364486
0.0075,0.0055,2.5,13:30,14:00,10000,0,RV_IV_Analysis_20260305_123413,912,247,27.083333333333332,-4717.820000000004,0.9046005963588605,21.710526315789476,13.541666666666666
0.0075,0.0055,2.5,14:00,14:30,10000,0,RV_IV_Analysis_20260305_123542,1004,269,26.79282868525896,-5207.810000000006,-0.8300715724454433,20.766932270916335,13.39641434262948
0.0075,0.0055,2.5,14:30,15:00,10000,0,RV_IV_Analysis_20260305_123714,985,270,27.411167512690355,6064.199999999994,10.728062991214367,22.84263959390863,13.705583756345177
0.0075,0.0055,2.5,15:00,15:30,10000,0,RV_IV_Analysis_20260305_123843,961,293,30.489073881373567,14462.069999999996,17.566546159249334,26.326742976066598,15.244536940686784
0.0075,0.0065,1.5,09:30,10:00,10000,0,RV_IV_Analysis_20260305_124013,930,423,45.483870967741936,-23723.30000000001,-19.07799719414301,26.182795698924732,22.741935483870968
0.0075,0.0065,1.5,10:00,10:30,10000,0,RV_IV_Analysis_20260305_124141,1001,432,43.15684315684315,-29595.840000000007,-19.98353150459361,24.175824175824175,21.578421578421576
0.0075,0.0065,1.5,10:30,11:00,10000,0,RV_IV_Analysis_20260305_124312,987,484,49.03748733535968,-14841.740000000005,-10.186219353364029,26.95035460992908,24.51874366767984
0.0075,0.0065,1.5,11:00,11:30,10000,0,RV_IV_Analysis_20260305_124440,1013,533,52.61599210266535,-7899.6500000000015,-2.9622967509505393,27.788746298124384,26.307996051332676
0.0075,0.0065,1.5,11:30,12:00,10000,0,RV_IV_Analysis_20260305_124613,1010,519,51.38613861386139,-7229.490000000005,-3.3368027614811724,28.118811881188122,25.693069306930695
0.0075,0.0065,1.5,12:00,12:30,10000,0,RV_IV_Analysis_20260305_124743,1069,536,50.14031805425632,-9953.610000000002,-2.8978513784880153,27.502338634237606,25.07015902712816
0.0075,0.0065,1.5,12:30,13:00,10000,0,RV_IV_Analysis_20260305_124914,1106,533,48.19168173598553,-13533.880000000005,-7.812567125450198,26.853526220614825,24.095840867992766
0.0075,0.0065,1.5,13:00,13:30,10000,0,RV_IV_Analysis_20260305_125043,1123,544,48.44167408726625,-13110.78,-6.8475949296123995,26.491540516473734,24.35440783615316
0.0075,0.0065,1.5,13:30,14:00,10000,0,RV_IV_Analysis_20260305_125212,1188,608,51.178451178451176,-10196.539999999999,-2.1858916417093317,28.1986531986532,25.841750841750844
0.0075,0.0065,1.5,14:00,14:30,10000,0,RV_IV_Analysis_20260305_125341,1207,628,52.029826014913006,-8337.000000000005,-2.497874767905488,28.74896437448219,27.009113504556755
0.0075,0.0065,1.5,14:30,15:00,10000,0,RV_IV_Analysis_20260305_125513,1230,675,54.87804878048781,-2866.720000000002,2.764632946690418,29.959349593495936,28.69918699186992
0.0075,0.0065,1.5,15:00,15:30,10000,0,RV_IV_Analysis_20260305_125643,1222,656,53.682487725040914,-6127.70000000001,-1.1917390230515585,29.58265139116203,28.068739770867428
0.0075,0.0065,2,09:30,10:00,10000,0,RV_IV_Analysis_20260305_125813,930,317,34.086021505376344,-24924.18,-16.262346880057258,22.688172043010752,17.043010752688172
0.0075,0.0065,2,10:00,10:30,10000,0,RV_IV_Analysis_20260305_125940,1001,348,34.765234765234766,-24581.840000000007,-11.926288446055935,21.828171828171826,17.382617382617383
0.0075,0.0065,2,10:30,11:00,10000,0,RV_IV_Analysis_20260305_130111,987,370,37.48733535967578,-10829.110000000004,-2.911916253494354,23.961499493414387,18.74366767983789
0.0075,0.0065,2,11:00,11:30,10000,0,RV_IV_Analysis_20260305_130239,1013,392,38.6969397828233,-5834.780000000003,2.789639561739649,25.71569595261599,19.34846989141165
0.0075,0.0065,2,11:30,12:00,10000,0,RV_IV_Analysis_20260305_130410,1010,394,39.00990099009901,-113.26000000000477,6.317328309722229,27.27722772277228,19.504950495049506
0.0075,0.0065,2,12:00,12:30,10000,0,RV_IV_Analysis_20260305_130538,1069,387,36.20205799812909,-4213.6399999999985,3.84533717049715,25.77174929840973,18.101028999064546
0.0075,0.0065,2,12:30,13:00,10000,0,RV_IV_Analysis_20260305_130709,1106,399,36.075949367088604,-7736.100000000001,-1.4885655970233036,24.367088607594937,18.037974683544302
0.0075,0.0065,2,13:00,13:30,10000,0,RV_IV_Analysis_20260305_130837,1123,442,39.35886019590383,-4383.640000000001,-0.015247445747176088,23.419412288512913,19.679430097951915
0.0075,0.0065,2,13:30,14:00,10000,0,RV_IV_Analysis_20260305_131007,1188,438,36.868686868686865,-10861.440000000002,-5.008093247332354,22.81144781144781,18.434343434343432
0.0075,0.0065,2,14:00,14:30,10000,0,RV_IV_Analysis_20260305_131136,1207,445,36.868268434134215,-6754.300000000005,-2.573982868966598,23.48798674399337,18.434134217067108
0.0075,0.0065,2,14:30,15:00,10000,0,RV_IV_Analysis_20260305_131308,1230,513,41.70731707317073,3115.1899999999996,7.905029324607795,25.040650406504067,20.853658536585364
0.0075,0.0065,2,15:00,15:30,10000,0,RV_IV_Analysis_20260305_131442,1222,509,41.65302782324059,3465.109999999994,6.505725729226084,26.350245499181668,20.826513911620296
0.0075,0.0065,2.5,09:30,10:00,10000,0,RV_IV_Analysis_20260305_131613,930,273,29.354838709677416,-13127.780000000006,-3.2824918690087084,22.688172043010752,14.677419354838708
0.0075,0.0065,2.5,10:00,10:30,10000,0,RV_IV_Analysis_20260305_132041,1001,286,28.57142857142857,-14987.250000000004,-1.1326150333489604,21.828171828171826,14.285714285714285
0.0075,0.0065,2.5,10:30,11:00,10000,0,RV_IV_Analysis_20260305_132205,987,264,26.74772036474164,-5543.300000000007,2.85329476227105,22.74569402228977,13.37386018237082
0.0075,0.0065,2.5,11:00,11:30,10000,0,RV_IV_Analysis_20260305_132331,1013,278,27.44323790720632,-5446.330000000003,2.2049783105516396,22.95162882527147,13.72161895360316
0.0075,0.0065,2.5,11:30,12:00,10000,0,RV_IV_Analysis_20260305_132500,1010,281,27.821782178217823,-881.79,4.93947908845254,24.306930693069305,13.910891089108912
0.0075,0.0065,2.5,12:00,12:30,10000,0,RV_IV_Analysis_20260305_132631,1069,280,26.192703461178674,-4238.510000000003,4.538563612995612,23.947614593077642,13.096351730589337
0.0075,0.0065,2.5,12:30,13:00,10000,0,RV_IV_Analysis_20260305_132801,1106,286,25.85895117540687,-3594.2300000000014,3.170828822629119,23.462929475587703,12.929475587703434
0.0075,0.0065,2.5,13:00,13:30,10000,0,RV_IV_Analysis_20260305_132933,1123,310,27.604630454140693,2494.529999999997,7.4111373900118185,23.419412288512913,13.802315227070347
0.0075,0.0065,2.5,13:30,14:00,10000,0,RV_IV_Analysis_20260305_133102,1188,315,26.515151515151516,-1589.7900000000036,3.4571042392403144,22.306397306397308,13.257575757575758
0.0075,0.0065,2.5,14:00,14:30,10000,0,RV_IV_Analysis_20260305_133234,1207,321,26.594863297431647,-1052.5600000000068,1.7733881691930182,21.789560894780447,13.297431648715824
0.0075,0.0065,2.5,14:30,15:00,10000,0,RV_IV_Analysis_20260305_133407,1230,337,27.398373983739837,5194.1500000000015,7.660597033395126,22.520325203252032,13.699186991869919
0.0075,0.0065,2.5,15:00,15:30,10000,0,RV_IV_Analysis_20260305_133537,1222,346,28.314238952536826,11743.54999999999,12.855157345560201,25.654664484451718,14.157119476268413
0.0075,0.0075,1.5,09:30,10:00,10000,0,RV_IV_Analysis_20260305_133706,1181,499,42.25232853513971,-23173.790000000005,-15.01423744468546,26.587637595258258,21.337849280270955
0.0075,0.0075,1.5,10:00,10:30,10000,0,RV_IV_Analysis_20260305_133838,1267,542,42.77821625887924,-27467.030000000002,-14.516783838672547,26.637726913970006,21.783741120757696
0.0075,0.0075,1.5,10:30,11:00,10000,0,RV_IV_Analysis_20260305_134008,1235,610,49.392712550607285,-14839.120000000006,-7.368714248053537,28.421052631578945,24.696356275303643
0.0075,0.0075,1.5,11:00,11:30,10000,0,RV_IV_Analysis_20260305_134137,1238,634,51.21163166397415,-6893.6900000000005,-2.517280362410601,29.684975767366723,25.605815831987076
0.0075,0.0075,1.5,11:30,12:00,10000,0,RV_IV_Analysis_20260305_134310,1289,691,53.60744763382467,-1759.0900000000038,0.032593505626944526,30.411171450737008,26.803723816912335
0.0075,0.0075,1.5,12:00,12:30,10000,0,RV_IV_Analysis_20260305_134439,1318,663,50.30349013657056,-13436.890000000007,-4.438099095173844,28.03490136570562,25.15174506828528
0.0075,0.0075,1.5,12:30,13:00,10000,0,RV_IV_Analysis_20260305_134610,1337,675,50.48616305160808,-8936.570000000005,-4.724939110497278,29.05759162303665,25.24308152580404
0.0075,0.0075,1.5,13:00,13:30,10000,0,RV_IV_Analysis_20260305_134739,1332,676,50.750750750750754,-10245.720000000001,-4.73514588031831,27.7027027027027,25.487987987987985
0.0075,0.0075,1.5,13:30,14:00,10000,0,RV_IV_Analysis_20260305_134909,1420,764,53.80281690140845,-8574.56000000001,-1.4504001659987962,29.119718309859156,27.11267605633803
0.0075,0.0075,1.5,14:00,14:30,10000,0,RV_IV_Analysis_20260305_135041,1460,762,52.19178082191781,-14893.440000000008,-5.256293000989143,28.356164383561644,26.91780821917808
0.0075,0.0075,1.5,14:30,15:00,10000,0,RV_IV_Analysis_20260305_135213,1494,830,55.55555555555556,-2181.2800000000043,2.343819209312232,30.455153949129855,28.815261044176705
0.0075,0.0075,1.5,15:00,15:30,10000,0,RV_IV_Analysis_20260305_135344,1441,778,53.99028452463567,-8401.190000000004,-2.2705868533236857,29.909784871616935,28.036086051353227
0.0075,0.0075,2,09:30,10:00,10000,0,RV_IV_Analysis_20260305_135515,1181,373,31.583403895004235,-25953.22000000001,-13.679932821009693,23.412362404741742,15.791701947502117
0.0075,0.0075,2,10:00,10:30,10000,0,RV_IV_Analysis_20260305_135644,1267,402,31.728492501973165,-31861.320000000007,-12.623751452802898,23.007103393843725,15.864246250986582
0.0075,0.0075,2,10:30,11:00,10000,0,RV_IV_Analysis_20260305_135814,1235,415,33.603238866396765,-19317.390000000007,-5.9962617149010065,24.291497975708502,16.801619433198383
0.0075,0.0075,2,11:00,11:30,10000,0,RV_IV_Analysis_20260305_135943,1238,444,35.864297253634895,-11159.980000000007,-1.047853504158018,26.33279483037157,17.932148626817447
0.0075,0.0075,2,11:30,12:00,10000,0,RV_IV_Analysis_20260305_140113,1289,479,37.16058960434445,-876.2200000000003,4.58241128110009,27.657098525989138,18.580294802172226
0.0075,0.0075,2,12:00,12:30,10000,0,RV_IV_Analysis_20260305_140241,1318,486,36.874051593323216,339.2899999999963,4.453381408946505,26.403641881638844,18.437025796661608
0.0075,0.0075,2,12:30,13:00,10000,0,RV_IV_Analysis_20260305_140412,1337,524,39.19222139117427,8583.360000000002,5.5823857569807025,27.000747943156323,19.596110695587136
0.0075,0.0075,2,13:00,13:30,10000,0,RV_IV_Analysis_20260305_140539,1332,516,38.73873873873874,5896.429999999995,4.34621148186798,25.037537537537535,19.36936936936937
0.0075,0.0075,2,13:30,14:00,10000,0,RV_IV_Analysis_20260305_140708,1420,529,37.25352112676056,-13.650000000005093,0.0069595165177950445,24.54225352112676,18.62676056338028
0.0075,0.0075,2,14:00,14:30,10000,0,RV_IV_Analysis_20260305_140836,1460,518,35.47945205479452,-6425.530000000006,-2.6231516869092246,23.904109589041095,17.73972602739726
0.0075,0.0075,2,14:30,15:00,10000,0,RV_IV_Analysis_20260305_141009,1494,613,41.03078982597055,9153.629999999994,8.587545694201898,25.83668005354752,20.515394912985276
0.0075,0.0075,2,15:00,15:30,10000,0,RV_IV_Analysis_20260305_141142,1441,591,41.013185287994446,8381.019999999995,7.140798525994894,27.168632893823734,20.506592643997223
0.0075,0.0075,2.5,09:30,10:00,10000,0,RV_IV_Analysis_20260305_141312,1181,329,27.85774767146486,-11846.320000000007,-2.3353752302153166,23.412362404741742,13.92887383573243
0.0075,0.0075,2.5,10:00,10:30,10000,0,RV_IV_Analysis_20260305_141443,1267,331,26.124704025256513,-19531.980000000014,-2.8297012571693534,23.007103393843725,13.062352012628256
0.0075,0.0075,2.5,10:30,11:00,10000,0,RV_IV_Analysis_20260305_141613,1235,298,24.129554655870443,-11090.93000000001,0.004106814026886517,23.31983805668016,12.064777327935222
0.0075,0.0075,2.5,11:00,11:30,10000,0,RV_IV_Analysis_20260305_141741,1238,304,24.55573505654281,-8728.079999999998,-0.5610311514594356,24.07108239095315,12.277867528271406
0.0075,0.0075,2.5,11:30,12:00,10000,0,RV_IV_Analysis_20260305_141911,1289,361,28.006206361520558,5481.299999999994,6.8081896915050475,25.329712955779677,14.003103180760279
0.0075,0.0075,2.5,12:00,12:30,10000,0,RV_IV_Analysis_20260305_142038,1318,355,26.934749620637326,7148.279999999993,8.087561983536805,24.92412746585736,13.467374810318663
0.0075,0.0075,2.5,12:30,13:00,10000,0,RV_IV_Analysis_20260305_142208,1337,373,27.898279730740466,20867.429999999993,13.0871961781248,26.252804786836197,13.949139865370233
0.0075,0.0075,2.5,13:00,13:30,10000,0,RV_IV_Analysis_20260305_142336,1332,381,28.603603603603606,18353.679999999993,13.264890916771181,25.037537537537535,14.301801801801803
0.0075,0.0075,2.5,13:30,14:00,10000,0,RV_IV_Analysis_20260305_142504,1420,405,28.52112676056338,17182.24999999999,10.418607109500984,24.119718309859156,14.26056338028169
0.0075,0.0075,2.5,14:00,14:30,10000,0,RV_IV_Analysis_20260305_142635,1460,365,25.0,5017.659999999996,3.2025994690001363,22.5,12.5
0.0075,0.0075,2.5,14:30,15:00,10000,0,RV_IV_Analysis_20260305_142806,1494,412,27.57697456492637,19525.50999999999,11.634049375551209,23.761713520749666,13.788487282463185
0.0075,0.0075,2.5,15:00,15:30,10000,0,RV_IV_Analysis_20260305_142939,1441,408,28.313671061762662,21375.559999999994,14.370410096789968,26.578764746703676,14.156835530881331
0.01,0.005,1.5,09:30,10:00,10000,0,RV_IV_Analysis_20260305_143109,910,444,48.79120879120879,-14466.060000000001,-15.390154843707107,26.043956043956047,24.395604395604394
0.01,0.005,1.5,10:00,10:30,10000,0,RV_IV_Analysis_20260305_143235,955,393,41.15183246073298,-29686.730000000003,-27.973425631696845,22.094240837696336,20.57591623036649
0.01,0.005,1.5,10:30,11:00,10000,0,RV_IV_Analysis_20260305_143409,998,480,48.09619238476954,-15292.150000000005,-13.213728470162113,24.448897795591183,24.04809619238477
0.01,0.005,1.5,11:00,11:30,10000,0,RV_IV_Analysis_20260305_143836,1011,537,53.11572700296736,-1561.710000000001,1.9412020707030773,27.794263105835803,26.55786350148368
0.01,0.005,1.5,11:30,12:00,10000,0,RV_IV_Analysis_20260305_143957,1069,551,51.54349859681946,-2794.3600000000056,-0.437746510916369,28.01683816651076,25.77174929840973
0.01,0.005,1.5,12:00,12:30,10000,0,RV_IV_Analysis_20260305_144128,1115,577,51.74887892376682,-5059.670000000003,-0.0040255096064617645,28.340807174887892,25.87443946188341
0.01,0.005,1.5,12:30,13:00,10000,0,RV_IV_Analysis_20260305_144303,1124,573,50.978647686832744,-5001.440000000003,-3.298790597371768,27.580071174377224,25.489323843416372
0.01,0.005,1.5,13:00,13:30,10000,0,RV_IV_Analysis_20260305_144436,1152,579,50.260416666666664,-7752.550000000002,-4.194804286460208,26.692708333333332,25.130208333333332
0.01,0.005,1.5,13:30,14:00,10000,0,RV_IV_Analysis_20260305_144608,1186,569,47.97639123102867,-9313.760000000007,-8.196778428098776,26.22259696458685,23.988195615514336
0.01,0.005,1.5,14:00,14:30,10000,0,RV_IV_Analysis_20260305_144740,1179,579,49.10941475826972,-10359.429999999998,-8.306365555914326,26.929601357082273,24.80916030534351
0.01,0.005,1.5,14:30,15:00,10000,0,RV_IV_Analysis_20260305_144913,1191,682,57.262804366078925,3610.989999999998,4.829284061402204,31.318219983207392,29.59697732997481
0.01,0.005,1.5,15:00,15:30,10000,0,RV_IV_Analysis_20260305_145043,1149,649,56.48389904264578,586.899999999996,3.482286137351306,29.852045256744997,29.547432550043517
0.01,0.005,2,09:30,10:00,10000,0,RV_IV_Analysis_20260305_145215,910,329,36.15384615384615,-19368.06,-16.998051582771367,20.21978021978022,18.076923076923077
0.01,0.005,2,10:00,10:30,10000,0,RV_IV_Analysis_20260305_145346,955,325,34.031413612565444,-26050.18,-19.50006797523488,20.157068062827225,17.015706806282722
0.01,0.005,2,10:30,11:00,10000,0,RV_IV_Analysis_20260305_145521,998,380,38.07615230460922,-13322.230000000003,-6.507327575442285,21.392785571142284,19.03807615230461
0.01,0.005,2,11:00,11:30,10000,0,RV_IV_Analysis_20260305_145652,1011,409,40.454995054401586,-2576.6500000000033,6.7355000473554085,24.134520276953513,20.227497527200793
0.01,0.005,2,11:30,12:00,10000,0,RV_IV_Analysis_20260305_145825,1069,402,37.605238540692234,-3967.740000000005,4.149176626870987,25.116931711880262,18.802619270346117
0.01,0.005,2,12:00,12:30,10000,0,RV_IV_Analysis_20260305_145957,1115,439,39.37219730941704,-2998.3600000000038,5.994145854191886,25.15695067264574,19.68609865470852
0.01,0.005,2,12:30,13:00,10000,0,RV_IV_Analysis_20260305_150130,1124,490,43.594306049822066,1196.029999999998,6.483133663573042,24.68861209964413,21.797153024911033
0.01,0.005,2,13:00,13:30,10000,0,RV_IV_Analysis_20260305_150302,1152,469,40.71180555555556,-3488.920000000001,-1.5426008840056968,22.178819444444446,20.35590277777778
0.01,0.005,2,13:30,14:00,10000,0,RV_IV_Analysis_20260305_150437,1186,465,39.20741989881956,-7612.8700000000035,-5.47868991619164,22.09106239460371,19.60370994940978
0.01,0.005,2,14:00,14:30,10000,0,RV_IV_Analysis_20260305_150610,1179,452,38.33757421543681,-6143.079999999996,-2.9578681433853324,22.815945716709077,19.168787107718405
0.01,0.005,2,14:30,15:00,10000,0,RV_IV_Analysis_20260305_150741,1191,533,44.75230898404702,8498.109999999997,10.699237213349733,26.406381192275397,22.37615449202351
0.01,0.005,2,15:00,15:30,10000,0,RV_IV_Analysis_20260305_150914,1149,485,42.210617928633596,3797.6000000000017,8.506958365034558,24.934725848563968,21.105308964316798
0.01,0.005,2.5,09:30,10:00,10000,0,RV_IV_Analysis_20260305_151047,910,270,29.67032967032967,-14586.010000000002,-9.97692060781406,18.626373626373628,14.835164835164836
0.01,0.005,2.5,10:00,10:30,10000,0,RV_IV_Analysis_20260317_231441,955,238,24.921465968586386,-23169.270000000004,-16.354250348204122,17.225130890052355,12.460732984293193
0.01,0.005,2.5,10:30,11:00,10000,0,RV_IV_Analysis_20260317_231815,998,267,26.753507014028056,-10229.360000000002,-4.330473161117349,18.687374749498996,13.376753507014028
0.01,0.005,2.5,11:00,11:30,10000,0,RV_IV_Analysis_20260317_232032,1011,288,28.486646884272997,-2236.130000000001,3.8983601209986163,20.02967359050445,14.243323442136498
0.01,0.005,2.5,11:30,12:00,10000,0,RV_IV_Analysis_20260317_232321,1069,310,28.999064546304957,-2219.2900000000063,3.998923549803122,21.65575304022451,14.499532273152479
0.01,0.005,2.5,12:00,12:30,10000,0,RV_IV_Analysis_20260317_232609,1115,290,26.00896860986547,-5701.020000000001,0.46426871769076916,21.076233183856502,13.004484304932735
0.01,0.005,2.5,12:30,13:00,10000,0,RV_IV_Analysis_20260317_232840,1124,323,28.73665480427046,-944.1600000000012,3.8634772141270517,20.77402135231317,14.36832740213523
0.01,0.005,2.5,13:00,13:30,10000,0,RV_IV_Analysis_20260317_233106,1152,376,32.63888888888889,4167.149999999997,9.182454425014226,21.65798611111111,16.319444444444446
0.01,0.005,2.5,13:30,14:00,10000,0,RV_IV_Analysis_20260317_233338,1186,340,28.667790893760543,-2843.1700000000046,1.421327238409647,20.36256323777403,14.333895446880272
0.01,0.005,2.5,14:00,14:30,10000,0,RV_IV_Analysis_20260317_233614,1179,312,26.463104325699742,-7170.890000000003,-2.581555995931826,20.10178117048346,13.231552162849871
0.01,0.005,2.5,14:30,15:00,10000,0,RV_IV_Analysis_20260317_233842,1191,391,32.82955499580184,10584.0,11.122789406989677,23.38371116708648,16.41477749790092
0.01,0.005,2.5,15:00,15:30,10000,0,RV_IV_Analysis_20260317_234108,1149,377,32.811140121845085,10410.049999999994,16.168284232366904,23.977371627502176,16.405570060922543
0.01,0.0055,1.5,09:30,10:00,10000,0,RV_IV_Analysis_20260317_234332,1048,482,45.99236641221374,-21262.040000000005,-18.30493186090003,24.80916030534351,22.99618320610687
0.01,0.0055,1.5,10:00,10:30,10000,0,RV_IV_Analysis_20260317_234556,1123,456,40.605520926090826,-27462.5,-22.510760855411935,22.12822796081923,20.302760463045413
0.01,0.0055,1.5,10:30,11:00,10000,0,RV_IV_Analysis_20260317_234819,1110,546,49.18918918918919,-10724.420000000004,-8.196481702465325,25.810810810810807,24.594594594594597
0.01,0.0055,1.5,11:00,11:30,10000,0,RV_IV_Analysis_20260317_235038,1167,593,50.8140531276778,-7495.550000000009,-2.0386636801884905,26.86375321336761,25.4070265638389
0.01,0.0055,1.5,11:30,12:00,10000,0,RV_IV_Analysis_20260317_235258,1197,617,51.54553049289892,-3828.780000000004,-1.217630768983382,28.654970760233915,25.77276524644946
0.01,0.0055,1.5,12:00,12:30,10000,0,RV_IV_Analysis_20260317_235516,1237,635,51.333872271624905,-8391.000000000007,-2.2543056246464945,28.092158447857717,25.666936135812453
0.01,0.0055,1.5,12:30,13:00,10000,0,RV_IV_Analysis_20260317_235733,1256,646,51.433121019108285,-6084.810000000007,-3.7356902053537833,27.86624203821656,25.716560509554142
0.01,0.0055,1.5,13:00,13:30,10000,0,RV_IV_Analysis_20260317_235945,1244,644,51.76848874598071,-5509.820000000005,-2.0491938763055537,27.652733118971064,25.884244372990356
0.01,0.0055,1.5,13:30,14:00,10000,0,RV_IV_Analysis_20260318_000159,1248,612,49.03846153846153,-8594.610000000006,-7.4332533948756145,26.642628205128204,24.519230769230766
0.01,0.0055,1.5,14:00,14:30,10000,0,RV_IV_Analysis_20260318_000417,1289,627,48.642358417377814,-14413.620000000006,-10.471834478144986,26.570985259891387,24.553917765709855
0.01,0.0055,1.5,14:30,15:00,10000,0,RV_IV_Analysis_20260318_000629,1349,743,55.077835433654556,-3417.220000000004,0.08834769662576862,30.133432171979248,28.39140103780578
0.01,0.0055,1.5,15:00,15:30,10000,0,RV_IV_Analysis_20260318_000842,1334,723,54.19790104947526,-6966.390000000002,-0.9143721524428404,28.74812593703148,28.223388305847074
0.01,0.0055,2,09:30,10:00,10000,0,RV_IV_Analysis_20260318_001053,1048,355,33.87404580152672,-26892.54,-20.317858693251036,19.1793893129771,16.93702290076336
0.01,0.0055,2,10:00,10:30,10000,0,RV_IV_Analysis_20260318_001306,1123,370,32.94746215494212,-25731.050000000007,-16.76084351654248,19.813000890471947,16.47373107747106
0.01,0.0055,2,10:30,11:00,10000,0,RV_IV_Analysis_20260318_001523,1110,407,36.666666666666664,-14151.160000000003,-6.124624415053642,21.576576576576574,18.333333333333332
0.01,0.0055,2,11:00,11:30,10000,0,RV_IV_Analysis_20260318_001734,1167,440,37.703513281919456,-10097.540000000005,0.8582044942218857,23.093401885175663,18.851756640959728
0.01,0.0055,2,11:30,12:00,10000,0,RV_IV_Analysis_20260318_001950,1197,445,37.17627401837928,-6248.860000000002,1.9061282360145837,25.271512113617376,18.58813700918964
0.01,0.0055,2,12:00,12:30,10000,0,RV_IV_Analysis_20260318_002212,1237,487,39.369442198868235,-4077.5700000000015,4.51324372780295,25.02021018593371,19.684721099434118
0.01,0.0055,2,12:30,13:00,10000,0,RV_IV_Analysis_20260318_002430,1256,550,43.789808917197455,3376.5599999999963,7.011964964642314,25.119426751592357,21.894904458598727
0.01,0.0055,2,13:00,13:30,10000,0,RV_IV_Analysis_20260318_002640,1244,513,41.237942122186496,363.3299999999972,1.4579664202253395,23.15112540192926,20.618971061093248
0.01,0.0055,2,13:30,14:00,10000,0,RV_IV_Analysis_20260318_002850,1248,495,39.66346153846153,-4521.000000000005,-3.3877332281158212,22.716346153846153,19.831730769230766
0.01,0.0055,2,14:00,14:30,10000,0,RV_IV_Analysis_20260318_003103,1289,498,38.634600465477114,-7780.269999999999,-4.3001303922392715,22.73079906904577,19.317300232738557
0.01,0.0055,2,14:30,15:00,10000,0,RV_IV_Analysis_20260318_003317,1349,570,42.25352112676056,2616.689999999996,5.732706366279725,25.463306152705705,21.12676056338028
0.01,0.0055,2,15:00,15:30,10000,0,RV_IV_Analysis_20260318_003530,1334,539,40.4047976011994,-255.3100000000095,5.464059186757708,24.512743628185905,20.2023988005997
0.01,0.0055,2.5,09:30,10:00,10000,0,RV_IV_Analysis_20260318_003741,1048,296,28.24427480916031,-20619.79,-13.110955415427124,17.795801526717558,14.122137404580155
0.01,0.0055,2.5,10:00,10:30,10000,0,RV_IV_Analysis_20260318_003954,1123,283,25.200356188780056,-21638.940000000002,-13.251555309040231,17.31967943009795,12.600178094390028
0.01,0.0055,2.5,10:30,11:00,10000,0,RV_IV_Analysis_20260318_004208,1110,291,26.216216216216214,-10488.830000000004,-3.8085839542327893,19.144144144144143,13.108108108108107
0.01,0.0055,2.5,11:00,11:30,10000,0,RV_IV_Analysis_20260318_004419,1167,314,26.906598114824337,-8738.680000000004,-0.9690783042628208,19.53727506426735,13.453299057412169
0.01,0.0055,2.5,11:30,12:00,10000,0,RV_IV_Analysis_20260318_004631,1197,353,29.490392648287383,-1956.110000000002,3.401618290545744,22.18045112781955,14.745196324143691
0.01,0.0055,2.5,12:00,12:30,10000,0,RV_IV_Analysis_20260318_004845,1237,332,26.839126919967665,-4061.3900000000026,1.2204207257490038,21.341956345998383,13.419563459983832
0.01,0.0055,2.5,12:30,13:00,10000,0,RV_IV_Analysis_20260318_005059,1256,366,29.14012738853503,4403.7199999999975,6.669361807659477,21.61624203821656,14.570063694267516
0.01,0.0055,2.5,13:00,13:30,10000,0,RV_IV_Analysis_20260318_005315,1244,416,33.440514469453376,10322.089999999991,13.01132363756566,22.668810289389068,16.720257234726688
0.01,0.0055,2.5,13:30,14:00,10000,0,RV_IV_Analysis_20260318_005527,1248,370,29.647435897435898,2166.2799999999943,4.3818931739600355,21.07371794871795,14.823717948717949
0.01,0.0055,2.5,14:00,14:30,10000,0,RV_IV_Analysis_20260318_005745,1289,358,27.773467804499614,-5770.690000000002,-2.241369529204961,20.24825446082234,13.886733902249807
0.01,0.0055,2.5,14:30,15:00,10000,0,RV_IV_Analysis_20260318_005956,1349,428,31.72720533728688,7323.689999999994,7.534924138555491,22.794662713120832,15.86360266864344
0.01,0.0055,2.5,15:00,15:30,10000,0,RV_IV_Analysis_20260318_010209,1334,414,31.03448275862069,8651.009999999998,13.364148040694225,23.68815592203898,15.517241379310345
0.01,0.0065,1.5,09:30,10:00,10000,0,RV_IV_Analysis_20260318_010420,1291,557,43.14484895429899,-20456.040000000008,-14.833259900615944,24.82571649883811,22.30828814872192
0.01,0.0065,1.5,10:00,10:30,10000,0,RV_IV_Analysis_20260318_010633,1351,572,42.33900814211695,-27518.530000000006,-18.720476847811664,23.464100666173206,21.761658031088082
0.01,0.0065,1.5,10:30,11:00,10000,0,RV_IV_Analysis_20260318_010849,1331,668,50.18782870022539,-13800.380000000006,-8.059125599370637,26.408715251690456,25.093914350112694
0.01,0.0065,1.5,11:00,11:30,10000,0,RV_IV_Analysis_20260318_011059,1358,728,53.608247422680414,-4244.040000000004,-0.12139249208437909,28.387334315169365,26.804123711340207
0.01,0.0065,1.5,11:30,12:00,10000,0,RV_IV_Analysis_20260318_011611,1386,730,52.669552669552665,-5082.060000000003,-1.8012917938891397,28.93217893217893,26.334776334776333
0.01,0.0065,1.5,12:00,12:30,10000,0,RV_IV_Analysis_20260318_011737,1443,763,52.87595287595288,-8362.779999999999,-2.0652611484291534,28.690228690228693,26.43797643797644
0.01,0.0065,1.5,12:30,13:00,10000,0,RV_IV_Analysis_20260318_011929,1407,729,51.812366737739865,-7767.580000000004,-4.184971875959651,27.896233120113717,25.906183368869932
0.01,0.0065,1.5,13:00,13:30,10000,0,RV_IV_Analysis_20260318_012154,1455,753,51.75257731958764,-11009.25,-4.895532970327487,27.38831615120275,25.87628865979382
0.01,0.0065,1.5,13:30,14:00,10000,0,RV_IV_Analysis_20260318_012409,1549,786,50.74241446094254,-13533.000000000007,-8.302798788740466,27.178825048418336,25.37120723047127
0.01,0.0065,1.5,14:00,14:30,10000,0,RV_IV_Analysis_20260318_012632,1583,828,52.305748578648135,-13259.04,-7.721720894695799,28.01642451042325,26.34238787113076
0.01,0.0065,1.5,14:30,15:00,10000,0,RV_IV_Analysis_20260318_012850,1526,850,55.70117955439057,-3660.5300000000007,0.40580196776814476,30.53735255570118,28.604193971166445
0.01,0.0065,1.5,15:00,15:30,10000,0,RV_IV_Analysis_20260318_013113,1515,801,52.87128712871287,-15645.53,-5.232657613444793,28.01980198019802,27.425742574257427
0.01,0.0065,2,09:30,10:00,10000,0,RV_IV_Analysis_20260318_013325,1291,391,30.286599535243997,-34631.14,-21.09541869876508,18.82261812548412,15.143299767621999
0.01,0.0065,2,10:00,10:30,10000,0,RV_IV_Analysis_20260318_013540,1351,432,31.976313841598813,-34995.75000000001,-18.706063764676102,19.4300518134715,15.988156920799407
0.01,0.0065,2,10:30,11:00,10000,0,RV_IV_Analysis_20260318_013753,1331,483,36.28850488354621,-16826.74,-6.146592538136103,22.201352366641622,18.144252441773105
0.01,0.0065,2,11:00,11:30,10000,0,RV_IV_Analysis_20260318_014007,1358,535,39.39617083946981,-9218.060000000009,1.541390378648042,23.674521354933724,19.698085419734905
0.01,0.0065,2,11:30,12:00,10000,0,RV_IV_Analysis_20260318_014221,1386,508,36.65223665223665,-9243.180000000004,0.5220383358537384,24.927849927849927,18.326118326118326
0.01,0.0065,2,12:00,12:30,10000,0,RV_IV_Analysis_20260318_014436,1443,585,40.54054054054054,-305.1999999999998,5.443929019532452,25.467775467775468,20.27027027027027
0.01,0.0065,2,12:30,13:00,10000,0,RV_IV_Analysis_20260318_014651,1407,620,44.06538734896944,5216.1399999999985,7.151665860070935,25.1954513148543,22.03269367448472
0.01,0.0065,2,13:00,13:30,10000,0,RV_IV_Analysis_20260318_014903,1455,576,39.58762886597938,312.9999999999982,0.5342945967458911,23.436426116838486,19.79381443298969
0.01,0.0065,2,13:30,14:00,10000,0,RV_IV_Analysis_20260318_015114,1549,579,37.37895416397676,-9434.94000000001,-5.0619547941565095,23.305358295674626,18.68947708198838
0.01,0.0065,2,14:00,14:30,10000,0,RV_IV_Analysis_20260318_015332,1583,587,37.081490840176876,-8373.330000000005,-3.7377989056971255,23.7207833228048,18.540745420088438
0.01,0.0065,2,14:30,15:00,10000,0,RV_IV_Analysis_20260318_015543,1526,623,40.825688073394495,3014.1299999999865,5.594325144537146,26.04849279161206,20.412844036697248
0.01,0.0065,2,15:00,15:30,10000,0,RV_IV_Analysis_20260318_015758,1515,578,38.15181518151815,-7911.100000000004,0.817811614284375,24.09240924092409,19.075907590759076
0.01,0.0065,2.5,09:30,10:00,10000,0,RV_IV_Analysis_20260318_020011,1291,329,25.484120836560802,-28116.140000000007,-15.075603965211759,17.660728117738188,12.742060418280401
0.01,0.0065,2.5,10:00,10:30,10000,0,RV_IV_Analysis_20260318_020226,1351,312,23.0940044411547,-31092.32,-15.785787892853469,17.172464840858623,11.54700222057735
0.01,0.0065,2.5,10:30,11:00,10000,0,RV_IV_Analysis_20260318_020441,1331,317,23.816679188580014,-15623.140000000007,-5.633598432485577,19.722013523666416,11.908339594290007
0.01,0.0065,2.5,11:00,11:30,10000,0,RV_IV_Analysis_20260318_020655,1358,358,26.362297496318117,-4972.620000000006,1.550143808980658,20.618556701030926,13.181148748159059
0.01,0.0065,2.5,11:30,12:00,10000,0,RV_IV_Analysis_20260318_020910,1386,404,29.148629148629148,-1608.5400000000045,3.5821375415843826,22.22222222222222,14.574314574314574
0.01,0.0065,2.5,12:00,12:30,10000,0,RV_IV_Analysis_20260318_021126,1443,409,28.34372834372834,1536.1800000000012,3.3723020999132536,21.82952182952183,14.17186417186417
0.01,0.0065,2.5,12:30,13:00,10000,0,RV_IV_Analysis_20260318_021338,1407,434,30.845771144278604,11533.349999999991,9.446418424797844,22.068230277185503,15.422885572139302
0.01,0.0065,2.5,13:00,13:30,10000,0,RV_IV_Analysis_20260318_021550,1455,471,32.371134020618555,12993.259999999998,11.708590820462309,23.02405498281787,16.185567010309278
0.01,0.0065,2.5,13:30,14:00,10000,0,RV_IV_Analysis_20260318_021803,1549,452,29.18011620400258,4890.189999999994,4.5315073327428514,21.98192382182053,14.59005810200129
0.01,0.0065,2.5,14:00,14:30,10000,0,RV_IV_Analysis_20260318_022019,1583,432,27.28995578016424,-1793.3100000000068,0.027691453560228948,21.69930511686671,13.64497789008212
0.01,0.0065,2.5,14:30,15:00,10000,0,RV_IV_Analysis_20260318_022237,1526,480,31.45478374836173,11234.229999999996,8.898389227273116,23.68938401048493,15.727391874180865
0.01,0.0065,2.5,15:00,15:30,10000,0,RV_IV_Analysis_20260318_022455,1515,447,29.504950495049503,3064.369999999999,8.726267738128467,23.36633663366337,14.752475247524751
0.01,0.0075,1.5,09:30,10:00,10000,0,RV_IV_Analysis_20260318_022705,1498,685,45.727636849132175,-18528.370000000003,-12.300703937627446,26.101468624833114,23.76502002670227
0.01,0.0075,1.5,10:00,10:30,10000,0,RV_IV_Analysis_20260318_022921,1560,697,44.67948717948718,-28536.950000000004,-16.812139977064465,24.358974358974358,22.852564102564102
0.01,0.0075,1.5,10:30,11:00,10000,0,RV_IV_Analysis_20260318_023138,1545,773,50.03236245954693,-21930.250000000007,-10.082131981105276,26.148867313915858,25.016181229773466
0.01,0.0075,1.5,11:00,11:30,10000,0,RV_IV_Analysis_20260318_023352,1591,850,53.425518541797615,-8454.240000000005,-1.8104865742125984,28.91263356379635,26.712759270898808
0.01,0.0075,1.5,11:30,12:00,10000,0,RV_IV_Analysis_20260318_023605,1638,904,55.18925518925519,567.6799999999948,0.417123210452241,30.4029304029304,27.594627594627596
0.01,0.0075,1.5,12:00,12:30,10000,0,RV_IV_Analysis_20260318_023820,1652,902,54.600484261501215,-5065.630000000003,-0.9913717154472975,29.358353510895885,27.300242130750608
0.01,0.0075,1.5,12:30,13:00,10000,0,RV_IV_Analysis_20260318_024036,1667,865,51.88962207558488,-14653.75,-5.742826693992721,27.684463107378527,25.94481103779244
0.01,0.0075,1.5,13:00,13:30,10000,0,RV_IV_Analysis_20260318_024247,1661,840,50.57194461167971,-23549.890000000003,-8.460223042006797,26.610475617098135,25.285972305839856
0.01,0.0075,1.5,13:30,14:00,10000,0,RV_IV_Analysis_20260318_024459,1671,812,48.59365649311789,-27623.86,-12.623166530591504,25.97247157390784,24.296828246558945
0.01,0.0075,1.5,14:00,14:30,10000,0,RV_IV_Analysis_20260318_024717,1728,843,48.78472222222222,-33747.96000000001,-14.056368033605416,26.099537037037035,24.56597222222222
0.01,0.0075,1.5,14:30,15:00,10000,0,RV_IV_Analysis_20260318_024929,1732,867,50.05773672055427,-32509.490000000005,-9.621163617370451,27.39607390300231,25.69284064665127
0.01,0.0075,1.5,15:00,15:30,10000,0,RV_IV_Analysis_20260318_025136,1704,826,48.47417840375587,-39538.520000000004,-12.989864742804679,25.850938967136152,25.11737089201878
0.01,0.0075,2,09:30,10:00,10000,0,RV_IV_Analysis_20260318_025345,1498,448,29.906542056074763,-43452.73,-21.823188780602415,19.259012016021362,14.953271028037381
0.01,0.0075,2,10:00,10:30,10000,0,RV_IV_Analysis_20260318_025601,1560,494,31.666666666666664,-43670.740000000005,-19.308087822034032,19.743589743589745,15.833333333333332
0.01,0.0075,2,10:30,11:00,10000,0,RV_IV_Analysis_20260318_025811,1545,545,35.275080906148865,-27515.250000000004,-9.181181081640974,22.135922330097088,17.637540453074433
0.01,0.0075,2,11:00,11:30,10000,0,RV_IV_Analysis_20260318_030022,1591,578,36.329352608422376,-26941.750000000004,-5.426959881644455,23.130106851037084,18.164676304211188
0.01,0.0075,2,11:30,12:00,10000,0,RV_IV_Analysis_20260318_030230,1638,586,35.775335775335776,-15373.160000000003,-1.96130668405637,25.244200244200243,17.887667887667888
0.01,0.0075,2,12:00,12:30,10000,0,RV_IV_Analysis_20260318_030444,1652,666,40.31476997578692,-1298.2300000000032,3.9501979091398045,25.968523002421307,20.15738498789346
0.01,0.0075,2,12:30,13:00,10000,0,RV_IV_Analysis_20260318_030954,1667,663,39.772045590881824,-17833.100000000006,-2.280393424940332,23.695260947810436,19.886022795440912
0.01,0.0075,2,13:00,13:30,10000,0,RV_IV_Analysis_20260318_031115,1661,596,35.88199879590608,-21731.890000000003,-7.339279175981861,21.97471402769416,17.94099939795304
0.01,0.0075,2,13:30,14:00,10000,0,RV_IV_Analysis_20260318_031254,1671,586,35.0688210652304,-26215.000000000007,-10.685133395438163,21.99281867145422,17.5344105326152
0.01,0.0075,2,14:00,14:30,10000,0,RV_IV_Analysis_20260318_031458,1728,588,34.02777777777778,-30798.300000000007,-11.143909251066118,22.04861111111111,17.01388888888889
0.01,0.0075,2,14:30,15:00,10000,0,RV_IV_Analysis_20260318_031720,1732,623,35.96997690531178,-27712.180000000008,-5.753463152178363,23.44110854503464,17.98498845265589
0.01,0.0075,2,15:00,15:30,10000,0,RV_IV_Analysis_20260318_031935,1704,585,34.33098591549296,-33343.29,-8.188789443124074,22.359154929577464,17.16549295774648
0.01,0.0075,2.5,09:30,10:00,10000,0,RV_IV_Analysis_20260318_032140,1498,364,24.299065420560748,-35526.03,-16.06033811685695,18.190921228304404,12.149532710280374
0.01,0.0075,2.5,10:00,10:30,10000,0,RV_IV_Analysis_20260318_032358,1560,345,22.115384615384613,-41248.62,-17.234285104447174,17.467948717948715,11.057692307692307
0.01,0.0075,2.5,10:30,11:00,10000,0,RV_IV_Analysis_20260318_032610,1545,339,21.941747572815533,-32851.490000000005,-10.938072638627178,19.514563106796118,10.970873786407767
0.01,0.0075,2.5,11:00,11:30,10000,0,RV_IV_Analysis_20260318_032818,1591,369,23.192960402262727,-31551.24,-8.533709053834984,19.704588309239472,11.596480201131364
0.01,0.0075,2.5,11:30,12:00,10000,0,RV_IV_Analysis_20260318_033032,1638,439,26.8009768009768,-17626.780000000002,-2.9487900415195547,21.947496947496948,13.4004884004884
0.01,0.0075,2.5,12:00,12:30,10000,0,RV_IV_Analysis_20260318_033248,1652,459,27.78450363196126,-1044.4000000000033,1.3801438832850579,22.306295399515736,13.89225181598063
0.01,0.0075,2.5,12:30,13:00,10000,0,RV_IV_Analysis_20260318_033519,1667,470,28.19436112777445,-9909.740000000009,0.21006513462337412,21.055788842231554,14.097180563887225
0.01,0.0075,2.5,13:00,13:30,10000,0,RV_IV_Analysis_20260318_033726,1661,491,29.560505719446116,-8403.630000000003,2.6786769911383317,21.613485851896446,14.780252859723058
0.01,0.0075,2.5,13:30,14:00,10000,0,RV_IV_Analysis_20260318_033941,1671,458,27.408737283064035,-11433.470000000005,-1.640110952307488,20.766008378216636,13.704368641532017
0.01,0.0075,2.5,14:00,14:30,10000,0,RV_IV_Analysis_20260318_034226,1728,432,25.0,-24354.230000000003,-7.739997419757378,20.19675925925926,12.5
0.01,0.0075,2.5,14:30,15:00,10000,0,RV_IV_Analysis_20260318_034443,1732,480,27.713625866050805,-19492.08000000001,-2.842376668197374,21.362586605080832,13.856812933025402
0.01,0.0075,2.5,15:00,15:30,10000,0,RV_IV_Analysis_20260318_034659,1704,447,26.23239436619718,-23409.720000000005,-1.4961164359121455,21.71361502347418,13.11619718309859
0.0025,0.005,1.5,09:30,10:00,10000,1,RV_IV_Analysis_20260323_194429,1,1,100.0,68.24999999999999,49.738067996077135,50.0,50.0
0.0025,0.005,1.5,10:00,10:30,10000,1,RV_IV_Analysis_20260323_194558,1,1,100.0,66.39999999999998,66.36270683285173,50.0,50.0
0.0025,0.005,1.5,10:30,11:00,10000,1,RV_IV_Analysis_20260323_194735,1,1,100.0,69.55999999999999,83.30523244291062,50.0,50.0
0.0025,0.005,1.5,11:00,11:30,10000,1,RV_IV_Analysis_20260323_194932,1,1,100.0,66.54999999999998,57.378022516488244,50.0,50.0
0.0025,0.005,1.5,11:30,12:00,10000,1,RV_IV_Analysis_20260323_195144,3,2,66.66666666666666,11.810000000000002,0.01627078018788808,33.33333333333333,33.33333333333333
0.0025,0.005,1.5,12:00,12:30,10000,1,RV_IV_Analysis_20260323_195355,2,1,50.0,-43.5,5.9578774143159166,25.0,25.0
0.0025,0.005,1.5,12:30,13:00,10000,1,RV_IV_Analysis_20260323_195600,2,1,50.0,-37.10000000000002,13.946492476843943,25.0,25.0
0.0025,0.005,1.5,13:00,13:30,10000,1,RV_IV_Analysis_20260323_195811,2,1,50.0,-30.840000000000003,9.808744649620778,25.0,25.0
0.0025,0.005,1.5,13:30,14:00,10000,1,RV_IV_Analysis_20260323_200018,2,2,100.0,112.5,55.597446079975214,50.0,50.0
0.0025,0.005,1.5,14:00,14:30,10000,1,RV_IV_Analysis_20260323_200233,2,2,100.0,122.64999999999999,42.39977386686966,50.0,50.0
0.0025,0.005,1.5,14:30,15:00,10000,1,RV_IV_Analysis_20260323_200449,3,3,100.0,198.8,69.73118392994407,50.0,50.0
0.0025,0.005,1.5,15:00,15:30,10000,1,RV_IV_Analysis_20260323_200658,3,3,100.0,197.2,67.38511393753602,50.0,50.0
0.0025,0.005,2,09:30,10:00,10000,1,RV_IV_Analysis_20260323_200903,1,1,100.0,133.0,98.42227852239296,50.0,50.0
0.0025,0.005,2,10:00,10:30,10000,1,RV_IV_Analysis_20260323_201116,1,1,100.0,134.15000000000003,123.82665933497222,50.0,50.0
0.0025,0.005,2,10:30,11:00,10000,1,RV_IV_Analysis_20260323_201330,1,1,100.0,131.51,141.20242870459288,50.0,50.0
0.0025,0.005,2,11:00,11:30,10000,1,RV_IV_Analysis_20260323_201535,1,1,100.0,125.04999999999998,105.8854852030554,50.0,50.0
0.0025,0.005,2,11:30,12:00,10000,1,RV_IV_Analysis_20260323_201747,3,1,33.33333333333333,-92.63999999999999,-17.543221124592574,16.666666666666664,16.666666666666664
0.0025,0.005,2,12:00,12:30,10000,1,RV_IV_Analysis_20260323_201954,2,0,0.0,-81.89999999999999,-14.445948303006077,25.0,0.0
0.0025,0.005,2,12:30,13:00,10000,1,RV_IV_Analysis_20260323_202205,2,0,0.0,-75.50000000000003,-7.996364666013193,25.0,0.0
0.0025,0.005,2,13:00,13:30,10000,1,RV_IV_Analysis_20260323_202420,2,0,0.0,-69.24000000000001,-11.336629799718438,25.0,0.0
0.0025,0.005,2,13:30,14:00,10000,1,RV_IV_Analysis_20260323_202628,2,0,0.0,-62.3,-18.590020595082024,25.0,0.0
0.0025,0.005,2,14:00,14:30,10000,1,RV_IV_Analysis_20260323_202847,2,1,50.0,24.0,10.811077075250637,25.0,25.0
0.0025,0.005,2,14:30,15:00,10000,1,RV_IV_Analysis_20260323_203102,3,1,33.33333333333333,84.89999999999998,47.06838662472821,33.33333333333333,16.666666666666664
0.0025,0.005,2,15:00,15:30,10000,1,RV_IV_Analysis_20260323_203313,3,1,33.33333333333333,85.33999999999997,37.117314161819785,33.33333333333333,16.666666666666664
0.0025,0.005,2.5,09:30,10:00,10000,1,RV_IV_Analysis_20260323_203522,1,0,0.0,79.74999999999999,58.384684537430516,50.0,0.0
0.0025,0.005,2.5,10:00,10:30,10000,1,RV_IV_Analysis_20260323_203737,1,0,0.0,80.89999999999998,78.66126493293652,50.0,0.0
0.0025,0.005,2.5,10:30,11:00,10000,1,RV_IV_Analysis_20260323_203946,1,0,0.0,84.05999999999999,96.85663431206946,50.0,0.0
0.0025,0.005,2.5,11:00,11:30,10000,1,RV_IV_Analysis_20260323_204158,1,0,0.0,87.4,74.66657973041862,50.0,0.0
0.0025,0.005,2.5,11:30,12:00,10000,1,RV_IV_Analysis_20260323_204409,3,0,0.0,-130.29000000000002,-29.07814759518082,16.666666666666664,0.0
0.0025,0.005,2.5,12:00,12:30,10000,1,RV_IV_Analysis_20260323_204617,2,0,0.0,-81.89999999999999,-14.445948303006077,25.0,0.0
0.0025,0.005,2.5,12:30,13:00,10000,1,RV_IV_Analysis_20260323_204829,2,0,0.0,-75.50000000000003,-7.996364666013193,25.0,0.0
0.0025,0.005,2.5,13:00,13:30,10000,1,RV_IV_Analysis_20260323_205037,2,0,0.0,-69.24000000000001,-11.336629799718438,25.0,0.0
0.0025,0.005,2.5,13:30,14:00,10000,1,RV_IV_Analysis_20260323_205253,2,0,0.0,-62.3,-18.590020595082024,25.0,0.0
0.0025,0.005,2.5,14:00,14:30,10000,1,RV_IV_Analysis_20260323_205509,2,0,0.0,-33.900000000000006,-15.627279089132927,25.0,0.0
0.0025,0.005,2.5,14:30,15:00,10000,1,RV_IV_Analysis_20260323_205725,3,1,33.33333333333333,167.0,75.10800411106702,33.33333333333333,16.666666666666664
0.0025,0.005,2.5,15:00,15:30,10000,1,RV_IV_Analysis_20260323_205938,3,1,33.33333333333333,146.39999999999998,55.85887340061661,33.33333333333333,16.666666666666664
0.0025,0.0055,1.5,09:30,10:00,10000,1,RV_IV_Analysis_20260323_210146,1,1,100.0,76.7,68.03812135541438,50.0,50.0
0.0025,0.0055,1.5,10:00,10:30,10000,1,RV_IV_Analysis_20260323_210534,4,3,75.0,87.44999999999993,22.8971253666163,37.5,37.5
0.0025,0.0055,1.5,10:30,11:00,10000,1,RV_IV_Analysis_20260323_211045,4,3,75.0,88.65999999999995,25.61782394538194,37.5,37.5
0.0025,0.0055,1.5,11:00,11:30,10000,1,RV_IV_Analysis_20260323_211327,4,3,75.0,91.40999999999997,17.272392826153258,37.5,37.5
0.0025,0.0055,1.5,11:30,12:00,10000,1,RV_IV_Analysis_20260323_211457,4,3,75.0,99.02,22.450575116106776,37.5,37.5
0.0025,0.0055,1.5,12:00,12:30,10000,1,RV_IV_Analysis_20260323_211641,4,3,75.0,100.86,22.942204302394774,37.5,37.5
0.0025,0.0055,1.5,12:30,13:00,10000,1,RV_IV_Analysis_20260323_211859,4,2,50.0,-95.04000000000002,-0.23422326717764363,25.0,25.0
0.0025,0.0055,1.5,13:00,13:30,10000,1,RV_IV_Analysis_20260323_212106,3,2,66.66666666666666,20.259999999999977,17.400500254093313,33.33333333333333,33.33333333333333
0.0025,0.0055,1.5,13:30,14:00,10000,1,RV_IV_Analysis_20260323_212323,4,3,75.0,38.75,24.758381506067284,37.5,37.5
0.0025,0.0055,1.5,14:00,14:30,10000,1,RV_IV_Analysis_20260323_212537,4,3,75.0,56.859999999999985,28.730844661494636,37.5,37.5
0.0025,0.0055,1.5,14:30,15:00,10000,1,RV_IV_Analysis_20260323_212745,5,4,80.0,131.64999999999998,27.641270670941925,40.0,40.0
0.0025,0.0055,1.5,15:00,15:30,10000,1,RV_IV_Analysis_20260323_213002,6,5,83.33333333333334,203.54999999999995,27.567660863279496,41.66666666666667,41.66666666666667
0.0025,0.0055,2,09:30,10:00,10000,1,RV_IV_Analysis_20260323_213208,1,0,0.0,71.74999999999999,64.17997638269418,50.0,0.0
0.0025,0.0055,2,10:00,10:30,10000,1,RV_IV_Analysis_20260323_213419,4,3,75.0,286.6,61.473991405993246,37.5,37.5
0.0025,0.0055,2,10:30,11:00,10000,1,RV_IV_Analysis_20260323_213933,4,3,75.0,282.00999999999993,63.8066964838699,37.5,37.5
0.0025,0.0055,2,11:00,11:30,10000,1,RV_IV_Analysis_20260323_214056,4,2,50.0,35.44999999999996,11.64912563430401,25.0,25.0
0.0025,0.0055,2,11:30,12:00,10000,1,RV_IV_Analysis_20260323_214243,4,2,50.0,49.059999999999974,21.079629047431382,25.0,25.0
0.0025,0.0055,2,12:00,12:30,10000,1,RV_IV_Analysis_20260323_214504,4,1,25.0,-6.040000000000035,8.776837113067351,25.0,12.5
0.0025,0.0055,2,12:30,13:00,10000,1,RV_IV_Analysis_20260323_214708,4,2,50.0,30.94999999999996,28.952764476197565,25.0,25.0
0.0025,0.0055,2,13:00,13:30,10000,1,RV_IV_Analysis_20260323_214920,3,2,66.66666666666666,153.45999999999998,56.74205933296753,33.33333333333333,33.33333333333333
0.0025,0.0055,2,13:30,14:00,10000,1,RV_IV_Analysis_20260323_215132,4,1,25.0,-67.60000000000002,3.80851609306697,25.0,12.5
0.0025,0.0055,2,14:00,14:30,10000,1,RV_IV_Analysis_20260323_215350,4,1,25.0,-61.640000000000015,10.50060622800664,25.0,12.5
0.0025,0.0055,2,14:30,15:00,10000,1,RV_IV_Analysis_20260323_215603,5,2,40.0,83.99999999999994,22.466987074843562,30.0,20.0
0.0025,0.0055,2,15:00,15:30,10000,1,RV_IV_Analysis_20260323_215817,6,3,50.0,228.53999999999996,27.059037246267266,33.33333333333333,25.0
0.0025,0.0055,2.5,09:30,10:00,10000,1,RV_IV_Analysis_20260323_220024,1,0,0.0,71.74999999999999,64.17997638269418,50.0,0.0
0.0025,0.0055,2.5,10:00,10:30,10000,1,RV_IV_Analysis_20260323_220256,4,1,25.0,106.29999999999995,34.75496528910232,25.0,12.5
0.0025,0.0055,2.5,10:30,11:00,10000,1,RV_IV_Analysis_20260323_220505,4,1,25.0,107.50999999999998,38.73672605485413,25.0,12.5
0.0025,0.0055,2.5,11:00,11:30,10000,1,RV_IV_Analysis_20260323_220716,4,1,25.0,64.26000000000002,16.947711568983944,25.0,12.5
0.0025,0.0055,2.5,11:30,12:00,10000,1,RV_IV_Analysis_20260323_220924,4,1,25.0,73.62000000000002,25.57509522576664,25.0,12.5
0.0025,0.0055,2.5,12:00,12:30,10000,1,RV_IV_Analysis_20260323_221135,4,1,25.0,59.80999999999999,22.968647457894946,25.0,12.5
0.0025,0.0055,2.5,12:30,13:00,10000,1,RV_IV_Analysis_20260323_221348,4,1,25.0,33.40999999999998,30.170638606939452,25.0,12.5
0.0025,0.0055,2.5,13:00,13:30,10000,1,RV_IV_Analysis_20260323_221558,3,1,33.33333333333333,182.31,68.07241818027376,33.33333333333333,16.666666666666664
0.0025,0.0055,2.5,13:30,14:00,10000,1,RV_IV_Analysis_20260323_221812,4,1,25.0,14.500000000000007,23.171723640236777,25.0,12.5
0.0025,0.0055,2.5,14:00,14:30,10000,1,RV_IV_Analysis_20260323_222036,4,1,25.0,20.45999999999998,31.61686137203955,25.0,12.5
0.0025,0.0055,2.5,14:30,15:00,10000,1,RV_IV_Analysis_20260323_222301,5,1,20.0,105.19999999999999,31.547591641662745,30.0,10.0
0.0025,0.0055,2.5,15:00,15:30,10000,1,RV_IV_Analysis_20260323_222515,6,1,16.666666666666664,-4.000000000000057,4.049869105971074,25.0,8.333333333333332
0.0025,0.0065,1.5,09:30,10:00,10000,1,RV_IV_Analysis_20260323_222723,6,3,50.0,-140.64999999999998,-9.756912751960693,33.33333333333333,25.0
0.0025,0.0065,1.5,10:00,10:30,10000,1,RV_IV_Analysis_20260323_222934,8,6,75.0,251.84999999999997,13.670695120810459,43.75,37.5
0.0025,0.0065,1.5,10:30,11:00,10000,1,RV_IV_Analysis_20260323_223452,8,5,62.5,46.6599999999999,5.520606638630214,37.5,31.25
0.0025,0.0065,1.5,11:00,11:30,10000,1,RV_IV_Analysis_20260323_223954,8,6,75.0,278.40999999999997,15.974904879365617,43.75,37.5
0.0025,0.0065,1.5,11:30,12:00,10000,1,RV_IV_Analysis_20260324_002659,8,6,75.0,283.80999999999995,18.805477975156748,43.75,37.5
0.0025,0.0065,1.5,12:00,12:30,10000,1,RV_IV_Analysis_20260324_002835,8,6,75.0,294.61,27.38267574990327,43.75,37.5
0.0025,0.0065,1.5,12:30,13:00,10000,1,RV_IV_Analysis_20260324_003049,11,8,72.72727272727273,516.9000000000001,34.5130374533554,45.45454545454545,36.36363636363637
0.0025,0.0065,1.5,13:00,13:30,10000,1,RV_IV_Analysis_20260324_003259,13,9,69.23076923076923,413.46,19.257914693707615,42.30769230769231,34.61538461538461
0.0025,0.0065,1.5,13:30,14:00,10000,1,RV_IV_Analysis_20260324_003509,14,10,71.42857142857143,502.8499999999999,28.46758528035594,42.857142857142854,35.714285714285715
0.0025,0.0065,1.5,14:00,14:30,10000,1,RV_IV_Analysis_20260324_003710,14,10,71.42857142857143,493.21,24.356405501008997,42.857142857142854,35.714285714285715
0.0025,0.0065,1.5,14:30,15:00,10000,1,RV_IV_Analysis_20260324_003914,12,9,75.0,590.8999999999999,28.45898887790493,45.83333333333333,37.5
0.0025,0.0065,1.5,15:00,15:30,10000,1,RV_IV_Analysis_20260324_004120,12,9,75.0,522.5,27.801877875685182,45.83333333333333,37.5
0.0025,0.0065,2,09:30,10:00,10000,1,RV_IV_Analysis_20260324_004323,6,1,16.666666666666664,-222.75,-15.177917483241677,25.0,8.333333333333332
0.0025,0.0065,2,10:00,10:30,10000,1,RV_IV_Analysis_20260324_004533,8,5,62.5,435.64,28.829153813708718,37.5,31.25
0.0025,0.0065,2,10:30,11:00,10000,1,RV_IV_Analysis_20260324_004738,8,5,62.5,398.15999999999985,34.93386086119848,37.5,31.25
0.0025,0.0065,2,11:00,11:30,10000,1,RV_IV_Analysis_20260324_004941,8,4,50.0,164.64999999999995,11.059892445071345,31.25,25.0
0.0025,0.0065,2,11:30,12:00,10000,1,RV_IV_Analysis_20260324_005138,8,4,50.0,217.20999999999987,18.06042245602722,31.25,25.0
0.0025,0.0065,2,12:00,12:30,10000,1,RV_IV_Analysis_20260324_005340,8,3,37.5,134.81,17.499270957963844,31.25,18.75
0.0025,0.0065,2,12:30,13:00,10000,1,RV_IV_Analysis_20260324_005544,11,6,54.54545454545454,540.6,40.90080763884258,36.36363636363637,27.27272727272727
0.0025,0.0065,2,13:00,13:30,10000,1,RV_IV_Analysis_20260324_005746,13,6,46.15384615384615,568.6100000000001,30.065716777504026,38.46153846153847,23.076923076923077
0.0025,0.0065,2,13:30,14:00,10000,1,RV_IV_Analysis_20260324_010000,14,7,50.0,722.7,37.77125997261384,39.285714285714285,25.0
0.0025,0.0065,2,14:00,14:30,10000,1,RV_IV_Analysis_20260324_010157,14,6,42.857142857142854,641.4100000000001,30.73343699098907,39.285714285714285,21.428571428571427
0.0025,0.0065,2,14:30,15:00,10000,1,RV_IV_Analysis_20260324_010404,12,3,25.0,359.34999999999985,14.457987386362753,37.5,12.5
0.0025,0.0065,2,15:00,15:30,10000,1,RV_IV_Analysis_20260324_010608,12,3,25.0,308.88999999999993,15.424174928881612,37.5,12.5
0.0025,0.0065,2.5,09:30,10:00,10000,1,RV_IV_Analysis_20260324_010806,6,1,16.666666666666664,-149.10000000000002,-5.286700722564807,25.0,8.333333333333332
0.0025,0.0065,2.5,10:00,10:30,10000,1,RV_IV_Analysis_20260324_011015,8,3,37.5,468.1999999999999,30.068320000352067,37.5,18.75
0.0025,0.0065,2.5,10:30,11:00,10000,1,RV_IV_Analysis_20260324_011225,8,3,37.5,382.85999999999984,32.832439411978605,31.25,18.75
0.0025,0.0065,2.5,11:00,11:30,10000,1,RV_IV_Analysis_20260324_011422,8,3,37.5,348.21,24.106499040832976,31.25,18.75
0.0025,0.0065,2.5,11:30,12:00,10000,1,RV_IV_Analysis_20260324_011628,8,3,37.5,414.15999999999985,31.119638519945113,31.25,18.75
0.0025,0.0065,2.5,12:00,12:30,10000,1,RV_IV_Analysis_20260324_011829,8,1,12.5,152.51000000000005,22.023158487514195,31.25,6.25
0.0025,0.0065,2.5,12:30,13:00,10000,1,RV_IV_Analysis_20260324_012035,11,3,27.27272727272727,678.25,50.13652769918104,36.36363636363637,13.636363636363635
0.0025,0.0065,2.5,13:00,13:30,10000,1,RV_IV_Analysis_20260324_012232,13,4,30.76923076923077,861.06,44.75114382583518,38.46153846153847,15.384615384615385
0.0025,0.0065,2.5,13:30,14:00,10000,1,RV_IV_Analysis_20260324_012435,14,4,28.57142857142857,1011.7,53.75368843166213,39.285714285714285,14.285714285714285
0.0025,0.0065,2.5,14:00,14:30,10000,1,RV_IV_Analysis_20260324_012639,14,5,35.714285714285715,1081.6599999999999,51.85072690424483,39.285714285714285,17.857142857142858
0.0025,0.0065,2.5,14:30,15:00,10000,1,RV_IV_Analysis_20260324_012843,12,2,16.666666666666664,424.0499999999999,18.270287228481177,37.5,8.333333333333332
0.0025,0.0065,2.5,15:00,15:30,10000,1,RV_IV_Analysis_20260324_013051,12,2,16.666666666666664,365.5,19.77989628000744,37.5,8.333333333333332
0.0025,0.0075,1.5,09:30,10:00,10000,1,RV_IV_Analysis_20260324_013304,18,10,55.55555555555556,79.84999999999988,6.3886685120039335,38.88888888888889,27.77777777777778
0.0025,0.0075,1.5,10:00,10:30,10000,1,RV_IV_Analysis_20260324_013451,18,10,55.55555555555556,-37.200000000000074,-0.2966213152563518,36.11111111111111,27.77777777777778
0.0025,0.0075,1.5,10:30,11:00,10000,1,RV_IV_Analysis_20260324_013643,17,11,64.70588235294117,285.5599999999999,13.562884144305913,38.23529411764706,32.35294117647059
0.0025,0.0075,1.5,11:00,11:30,10000,1,RV_IV_Analysis_20260324_013836,16,12,75.0,670.1999999999997,25.062662468801154,43.75,37.5
0.0025,0.0075,1.5,11:30,12:00,10000,1,RV_IV_Analysis_20260324_014034,15,11,73.33333333333333,630.2599999999998,24.244995764223,43.333333333333336,36.666666666666664
0.0025,0.0075,1.5,12:00,12:30,10000,1,RV_IV_Analysis_20260324_014226,18,13,72.22222222222221,706.4099999999999,23.133925803325774,41.66666666666667,36.11111111111111
0.0025,0.0075,1.5,12:30,13:00,10000,1,RV_IV_Analysis_20260324_014415,19,13,68.42105263157895,442.9999999999999,16.65239584735867,39.473684210526315,34.21052631578947
0.0025,0.0075,1.5,13:00,13:30,10000,1,RV_IV_Analysis_20260324_014604,20,12,60.0,36.559999999999846,3.651535004695725,35.0,30.0
0.0025,0.0075,1.5,13:30,14:00,10000,1,RV_IV_Analysis_20260324_014758,21,13,61.904761904761905,1.849999999999966,7.070604808528279,35.714285714285715,30.952380952380953
0.0025,0.0075,1.5,14:00,14:30,10000,1,RV_IV_Analysis_20260324_014953,21,12,57.14285714285714,-95.88000000000011,0.6492960931052034,33.33333333333333,28.57142857142857
0.0025,0.0075,1.5,14:30,15:00,10000,1,RV_IV_Analysis_20260324_015144,22,14,63.63636363636363,485.8799999999999,15.655263710558467,36.36363636363637,31.818181818181817
0.0025,0.0075,1.5,15:00,15:30,10000,1,RV_IV_Analysis_20260324_015335,22,14,63.63636363636363,556.9499999999998,14.410175200577367,36.36363636363637,31.818181818181817
0.0025,0.0075,2,09:30,10:00,10000,1,RV_IV_Analysis_20260324_015524,18,6,33.33333333333333,186.99999999999983,11.278777074366387,36.11111111111111,16.666666666666664
0.0025,0.0075,2,10:00,10:30,10000,1,RV_IV_Analysis_20260324_015717,18,8,44.44444444444444,483.14,18.12722815773788,36.11111111111111,22.22222222222222
0.0025,0.0075,2,10:30,11:00,10000,1,RV_IV_Analysis_20260324_015911,17,8,47.05882352941176,901.6599999999999,37.78392182224778,38.23529411764706,23.52941176470588
0.0025,0.0075,2,11:00,11:30,10000,1,RV_IV_Analysis_20260324_020100,16,8,50.0,805.5499999999997,33.79854699192495,37.5,25.0
0.0025,0.0075,2,11:30,12:00,10000,1,RV_IV_Analysis_20260324_020257,15,8,53.333333333333336,849.06,35.392133829729374,36.666666666666664,26.666666666666668
0.0025,0.0075,2,12:00,12:30,10000,1,RV_IV_Analysis_20260324_020449,18,7,38.88888888888889,787.96,26.59607515061701,36.11111111111111,19.444444444444446
0.0025,0.0075,2,12:30,13:00,10000,1,RV_IV_Analysis_20260324_020944,19,9,47.368421052631575,608.15,23.732703073940293,34.21052631578947,23.684210526315788
0.0025,0.0075,2,13:00,13:30,10000,1,RV_IV_Analysis_20260324_021054,20,9,45.0,376.2599999999999,15.897098134836764,32.5,22.5
0.0025,0.0075,2,13:30,14:00,10000,1,RV_IV_Analysis_20260324_021216,21,7,33.33333333333333,21.699999999999918,7.839615766535422,30.952380952380953,16.666666666666664
0.0025,0.0075,2,14:00,14:30,10000,1,RV_IV_Analysis_20260324_021352,21,7,33.33333333333333,94.32000000000008,6.323093515959807,30.952380952380953,16.666666666666664
0.0025,0.0075,2,14:30,15:00,10000,1,RV_IV_Analysis_20260324_021553,22,8,36.36363636363637,522.3999999999997,15.282268305291877,31.818181818181817,18.181818181818183
0.0025,0.0075,2,15:00,15:30,10000,1,RV_IV_Analysis_20260324_021757,22,8,36.36363636363637,666.3399999999997,15.057695564913848,31.818181818181817,18.181818181818183
0.0025,0.0075,2.5,09:30,10:00,10000,1,RV_IV_Analysis_20260324_021946,18,5,27.77777777777778,672.5999999999999,28.111711914821594,36.11111111111111,13.88888888888889
0.0025,0.0075,2.5,10:00,10:30,10000,1,RV_IV_Analysis_20260324_022141,18,4,22.22222222222222,400.7499999999999,14.535335232443966,36.11111111111111,11.11111111111111
0.0025,0.0075,2.5,10:30,11:00,10000,1,RV_IV_Analysis_20260324_022329,17,5,29.411764705882355,1073.2599999999998,43.95606158549728,35.294117647058826,14.705882352941178
0.0025,0.0075,2.5,11:00,11:30,10000,1,RV_IV_Analysis_20260324_022525,16,4,25.0,1118.86,44.958349540895,37.5,12.5
0.0025,0.0075,2.5,11:30,12:00,10000,1,RV_IV_Analysis_20260324_022721,15,4,26.666666666666668,1148.06,46.80595192772432,36.666666666666664,13.333333333333334
0.0025,0.0075,2.5,12:00,12:30,10000,1,RV_IV_Analysis_20260324_022914,18,5,27.77777777777778,1151.1100000000001,39.77994561245824,36.11111111111111,13.88888888888889
0.0025,0.0075,2.5,12:30,13:00,10000,1,RV_IV_Analysis_20260324_023105,19,5,26.31578947368421,930.5999999999999,34.29706200835295,34.21052631578947,13.157894736842104
0.0025,0.0075,2.5,13:00,13:30,10000,1,RV_IV_Analysis_20260324_023258,20,4,20.0,672.1099999999999,26.114049030729536,32.5,10.0
0.0025,0.0075,2.5,13:30,14:00,10000,1,RV_IV_Analysis_20260324_023500,21,4,19.047619047619047,507.4,22.852575558500824,30.952380952380953,9.523809523809524
0.0025,0.0075,2.5,14:00,14:30,10000,1,RV_IV_Analysis_20260324_023659,21,5,23.809523809523807,482.16999999999985,19.066051999599008,30.952380952380953,11.904761904761903
0.0025,0.0075,2.5,14:30,15:00,10000,1,RV_IV_Analysis_20260324_023856,22,5,22.727272727272727,743.4,22.43935126901606,31.818181818181817,11.363636363636363
0.0025,0.0075,2.5,15:00,15:30,10000,1,RV_IV_Analysis_20260324_024047,22,4,18.181818181818183,679.2999999999998,16.146646947711897,31.818181818181817,9.090909090909092
0.00375,0.005,1.5,09:30,10:00,10000,1,RV_IV_Analysis_20260324_024232,4,3,75.0,84.15999999999998,21.28864959132654,37.5,37.5
0.00375,0.005,1.5,10:00,10:30,10000,1,RV_IV_Analysis_20260324_024443,4,3,75.0,94.11000000000001,29.998321587004163,37.5,37.5
0.00375,0.005,1.5,10:30,11:00,10000,1,RV_IV_Analysis_20260324_024644,6,3,50.0,-103.61000000000004,-16.154816876867454,33.33333333333333,25.0
0.00375,0.005,1.5,11:00,11:30,10000,1,RV_IV_Analysis_20260324_024844,5,3,60.0,31.909999999999968,15.92898936953292,40.0,30.0
0.00375,0.005,1.5,11:30,12:00,10000,1,RV_IV_Analysis_20260324_025055,5,3,60.0,39.11999999999996,19.575788943412388,40.0,30.0
0.00375,0.005,1.5,12:00,12:30,10000,1,RV_IV_Analysis_20260324_025306,5,3,60.0,34.04999999999997,15.670944602259771,40.0,30.0
0.00375,0.005,1.5,12:30,13:00,10000,1,RV_IV_Analysis_20260324_025512,5,3,60.0,17.599999999999994,20.69627974020245,40.0,30.0
0.00375,0.005,1.5,13:00,13:30,10000,1,RV_IV_Analysis_20260324_025719,5,2,40.0,-174.95000000000007,-15.644980595755522,30.0,20.0
0.00375,0.005,1.5,13:30,14:00,10000,1,RV_IV_Analysis_20260324_025931,5,3,60.0,3.3499999999999943,32.924104857159485,40.0,30.0
0.00375,0.005,1.5,14:00,14:30,10000,1,RV_IV_Analysis_20260324_030139,5,4,80.0,127.56,26.271549824454542,40.0,40.0
0.00375,0.005,1.5,14:30,15:00,10000,1,RV_IV_Analysis_20260324_030347,6,5,83.33333333333334,197.60999999999996,31.357911791565773,41.66666666666667,41.66666666666667
0.00375,0.005,1.5,15:00,15:30,10000,1,RV_IV_Analysis_20260324_030550,7,5,71.42857142857143,150.76,26.102574833897297,42.857142857142854,35.714285714285715
0.00375,0.005,2,09:30,10:00,10000,1,RV_IV_Analysis_20260324_030759,4,2,50.0,175.64999999999998,35.410607667138734,37.5,25.0
0.00375,0.005,2,10:00,10:30,10000,1,RV_IV_Analysis_20260324_031024,4,2,50.0,186.39999999999998,45.57991610143612,37.5,25.0
0.00375,0.005,2,10:30,11:00,10000,1,RV_IV_Analysis_20260324_031220,6,3,50.0,89.33999999999997,9.352611445457741,33.33333333333333,25.0
0.00375,0.005,2,11:00,11:30,10000,1,RV_IV_Analysis_20260324_031427,5,2,40.0,0.39999999999997726,21.370038799050942,30.0,20.0
0.00375,0.005,2,11:30,12:00,10000,1,RV_IV_Analysis_20260324_031634,5,3,60.0,195.16999999999996,49.7700593954148,40.0,30.0
0.00375,0.005,2,12:00,12:30,10000,1,RV_IV_Analysis_20260324_031840,5,3,60.0,206.50999999999993,48.573357303862544,40.0,30.0
0.00375,0.005,2,12:30,13:00,10000,1,RV_IV_Analysis_20260324_032046,5,2,40.0,-57.30000000000004,18.24529409280185,30.0,20.0
0.00375,0.005,2,13:00,13:30,10000,1,RV_IV_Analysis_20260324_032247,5,2,40.0,-58.650000000000034,9.147816214962797,30.0,20.0
0.00375,0.005,2,13:30,14:00,10000,1,RV_IV_Analysis_20260324_032453,5,1,20.0,-141.14999999999998,9.61786014032657,30.0,10.0
0.00375,0.005,2,14:00,14:30,10000,1,RV_IV_Analysis_20260324_032655,5,1,20.0,-205.53999999999996,-21.296255025370176,20.0,10.0
0.00375,0.005,2,14:30,15:00,10000,1,RV_IV_Analysis_20260324_032902,6,3,50.0,181.20999999999998,29.335549718498303,33.33333333333333,25.0
0.00375,0.005,2,15:00,15:30,10000,1,RV_IV_Analysis_20260324_033106,7,3,42.857142857142854,149.79999999999995,24.030788217863524,35.714285714285715,21.428571428571427
0.00375,0.005,2.5,09:30,10:00,10000,1,RV_IV_Analysis_20260324_033311,4,1,25.0,68.10999999999997,22.06258353006529,25.0,12.5
0.00375,0.005,2.5,10:00,10:30,10000,1,RV_IV_Analysis_20260324_033518,4,1,25.0,71.34999999999998,26.368191071146192,37.5,12.5
0.00375,0.005,2.5,10:30,11:00,10000,1,RV_IV_Analysis_20260324_033725,6,2,33.33333333333333,12.389999999999986,6.905977939794549,25.0,16.666666666666664
0.00375,0.005,2.5,11:00,11:30,10000,1,RV_IV_Analysis_20260324_033936,5,1,20.0,-3.6899999999999977,19.73664756742562,30.0,10.0
0.00375,0.005,2.5,11:30,12:00,10000,1,RV_IV_Analysis_20260324_034144,5,1,20.0,0.8199999999999932,19.146767741195312,30.0,10.0
0.00375,0.005,2.5,12:00,12:30,10000,1,RV_IV_Analysis_20260324_034350,5,1,20.0,16.50999999999999,26.07984031790924,30.0,10.0
0.00375,0.005,2.5,12:30,13:00,10000,1,RV_IV_Analysis_20260324_034557,5,1,20.0,-36.55000000000001,22.247148384511224,30.0,10.0
0.00375,0.005,2.5,13:00,13:30,10000,1,RV_IV_Analysis_20260324_034803,5,1,20.0,-34.04999999999998,13.706195360846943,30.0,10.0
0.00375,0.005,2.5,13:30,14:00,10000,1,RV_IV_Analysis_20260324_035311,5,1,20.0,-83.60999999999996,24.203411471125058,30.0,10.0
0.00375,0.005,2.5,14:00,14:30,10000,1,RV_IV_Analysis_20260324_035433,5,1,20.0,-143.45,-8.414512286780973,20.0,10.0
0.00375,0.005,2.5,14:30,15:00,10000,1,RV_IV_Analysis_20260324_035615,6,1,16.666666666666664,-93.35000000000002,1.3998513398865196,25.0,8.333333333333332
0.00375,0.005,2.5,15:00,15:30,10000,1,RV_IV_Analysis_20260324_035824,7,1,14.285714285714285,-105.94000000000005,-4.430479860763155,28.57142857142857,7.142857142857142
0.00375,0.0055,1.5,09:30,10:00,10000,1,RV_IV_Analysis_20260324_040028,6,3,50.0,-170.89000000000004,-15.722815487946876,25.0,25.0
0.00375,0.0055,1.5,10:00,10:30,10000,1,RV_IV_Analysis_20260324_040239,6,3,50.0,-148.54000000000002,-7.88132939390614,25.0,25.0
0.00375,0.0055,1.5,10:30,11:00,10000,1,RV_IV_Analysis_20260324_040439,6,4,66.66666666666666,34.28999999999998,-2.17990386679652,33.33333333333333,33.33333333333333
0.00375,0.0055,1.5,11:00,11:30,10000,1,RV_IV_Analysis_20260324_040644,7,5,71.42857142857143,147.66,24.974290796639472,42.857142857142854,35.714285714285715
0.00375,0.0055,1.5,11:30,12:00,10000,1,RV_IV_Analysis_20260324_040846,7,5,71.42857142857143,117.01999999999995,19.535958192441985,35.714285714285715,35.714285714285715
0.00375,0.0055,1.5,12:00,12:30,10000,1,RV_IV_Analysis_20260324_041056,7,5,71.42857142857143,171.8,19.496662277647292,42.857142857142854,35.714285714285715
0.00375,0.0055,1.5,12:30,13:00,10000,1,RV_IV_Analysis_20260324_041259,8,6,75.0,223.75,26.257715625825302,43.75,37.5
0.00375,0.0055,1.5,13:00,13:30,10000,1,RV_IV_Analysis_20260324_041500,9,6,66.66666666666666,106.94999999999993,12.254996864894657,38.88888888888889,33.33333333333333
0.00375,0.0055,1.5,13:30,14:00,10000,1,RV_IV_Analysis_20260324_041701,10,8,80.0,416.44999999999993,45.1923720915169,45.0,40.0
0.00375,0.0055,1.5,14:00,14:30,10000,1,RV_IV_Analysis_20260324_041903,9,7,77.77777777777779,298.01,26.368753133281025,38.88888888888889,38.88888888888889
0.00375,0.0055,1.5,14:30,15:00,10000,1,RV_IV_Analysis_20260324_042108,10,7,70.0,294.3599999999999,29.742705464394636,40.0,35.0
0.00375,0.0055,1.5,15:00,15:30,10000,1,RV_IV_Analysis_20260324_042311,11,8,72.72727272727273,359.55999999999995,31.71710685692028,45.45454545454545,36.36363636363637
0.00375,0.0055,2,09:30,10:00,10000,1,RV_IV_Analysis_20260324_042513,6,2,33.33333333333333,-71.20000000000005,-6.1017181315183295,25.0,16.666666666666664
0.00375,0.0055,2,10:00,10:30,10000,1,RV_IV_Analysis_20260324_042717,6,2,33.33333333333333,-56.25000000000006,2.506400282381828,25.0,16.666666666666664
0.00375,0.0055,2,10:30,11:00,10000,1,RV_IV_Analysis_20260324_042924,6,3,50.0,22.889999999999986,2.107379076504799,25.0,25.0
0.00375,0.0055,2,11:00,11:30,10000,1,RV_IV_Analysis_20260324_043127,7,3,42.857142857142854,-12.300000000000011,15.502694441107801,28.57142857142857,21.428571428571427
0.00375,0.0055,2,11:30,12:00,10000,1,RV_IV_Analysis_20260324_043327,7,4,57.14285714285714,136.01999999999995,27.090888064996392,28.57142857142857,28.57142857142857
0.00375,0.0055,2,12:00,12:30,10000,1,RV_IV_Analysis_20260324_043532,7,4,57.14285714285714,218.80999999999995,30.069870567935958,35.714285714285715,28.57142857142857
0.00375,0.0055,2,12:30,13:00,10000,1,RV_IV_Analysis_20260324_043739,8,4,50.0,79.80000000000005,16.61151210840049,31.25,25.0
0.00375,0.0055,2,13:00,13:30,10000,1,RV_IV_Analysis_20260324_043946,9,5,55.55555555555556,217.89999999999992,24.94002660435876,33.33333333333333,27.77777777777778
0.00375,0.0055,2,13:30,14:00,10000,1,RV_IV_Analysis_20260324_044149,10,5,50.0,282.0499999999999,34.55732215539042,35.0,25.0
0.00375,0.0055,2,14:00,14:30,10000,1,RV_IV_Analysis_20260324_044412,9,4,44.44444444444444,90.76000000000002,9.74213531688553,27.77777777777778,22.22222222222222
0.00375,0.0055,2,14:30,15:00,10000,1,RV_IV_Analysis_20260324_044609,10,5,50.0,408.05999999999995,40.28309260905952,35.0,25.0
0.00375,0.0055,2,15:00,15:30,10000,1,RV_IV_Analysis_20260324_044813,11,5,45.45454545454545,368.8499999999999,32.55030893844143,36.36363636363637,22.727272727272727
0.00375,0.0055,2.5,09:30,10:00,10000,1,RV_IV_Analysis_20260324_045016,6,1,16.666666666666664,-192.33999999999997,-14.657916383808129,16.666666666666664,8.333333333333332
0.00375,0.0055,2.5,10:00,10:30,10000,1,RV_IV_Analysis_20260324_045222,6,1,16.666666666666664,-171.3,-10.301416404478118,25.0,8.333333333333332
0.00375,0.0055,2.5,10:30,11:00,10000,1,RV_IV_Analysis_20260324_045427,6,2,33.33333333333333,-54.06,-0.33925442915839216,16.666666666666664,16.666666666666664
0.00375,0.0055,2.5,11:00,11:30,10000,1,RV_IV_Analysis_20260324_045634,7,2,28.57142857142857,49.31,21.340250810842374,28.57142857142857,14.285714285714285
0.00375,0.0055,2.5,11:30,12:00,10000,1,RV_IV_Analysis_20260324_045839,7,2,28.57142857142857,15.270000000000039,12.240679263409143,21.428571428571427,14.285714285714285
0.00375,0.0055,2.5,12:00,12:30,10000,1,RV_IV_Analysis_20260324_050047,7,2,28.57142857142857,90.11000000000001,19.154333225028136,28.57142857142857,14.285714285714285
0.00375,0.0055,2.5,12:30,13:00,10000,1,RV_IV_Analysis_20260324_050252,8,3,37.5,252.8500000000001,31.136669271999637,31.25,18.75
0.00375,0.0055,2.5,13:00,13:30,10000,1,RV_IV_Analysis_20260324_050459,9,4,44.44444444444444,474.75000000000006,46.05577419787286,33.33333333333333,22.22222222222222
0.00375,0.0055,2.5,13:30,14:00,10000,1,RV_IV_Analysis_20260324_050705,10,5,50.0,629.59,63.27369275846495,35.0,25.0
0.00375,0.0055,2.5,14:00,14:30,10000,1,RV_IV_Analysis_20260324_050905,9,4,44.44444444444444,347.5,32.111584935513896,27.77777777777778,22.22222222222222
0.00375,0.0055,2.5,14:30,15:00,10000,1,RV_IV_Analysis_20260324_051113,10,3,30.0,269.0999999999999,35.455643043146125,30.0,15.0
0.00375,0.0055,2.5,15:00,15:30,10000,1,RV_IV_Analysis_20260324_051314,11,3,27.27272727272727,245.75999999999988,24.28900998978378,31.818181818181817,13.636363636363635
0.00375,0.0065,1.5,09:30,10:00,10000,1,RV_IV_Analysis_20260324_051508,16,9,56.25,192.95,9.687314842611876,37.5,28.125
0.00375,0.0065,1.5,10:00,10:30,10000,1,RV_IV_Analysis_20260324_051713,15,9,60.0,95.7599999999999,3.0939233687262133,36.666666666666664,30.0
0.00375,0.0065,1.5,10:30,11:00,10000,1,RV_IV_Analysis_20260324_051905,16,10,62.5,158.19000000000005,8.395383403939533,37.5,31.25
0.00375,0.0065,1.5,11:00,11:30,10000,1,RV_IV_Analysis_20260324_052059,14,11,78.57142857142857,670.81,35.16588874481187,46.42857142857143,39.285714285714285
0.00375,0.0065,1.5,11:30,12:00,10000,1,RV_IV_Analysis_20260324_052253,16,12,75.0,632.8199999999999,31.54768552230756,43.75,37.5
0.00375,0.0065,1.5,12:00,12:30,10000,1,RV_IV_Analysis_20260324_052450,16,12,75.0,625.15,28.161776796282204,43.75,37.5
0.00375,0.0065,1.5,12:30,13:00,10000,1,RV_IV_Analysis_20260324_052642,15,11,73.33333333333333,533.2499999999999,25.573836497009985,43.333333333333336,36.666666666666664
0.00375,0.0065,1.5,13:00,13:30,10000,1,RV_IV_Analysis_20260324_052839,17,11,64.70588235294117,250.6099999999998,12.79261582796381,38.23529411764706,32.35294117647059
0.00375,0.0065,1.5,13:30,14:00,10000,1,RV_IV_Analysis_20260324_053040,17,12,70.58823529411765,500.0999999999999,28.13335588242923,41.17647058823529,35.294117647058826
0.00375,0.0065,1.5,14:00,14:30,10000,1,RV_IV_Analysis_20260324_053231,17,12,70.58823529411765,477.65999999999997,17.466744591868647,38.23529411764706,35.294117647058826
0.00375,0.0065,1.5,14:30,15:00,10000,1,RV_IV_Analysis_20260324_053718,19,12,63.1578947368421,105.25999999999979,7.745553412323171,34.21052631578947,31.57894736842105
0.00375,0.0065,1.5,15:00,15:30,10000,1,RV_IV_Analysis_20260324_053828,19,13,68.42105263157895,386.5799999999999,21.592193975906742,39.473684210526315,34.21052631578947
0.00375,0.0065,2,09:30,10:00,10000,1,RV_IV_Analysis_20260324_053953,16,7,43.75,490.80000000000007,21.221398076193434,37.5,21.875
0.00375,0.0065,2,10:00,10:30,10000,1,RV_IV_Analysis_20260324_054140,15,6,40.0,395.5999999999999,15.611476132434138,36.666666666666664,20.0
0.00375,0.0065,2,10:30,11:00,10000,1,RV_IV_Analysis_20260324_054344,16,8,50.0,652.0900000000001,31.05751638430613,37.5,25.0
0.00375,0.0065,2,11:00,11:30,10000,1,RV_IV_Analysis_20260324_054536,14,8,57.14285714285714,874.8,47.496761122417475,39.285714285714285,28.57142857142857
0.00375,0.0065,2,11:30,12:00,10000,1,RV_IV_Analysis_20260324_054730,16,11,68.75,1114.57,53.84279569253468,40.625,34.375
0.00375,0.0065,2,12:00,12:30,10000,1,RV_IV_Analysis_20260324_054922,16,10,62.5,1007.11,47.16641766034452,40.625,31.25
0.00375,0.0065,2,12:30,13:00,10000,1,RV_IV_Analysis_20260324_055115,15,8,53.333333333333336,596.0,30.380116092611495,36.666666666666664,26.666666666666668
0.00375,0.0065,2,13:00,13:30,10000,1,RV_IV_Analysis_20260324_055307,17,9,52.94117647058824,610.4599999999999,29.48319674435169,35.294117647058826,26.47058823529412
0.00375,0.0065,2,13:30,14:00,10000,1,RV_IV_Analysis_20260324_055507,17,9,52.94117647058824,625.5499999999998,31.684465967258173,35.294117647058826,26.47058823529412
0.00375,0.0065,2,14:00,14:30,10000,1,RV_IV_Analysis_20260324_055658,17,7,41.17647058823529,313.2099999999999,12.903117167478106,32.35294117647059,20.588235294117645
0.00375,0.0065,2,14:30,15:00,10000,1,RV_IV_Analysis_20260324_055848,19,8,42.10526315789473,374.05999999999995,18.000590821492064,31.57894736842105,21.052631578947366
0.00375,0.0065,2,15:00,15:30,10000,1,RV_IV_Analysis_20260324_060041,19,9,47.368421052631575,645.7199999999999,30.4413457132602,36.84210526315789,23.684210526315788
0.00375,0.0065,2.5,09:30,10:00,10000,1,RV_IV_Analysis_20260324_060233,16,5,31.25,699.2499999999999,30.349952680281568,34.375,15.625
0.00375,0.0065,2.5,10:00,10:30,10000,1,RV_IV_Analysis_20260324_060427,15,4,26.666666666666668,571.55,21.93977232574222,36.666666666666664,13.333333333333334
0.00375,0.0065,2.5,10:30,11:00,10000,1,RV_IV_Analysis_20260324_060624,16,6,37.5,913.19,45.32880737185422,34.375,18.75
0.00375,0.0065,2.5,11:00,11:30,10000,1,RV_IV_Analysis_20260324_060817,14,5,35.714285714285715,1092.7599999999998,58.37999613097021,39.285714285714285,17.857142857142858
0.00375,0.0065,2.5,11:30,12:00,10000,1,RV_IV_Analysis_20260324_061013,16,6,37.5,1219.02,57.59410845798918,37.5,18.75
0.00375,0.0065,2.5,12:00,12:30,10000,1,RV_IV_Analysis_20260324_061202,16,6,37.5,1088.7600000000002,52.955607566775825,37.5,18.75
0.00375,0.0065,2.5,12:30,13:00,10000,1,RV_IV_Analysis_20260324_061403,15,4,26.666666666666668,775.9499999999999,39.3146620991062,36.666666666666664,13.333333333333334
0.00375,0.0065,2.5,13:00,13:30,10000,1,RV_IV_Analysis_20260324_061552,17,5,29.411764705882355,696.66,32.46086700074748,35.294117647058826,14.705882352941178
0.00375,0.0065,2.5,13:30,14:00,10000,1,RV_IV_Analysis_20260324_061743,17,6,35.294117647058826,944.79,48.52450069553446,35.294117647058826,17.647058823529413
0.00375,0.0065,2.5,14:00,14:30,10000,1,RV_IV_Analysis_20260324_061940,17,4,23.52941176470588,585.3999999999999,25.347987746203405,32.35294117647059,11.76470588235294
0.00375,0.0065,2.5,14:30,15:00,10000,1,RV_IV_Analysis_20260324_062130,19,4,21.052631578947366,318.6999999999998,18.80634518314729,28.947368421052634,10.526315789473683
0.00375,0.0065,2.5,15:00,15:30,10000,1,RV_IV_Analysis_20260324_062322,19,4,21.052631578947366,599.3299999999999,28.88074925700525,34.21052631578947,10.526315789473683
0.00375,0.0075,1.5,09:30,10:00,10000,1,RV_IV_Analysis_20260324_062512,25,13,52.0,-156.05000000000015,-0.5769074588535423,34.0,26.0
0.00375,0.0075,1.5,10:00,10:30,10000,1,RV_IV_Analysis_20260324_062656,23,12,52.17391304347826,-440.4499999999998,-10.793693990400126,30.434782608695656,26.08695652173913
0.00375,0.0075,1.5,10:30,11:00,10000,1,RV_IV_Analysis_20260324_062842,24,12,50.0,-614.6200000000002,-12.334692656960252,31.25,25.0
0.00375,0.0075,1.5,11:00,11:30,10000,1,RV_IV_Analysis_20260324_063024,26,13,50.0,-718.65,-9.054822493130555,30.76923076923077,25.0
0.00375,0.0075,1.5,11:30,12:00,10000,1,RV_IV_Analysis_20260324_063205,27,14,51.85185185185185,-123.48000000000025,4.022324916732135,31.48148148148148,25.925925925925924
0.00375,0.0075,1.5,12:00,12:30,10000,1,RV_IV_Analysis_20260324_063343,27,15,55.55555555555556,-7.550000000000182,4.7052012506435625,31.48148148148148,27.77777777777778
0.00375,0.0075,1.5,12:30,13:00,10000,1,RV_IV_Analysis_20260324_063525,25,14,56.00000000000001,50.949999999999875,5.531241072924515,32.0,28.000000000000004
0.00375,0.0075,1.5,13:00,13:30,10000,1,RV_IV_Analysis_20260324_063711,27,13,48.148148148148145,-362.72999999999996,-4.735903418711049,29.629629629629626,24.074074074074073
0.00375,0.0075,1.5,13:30,14:00,10000,1,RV_IV_Analysis_20260324_063853,28,14,50.0,-279.05000000000007,1.867446854433249,30.357142857142854,25.0
0.00375,0.0075,1.5,14:00,14:30,10000,1,RV_IV_Analysis_20260324_064035,31,15,48.38709677419355,-385.24000000000024,-5.2881207602558495,29.03225806451613,24.193548387096776
0.00375,0.0075,1.5,14:30,15:00,10000,1,RV_IV_Analysis_20260324_064215,31,16,51.61290322580645,-245.4900000000003,-1.0734600371095746,30.64516129032258,25.806451612903224
0.00375,0.0075,1.5,15:00,15:30,10000,1,RV_IV_Analysis_20260324_064354,30,17,56.666666666666664,157.95999999999998,8.729795340544095,35.0,28.333333333333332
0.00375,0.0075,2,09:30,10:00,10000,1,RV_IV_Analysis_20260324_064531,25,9,36.0,-94.45000000000007,2.187408774146946,32.0,18.0
0.00375,0.0075,2,10:00,10:30,10000,1,RV_IV_Analysis_20260324_064715,23,9,39.130434782608695,153.54999999999984,4.064607999866093,30.434782608695656,19.565217391304348
0.00375,0.0075,2,10:30,11:00,10000,1,RV_IV_Analysis_20260324_064904,24,10,41.66666666666667,82.88999999999993,6.946426244019499,31.25,20.833333333333336
0.00375,0.0075,2,11:00,11:30,10000,1,RV_IV_Analysis_20260324_065048,26,9,34.61538461538461,-144.64999999999998,6.413643631372707,26.923076923076923,17.307692307692307
0.00375,0.0075,2,11:30,12:00,10000,1,RV_IV_Analysis_20260324_065232,27,13,48.148148148148145,749.9699999999998,25.49241654854939,29.629629629629626,24.074074074074073
0.00375,0.0075,2,12:00,12:30,10000,1,RV_IV_Analysis_20260324_065413,27,12,44.44444444444444,635.71,21.616041372462185,29.629629629629626,22.22222222222222
0.00375,0.0075,2,12:30,13:00,10000,1,RV_IV_Analysis_20260324_065552,25,10,40.0,374.9999999999998,14.115905940512407,28.000000000000004,20.0
0.00375,0.0075,2,13:00,13:30,10000,1,RV_IV_Analysis_20260324_065737,27,10,37.03703703703704,-17.829999999999956,5.087732683784292,27.77777777777778,18.51851851851852
0.00375,0.0075,2,13:30,14:00,10000,1,RV_IV_Analysis_20260324_065917,28,10,35.714285714285715,-222.15000000000015,2.6356013981620015,26.785714285714285,17.857142857142858
0.00375,0.0075,2,14:00,14:30,10000,1,RV_IV_Analysis_20260324_070056,31,10,32.25806451612903,-407.8400000000005,-5.1447023039202415,25.806451612903224,16.129032258064516
0.00375,0.0075,2,14:30,15:00,10000,1,RV_IV_Analysis_20260324_070233,31,11,35.483870967741936,112.61999999999989,6.688191138522819,29.03225806451613,17.741935483870968
0.00375,0.0075,2,15:00,15:30,10000,1,RV_IV_Analysis_20260324_070410,30,13,43.333333333333336,753.0000000000002,20.440806476177332,33.33333333333333,21.666666666666668
0.00375,0.0075,2.5,09:30,10:00,10000,1,RV_IV_Analysis_20260324_070847,25,6,24.0,249.5499999999998,11.1211767678875,30.0,12.0
0.00375,0.0075,2.5,10:00,10:30,10000,1,RV_IV_Analysis_20260324_070950,23,6,26.08695652173913,788.15,18.767815677862348,30.434782608695656,13.043478260869565
0.00375,0.0075,2.5,10:30,11:00,10000,1,RV_IV_Analysis_20260324_071104,24,7,29.166666666666668,441.38999999999993,18.266276433813683,29.166666666666668,14.583333333333334
0.00375,0.0075,2.5,11:00,11:30,10000,1,RV_IV_Analysis_20260324_071228,26,6,23.076923076923077,182.16000000000008,14.706789668397947,26.923076923076923,11.538461538461538
0.00375,0.0075,2.5,11:30,12:00,10000,1,RV_IV_Analysis_20260324_071410,27,7,25.925925925925924,846.9699999999998,27.52458366291464,27.77777777777778,12.962962962962962
0.00375,0.0075,2.5,12:00,12:30,10000,1,RV_IV_Analysis_20260324_071600,27,8,29.629629629629626,717.36,25.04667242812518,27.77777777777778,14.814814814814813
0.00375,0.0075,2.5,12:30,13:00,10000,1,RV_IV_Analysis_20260324_071736,25,6,24.0,554.95,19.52225342174561,28.000000000000004,12.0
0.00375,0.0075,2.5,13:00,13:30,10000,1,RV_IV_Analysis_20260324_071918,27,7,25.925925925925924,388.6200000000001,15.57936988078078,27.77777777777778,12.962962962962962
0.00375,0.0075,2.5,13:30,14:00,10000,1,RV_IV_Analysis_20260324_072106,28,7,25.0,97.09000000000003,12.8599081974726,26.785714285714285,12.5
0.00375,0.0075,2.5,14:00,14:30,10000,1,RV_IV_Analysis_20260324_072244,31,6,19.35483870967742,-49.35000000000028,3.2343214305632597,25.806451612903224,9.67741935483871
0.00375,0.0075,2.5,14:30,15:00,10000,1,RV_IV_Analysis_20260324_072424,31,6,19.35483870967742,40.359999999999786,6.782402423400021,27.419354838709676,9.67741935483871
0.00375,0.0075,2.5,15:00,15:30,10000,1,RV_IV_Analysis_20260324_072600,30,6,20.0,670.8599999999999,18.884848296534642,31.666666666666664,10.0
0.005,0.005,1.5,09:30,10:00,10000,1,RV_IV_Analysis_20260324_072735,7,3,42.857142857142854,-133.59000000000003,-13.843162471414852,28.57142857142857,21.428571428571427
0.005,0.005,1.5,10:00,10:30,10000,1,RV_IV_Analysis_20260324_072942,10,8,80.0,283.40999999999997,26.02357378266867,40.0,40.0
0.005,0.005,1.5,10:30,11:00,10000,1,RV_IV_Analysis_20260324_073145,9,7,77.77777777777779,256.74999999999994,28.84638557432825,38.88888888888889,38.88888888888889
0.005,0.005,1.5,11:00,11:30,10000,1,RV_IV_Analysis_20260324_073352,11,9,81.81818181818183,387.44000000000005,25.851112332216953,40.909090909090914,40.909090909090914
0.005,0.005,1.5,11:30,12:00,10000,1,RV_IV_Analysis_20260324_073550,11,9,81.81818181818183,402.5399999999999,26.469560681051068,40.909090909090914,40.909090909090914
0.005,0.005,1.5,12:00,12:30,10000,1,RV_IV_Analysis_20260324_073759,12,10,83.33333333333334,552.25,40.17475072879162,41.66666666666667,41.66666666666667
0.005,0.005,1.5,12:30,13:00,10000,1,RV_IV_Analysis_20260324_073953,13,11,84.61538461538461,529.71,41.67664792054828,42.30769230769231,42.30769230769231
0.005,0.005,1.5,13:00,13:30,10000,1,RV_IV_Analysis_20260324_074150,13,9,69.23076923076923,352.65999999999997,21.257297275884568,38.46153846153847,34.61538461538461
0.005,0.005,1.5,13:30,14:00,10000,1,RV_IV_Analysis_20260324_074351,14,11,78.57142857142857,548.25,33.787891520140086,42.857142857142854,39.285714285714285
0.005,0.005,1.5,14:00,14:30,10000,1,RV_IV_Analysis_20260324_074545,15,11,73.33333333333333,408.25,28.633563928739697,40.0,36.666666666666664
0.005,0.005,1.5,14:30,15:00,10000,1,RV_IV_Analysis_20260324_074748,14,11,78.57142857142857,525.6999999999999,32.4078594804719,42.857142857142854,39.285714285714285
0.005,0.005,1.5,15:00,15:30,10000,1,RV_IV_Analysis_20260324_074945,14,10,71.42857142857143,330.8999999999999,27.31178400034549,39.285714285714285,35.714285714285715
0.005,0.005,2,09:30,10:00,10000,1,RV_IV_Analysis_20260324_075145,7,3,42.857142857142854,16.909999999999997,6.135399045825624,28.57142857142857,21.428571428571427
0.005,0.005,2,10:00,10:30,10000,1,RV_IV_Analysis_20260324_075354,10,6,60.0,429.46000000000004,42.3871182299514,35.0,30.0
0.005,0.005,2,10:30,11:00,10000,1,RV_IV_Analysis_20260324_075559,9,6,66.66666666666666,415.0,48.04050496320732,33.33333333333333,33.33333333333333
0.005,0.005,2,11:00,11:30,10000,1,RV_IV_Analysis_20260324_075759,11,7,63.63636363636363,585.05,45.32732228859549,36.36363636363637,31.818181818181817
0.005,0.005,2,11:30,12:00,10000,1,RV_IV_Analysis_20260324_080003,11,8,72.72727272727273,819.9999999999999,59.71482998332204,40.909090909090914,36.36363636363637
0.005,0.005,2,12:00,12:30,10000,1,RV_IV_Analysis_20260324_080203,12,8,66.66666666666666,776.6999999999998,53.25475325624919,37.5,33.33333333333333
0.005,0.005,2,12:30,13:00,10000,1,RV_IV_Analysis_20260324_080400,13,10,76.92307692307693,960.1600000000001,75.3287753168822,38.46153846153847,38.46153846153847
0.005,0.005,2,13:00,13:30,10000,1,RV_IV_Analysis_20260324_080557,13,8,61.53846153846154,559.8599999999999,38.115059962905875,34.61538461538461,30.76923076923077
0.005,0.005,2,13:30,14:00,10000,1,RV_IV_Analysis_20260324_080800,14,9,64.28571428571429,669.1999999999998,41.51823808360013,35.714285714285715,32.142857142857146
0.005,0.005,2,14:00,14:30,10000,1,RV_IV_Analysis_20260324_080957,15,10,66.66666666666666,737.4499999999998,51.3363102415202,36.666666666666664,33.33333333333333
0.005,0.005,2,14:30,15:00,10000,1,RV_IV_Analysis_20260324_081155,14,10,71.42857142857143,936.05,61.831403480677345,42.857142857142854,35.714285714285715
0.005,0.005,2,15:00,15:30,10000,1,RV_IV_Analysis_20260324_081348,14,9,64.28571428571429,638.3000000000001,51.46779256282091,39.285714285714285,32.142857142857146
0.005,0.005,2.5,09:30,10:00,10000,1,RV_IV_Analysis_20260324_081554,7,1,14.285714285714285,-174.20000000000005,-13.888691087479069,21.428571428571427,7.142857142857142
0.005,0.005,2.5,10:00,10:30,10000,1,RV_IV_Analysis_20260324_081757,10,5,50.0,701.2,66.33413840308353,35.0,25.0
0.005,0.005,2.5,10:30,11:00,10000,1,RV_IV_Analysis_20260324_082002,9,4,44.44444444444444,443.3399999999999,51.59447171942757,27.77777777777778,22.22222222222222
0.005,0.005,2.5,11:00,11:30,10000,1,RV_IV_Analysis_20260324_082203,11,5,45.45454545454545,670.8,50.197230392302075,31.818181818181817,22.727272727272727
0.005,0.005,2.5,11:30,12:00,10000,1,RV_IV_Analysis_20260324_082405,11,6,54.54545454545454,709.3999999999999,58.77288896738788,31.818181818181817,27.27272727272727
0.005,0.005,2.5,12:00,12:30,10000,1,RV_IV_Analysis_20260324_082605,12,5,41.66666666666667,697.4499999999998,53.18591756135868,33.33333333333333,20.833333333333336
0.005,0.005,2.5,12:30,13:00,10000,1,RV_IV_Analysis_20260324_082802,13,7,53.84615384615385,1035.0100000000002,82.26233675796055,34.61538461538461,26.923076923076923
0.005,0.005,2.5,13:00,13:30,10000,1,RV_IV_Analysis_20260324_083002,13,6,46.15384615384615,829.76,53.35009923121315,34.61538461538461,23.076923076923077
0.005,0.005,2.5,13:30,14:00,10000,1,RV_IV_Analysis_20260324_083206,14,6,42.857142857142854,855.9499999999999,53.11259428452304,35.714285714285715,21.428571428571427
0.005,0.005,2.5,14:00,14:30,10000,1,RV_IV_Analysis_20260324_083355,15,6,40.0,868.9899999999998,58.56341008347185,33.33333333333333,20.0
0.005,0.005,2.5,14:30,15:00,10000,1,RV_IV_Analysis_20260324_083558,14,7,50.0,893.8000000000001,58.49542346723176,35.714285714285715,25.0
0.005,0.005,2.5,15:00,15:30,10000,1,RV_IV_Analysis_20260324_083755,14,5,35.714285714285715,471.29999999999995,36.774454003448916,32.142857142857146,17.857142857142858
0.005,0.0055,1.5,09:30,10:00,10000,1,RV_IV_Analysis_20260324_083958,15,8,53.333333333333336,59.009999999999906,5.411070701438446,33.33333333333333,26.666666666666668
0.005,0.0055,1.5,10:00,10:30,10000,1,RV_IV_Analysis_20260324_084149,15,11,73.33333333333333,322.95999999999987,20.3214632549122,36.666666666666664,36.666666666666664
0.005,0.0055,1.5,10:30,11:00,10000,1,RV_IV_Analysis_20260324_084650,17,12,70.58823529411765,380.09999999999997,21.346464413191622,38.23529411764706,35.294117647058826
0.005,0.0055,1.5,11:00,11:30,10000,1,RV_IV_Analysis_20260324_084802,16,12,75.0,496.39,20.521307893479076,40.625,37.5
0.005,0.0055,1.5,11:30,12:00,10000,1,RV_IV_Analysis_20260324_084925,15,11,73.33333333333333,495.78999999999985,22.336689345825587,40.0,36.666666666666664
0.005,0.0055,1.5,12:00,12:30,10000,1,RV_IV_Analysis_20260324_085104,17,12,70.58823529411765,385.5999999999998,22.084940088794905,38.23529411764706,35.294117647058826
0.005,0.0055,1.5,12:30,13:00,10000,1,RV_IV_Analysis_20260324_085309,16,12,75.0,508.30999999999995,28.528579283820314,40.625,37.5
0.005,0.0055,1.5,13:00,13:30,10000,1,RV_IV_Analysis_20260324_085456,16,11,68.75,361.46000000000004,15.727204848100452,37.5,34.375
0.005,0.0055,1.5,13:30,14:00,10000,1,RV_IV_Analysis_20260324_085646,16,11,68.75,302.9999999999999,17.244299454612943,37.5,34.375
0.005,0.0055,1.5,14:00,14:30,10000,1,RV_IV_Analysis_20260324_085845,18,13,72.22222222222221,410.69999999999993,23.349966567316514,38.88888888888889,36.11111111111111
0.005,0.0055,1.5,14:30,15:00,10000,1,RV_IV_Analysis_20260324_090047,16,11,68.75,305.0999999999999,15.169806757738137,37.5,34.375
0.005,0.0055,1.5,15:00,15:30,10000,1,RV_IV_Analysis_20260324_090233,19,12,63.1578947368421,156.3599999999999,12.7848287178528,34.21052631578947,31.57894736842105
0.005,0.0055,2,09:30,10:00,10000,1,RV_IV_Analysis_20260324_090428,15,8,53.333333333333336,486.31000000000006,28.984656659553686,33.33333333333333,26.666666666666668
0.005,0.0055,2,10:00,10:30,10000,1,RV_IV_Analysis_20260324_090620,15,8,53.333333333333336,467.90999999999997,30.879461025573807,33.33333333333333,26.666666666666668
0.005,0.0055,2,10:30,11:00,10000,1,RV_IV_Analysis_20260324_090814,17,10,58.82352941176471,768.79,41.83603434572288,35.294117647058826,29.411764705882355
0.005,0.0055,2,11:00,11:30,10000,1,RV_IV_Analysis_20260324_091016,16,10,62.5,868.6499999999999,41.496067588031785,37.5,31.25
0.005,0.0055,2,11:30,12:00,10000,1,RV_IV_Analysis_20260324_125211,15,10,66.66666666666666,1005.5499999999998,51.33624714022132,40.0,33.33333333333333
0.005,0.0055,2,12:00,12:30,10000,1,RV_IV_Analysis_20260324_125335,17,9,52.94117647058824,657.1499999999997,33.42799225772246,35.294117647058826,26.47058823529412
0.005,0.0055,2,12:30,13:00,10000,1,RV_IV_Analysis_20260324_125521,16,10,62.5,844.55,50.77106118462207,37.5,31.25
0.005,0.0055,2,13:00,13:30,10000,1,RV_IV_Analysis_20260324_125744,16,8,50.0,503.21000000000004,25.701628520129923,34.375,25.0
0.005,0.0055,2,13:30,14:00,10000,1,RV_IV_Analysis_20260324_125955,16,8,50.0,313.79999999999995,18.24578596307604,31.25,25.0
0.005,0.0055,2,14:00,14:30,10000,1,RV_IV_Analysis_20260324_130208,18,10,55.55555555555556,638.8500000000001,38.44658707817159,36.11111111111111,27.77777777777778
0.005,0.0055,2,14:30,15:00,10000,1,RV_IV_Analysis_20260324_130419,16,10,62.5,753.7,42.53576003615265,37.5,31.25
0.005,0.0055,2,15:00,15:30,10000,1,RV_IV_Analysis_20260324_130634,19,11,57.89473684210527,598.25,35.995600200198304,34.21052631578947,28.947368421052634
0.005,0.0055,2.5,09:30,10:00,10000,1,RV_IV_Analysis_20260324_130851,15,6,40.0,627.0,36.87992722426595,30.0,20.0
0.005,0.0055,2.5,10:00,10:30,10000,1,RV_IV_Analysis_20260324_131111,15,7,46.666666666666664,873.5,52.922110314776354,33.33333333333333,23.333333333333332
0.005,0.0055,2.5,10:30,11:00,10000,1,RV_IV_Analysis_20260324_131328,17,5,29.411764705882355,823.1899999999999,45.882080941134696,32.35294117647059,14.705882352941178
0.005,0.0055,2.5,11:00,11:30,10000,1,RV_IV_Analysis_20260324_131550,16,6,37.5,972.1,45.61087280624923,34.375,18.75
0.005,0.0055,2.5,11:30,12:00,10000,1,RV_IV_Analysis_20260324_131805,15,6,40.0,832.55,47.25334951678054,33.33333333333333,20.0
0.005,0.0055,2.5,12:00,12:30,10000,1,RV_IV_Analysis_20260324_132020,17,6,35.294117647058826,666.3999999999999,38.78782750285647,32.35294117647059,17.647058823529413
0.005,0.0055,2.5,12:30,13:00,10000,1,RV_IV_Analysis_20260324_132239,16,7,43.75,983.1599999999999,59.0425925842,34.375,21.875
0.005,0.0055,2.5,13:00,13:30,10000,1,RV_IV_Analysis_20260324_132455,16,6,37.5,810.0600000000001,39.484117191346265,34.375,18.75
0.005,0.0055,2.5,13:30,14:00,10000,1,RV_IV_Analysis_20260324_132711,16,6,37.5,596.1500000000001,32.68006129143437,31.25,18.75
0.005,0.0055,2.5,14:00,14:30,10000,1,RV_IV_Analysis_20260324_132929,18,6,33.33333333333333,786.8899999999999,45.06125498599427,33.33333333333333,16.666666666666664
0.005,0.0055,2.5,14:30,15:00,10000,1,RV_IV_Analysis_20260324_133146,16,7,43.75,727.3,40.344183855039375,31.25,21.875
0.005,0.0055,2.5,15:00,15:30,10000,1,RV_IV_Analysis_20260324_133405,19,5,26.31578947368421,425.8599999999999,24.612408696940342,28.947368421052634,13.157894736842104
0.005,0.0065,1.5,09:30,10:00,10000,1,RV_IV_Analysis_20260324_133628,25,15,60.0,250.15999999999983,8.341942042958788,36.0,30.0
0.005,0.0065,1.5,10:00,10:30,10000,1,RV_IV_Analysis_20260324_133836,25,13,52.0,-506.2900000000002,-8.472525064185351,28.000000000000004,26.0
0.005,0.0065,1.5,10:30,11:00,10000,1,RV_IV_Analysis_20260324_134041,23,13,56.52173913043478,-346.5,-3.709207979634564,30.434782608695656,28.26086956521739
0.005,0.0065,1.5,11:00,11:30,10000,1,RV_IV_Analysis_20260324_134247,26,14,53.84615384615385,-635.7599999999999,-13.723291372216396,28.846153846153843,26.923076923076923
0.005,0.0065,1.5,11:30,12:00,10000,1,RV_IV_Analysis_20260324_182005,26,13,50.0,-666.0,-13.060593023104385,28.846153846153843,25.0
0.005,0.0065,1.5,12:00,12:30,10000,1,RV_IV_Analysis_20260324_182043,27,15,55.55555555555556,-96.1400000000001,4.305344007567958,29.629629629629626,27.77777777777778
0.005,0.0065,1.5,12:30,13:00,10000,1,RV_IV_Analysis_20260324_182112,25,14,56.00000000000001,28.759999999999877,4.732493390167027,30.0,28.000000000000004
0.005,0.0065,1.5,13:00,13:30,10000,1,RV_IV_Analysis_20260324_182141,25,12,48.0,-348.74000000000007,-8.72948319715384,26.0,24.0
0.005,0.0065,1.5,13:30,14:00,10000,1,RV_IV_Analysis_20260324_182209,27,14,51.85185185185185,-274.8900000000001,-1.8699085584434325,27.77777777777778,25.925925925925924
0.005,0.0065,1.5,14:00,14:30,10000,1,RV_IV_Analysis_20260324_182237,29,15,51.724137931034484,-300.6900000000001,0.28155938763613325,29.310344827586203,25.862068965517242
0.005,0.0065,1.5,14:30,15:00,10000,1,RV_IV_Analysis_20260324_182304,29,16,55.172413793103445,-111.20000000000016,0.7685601125039816,29.310344827586203,27.586206896551722
0.005,0.0065,1.5,15:00,15:30,10000,1,RV_IV_Analysis_20260324_182332,29,17,58.620689655172406,76.51999999999991,8.061527286995645,31.03448275862069,29.310344827586203
0.005,0.0065,2,09:30,10:00,10000,1,RV_IV_Analysis_20260324_182401,25,10,40.0,276.76,14.716380465384821,32.0,20.0
0.005,0.0065,2,10:00,10:30,10000,1,RV_IV_Analysis_20260324_182430,25,11,44.0,199.25999999999988,13.232640416307254,26.0,22.0
0.005,0.0065,2,10:30,11:00,10000,1,RV_IV_Analysis_20260324_182458,23,10,43.47826086956522,-71.49999999999986,7.608715034433272,28.26086956521739,21.73913043478261
0.005,0.0065,2,11:00,11:30,10000,1,RV_IV_Analysis_20260324_182527,26,11,42.30769230769231,-262.55,-0.5808398812048282,26.923076923076923,21.153846153846153
0.005,0.0065,2,11:30,12:00,10000,1,RV_IV_Analysis_20260324_182556,26,12,46.15384615384615,5.260000000000019,8.163011378125406,28.846153846153843,23.076923076923077
0.005,0.0065,2,12:00,12:30,10000,1,RV_IV_Analysis_20260324_182625,27,11,40.74074074074074,151.25999999999988,10.533040225237608,27.77777777777778,20.37037037037037
0.005,0.0065,2,12:30,13:00,10000,1,RV_IV_Analysis_20260324_182653,25,11,44.0,301.5,17.327986158801146,28.000000000000004,22.0
0.005,0.0065,2,13:00,13:30,10000,1,RV_IV_Analysis_20260324_182722,25,9,36.0,-227.54000000000002,-2.4729762829084945,24.0,18.0
0.005,0.0065,2,13:30,14:00,10000,1,RV_IV_Analysis_20260324_182751,27,9,33.33333333333333,-416.39000000000004,-5.074053734036439,24.074074074074073,16.666666666666664
0.005,0.0065,2,14:00,14:30,10000,1,RV_IV_Analysis_20260324_182820,29,10,34.48275862068966,-62.10000000000022,10.27257382603697,27.586206896551722,17.24137931034483
0.005,0.0065,2,14:30,15:00,10000,1,RV_IV_Analysis_20260324_182849,29,11,37.93103448275862,183.99000000000007,13.434908173529594,27.586206896551722,18.96551724137931
0.005,0.0065,2,15:00,15:30,10000,1,RV_IV_Analysis_20260324_182916,29,16,55.172413793103445,850.8499999999999,30.83377664810482,31.03448275862069,27.586206896551722
0.005,0.0065,2.5,09:30,10:00,10000,1,RV_IV_Analysis_20260324_182944,25,7,28.000000000000004,441.29999999999995,19.899717485271626,30.0,14.000000000000002
0.005,0.0065,2.5,10:00,10:30,10000,1,RV_IV_Analysis_20260324_183011,25,8,32.0,541.7499999999999,24.618230216771636,26.0,16.0
0.005,0.0065,2.5,10:30,11:00,10000,1,RV_IV_Analysis_20260324_183038,23,5,21.73913043478261,-53.46000000000015,9.406809581951176,26.08695652173913,10.869565217391305
0.005,0.0065,2.5,11:00,11:30,10000,1,RV_IV_Analysis_20260324_183105,26,6,23.076923076923077,90.55000000000001,8.56486517602421,25.0,11.538461538461538
0.005,0.0065,2.5,11:30,12:00,10000,1,RV_IV_Analysis_20260324_183132,26,8,30.76923076923077,184.00999999999982,15.783427392151548,25.0,15.384615384615385
0.005,0.0065,2.5,12:00,12:30,10000,1,RV_IV_Analysis_20260324_183159,27,8,29.629629629629626,449.5599999999999,21.31907988050992,25.925925925925924,14.814814814814813
0.005,0.0065,2.5,12:30,13:00,10000,1,RV_IV_Analysis_20260324_183226,25,8,32.0,444.10999999999984,22.75238276831856,26.0,16.0
0.005,0.0065,2.5,13:00,13:30,10000,1,RV_IV_Analysis_20260324_183253,25,7,28.000000000000004,79.30999999999999,6.34781646666996,24.0,14.000000000000002
0.005,0.0065,2.5,13:30,14:00,10000,1,RV_IV_Analysis_20260324_183320,27,7,25.925925925925924,-134.04000000000013,3.479590904990715,24.074074074074073,12.962962962962962
0.005,0.0065,2.5,14:00,14:30,10000,1,RV_IV_Analysis_20260324_183347,29,7,24.137931034482758,82.29999999999978,14.278612910585913,25.862068965517242,12.068965517241379
0.005,0.0065,2.5,14:30,15:00,10000,1,RV_IV_Analysis_20260324_183414,29,7,24.137931034482758,-3.260000000000133,8.200950533604743,24.137931034482758,12.068965517241379
0.005,0.0065,2.5,15:00,15:30,10000,1,RV_IV_Analysis_20260324_183441,29,8,27.586206896551722,668.32,23.25870376856399,27.586206896551722,13.793103448275861
0.005,0.0075,1.5,09:30,10:00,10000,1,RV_IV_Analysis_20260324_183508,29,16,55.172413793103445,70.85999999999984,5.528728803005189,34.48275862068966,27.586206896551722
0.005,0.0075,1.5,10:00,10:30,10000,1,RV_IV_Analysis_20260324_183536,32,14,43.75,-1089.94,-14.628188589448122,28.125,21.875
0.005,0.0075,1.5,10:30,11:00,10000,1,RV_IV_Analysis_20260324_183604,31,16,51.61290322580645,-462.41,-2.261785977735927,29.03225806451613,25.806451612903224
0.005,0.0075,1.5,11:00,11:30,10000,1,RV_IV_Analysis_20260324_183631,34,19,55.88235294117647,-23.37000000000006,1.8010681869186385,30.88235294117647,27.941176470588236
0.005,0.0075,1.5,11:30,12:00,10000,1,RV_IV_Analysis_20260324_183658,33,17,51.515151515151516,-86.92000000000036,1.2231851894297885,30.303030303030305,25.757575757575758
0.005,0.0075,1.5,12:00,12:30,10000,1,RV_IV_Analysis_20260324_183725,36,19,52.77777777777778,-151.81000000000006,6.083899640648565,31.944444444444443,26.38888888888889
0.005,0.0075,1.5,12:30,13:00,10000,1,RV_IV_Analysis_20260324_183751,36,19,52.77777777777778,-99.93999999999988,4.167554013522862,31.944444444444443,26.38888888888889
0.005,0.0075,1.5,13:00,13:30,10000,1,RV_IV_Analysis_20260324_183818,34,17,50.0,-226.78999999999985,-2.132082351203663,29.411764705882355,25.0
0.005,0.0075,1.5,13:30,14:00,10000,1,RV_IV_Analysis_20260324_183844,35,18,51.42857142857142,150.80999999999977,5.953490760325837,32.857142857142854,25.71428571428571
0.005,0.0075,1.5,14:00,14:30,10000,1,RV_IV_Analysis_20260324_183911,38,19,50.0,-187.40000000000026,0.7098366584371794,31.57894736842105,25.0
0.005,0.0075,1.5,14:30,15:00,10000,1,RV_IV_Analysis_20260324_183938,39,21,53.84615384615385,187.20999999999975,4.2930395831139725,32.05128205128205,28.205128205128204
0.005,0.0075,1.5,15:00,15:30,10000,1,RV_IV_Analysis_20260324_184005,41,22,53.65853658536586,197.4200000000001,9.091079372633235,32.926829268292686,28.04878048780488
0.005,0.0075,2,09:30,10:00,10000,1,RV_IV_Analysis_20260324_184031,29,11,37.93103448275862,123.90999999999997,11.328741236895613,31.03448275862069,18.96551724137931
0.005,0.0075,2,10:00,10:30,10000,1,RV_IV_Analysis_20260324_184058,32,12,37.5,-300.04000000000025,4.040619669459453,26.5625,18.75
0.005,0.0075,2,10:30,11:00,10000,1,RV_IV_Analysis_20260324_184125,31,13,41.935483870967744,387.94999999999993,18.150020106852605,27.419354838709676,20.967741935483872
0.005,0.0075,2,11:00,11:30,10000,1,RV_IV_Analysis_20260324_184152,34,13,38.23529411764706,160.29999999999993,8.778897607752548,27.941176470588236,19.11764705882353
0.005,0.0075,2,11:30,12:00,10000,1,RV_IV_Analysis_20260324_184218,33,14,42.42424242424242,610.4499999999997,17.910513790350976,30.303030303030305,21.21212121212121
0.005,0.0075,2,12:00,12:30,10000,1,RV_IV_Analysis_20260324_184245,36,12,33.33333333333333,120.64999999999975,11.148458558846581,30.555555555555557,16.666666666666664
0.005,0.0075,2,12:30,13:00,10000,1,RV_IV_Analysis_20260324_184612,36,14,38.88888888888889,624.1499999999996,21.10385356543253,30.555555555555557,19.444444444444446
0.005,0.0075,2,13:00,13:30,10000,1,RV_IV_Analysis_20260324_184636,34,12,35.294117647058826,62.21000000000015,5.30124172831525,27.941176470588236,17.647058823529413
0.005,0.0075,2,13:30,14:00,10000,1,RV_IV_Analysis_20260324_184702,35,12,34.285714285714285,65.7099999999997,4.309434299105072,28.57142857142857,17.142857142857142
0.005,0.0075,2,14:00,14:30,10000,1,RV_IV_Analysis_20260324_184728,38,14,36.84210526315789,16.439999999999714,7.061835609747762,28.947368421052634,18.421052631578945
0.005,0.0075,2,14:30,15:00,10000,1,RV_IV_Analysis_20260324_184754,39,16,41.02564102564102,469.3499999999999,13.198436594297318,29.48717948717949,20.51282051282051
0.005,0.0075,2,15:00,15:30,10000,1,RV_IV_Analysis_20260324_184820,41,19,46.34146341463415,824.8400000000001,22.466688996401302,31.70731707317073,23.170731707317074
0.005,0.0075,2.5,09:30,10:00,10000,1,RV_IV_Analysis_20260324_184846,29,8,27.586206896551722,375.59999999999997,17.519297061271903,29.310344827586203,13.793103448275861
0.005,0.0075,2.5,10:00,10:30,10000,1,RV_IV_Analysis_20260324_184912,32,9,28.125,128.09999999999968,14.673639298474846,26.5625,14.0625
0.005,0.0075,2.5,10:30,11:00,10000,1,RV_IV_Analysis_20260324_184938,31,8,25.806451612903224,494.3399999999997,21.03132152536935,25.806451612903224,12.903225806451612
0.005,0.0075,2.5,11:00,11:30,10000,1,RV_IV_Analysis_20260324_185005,34,8,23.52941176470588,596.5000000000001,16.590684509189224,26.47058823529412,11.76470588235294
0.005,0.0075,2.5,11:30,12:00,10000,1,RV_IV_Analysis_20260324_185031,33,9,27.27272727272727,566.1499999999997,18.968413131826868,27.27272727272727,13.636363636363635
0.005,0.0075,2.5,12:00,12:30,10000,1,RV_IV_Analysis_20260324_185058,36,9,25.0,504.4499999999996,20.7103999556015,29.166666666666668,12.5
0.005,0.0075,2.5,12:30,13:00,10000,1,RV_IV_Analysis_20260324_185125,36,9,25.0,498.1099999999998,20.82041831733015,27.77777777777778,12.5
0.005,0.0075,2.5,13:00,13:30,10000,1,RV_IV_Analysis_20260324_185151,34,8,23.52941176470588,81.10999999999996,7.299083250277249,26.47058823529412,11.76470588235294
0.005,0.0075,2.5,13:30,14:00,10000,1,RV_IV_Analysis_20260324_185217,35,9,25.71428571428571,191.10999999999962,8.489784931465792,27.142857142857142,12.857142857142856
0.005,0.0075,2.5,14:00,14:30,10000,1,RV_IV_Analysis_20260324_185244,38,9,23.684210526315788,195.38999999999976,10.592136295217603,27.631578947368425,11.842105263157894
0.005,0.0075,2.5,14:30,15:00,10000,1,RV_IV_Analysis_20260324_185310,39,10,25.64102564102564,425.9499999999997,11.330355095803279,26.923076923076923,12.82051282051282
0.005,0.0075,2.5,15:00,15:30,10000,1,RV_IV_Analysis_20260324_185336,41,10,24.390243902439025,965.6200000000001,20.983716355236503,29.268292682926827,12.195121951219512
0.0075,0.005,1.5,09:30,10:00,10000,1,RV_IV_Analysis_20260324_185403,24,13,54.166666666666664,-138.80000000000013,-4.923667783195579,31.25,27.083333333333332
0.0075,0.005,1.5,10:00,10:30,10000,1,RV_IV_Analysis_20260324_185430,22,12,54.54545454545454,-402.5400000000001,-13.351322589099105,27.27272727272727,27.27272727272727
0.0075,0.005,1.5,10:30,11:00,10000,1,RV_IV_Analysis_20260324_185457,25,13,52.0,-654.3900000000001,-19.752913839056184,26.0,26.0
0.0075,0.005,1.5,11:00,11:30,10000,1,RV_IV_Analysis_20260324_185524,25,13,52.0,-580.5999999999999,-14.724033033592807,26.0,26.0
0.0075,0.005,1.5,11:30,12:00,10000,1,RV_IV_Analysis_20260324_185551,25,14,56.00000000000001,-293.4300000000001,-9.410045854308207,28.000000000000004,28.000000000000004
0.0075,0.005,1.5,12:00,12:30,10000,1,RV_IV_Analysis_20260324_185618,24,13,54.166666666666664,-339.0000000000001,-9.656792805525308,29.166666666666668,27.083333333333332
0.0075,0.005,1.5,12:30,13:00,10000,1,RV_IV_Analysis_20260324_185651,25,14,56.00000000000001,98.89999999999992,3.677950819902344,28.000000000000004,28.000000000000004
0.0075,0.005,1.5,13:00,13:30,10000,1,RV_IV_Analysis_20260324_185719,27,14,51.85185185185185,-118.11000000000004,-3.2855334018230327,27.77777777777778,25.925925925925924
0.0075,0.005,1.5,13:30,14:00,10000,1,RV_IV_Analysis_20260324_185747,29,14,48.275862068965516,-361.9500000000001,-5.7707832581358245,25.862068965517242,24.137931034482758
0.0075,0.005,1.5,14:00,14:30,10000,1,RV_IV_Analysis_20260324_185814,30,16,53.333333333333336,-250.4000000000002,-3.503829171438098,28.333333333333332,26.666666666666668
0.0075,0.005,1.5,14:30,15:00,10000,1,RV_IV_Analysis_20260324_185841,30,16,53.333333333333336,-157.25000000000006,-1.7865110607459669,28.333333333333332,26.666666666666668
0.0075,0.005,1.5,15:00,15:30,10000,1,RV_IV_Analysis_20260324_185908,30,18,60.0,147.20999999999987,7.256373256442761,31.666666666666664,30.0
0.0075,0.005,2,09:30,10:00,10000,1,RV_IV_Analysis_20260324_185935,24,10,41.66666666666667,-144.06000000000012,-2.4346207620254554,27.083333333333332,20.833333333333336
0.0075,0.005,2,10:00,10:30,10000,1,RV_IV_Analysis_20260324_190002,22,10,45.45454545454545,-140.20000000000005,0.844834153519868,25.0,22.727272727272727
0.0075,0.005,2,10:30,11:00,10000,1,RV_IV_Analysis_20260324_190029,25,11,44.0,-419.0400000000001,-7.773320972069626,24.0,22.0
0.0075,0.005,2,11:00,11:30,10000,1,RV_IV_Analysis_20260324_190056,25,11,44.0,-324.46000000000004,-3.8165151341192667,24.0,22.0
0.0075,0.005,2,11:30,12:00,10000,1,RV_IV_Analysis_20260324_190124,25,12,48.0,-81.99000000000007,2.8801343422637187,26.0,24.0
0.0075,0.005,2,12:00,12:30,10000,1,RV_IV_Analysis_20260324_190151,24,12,50.0,22.139999999999958,7.334963284508572,29.166666666666668,25.0
0.0075,0.005,2,12:30,13:00,10000,1,RV_IV_Analysis_20260324_190217,25,12,48.0,333.1,13.399854096232026,26.0,24.0
0.0075,0.005,2,13:00,13:30,10000,1,RV_IV_Analysis_20260324_190245,27,11,40.74074074074074,-38.05000000000004,-2.829349678587946,22.22222222222222,20.37037037037037
0.0075,0.005,2,13:30,14:00,10000,1,RV_IV_Analysis_20260324_190312,29,10,34.48275862068966,-395.0000000000002,-8.74074806635599,20.689655172413794,17.24137931034483
0.0075,0.005,2,14:00,14:30,10000,1,RV_IV_Analysis_20260324_190339,30,11,36.666666666666664,-418.85000000000014,-8.370191366411797,21.666666666666668,18.333333333333332
0.0075,0.005,2,14:30,15:00,10000,1,RV_IV_Analysis_20260324_190406,30,12,40.0,-88.45000000000013,1.476208872893559,23.333333333333332,20.0
0.0075,0.005,2,15:00,15:30,10000,1,RV_IV_Analysis_20260324_190433,30,15,50.0,481.5099999999998,18.9595758653438,26.666666666666668,25.0
0.0075,0.005,2.5,09:30,10:00,10000,1,RV_IV_Analysis_20260324_190459,24,8,33.33333333333333,79.14999999999989,7.231284564909552,27.083333333333332,16.666666666666664
0.0075,0.005,2.5,10:00,10:30,10000,1,RV_IV_Analysis_20260324_190527,22,7,31.818181818181817,54.399999999999864,11.079158666084986,25.0,15.909090909090908
0.0075,0.005,2.5,10:30,11:00,10000,1,RV_IV_Analysis_20260324_190556,25,8,32.0,-182.00000000000014,3.8772465068284743,24.0,16.0
0.0075,0.005,2.5,11:00,11:30,10000,1,RV_IV_Analysis_20260324_190623,25,7,28.000000000000004,-21.100000000000023,8.02554965325369,22.0,14.000000000000002
0.0075,0.005,2.5,11:30,12:00,10000,1,RV_IV_Analysis_20260324_190650,25,8,32.0,100.41999999999996,8.735969846403398,22.0,16.0
0.0075,0.005,2.5,12:00,12:30,10000,1,RV_IV_Analysis_20260324_190718,24,8,33.33333333333333,193.7499999999998,12.141596112843155,25.0,16.666666666666664
0.0075,0.005,2.5,12:30,13:00,10000,1,RV_IV_Analysis_20260324_190745,25,9,36.0,568.7499999999999,23.811014195250408,24.0,18.0
0.0075,0.005,2.5,13:00,13:30,10000,1,RV_IV_Analysis_20260324_190812,27,8,29.629629629629626,68.15000000000012,3.2882168668516596,22.22222222222222,14.814814814814813
0.0075,0.005,2.5,13:30,14:00,10000,1,RV_IV_Analysis_20260324_191140,29,8,27.586206896551722,-207.80000000000013,0.20890909072468453,20.689655172413794,13.793103448275861
0.0075,0.005,2.5,14:00,14:30,10000,1,RV_IV_Analysis_20260324_191205,30,8,26.666666666666668,-362.20000000000005,-6.709624932002862,18.333333333333332,13.333333333333334
0.0075,0.005,2.5,14:30,15:00,10000,1,RV_IV_Analysis_20260324_191230,30,8,26.666666666666668,-236.30000000000004,-2.7824407749729843,20.0,13.333333333333334
0.0075,0.005,2.5,15:00,15:30,10000,1,RV_IV_Analysis_20260324_191257,30,8,26.666666666666668,353.4399999999997,13.009245585208129,23.333333333333332,13.333333333333334
0.0075,0.0055,1.5,09:30,10:00,10000,1,RV_IV_Analysis_20260324_191323,28,16,57.14285714285714,-93.3000000000001,-2.6172811513467997,32.142857142857146,28.57142857142857
0.0075,0.0055,1.5,10:00,10:30,10000,1,RV_IV_Analysis_20260324_191349,28,15,53.57142857142857,-569.8400000000001,-15.165126425195242,26.785714285714285,26.785714285714285
0.0075,0.0055,1.5,10:30,11:00,10000,1,RV_IV_Analysis_20260324_191416,28,14,50.0,-855.3900000000002,-21.32423571332397,25.0,25.0
0.0075,0.0055,1.5,11:00,11:30,10000,1,RV_IV_Analysis_20260324_191442,27,14,51.85185185185185,-663.0500000000001,-15.449469067017937,25.925925925925924,25.925925925925924
0.0075,0.0055,1.5,11:30,12:00,10000,1,RV_IV_Analysis_20260324_191509,29,17,58.620689655172406,157.32999999999993,3.9759839391637883,29.310344827586203,29.310344827586203
0.0075,0.0055,1.5,12:00,12:30,10000,1,RV_IV_Analysis_20260324_191535,31,17,54.83870967741935,-54.5000000000002,1.7688551611802792,29.03225806451613,27.419354838709676
0.0075,0.0055,1.5,12:30,13:00,10000,1,RV_IV_Analysis_20260324_191602,31,16,51.61290322580645,-183.54000000000008,-1.4257920151029324,25.806451612903224,25.806451612903224
0.0075,0.0055,1.5,13:00,13:30,10000,1,RV_IV_Analysis_20260324_191629,31,16,51.61290322580645,-205.36000000000013,-2.464331887004889,27.419354838709676,25.806451612903224
0.0075,0.0055,1.5,13:30,14:00,10000,1,RV_IV_Analysis_20260324_191656,33,16,48.484848484848484,-196.55000000000013,-0.9801977894396766,27.27272727272727,24.242424242424242
0.0075,0.0055,1.5,14:00,14:30,10000,1,RV_IV_Analysis_20260324_191722,35,20,57.14285714285714,41.650000000000006,5.105134856254688,31.428571428571427,28.57142857142857
0.0075,0.0055,1.5,14:30,15:00,10000,1,RV_IV_Analysis_20260324_191749,36,21,58.333333333333336,223.1099999999997,8.570373212653871,30.555555555555557,29.166666666666668
0.0075,0.0055,1.5,15:00,15:30,10000,1,RV_IV_Analysis_20260324_191815,37,22,59.45945945945946,276.77999999999963,8.380199279143062,31.08108108108108,29.72972972972973
0.0075,0.0055,2,09:30,10:00,10000,1,RV_IV_Analysis_20260324_191842,28,12,42.857142857142854,-205.21000000000015,-2.2351602417208736,26.785714285714285,21.428571428571427
0.0075,0.0055,2,10:00,10:30,10000,1,RV_IV_Analysis_20260324_191908,28,12,42.857142857142854,-390.0000000000002,-5.357742117056124,23.214285714285715,21.428571428571427
0.0075,0.0055,2,10:30,11:00,10000,1,RV_IV_Analysis_20260324_191935,28,13,46.42857142857143,-364.84000000000015,-3.4027893674687584,23.214285714285715,23.214285714285715
0.0075,0.0055,2,11:00,11:30,10000,1,RV_IV_Analysis_20260324_192002,27,12,44.44444444444444,-309.76000000000016,-2.4710908370538673,24.074074074074073,22.22222222222222
0.0075,0.0055,2,11:30,12:00,10000,1,RV_IV_Analysis_20260324_192029,29,14,48.275862068965516,501.41999999999996,18.233363657822203,27.586206896551722,24.137931034482758
0.0075,0.0055,2,12:00,12:30,10000,1,RV_IV_Analysis_20260324_192056,31,15,48.38709677419355,458.4799999999999,19.13020536092537,29.03225806451613,24.193548387096776
0.0075,0.0055,2,12:30,13:00,10000,1,RV_IV_Analysis_20260324_192123,31,14,45.16129032258064,169.86000000000007,9.806320585030486,24.193548387096776,22.58064516129032
0.0075,0.0055,2,13:00,13:30,10000,1,RV_IV_Analysis_20260324_192149,31,12,38.70967741935484,-13.050000000000097,1.8601095839928907,24.193548387096776,19.35483870967742
0.0075,0.0055,2,13:30,14:00,10000,1,RV_IV_Analysis_20260324_192216,33,11,33.33333333333333,-219.20000000000016,-2.9598956213579544,22.727272727272727,16.666666666666664
0.0075,0.0055,2,14:00,14:30,10000,1,RV_IV_Analysis_20260324_192243,35,13,37.142857142857146,-157.05000000000007,0.2909076207764329,24.285714285714285,18.571428571428573
0.0075,0.0055,2,14:30,15:00,10000,1,RV_IV_Analysis_20260324_192310,36,16,44.44444444444444,575.0499999999996,17.863122009684147,26.38888888888889,22.22222222222222
0.0075,0.0055,2,15:00,15:30,10000,1,RV_IV_Analysis_20260324_192336,37,18,48.64864864864865,790.3199999999997,21.250458971393016,27.027027027027028,24.324324324324326
0.0075,0.0055,2.5,09:30,10:00,10000,1,RV_IV_Analysis_20260324_192403,28,10,35.714285714285715,356.5499999999999,15.145453410615618,26.785714285714285,17.857142857142858
0.0075,0.0055,2.5,10:00,10:30,10000,1,RV_IV_Analysis_20260324_192430,28,9,32.142857142857146,174.14999999999975,13.681464604352941,23.214285714285715,16.071428571428573
0.0075,0.0055,2.5,10:30,11:00,10000,1,RV_IV_Analysis_20260324_192457,28,10,35.714285714285715,265.8999999999998,18.265714919101434,23.214285714285715,17.857142857142858
0.0075,0.0055,2.5,11:00,11:30,10000,1,RV_IV_Analysis_20260324_192523,27,8,29.629629629629626,25.949999999999875,9.634224685967142,22.22222222222222,14.814814814814813
0.0075,0.0055,2.5,11:30,12:00,10000,1,RV_IV_Analysis_20260324_192550,29,10,34.48275862068966,716.18,24.145034825190663,24.137931034482758,17.24137931034483
0.0075,0.0055,2.5,12:00,12:30,10000,1,RV_IV_Analysis_20260324_192617,31,9,29.03225806451613,514.3499999999998,19.616010443864784,25.806451612903224,14.516129032258066
0.0075,0.0055,2.5,12:30,13:00,10000,1,RV_IV_Analysis_20260324_192644,31,10,32.25806451612903,484.0099999999998,20.343876476027127,22.58064516129032,16.129032258064516
0.0075,0.0055,2.5,13:00,13:30,10000,1,RV_IV_Analysis_20260324_192711,31,9,29.03225806451613,153.35000000000002,8.769693391405822,24.193548387096776,14.516129032258066
0.0075,0.0055,2.5,13:30,14:00,10000,1,RV_IV_Analysis_20260324_192738,33,9,27.27272727272727,36.09999999999983,6.55454402696532,22.727272727272727,13.636363636363635
0.0075,0.0055,2.5,14:00,14:30,10000,1,RV_IV_Analysis_20260324_192805,35,10,28.57142857142857,17.75000000000003,4.227315602242678,21.428571428571427,14.285714285714285
0.0075,0.0055,2.5,14:30,15:00,10000,1,RV_IV_Analysis_20260324_192831,36,11,30.555555555555557,498.3599999999997,15.69415740380467,23.61111111111111,15.277777777777779
0.0075,0.0055,2.5,15:00,15:30,10000,1,RV_IV_Analysis_20260324_192859,37,11,29.72972972972973,823.8699999999997,19.279210926576052,24.324324324324326,14.864864864864865
0.0075,0.0065,1.5,09:30,10:00,10000,1,RV_IV_Analysis_20260324_192926,37,19,51.35135135135135,-483.8800000000002,-5.869765823610405,31.08108108108108,25.675675675675674
0.0075,0.0065,1.5,10:00,10:30,10000,1,RV_IV_Analysis_20260324_192952,38,18,47.368421052631575,-668.4900000000002,-11.245144119126246,26.31578947368421,23.684210526315788
0.0075,0.0065,1.5,10:30,11:00,10000,1,RV_IV_Analysis_20260324_193019,38,20,52.63157894736842,-286.82000000000005,-3.212671337351844,30.263157894736842,26.31578947368421
0.0075,0.0065,1.5,11:00,11:30,10000,1,RV_IV_Analysis_20260324_193046,38,19,50.0,-394.94000000000017,-4.6206683171564364,28.947368421052634,25.0
0.0075,0.0065,1.5,11:30,12:00,10000,1,RV_IV_Analysis_20260324_193112,37,19,51.35135135135135,-189.1100000000003,-2.8094346208008596,28.37837837837838,25.675675675675674
0.0075,0.0065,1.5,12:00,12:30,10000,1,RV_IV_Analysis_20260324_193139,38,20,52.63157894736842,-89.54000000000022,0.8342137874826134,30.263157894736842,26.31578947368421
0.0075,0.0065,1.5,12:30,13:00,10000,1,RV_IV_Analysis_20260324_193205,41,22,53.65853658536586,-93.35000000000036,2.5747066436901656,29.268292682926827,26.82926829268293
0.0075,0.0065,1.5,13:00,13:30,10000,1,RV_IV_Analysis_20260324_193232,42,23,54.761904761904766,115.39999999999992,4.206069214119448,29.761904761904763,27.380952380952383
0.0075,0.0065,1.5,13:30,14:00,10000,1,RV_IV_Analysis_20260324_193258,42,21,50.0,-41.13000000000005,1.0121351816342856,27.380952380952383,26.190476190476193
0.0075,0.0065,1.5,14:00,14:30,10000,1,RV_IV_Analysis_20260324_193324,42,24,57.14285714285714,176.81999999999982,4.719375678726662,30.952380952380953,28.57142857142857
0.0075,0.0065,1.5,14:30,15:00,10000,1,RV_IV_Analysis_20260324_193651,46,25,54.347826086956516,-118.7000000000001,2.508348643212694,29.347826086956523,28.26086956521739
0.0075,0.0065,1.5,15:00,15:30,10000,1,RV_IV_Analysis_20260324_193716,46,26,56.52173913043478,135.0899999999997,4.244925388206339,30.434782608695656,29.347826086956523
0.0075,0.0065,2,09:30,10:00,10000,1,RV_IV_Analysis_20260324_193740,37,13,35.13513513513514,-636.2400000000002,-5.673941354618604,25.675675675675674,17.56756756756757
0.0075,0.0065,2,10:00,10:30,10000,1,RV_IV_Analysis_20260324_193806,38,14,36.84210526315789,-535.7500000000002,-5.265931622630251,23.684210526315788,18.421052631578945
0.0075,0.0065,2,10:30,11:00,10000,1,RV_IV_Analysis_20260324_193832,38,14,36.84210526315789,-557.7700000000002,-3.0711177978470814,25.0,18.421052631578945
0.0075,0.0065,2,11:00,11:30,10000,1,RV_IV_Analysis_20260324_193858,38,14,36.84210526315789,-249.90000000000015,0.42241742692220896,26.31578947368421,18.421052631578945
0.0075,0.0065,2,11:30,12:00,10000,1,RV_IV_Analysis_20260324_193924,37,15,40.54054054054054,119.96999999999998,6.966562877810302,27.027027027027028,20.27027027027027
0.0075,0.0065,2,12:00,12:30,10000,1,RV_IV_Analysis_20260324_193950,38,15,39.473684210526315,128.85000000000002,8.369288160177737,28.947368421052634,19.736842105263158
0.0075,0.0065,2,12:30,13:00,10000,1,RV_IV_Analysis_20260324_194016,41,17,41.46341463414634,180.68999999999974,8.528426823376227,26.82926829268293,20.73170731707317
0.0075,0.0065,2,13:00,13:30,10000,1,RV_IV_Analysis_20260324_194042,42,16,38.095238095238095,419.70999999999987,8.642465323964354,26.190476190476193,19.047619047619047
0.0075,0.0065,2,13:30,14:00,10000,1,RV_IV_Analysis_20260324_194108,42,15,35.714285714285715,173.01999999999992,3.1954759396985515,23.809523809523807,17.857142857142858
0.0075,0.0065,2,14:00,14:30,10000,1,RV_IV_Analysis_20260324_194134,42,17,40.476190476190474,205.91999999999987,4.401844836058779,25.0,20.238095238095237
0.0075,0.0065,2,14:30,15:00,10000,1,RV_IV_Analysis_20260324_194200,46,18,39.130434782608695,183.49999999999994,7.503738303456074,25.0,19.565217391304348
0.0075,0.0065,2,15:00,15:30,10000,1,RV_IV_Analysis_20260324_194226,46,20,43.47826086956522,613.0699999999997,13.146669839663396,26.08695652173913,21.73913043478261
0.0075,0.0065,2.5,09:30,10:00,10000,1,RV_IV_Analysis_20260324_194252,37,11,29.72972972972973,-265.43000000000023,3.531416713587725,25.675675675675674,14.864864864864865
0.0075,0.0065,2.5,10:00,10:30,10000,1,RV_IV_Analysis_20260324_194319,38,11,28.947368421052634,104.29999999999978,10.09099505451103,23.684210526315788,14.473684210526317
0.0075,0.0065,2.5,10:30,11:00,10000,1,RV_IV_Analysis_20260324_194345,38,11,28.947368421052634,72.96999999999974,12.895148518573066,25.0,14.473684210526317
0.0075,0.0065,2.5,11:00,11:30,10000,1,RV_IV_Analysis_20260324_194411,38,10,26.31578947368421,206.7099999999998,10.990513333315727,25.0,13.157894736842104
0.0075,0.0065,2.5,11:30,12:00,10000,1,RV_IV_Analysis_20260324_194438,37,11,29.72972972972973,457.3399999999998,13.567261773634977,24.324324324324326,14.864864864864865
0.0075,0.0065,2.5,12:00,12:30,10000,1,RV_IV_Analysis_20260324_194504,38,11,28.947368421052634,463.95999999999975,14.224388033187983,26.31578947368421,14.473684210526317
0.0075,0.0065,2.5,12:30,13:00,10000,1,RV_IV_Analysis_20260324_194531,41,12,29.268292682926827,625.4499999999996,18.270394025235934,25.609756097560975,14.634146341463413
0.0075,0.0065,2.5,13:00,13:30,10000,1,RV_IV_Analysis_20260324_194557,42,13,30.952380952380953,787.31,17.126914566092434,26.190476190476193,15.476190476190476
0.0075,0.0065,2.5,13:30,14:00,10000,1,RV_IV_Analysis_20260324_194623,42,12,28.57142857142857,532.8699999999999,12.123178438803539,23.809523809523807,14.285714285714285
0.0075,0.0065,2.5,14:00,14:30,10000,1,RV_IV_Analysis_20260324_194649,42,12,28.57142857142857,634.1100000000002,11.011865799670678,22.61904761904762,14.285714285714285
0.0075,0.0065,2.5,14:30,15:00,10000,1,RV_IV_Analysis_20260324_194715,46,14,30.434782608695656,351.3499999999997,9.443143326628736,22.82608695652174,15.217391304347828
0.0075,0.0065,2.5,15:00,15:30,10000,1,RV_IV_Analysis_20260324_194741,46,12,26.08695652173913,702.3799999999997,11.99412040159856,23.91304347826087,13.043478260869565
0.0075,0.0075,1.5,09:30,10:00,10000,1,RV_IV_Analysis_20260324_194807,44,21,47.72727272727273,-204.08000000000004,-1.8771694569667197,30.681818181818183,25.0
0.0075,0.0075,1.5,10:00,10:30,10000,1,RV_IV_Analysis_20260324_194833,46,22,47.82608695652174,-603.4400000000002,-8.880945433962752,27.173913043478258,25.0
0.0075,0.0075,1.5,10:30,11:00,10000,1,RV_IV_Analysis_20260324_194859,44,22,50.0,-760.2199999999998,-9.333745843609021,28.40909090909091,25.0
0.0075,0.0075,1.5,11:00,11:30,10000,1,RV_IV_Analysis_20260324_194926,44,23,52.27272727272727,-385.48000000000013,-3.691943815200477,29.545454545454547,26.136363636363637
0.0075,0.0075,1.5,11:30,12:00,10000,1,RV_IV_Analysis_20260324_194952,45,24,53.333333333333336,-41.700000000000045,0.29998839020856816,31.11111111111111,26.666666666666668
0.0075,0.0075,1.5,12:00,12:30,10000,1,RV_IV_Analysis_20260324_195018,45,23,51.11111111111111,-413.49000000000024,-4.289939981376907,28.888888888888886,25.555555555555554
0.0075,0.0075,1.5,12:30,13:00,10000,1,RV_IV_Analysis_20260324_195044,45,23,51.11111111111111,-318.50000000000045,-2.2469215584873203,28.888888888888886,25.555555555555554
0.0075,0.0075,1.5,13:00,13:30,10000,1,RV_IV_Analysis_20260324_195110,48,25,52.083333333333336,-74.63000000000014,-0.7893307543601574,28.125,26.041666666666668
0.0075,0.0075,1.5,13:30,14:00,10000,1,RV_IV_Analysis_20260324_195136,53,27,50.943396226415096,-296.62000000000046,-1.774134505522109,27.358490566037734,26.41509433962264
0.0075,0.0075,1.5,14:00,14:30,10000,1,RV_IV_Analysis_20260324_195202,52,29,55.769230769230774,-220.9200000000004,-0.2796574090288901,29.807692307692307,27.884615384615387
0.0075,0.0075,1.5,14:30,15:00,10000,1,RV_IV_Analysis_20260324_195228,50,29,57.99999999999999,185.69999999999982,6.143041003846415,31.0,30.0
0.0075,0.0075,1.5,15:00,15:30,10000,1,RV_IV_Analysis_20260324_195253,50,28,56.00000000000001,-48.51000000000039,1.363519493002123,30.0,28.999999999999996
0.0075,0.0075,2,09:30,10:00,10000,1,RV_IV_Analysis_20260324_195319,44,14,31.818181818181817,-646.5400000000005,-4.813294211229409,25.0,15.909090909090908
0.0075,0.0075,2,10:00,10:30,10000,1,RV_IV_Analysis_20260324_195345,46,17,36.95652173913043,-701.6899999999999,-6.729852843842379,22.82608695652174,18.478260869565215
0.0075,0.0075,2,10:30,11:00,10000,1,RV_IV_Analysis_20260324_195412,44,15,34.090909090909086,-912.1599999999999,-7.009894271281464,23.863636363636363,17.045454545454543
0.0075,0.0075,2,11:00,11:30,10000,1,RV_IV_Analysis_20260324_195438,44,17,38.63636363636363,-261.6900000000001,1.059560053549024,26.136363636363637,19.318181818181817
0.0075,0.0075,2,11:30,12:00,10000,1,RV_IV_Analysis_20260324_195504,45,18,40.0,7.129999999999882,4.953594484965641,27.77777777777778,20.0
0.0075,0.0075,2,12:00,12:30,10000,1,RV_IV_Analysis_20260324_195530,45,17,37.77777777777778,5.05999999999986,5.072420718678469,27.77777777777778,18.88888888888889
0.0075,0.0075,2,12:30,13:00,10000,1,RV_IV_Analysis_20260324_195556,45,19,42.22222222222222,397.4,9.293955775898684,27.77777777777778,21.11111111111111
0.0075,0.0075,2,13:00,13:30,10000,1,RV_IV_Analysis_20260324_195622,48,19,39.58333333333333,596.13,7.917548763103028,26.041666666666668,19.791666666666664
0.0075,0.0075,2,13:30,14:00,10000,1,RV_IV_Analysis_20260324_195648,53,18,33.9622641509434,-107.8100000000004,-0.36838230500159397,23.58490566037736,16.9811320754717
0.0075,0.0075,2,14:00,14:30,10000,1,RV_IV_Analysis_20260324_195714,52,19,36.53846153846153,-197.9200000000002,-0.7261905515447521,24.03846153846154,18.269230769230766
0.0075,0.0075,2,14:30,15:00,10000,1,RV_IV_Analysis_20260324_195740,50,20,40.0,382.80999999999983,9.432970524437007,26.0,20.0
0.0075,0.0075,2,15:00,15:30,10000,1,RV_IV_Analysis_20260324_195806,50,21,42.0,534.1199999999994,10.692703687228695,26.0,21.0
0.0075,0.0075,2.5,09:30,10:00,10000,1,RV_IV_Analysis_20260324_200132,44,12,27.27272727272727,-264.2300000000005,2.8185949956909564,25.0,13.636363636363635
0.0075,0.0075,2.5,10:00,10:30,10000,1,RV_IV_Analysis_20260324_200156,46,12,26.08695652173913,-101.69,5.409656565023719,22.82608695652174,13.043478260869565
0.0075,0.0075,2.5,10:30,11:00,10000,1,RV_IV_Analysis_20260324_200221,44,12,27.27272727272727,-178.71999999999986,8.22728079350533,23.863636363636363,13.636363636363635
0.0075,0.0075,2.5,11:00,11:30,10000,1,RV_IV_Analysis_20260324_200246,44,11,25.0,261.8699999999998,11.27305933915354,25.0,12.5
0.0075,0.0075,2.5,11:30,12:00,10000,1,RV_IV_Analysis_20260324_200312,45,13,28.888888888888886,528.3499999999999,12.962999317041229,25.555555555555554,14.444444444444443
0.0075,0.0075,2.5,12:00,12:30,10000,1,RV_IV_Analysis_20260324_200337,45,13,28.888888888888886,512.1699999999997,12.231456073970543,25.555555555555554,14.444444444444443
0.0075,0.0075,2.5,12:30,13:00,10000,1,RV_IV_Analysis_20260324_200403,45,13,28.888888888888886,980.9499999999994,19.645221604194255,26.666666666666668,14.444444444444443
0.0075,0.0075,2.5,13:00,13:30,10000,1,RV_IV_Analysis_20260324_200428,48,15,31.25,1101.33,16.613228836622103,26.041666666666668,15.625
0.0075,0.0075,2.5,13:30,14:00,10000,1,RV_IV_Analysis_20260324_200454,53,15,28.30188679245283,462.1899999999996,9.109889989119061,23.58490566037736,14.150943396226415
0.0075,0.0075,2.5,14:00,14:30,10000,1,RV_IV_Analysis_20260324_200520,52,14,26.923076923076923,326.3199999999995,5.569081809003048,22.115384615384613,13.461538461538462
0.0075,0.0075,2.5,14:30,15:00,10000,1,RV_IV_Analysis_20260324_200547,50,16,32.0,727.4599999999996,13.303711793893576,24.0,16.0
0.0075,0.0075,2.5,15:00,15:30,10000,1,RV_IV_Analysis_20260324_200614,50,13,26.0,725.4799999999998,10.946738787397253,24.0,13.0
0.01,0.005,1.5,09:30,10:00,10000,1,RV_IV_Analysis_20260324_200640,35,19,54.285714285714285,107.59999999999977,1.9409114930722222,28.57142857142857,27.142857142857142
0.01,0.005,1.5,10:00,10:30,10000,1,RV_IV_Analysis_20260324_200706,37,16,43.24324324324324,-702.3400000000003,-17.32722212103238,22.972972972972975,21.62162162162162
0.01,0.005,1.5,10:30,11:00,10000,1,RV_IV_Analysis_20260324_200733,36,17,47.22222222222222,-540.45,-14.476858003635492,23.61111111111111,23.61111111111111
0.01,0.005,1.5,11:00,11:30,10000,1,RV_IV_Analysis_20260324_200759,36,20,55.55555555555556,-100.8900000000001,4.367307902949498,27.77777777777778,27.77777777777778
0.01,0.005,1.5,11:30,12:00,10000,1,RV_IV_Analysis_20260324_200826,39,20,51.28205128205128,-190.4600000000001,-1.596715591278395,28.205128205128204,25.64102564102564
0.01,0.005,1.5,12:00,12:30,10000,1,RV_IV_Analysis_20260324_200852,38,20,52.63157894736842,-111.10000000000001,-0.8635145542215769,28.947368421052634,26.31578947368421
0.01,0.005,1.5,12:30,13:00,10000,1,RV_IV_Analysis_20260324_200918,40,21,52.5,-214.89000000000027,-2.012003828283115,28.749999999999996,26.25
0.01,0.005,1.5,13:00,13:30,10000,1,RV_IV_Analysis_20260324_200945,40,21,52.5,16.16999999999973,1.6865284215102725,27.500000000000004,26.25
0.01,0.005,1.5,13:30,14:00,10000,1,RV_IV_Analysis_20260324_201011,41,21,51.21951219512195,-97.05000000000007,1.3727463773143544,28.04878048780488,25.609756097560975
0.01,0.005,1.5,14:00,14:30,10000,1,RV_IV_Analysis_20260324_201037,40,19,47.5,-241.21000000000026,-8.416403783378756,26.25,23.75
0.01,0.005,1.5,14:30,15:00,10000,1,RV_IV_Analysis_20260324_201103,42,24,57.14285714285714,282.3999999999999,8.190258514839963,32.142857142857146,29.761904761904763
0.01,0.005,1.5,15:00,15:30,10000,1,RV_IV_Analysis_20260324_201130,45,24,53.333333333333336,21.90999999999974,4.143166777853518,30.0,27.77777777777778
0.01,0.005,2,09:30,10:00,10000,1,RV_IV_Analysis_20260324_201156,35,12,34.285714285714285,-256.6500000000001,-5.944567034070831,18.571428571428573,17.142857142857142
0.01,0.005,2,10:00,10:30,10000,1,RV_IV_Analysis_20260324_201223,37,13,35.13513513513514,-715.5800000000002,-14.095037102375542,18.91891891891892,17.56756756756757
0.01,0.005,2,10:30,11:00,10000,1,RV_IV_Analysis_20260324_201250,36,14,38.88888888888889,-389.00000000000006,-4.825062459641564,22.22222222222222,19.444444444444446
0.01,0.005,2,11:00,11:30,10000,1,RV_IV_Analysis_20260324_201316,36,13,36.11111111111111,-385.8400000000002,0.42624731895822837,22.22222222222222,18.055555555555554
0.01,0.005,2,11:30,12:00,10000,1,RV_IV_Analysis_20260324_201342,39,15,38.46153846153847,-281.1400000000001,1.7580046517511732,24.358974358974358,19.230769230769234
0.01,0.005,2,12:00,12:30,10000,1,RV_IV_Analysis_20260324_201409,38,16,42.10526315789473,9.809999999999746,7.83777851850377,26.31578947368421,21.052631578947366
0.01,0.005,2,12:30,13:00,10000,1,RV_IV_Analysis_20260324_201436,40,16,40.0,-73.64000000000016,3.7752844744268095,25.0,20.0
0.01,0.005,2,13:00,13:30,10000,1,RV_IV_Analysis_20260324_201502,40,18,45.0,192.71999999999997,8.960592827736908,23.75,22.5
0.01,0.005,2,13:30,14:00,10000,1,RV_IV_Analysis_20260324_201528,41,17,41.46341463414634,-21.350000000000023,0.8785598174840764,23.170731707317074,20.73170731707317
0.01,0.005,2,14:00,14:30,10000,1,RV_IV_Analysis_20260324_201555,40,15,37.5,-154.01000000000022,-2.297725700727844,22.5,18.75
0.01,0.005,2,14:30,15:00,10000,1,RV_IV_Analysis_20260324_201621,42,19,45.23809523809524,621.3199999999999,14.290870808638033,27.380952380952383,22.61904761904762
0.01,0.005,2,15:00,15:30,10000,1,RV_IV_Analysis_20260324_201647,45,18,40.0,140.25999999999988,5.132067361278571,24.444444444444443,20.0
0.01,0.005,2.5,09:30,10:00,10000,1,RV_IV_Analysis_20260324_201714,35,11,31.428571428571427,-97.16000000000008,0.33960938019011205,17.142857142857142,15.714285714285714
0.01,0.005,2.5,10:00,10:30,10000,1,RV_IV_Analysis_20260324_201740,37,11,29.72972972972973,-284.4800000000002,-2.83965683315136,16.216216216216218,14.864864864864865
0.01,0.005,2.5,10:30,11:00,10000,1,RV_IV_Analysis_20260324_201807,36,10,27.77777777777778,-294.8000000000002,-3.0249546832723118,19.444444444444446,13.88888888888889
0.01,0.005,2.5,11:00,11:30,10000,1,RV_IV_Analysis_20260324_201833,36,10,27.77777777777778,24.809999999999775,11.164703083135517,19.444444444444446,13.88888888888889
0.01,0.005,2.5,11:30,12:00,10000,1,RV_IV_Analysis_20260324_201859,39,12,30.76923076923077,133.31,14.450018313289561,23.076923076923077,15.384615384615385
0.01,0.005,2.5,12:00,12:30,10000,1,RV_IV_Analysis_20260324_201926,38,11,28.947368421052634,232.2599999999998,10.098853502505099,22.36842105263158,14.473684210526317
0.01,0.005,2.5,12:30,13:00,10000,1,RV_IV_Analysis_20260324_201952,40,12,30.0,326.9,11.992848301385976,22.5,15.0
0.01,0.005,2.5,13:00,13:30,10000,1,RV_IV_Analysis_20260324_202019,40,15,37.5,534.3999999999997,22.245502242395602,23.75,18.75
0.01,0.005,2.5,13:30,14:00,10000,1,RV_IV_Analysis_20260324_202045,41,14,34.146341463414636,256.39000000000016,10.979443588486507,21.951219512195124,17.073170731707318
0.01,0.005,2.5,14:00,14:30,10000,1,RV_IV_Analysis_20260324_202111,40,11,27.500000000000004,-131.76000000000022,0.007967613449800126,20.0,13.750000000000002
0.01,0.005,2.5,14:30,15:00,10000,1,RV_IV_Analysis_20260324_202138,42,14,33.33333333333333,471.55999999999995,10.5391824016067,23.809523809523807,16.666666666666664
0.01,0.005,2.5,15:00,15:30,10000,1,RV_IV_Analysis_20260324_202204,45,13,28.888888888888886,372.09999999999974,9.58565387659378,23.333333333333332,14.444444444444443
0.01,0.0055,1.5,09:30,10:00,10000,1,RV_IV_Analysis_20260324_202230,40,19,47.5,-427.05000000000007,-7.671658057438966,26.25,23.75
0.01,0.0055,1.5,10:00,10:30,10000,1,RV_IV_Analysis_20260324_202257,42,19,45.23809523809524,-682.1800000000001,-15.890813342696859,25.0,22.61904761904762
0.01,0.0055,1.5,10:30,11:00,10000,1,RV_IV_Analysis_20260324_202623,41,20,48.78048780487805,-550.8899999999999,-12.666394743156689,24.390243902439025,24.390243902439025
0.01,0.0055,1.5,11:00,11:30,10000,1,RV_IV_Analysis_20260324_202647,40,21,52.5,-338.12000000000023,-0.8396597380301039,27.500000000000004,26.25
0.01,0.0055,1.5,11:30,12:00,10000,1,RV_IV_Analysis_20260324_202713,43,24,55.81395348837209,28.249999999999915,2.9384213018167697,29.069767441860467,27.906976744186046
0.01,0.0055,1.5,12:00,12:30,10000,1,RV_IV_Analysis_20260324_202739,45,25,55.55555555555556,-2.2500000000000995,0.5716528237149876,30.0,27.77777777777778
0.01,0.0055,1.5,12:30,13:00,10000,1,RV_IV_Analysis_20260324_202805,45,24,53.333333333333336,-204.3300000000002,-1.5636237893668674,28.888888888888886,26.666666666666668
0.01,0.0055,1.5,13:00,13:30,10000,1,RV_IV_Analysis_20260324_202832,43,23,53.48837209302325,76.12000000000003,2.8957939118813085,27.906976744186046,26.744186046511626
0.01,0.0055,1.5,13:30,14:00,10000,1,RV_IV_Analysis_20260324_202859,44,23,52.27272727272727,-58.79000000000025,1.6640565529398814,28.40909090909091,26.136363636363637
0.01,0.0055,1.5,14:00,14:30,10000,1,RV_IV_Analysis_20260324_202925,45,22,48.888888888888886,-288.6900000000002,-8.757188377642995,26.666666666666668,24.444444444444443
0.01,0.0055,1.5,14:30,15:00,10000,1,RV_IV_Analysis_20260324_202951,49,28,57.14285714285714,296.14,8.889737974388323,32.6530612244898,29.591836734693878
0.01,0.0055,1.5,15:00,15:30,10000,1,RV_IV_Analysis_20260324_203017,47,27,57.446808510638306,147.95999999999987,6.177586271501126,30.851063829787233,29.78723404255319
0.01,0.0055,2,09:30,10:00,10000,1,RV_IV_Analysis_20260324_203043,40,13,32.5,-576.8000000000002,-9.864919301427665,18.75,16.25
0.01,0.0055,2,10:00,10:30,10000,1,RV_IV_Analysis_20260324_203109,42,15,35.714285714285715,-775.2200000000001,-14.994369435292361,20.238095238095237,17.857142857142858
0.01,0.0055,2,10:30,11:00,10000,1,RV_IV_Analysis_20260324_203136,41,15,36.58536585365854,-711.44,-10.1226816072172,20.73170731707317,18.29268292682927
0.01,0.0055,2,11:00,11:30,10000,1,RV_IV_Analysis_20260324_203202,40,15,37.5,-413.8700000000001,0.5439403149063565,22.5,18.75
0.01,0.0055,2,11:30,12:00,10000,1,RV_IV_Analysis_20260324_203228,43,18,41.86046511627907,-100.38000000000017,6.394629070064787,24.418604651162788,20.930232558139537
0.01,0.0055,2,12:00,12:30,10000,1,RV_IV_Analysis_20260324_203255,45,20,44.44444444444444,175.7599999999998,9.395142744403437,26.666666666666668,22.22222222222222
0.01,0.0055,2,12:30,13:00,10000,1,RV_IV_Analysis_20260324_203321,45,19,42.22222222222222,95.81999999999977,6.471353067856324,25.555555555555554,21.11111111111111
0.01,0.0055,2,13:00,13:30,10000,1,RV_IV_Analysis_20260324_203347,43,20,46.51162790697674,337.17000000000013,11.276684008251527,24.418604651162788,23.25581395348837
0.01,0.0055,2,13:30,14:00,10000,1,RV_IV_Analysis_20260324_203413,44,18,40.909090909090914,114.19999999999982,2.766328661129802,23.863636363636363,20.454545454545457
0.01,0.0055,2,14:00,14:30,10000,1,RV_IV_Analysis_20260324_203439,45,18,40.0,-10.740000000000236,-0.19176186517407687,23.333333333333332,20.0
0.01,0.0055,2,14:30,15:00,10000,1,RV_IV_Analysis_20260324_203505,49,21,42.857142857142854,606.0999999999999,13.349050740373235,27.55102040816326,21.428571428571427
0.01,0.0055,2,15:00,15:30,10000,1,RV_IV_Analysis_20260324_203531,47,20,42.5531914893617,452.96,10.318010170437606,25.53191489361702,21.27659574468085
0.01,0.0055,2.5,09:30,10:00,10000,1,RV_IV_Analysis_20260324_203559,40,12,30.0,-347.36,-2.936379411557682,17.5,15.0
0.01,0.0055,2.5,10:00,10:30,10000,1,RV_IV_Analysis_20260324_203626,42,13,30.952380952380953,-215.82000000000022,-2.8622031266403845,17.857142857142858,15.476190476190476
0.01,0.0055,2.5,10:30,11:00,10000,1,RV_IV_Analysis_20260324_203652,41,11,26.82926829268293,-561.7900000000001,-7.54765871031909,18.29268292682927,13.414634146341465
0.01,0.0055,2.5,11:00,11:30,10000,1,RV_IV_Analysis_20260324_203718,40,11,27.500000000000004,-49.97000000000011,8.954605071279584,20.0,13.750000000000002
0.01,0.0055,2.5,11:30,12:00,10000,1,RV_IV_Analysis_20260324_203744,43,15,34.883720930232556,499.7100000000001,21.436233966493923,23.25581395348837,17.441860465116278
0.01,0.0055,2.5,12:00,12:30,10000,1,RV_IV_Analysis_20260324_203811,45,14,31.11111111111111,572.7999999999998,14.33220526912719,23.333333333333332,15.555555555555555
0.01,0.0055,2.5,12:30,13:00,10000,1,RV_IV_Analysis_20260324_203837,45,14,31.11111111111111,635.4599999999997,16.21818543574616,23.333333333333332,15.555555555555555
0.01,0.0055,2.5,13:00,13:30,10000,1,RV_IV_Analysis_20260324_203903,43,16,37.2093023255814,767.5500000000001,25.36662797274932,24.418604651162788,18.6046511627907
0.01,0.0055,2.5,13:30,14:00,10000,1,RV_IV_Analysis_20260324_203929,44,15,34.090909090909086,472.0599999999998,13.535125480436824,22.727272727272727,17.045454545454543
0.01,0.0055,2.5,14:00,14:30,10000,1,RV_IV_Analysis_20260324_203955,45,14,31.11111111111111,204.55999999999977,5.004172512724704,21.11111111111111,15.555555555555555
0.01,0.0055,2.5,14:30,15:00,10000,1,RV_IV_Analysis_20260324_204021,49,16,32.6530612244898,613.06,12.76097892626189,24.489795918367346,16.3265306122449
0.01,0.0055,2.5,15:00,15:30,10000,1,RV_IV_Analysis_20260324_204047,47,15,31.914893617021278,822.6599999999999,16.85629822924458,24.46808510638298,15.957446808510639
0.01,0.0065,1.5,09:30,10:00,10000,1,RV_IV_Analysis_20260324_204113,48,23,47.91666666666667,-615.1100000000004,-10.432114074467783,27.083333333333332,23.958333333333336
0.01,0.0065,1.5,10:00,10:30,10000,1,RV_IV_Analysis_20260324_204139,51,24,47.05882352941176,-559.8800000000002,-13.580996182933061,26.47058823529412,24.509803921568626
0.01,0.0065,1.5,10:30,11:00,10000,1,RV_IV_Analysis_20260324_204204,48,24,50.0,-689.47,-13.042956859781066,25.0,25.0
0.01,0.0065,1.5,11:00,11:30,10000,1,RV_IV_Analysis_20260324_204230,46,25,54.347826086956516,-315.60000000000025,-0.19842445106943962,28.26086956521739,27.173913043478258
0.01,0.0065,1.5,11:30,12:00,10000,1,RV_IV_Analysis_20260324_204256,48,27,56.25,0.6499999999998067,1.5494324987951795,29.166666666666668,28.125
0.01,0.0065,1.5,12:00,12:30,10000,1,RV_IV_Analysis_20260324_204323,49,28,57.14285714285714,72.27000000000014,1.748001462604189,30.612244897959183,28.57142857142857
0.01,0.0065,1.5,12:30,13:00,10000,1,RV_IV_Analysis_20260324_204348,49,27,55.10204081632652,-94.45000000000019,0.3808435665538528,29.591836734693878,27.55102040816326
0.01,0.0065,1.5,13:00,13:30,10000,1,RV_IV_Analysis_20260324_204414,52,28,53.84615384615385,-136.67000000000024,-0.6506899098984232,27.884615384615387,26.923076923076923
0.01,0.0065,1.5,13:30,14:00,10000,1,RV_IV_Analysis_20260324_204440,53,28,52.83018867924528,-277.8500000000002,-1.3859393419451722,28.30188679245283,26.41509433962264
0.01,0.0065,1.5,14:00,14:30,10000,1,RV_IV_Analysis_20260324_204506,54,29,53.70370370370371,-76.5300000000002,-4.4149281213839,28.703703703703702,26.851851851851855
0.01,0.0065,1.5,14:30,15:00,10000,1,RV_IV_Analysis_20260324_204531,55,30,54.54545454545454,-293.92000000000013,0.0401168733999503,30.0,28.18181818181818
0.01,0.0065,1.5,15:00,15:30,10000,1,RV_IV_Analysis_20260324_204557,55,28,50.90909090909091,-523.2800000000002,-3.025809414713304,29.09090909090909,26.36363636363636
0.01,0.0065,2,09:30,10:00,10000,1,RV_IV_Analysis_20260324_204623,48,15,31.25,-882.6100000000002,-13.55100689301801,19.791666666666664,15.625
0.01,0.0065,2,10:00,10:30,10000,1,RV_IV_Analysis_20260324_204648,51,18,35.294117647058826,-974.7699999999999,-15.84313121079258,20.588235294117645,17.647058823529413
0.01,0.0065,2,10:30,11:00,10000,1,RV_IV_Analysis_20260324_204714,48,18,37.5,-576.68,-7.218063553786421,21.875,18.75
0.01,0.0065,2,11:00,11:30,10000,1,RV_IV_Analysis_20260324_204740,46,18,39.130434782608695,-428.95000000000016,0.7874711556103805,22.82608695652174,19.565217391304348
0.01,0.0065,2,11:30,12:00,10000,1,RV_IV_Analysis_20260324_205106,48,21,43.75,98.35999999999996,7.5787381938305804,25.0,21.875
0.01,0.0065,2,12:00,12:30,10000,1,RV_IV_Analysis_20260324_205130,49,21,42.857142857142854,179.72999999999985,8.81158335531727,26.53061224489796,21.428571428571427
0.01,0.0065,2,12:30,13:00,10000,1,RV_IV_Analysis_20260324_205154,49,20,40.816326530612244,-160.70000000000033,2.568839220362182,24.489795918367346,20.408163265306122
0.01,0.0065,2,13:00,13:30,10000,1,RV_IV_Analysis_20260324_205219,52,23,44.230769230769226,258.0800000000001,7.502756804730548,24.03846153846154,22.115384615384613
0.01,0.0065,2,13:30,14:00,10000,1,RV_IV_Analysis_20260324_205245,53,21,39.62264150943396,15.390000000000157,0.9633100683538492,23.58490566037736,19.81132075471698
0.01,0.0065,2,14:00,14:30,10000,1,RV_IV_Analysis_20260324_205310,54,19,35.18518518518518,-414.64000000000016,-5.388789767811715,23.14814814814815,17.59259259259259
0.01,0.0065,2,14:30,15:00,10000,1,RV_IV_Analysis_20260324_205335,55,21,38.18181818181819,-115.4500000000001,2.867995022350234,25.454545454545453,19.090909090909093
0.01,0.0065,2,15:00,15:30,10000,1,RV_IV_Analysis_20260324_205400,55,20,36.36363636363637,-332.6300000000003,-1.0179170342079902,24.545454545454547,18.181818181818183
0.01,0.0065,2.5,09:30,10:00,10000,1,RV_IV_Analysis_20260324_205426,48,13,27.083333333333332,-916.1700000000001,-11.293458810863532,17.708333333333336,13.541666666666666
0.01,0.0065,2.5,10:00,10:30,10000,1,RV_IV_Analysis_20260324_205451,51,14,27.450980392156865,-627.9700000000003,-8.39144998548077,17.647058823529413,13.725490196078432
0.01,0.0065,2.5,10:30,11:00,10000,1,RV_IV_Analysis_20260324_205517,48,12,25.0,-716.1200000000001,-8.659322222479364,18.75,12.5
0.01,0.0065,2.5,11:00,11:30,10000,1,RV_IV_Analysis_20260324_205543,46,12,26.08695652173913,-34.05000000000007,8.417164827115549,20.652173913043477,13.043478260869565
0.01,0.0065,2.5,11:30,12:00,10000,1,RV_IV_Analysis_20260324_205608,48,16,33.33333333333333,498.07,17.91189682383458,22.916666666666664,16.666666666666664
0.01,0.0065,2.5,12:00,12:30,10000,1,RV_IV_Analysis_20260324_205634,49,15,30.612244897959183,349.86999999999966,10.064823582172359,22.448979591836736,15.306122448979592
0.01,0.0065,2.5,12:30,13:00,10000,1,RV_IV_Analysis_20260324_205659,49,15,30.612244897959183,468.44999999999993,12.553987407846295,22.448979591836736,15.306122448979592
0.01,0.0065,2.5,13:00,13:30,10000,1,RV_IV_Analysis_20260324_205725,52,18,34.61538461538461,652.7099999999997,18.7252338195507,24.03846153846154,17.307692307692307
0.01,0.0065,2.5,13:30,14:00,10000,1,RV_IV_Analysis_20260324_205751,53,17,32.075471698113205,291.24999999999994,9.119263648750223,22.641509433962266,16.037735849056602
0.01,0.0065,2.5,14:00,14:30,10000,1,RV_IV_Analysis_20260324_205816,54,15,27.77777777777778,-154.43000000000023,-0.6221582127250584,21.296296296296298,13.88888888888889
0.01,0.0065,2.5,14:30,15:00,10000,1,RV_IV_Analysis_20260324_205842,55,16,29.09090909090909,-111.55000000000013,2.15517628791689,22.727272727272727,14.545454545454545
0.01,0.0065,2.5,15:00,15:30,10000,1,RV_IV_Analysis_20260324_205908,55,15,27.27272727272727,50.669999999999845,4.62758063561989,23.636363636363637,13.636363636363635
0.01,0.0075,1.5,09:30,10:00,10000,1,RV_IV_Analysis_20260324_205933,56,28,50.0,-673.6800000000003,-9.892950674432075,27.67857142857143,25.0
0.01,0.0075,1.5,10:00,10:30,10000,1,RV_IV_Analysis_20260324_205959,53,26,49.056603773584904,-371.68000000000006,-10.052128262172028,27.358490566037734,25.471698113207548
0.01,0.0075,1.5,10:30,11:00,10000,1,RV_IV_Analysis_20260324_210025,55,26,47.27272727272727,-1295.9,-17.584397781100403,23.636363636363637,23.636363636363637
0.01,0.0075,1.5,11:00,11:30,10000,1,RV_IV_Analysis_20260324_210050,57,31,54.385964912280706,-541.08,-2.619872987739764,28.07017543859649,27.192982456140353
0.01,0.0075,1.5,11:30,12:00,10000,1,RV_IV_Analysis_20260324_210116,57,31,54.385964912280706,-280.60000000000036,-1.4520176619859484,29.82456140350877,27.192982456140353
0.01,0.0075,1.5,12:00,12:30,10000,1,RV_IV_Analysis_20260324_210141,57,32,56.14035087719298,-182.24,-0.8301199287009751,29.82456140350877,28.07017543859649
0.01,0.0075,1.5,12:30,13:00,10000,1,RV_IV_Analysis_20260324_210207,57,31,54.385964912280706,-300.1100000000005,-2.2383301701874245,28.947368421052634,27.192982456140353
0.01,0.0075,1.5,13:00,13:30,10000,1,RV_IV_Analysis_20260324_210232,56,29,51.78571428571429,-536.5099999999998,-4.484200247825994,26.785714285714285,25.892857142857146
0.01,0.0075,1.5,13:30,14:00,10000,1,RV_IV_Analysis_20260324_210258,58,28,48.275862068965516,-1131.0500000000002,-9.881516363410585,25.862068965517242,24.137931034482758
0.01,0.0075,1.5,14:00,14:30,10000,1,RV_IV_Analysis_20260324_210323,58,28,48.275862068965516,-996.2000000000003,-13.543810546037808,25.862068965517242,24.137931034482758
0.01,0.0075,1.5,14:30,15:00,10000,1,RV_IV_Analysis_20260324_210349,59,30,50.847457627118644,-1043.8700000000001,-6.737839130718624,27.966101694915253,26.27118644067797
0.01,0.0075,1.5,15:00,15:30,10000,1,RV_IV_Analysis_20260324_210414,58,28,48.275862068965516,-1184.2800000000004,-8.728319417543082,26.72413793103448,25.0
0.01,0.0075,2,09:30,10:00,10000,1,RV_IV_Analysis_20260324_210439,56,17,30.357142857142854,-1189.92,-15.252474873843308,19.642857142857142,15.178571428571427
0.01,0.0075,2,10:00,10:30,10000,1,RV_IV_Analysis_20260324_210505,53,19,35.84905660377358,-592.5200000000003,-9.920353743044862,21.69811320754717,17.92452830188679
0.01,0.0075,2,10:30,11:00,10000,1,RV_IV_Analysis_20260324_210531,55,17,30.909090909090907,-1951.66,-20.434501192198216,19.090909090909093,15.454545454545453
0.01,0.0075,2,11:00,11:30,10000,1,RV_IV_Analysis_20260324_210558,57,20,35.08771929824561,-1203.2900000000004,-7.384704931645399,21.929824561403507,17.543859649122805
0.01,0.0075,2,11:30,12:00,10000,1,RV_IV_Analysis_20260324_210624,57,21,36.84210526315789,-994.6400000000007,-5.070431559315115,23.684210526315788,18.421052631578945
0.01,0.0075,2,12:00,12:30,10000,1,RV_IV_Analysis_20260324_210650,57,23,40.35087719298245,-166.7800000000001,4.391365533532735,26.31578947368421,20.175438596491226
0.01,0.0075,2,12:30,13:00,10000,1,RV_IV_Analysis_20260324_210715,57,22,38.59649122807017,-556.2600000000004,-2.112320581457067,24.561403508771928,19.298245614035086
0.01,0.0075,2,13:00,13:30,10000,1,RV_IV_Analysis_20260324_210740,56,22,39.285714285714285,-606.26,-1.4272655628198112,22.321428571428573,19.642857142857142
0.01,0.0075,2,13:30,14:00,10000,1,RV_IV_Analysis_20260324_210806,58,21,36.206896551724135,-837.8100000000002,-7.734788453999411,21.551724137931032,18.103448275862068
0.01,0.0075,2,14:00,14:30,10000,1,RV_IV_Analysis_20260324_210831,58,19,32.758620689655174,-1118.4100000000003,-11.910433429075784,21.551724137931032,16.379310344827587
0.01,0.0075,2,14:30,15:00,10000,1,RV_IV_Analysis_20260324_210857,59,21,35.59322033898305,-865.4000000000001,-4.1016815342395345,23.728813559322035,17.796610169491526
0.01,0.0075,2,15:00,15:30,10000,1,RV_IV_Analysis_20260324_210922,58,20,34.48275862068966,-993.6300000000001,-6.8242835394776975,22.413793103448278,17.24137931034483
0.01,0.0075,2.5,09:30,10:00,10000,1,RV_IV_Analysis_20260324_210948,56,15,26.785714285714285,-821.2300000000001,-8.872848338622514,18.75,13.392857142857142
0.01,0.0075,2.5,10:00,10:30,10000,1,RV_IV_Analysis_20260324_211014,53,15,28.30188679245283,-276.3200000000001,-3.139673565236413,18.867924528301888,14.150943396226415
0.01,0.0075,2.5,10:30,11:00,10000,1,RV_IV_Analysis_20260324_211039,55,12,21.818181818181817,-1745.05,-17.679962381942833,17.272727272727273,10.909090909090908
0.01,0.0075,2.5,11:00,11:30,10000,1,RV_IV_Analysis_20260324_211105,57,13,22.807017543859647,-996.1300000000005,-3.182203940270628,20.175438596491226,11.403508771929824
0.01,0.0075,2.5,11:30,12:00,10000,1,RV_IV_Analysis_20260324_211130,57,16,28.07017543859649,-618.5300000000001,4.006525765537319,21.929824561403507,14.035087719298245
0.01,0.0075,2.5,12:00,12:30,10000,1,RV_IV_Analysis_20260324_211156,57,16,28.07017543859649,34.309999999999604,6.001124682647439,22.807017543859647,14.035087719298245
0.01,0.0075,2.5,12:30,13:00,10000,1,RV_IV_Analysis_20260324_211522,57,17,29.82456140350877,190.29000000000005,7.527493121014679,22.807017543859647,14.912280701754385
0.01,0.0075,2.5,13:00,13:30,10000,1,RV_IV_Analysis_20260324_211545,56,18,32.142857142857146,-78.23000000000002,10.394456998396667,22.321428571428573,16.071428571428573
0.01,0.0075,2.5,13:30,14:00,10000,1,RV_IV_Analysis_20260324_211610,58,17,29.310344827586203,-561.9500000000003,-0.2819343201889323,20.689655172413794,14.655172413793101
0.01,0.0075,2.5,14:00,14:30,10000,1,RV_IV_Analysis_20260324_211634,58,15,25.862068965517242,-858.2000000000005,-7.472535084684753,19.82758620689655,12.931034482758621
0.01,0.0075,2.5,14:30,15:00,10000,1,RV_IV_Analysis_20260324_211659,59,16,27.11864406779661,-861.5,-4.766173574812995,21.1864406779661,13.559322033898304
0.01,0.0075,2.5,15:00,15:30,10000,1,RV_IV_Analysis_20260324_211724,58,15,25.862068965517242,-610.3300000000002,-1.4707943698133281,21.551724137931032,12.931034482758621
