timestamp,expiry,expiry_day,current_day,open,high,low,close,volume,ltp,option_type,strike,buy_price,target_price,exit_time,sell_price,target_hit,pnl,pnl_pct
2026-01-14 09:15:00+05:30,2026-01-20,Tuesday,Wednesday,25648.55,25693.0,25638.35,25671.9,0,25662.949999999997,CE,25800,86.0,332.6,2026-01-20 15:29:00+05:30,0.1,False,-85.9,-99.88372093023257
2026-01-14 09:15:00+05:30,2026-01-20,Tuesday,Wednesday,25648.55,25693.0,25638.35,25671.9,0,25662.949999999997,PE,25550,80.3,332.6,2026-01-20 15:29:00+05:30,317.5,False,237.2,295.39227895392276
2026-01-14 09:16:00+05:30,2026-01-20,Tuesday,Wednesday,25673.0,25718.0,25673.0,25707.75,0,25692.9375,CE,25800,102.9,349.8,2026-01-20 15:29:00+05:30,0.1,False,-102.80000000000001,-99.90281827016521
2026-01-14 09:16:00+05:30,2026-01-20,Tuesday,Wednesday,25673.0,25718.0,25673.0,25707.75,0,25692.9375,PE,25550,72.0,349.8,2026-01-20 15:29:00+05:30,317.5,False,245.5,340.97222222222223
2026-01-14 09:17:00+05:30,2026-01-20,Tuesday,Wednesday,25707.35,25719.35,25705.9,25714.5,0,25711.775,CE,25850,89.0,352.2,2026-01-20 15:29:00+05:30,0.05,False,-88.95,-99.9438202247191
2026-01-14 09:17:00+05:30,2026-01-20,Tuesday,Wednesday,25707.35,25719.35,25705.9,25714.5,0,25711.775,PE,25600,87.1,352.2,2026-01-20 15:11:00+05:30,364.6,True,277.5,318.5993111366246
2026-01-14 09:18:00+05:30,2026-01-20,Tuesday,Wednesday,25716.3,25717.95,25694.6,25696.3,0,25706.287500000002,CE,25850,77.65,344.1,2026-01-20 15:29:00+05:30,0.05,False,-77.60000000000001,-99.93560849967804
2026-01-14 09:18:00+05:30,2026-01-20,Tuesday,Wednesday,25716.3,25717.95,25694.6,25696.3,0,25706.287500000002,PE,25600,94.4,344.1,2026-01-20 15:10:00+05:30,346.45,True,252.04999999999998,267.00211864406776
2026-01-14 09:19:00+05:30,2026-01-20,Tuesday,Wednesday,25695.75,25703.3,25682.9,25683.25,0,25691.300000000003,CE,25800,93.95,349.08000000000004,2026-01-20 15:29:00+05:30,0.1,False,-93.85000000000001,-99.89356040447048
2026-01-14 09:19:00+05:30,2026-01-20,Tuesday,Wednesday,25695.75,25703.3,25682.9,25683.25,0,25691.300000000003,PE,25550,80.59,349.08000000000004,2026-01-20 15:29:00+05:30,317.5,False,236.91,293.96947512098274
2026-01-14 09:20:00+05:30,2026-01-20,Tuesday,Wednesday,25684.2,25705.8,25680.5,25705.8,0,25694.075,CE,25800,104.95,350.8,2026-01-20 15:29:00+05:30,0.1,False,-104.85000000000001,-99.90471653168176
2026-01-14 09:20:00+05:30,2026-01-20,Tuesday,Wednesday,25684.2,25705.8,25680.5,25705.8,0,25694.075,PE,25550,70.45,350.8,2026-01-20 15:29:00+05:30,317.5,False,247.05,350.67423704755146
2026-01-14 09:21:00+05:30,2026-01-20,Tuesday,Wednesday,25705.3,25718.55,25703.3,25718.55,0,25711.425,CE,25850,87.3,341.7,2026-01-20 15:29:00+05:30,0.05,False,-87.25,-99.94272623138602
2026-01-14 09:21:00+05:30,2026-01-20,Tuesday,Wednesday,25705.3,25718.55,25703.3,25718.55,0,25711.425,PE,25600,83.55,341.7,2026-01-20 15:10:00+05:30,346.45,True,262.9,314.6618791143028
2026-01-14 09:22:00+05:30,2026-01-20,Tuesday,Wednesday,25719.65,25738.6,25719.65,25738.5,0,25729.1,CE,25850,97.9,344.20000000000005,2026-01-20 15:29:00+05:30,0.05,False,-97.85000000000001,-99.94892747701736
2026-01-14 09:22:00+05:30,2026-01-20,Tuesday,Wednesday,25719.65,25738.6,25719.65,25738.5,0,25729.1,PE,25600,74.2,344.20000000000005,2026-01-20 15:10:00+05:30,346.45,True,272.25,366.91374663072776
2026-01-14 09:23:00+05:30,2026-01-20,Tuesday,Wednesday,25739.8,25742.3,25707.75,25709.75,0,25724.9,CE,25850,84.75,335.5,2026-01-20 15:29:00+05:30,0.05,False,-84.7,-99.9410029498525
2026-01-14 09:23:00+05:30,2026-01-20,Tuesday,Wednesday,25739.8,25742.3,25707.75,25709.75,0,25724.9,PE,25600,83.0,335.5,2026-01-20 15:10:00+05:30,346.45,True,263.45,317.4096385542168
2026-01-14 09:24:00+05:30,2026-01-20,Tuesday,Wednesday,25710.95,25721.55,25704.65,25705.15,0,25710.574999999997,CE,25850,82.7,335.8,2026-01-20 15:29:00+05:30,0.05,False,-82.65,-99.93954050785973
2026-01-14 09:24:00+05:30,2026-01-20,Tuesday,Wednesday,25710.95,25721.55,25704.65,25705.15,0,25710.574999999997,PE,25600,85.2,335.8,2026-01-20 15:10:00+05:30,346.45,True,261.25,306.631455399061
2026-01-14 09:25:00+05:30,2026-01-20,Tuesday,Wednesday,25704.6,25724.9,25704.15,25717.85,0,25712.875,CE,25850,90.55,337.2,2026-01-20 15:29:00+05:30,0.05,False,-90.5,-99.94478188845942
2026-01-14 09:25:00+05:30,2026-01-20,Tuesday,Wednesday,25704.6,25724.9,25704.15,25717.85,0,25712.875,PE,25600,78.05,337.2,2026-01-20 15:10:00+05:30,346.45,True,268.4,343.88212684176807
2026-01-14 09:26:00+05:30,2026-01-20,Tuesday,Wednesday,25718.5,25724.0,25709.65,25717.6,0,25717.4375,CE,25850,86.2,334.8,2026-01-20 15:29:00+05:30,0.05,False,-86.15,-99.94199535962878
2026-01-14 09:26:00+05:30,2026-01-20,Tuesday,Wednesday,25718.5,25724.0,25709.65,25717.6,0,25717.4375,PE,25600,81.2,334.8,2026-01-20 15:10:00+05:30,346.45,True,265.25,326.6625615763547
2026-01-14 09:27:00+05:30,2026-01-20,Tuesday,Wednesday,25715.0,25731.4,25708.55,25729.4,0,25721.0875,CE,25850,93.1,337.38,2026-01-20 15:29:00+05:30,0.05,False,-93.05,-99.94629430719657
2026-01-14 09:27:00+05:30,2026-01-20,Tuesday,Wednesday,25715.0,25731.4,25708.55,25729.4,0,25721.0875,PE,25600,75.59,337.38,2026-01-20 15:10:00+05:30,346.45,True,270.86,358.32782114036246
2026-01-14 09:28:00+05:30,2026-01-20,Tuesday,Wednesday,25730.85,25742.7,25730.45,25736.1,0,25735.025,CE,25850,95.9,338.3,2026-01-20 15:29:00+05:30,0.05,False,-95.85000000000001,-99.94786235662148
2026-01-14 09:28:00+05:30,2026-01-20,Tuesday,Wednesday,25730.85,25742.7,25730.45,25736.1,0,25735.025,PE,25600,73.25,338.3,2026-01-20 15:10:00+05:30,346.45,True,273.2,372.9692832764505
2026-01-14 09:29:00+05:30,2026-01-20,Tuesday,Wednesday,25737.05,25744.8,25736.2,25737.5,0,25738.8875,CE,25850,93.45,336.9,2026-01-20 15:29:00+05:30,0.05,False,-93.4,-99.94649545211344
2026-01-14 09:29:00+05:30,2026-01-20,Tuesday,Wednesday,25737.05,25744.8,25736.2,25737.5,0,25738.8875,PE,25600,75.0,336.9,2026-01-20 15:10:00+05:30,346.45,True,271.45,361.9333333333333
2026-01-14 09:30:00+05:30,2026-01-20,Tuesday,Wednesday,25737.7,25750.45,25737.7,25744.95,0,25742.7,CE,25850,93.5,333.6,2026-01-20 15:29:00+05:30,0.05,False,-93.45,-99.94652406417113
2026-01-14 09:30:00+05:30,2026-01-20,Tuesday,Wednesday,25737.7,25750.45,25737.7,25744.95,0,25742.7,PE,25600,73.3,333.6,2026-01-20 15:10:00+05:30,346.45,True,273.15,372.64665757162345
2026-01-14 09:31:00+05:30,2026-01-20,Tuesday,Wednesday,25743.3,25747.3,25727.45,25730.2,0,25737.0625,CE,25850,89.3,332.7,2026-01-20 15:29:00+05:30,0.05,False,-89.25,-99.94400895856663
2026-01-14 09:31:00+05:30,2026-01-20,Tuesday,Wednesday,25743.3,25747.3,25727.45,25730.2,0,25737.0625,PE,25600,77.05,332.7,2026-01-20 15:10:00+05:30,346.45,True,269.4,349.64308890330955
2026-01-14 09:32:00+05:30,2026-01-20,Tuesday,Wednesday,25729.55,25742.65,25727.15,25732.5,0,25732.9625,CE,25850,91.25,333.6,2026-01-20 15:29:00+05:30,0.05,False,-91.2,-99.94520547945206
2026-01-14 09:32:00+05:30,2026-01-20,Tuesday,Wednesday,25729.55,25742.65,25727.15,25732.5,0,25732.9625,PE,25600,75.55,333.6,2026-01-20 15:10:00+05:30,346.45,True,270.9,358.5704831237591
2026-01-14 09:33:00+05:30,2026-01-20,Tuesday,Wednesday,25732.25,25734.95,25722.2,25727.3,0,25729.175,CE,25850,91.0,334.5,2026-01-20 15:29:00+05:30,0.05,False,-90.95,-99.94505494505495
2026-01-14 09:33:00+05:30,2026-01-20,Tuesday,Wednesday,25732.25,25734.95,25722.2,25727.3,0,25729.175,PE,25600,76.25,334.5,2026-01-20 15:10:00+05:30,346.45,True,270.2,354.3606557377049
2026-01-14 09:34:00+05:30,2026-01-20,Tuesday,Wednesday,25727.1,25737.55,25727.05,25734.2,0,25731.475,CE,25850,91.7,332.5,2026-01-20 15:29:00+05:30,0.05,False,-91.65,-99.94547437295529
2026-01-14 09:34:00+05:30,2026-01-20,Tuesday,Wednesday,25727.1,25737.55,25727.05,25734.2,0,25731.475,PE,25600,74.55,332.5,2026-01-20 15:10:00+05:30,346.45,True,271.9,364.7216633132126
2026-01-14 09:35:00+05:30,2026-01-20,Tuesday,Wednesday,25733.95,25746.55,25732.45,25737.05,0,25737.5,CE,25850,90.9,328.6,2026-01-20 15:29:00+05:30,0.05,False,-90.85000000000001,-99.94499449944995
2026-01-14 09:35:00+05:30,2026-01-20,Tuesday,Wednesday,25733.95,25746.55,25732.45,25737.05,0,25737.5,PE,25600,73.4,328.6,2026-01-20 15:10:00+05:30,346.45,True,273.04999999999995,372.00272479564023
2026-01-14 09:36:00+05:30,2026-01-20,Tuesday,Wednesday,25736.3,25743.7,25730.85,25742.0,0,25738.2125,CE,25850,94.0,332.0,2026-01-20 15:29:00+05:30,0.05,False,-93.95,-99.94680851063829
2026-01-14 09:36:00+05:30,2026-01-20,Tuesday,Wednesday,25736.3,25743.7,25730.85,25742.0,0,25738.2125,PE,25600,72.0,332.0,2026-01-20 15:10:00+05:30,346.45,True,274.45,381.18055555555554
2026-01-14 09:37:00+05:30,2026-01-20,Tuesday,Wednesday,25741.45,25746.6,25735.35,25736.2,0,25739.899999999998,CE,25850,90.5,332.1,2026-01-20 15:29:00+05:30,0.05,False,-90.45,-99.94475138121547
2026-01-14 09:37:00+05:30,2026-01-20,Tuesday,Wednesday,25741.45,25746.6,25735.35,25736.2,0,25739.899999999998,PE,25600,75.55,332.1,2026-01-20 15:10:00+05:30,346.45,True,270.9,358.5704831237591
2026-01-14 09:38:00+05:30,2026-01-20,Tuesday,Wednesday,25734.85,25743.75,25733.4,25740.65,0,25738.1625,CE,25850,93.95,330.9,2026-01-20 15:29:00+05:30,0.05,False,-93.9,-99.94678020223523
2026-01-14 09:38:00+05:30,2026-01-20,Tuesday,Wednesday,25734.85,25743.75,25733.4,25740.65,0,25738.1625,PE,25600,71.5,330.9,2026-01-20 15:10:00+05:30,346.45,True,274.95,384.5454545454545
2026-01-14 09:39:00+05:30,2026-01-20,Tuesday,Wednesday,25741.15,25742.6,25726.0,25732.85,0,25735.65,CE,25850,89.65,329.3,2026-01-20 15:29:00+05:30,0.05,False,-89.60000000000001,-99.94422755158952
2026-01-14 09:39:00+05:30,2026-01-20,Tuesday,Wednesday,25741.15,25742.6,25726.0,25732.85,0,25735.65,PE,25600,75.0,329.3,2026-01-20 15:10:00+05:30,346.45,True,271.45,361.9333333333333
2026-01-14 09:40:00+05:30,2026-01-20,Tuesday,Wednesday,25732.4,25732.4,25712.25,25712.25,0,25722.325,CE,25850,79.65,327.4,2026-01-20 15:29:00+05:30,0.05,False,-79.60000000000001,-99.93722536095417
2026-01-14 09:40:00+05:30,2026-01-20,Tuesday,Wednesday,25732.4,25732.4,25712.25,25712.25,0,25722.325,PE,25600,84.05,327.4,2026-01-20 15:10:00+05:30,346.45,True,262.4,312.1951219512195
2026-01-14 09:41:00+05:30,2026-01-20,Tuesday,Wednesday,25711.8,25737.55,25711.75,25734.35,0,25723.862500000003,CE,25850,89.5,324.9,2026-01-20 15:29:00+05:30,0.05,False,-89.45,-99.9441340782123
2026-01-14 09:41:00+05:30,2026-01-20,Tuesday,Wednesday,25711.8,25737.55,25711.75,25734.35,0,25723.862500000003,PE,25600,72.95,324.9,2026-01-20 15:10:00+05:30,346.45,True,273.5,374.91432488005483
2026-01-14 09:42:00+05:30,2026-01-20,Tuesday,Wednesday,25735.0,25739.6,25725.35,25727.35,0,25731.824999999997,CE,25850,85.35,320.79999999999995,2026-01-20 15:29:00+05:30,0.05,False,-85.3,-99.94141769185705
2026-01-14 09:42:00+05:30,2026-01-20,Tuesday,Wednesday,25735.0,25739.6,25725.35,25727.35,0,25731.824999999997,PE,25600,75.05,320.79999999999995,2026-01-20 15:09:00+05:30,324.5,True,249.45,332.3784143904064
2026-01-14 09:43:00+05:30,2026-01-20,Tuesday,Wednesday,25726.1,25727.45,25718.25,25718.3,0,25722.525,CE,25850,83.15,322.6,2026-01-20 15:29:00+05:30,0.05,False,-83.10000000000001,-99.93986770895972
2026-01-14 09:43:00+05:30,2026-01-20,Tuesday,Wednesday,25726.1,25727.45,25718.25,25718.3,0,25722.525,PE,25600,78.15,322.6,2026-01-20 15:09:00+05:30,324.5,True,246.35,315.2271273192578
2026-01-14 09:44:00+05:30,2026-01-20,Tuesday,Wednesday,25718.05,25719.45,25703.15,25706.65,0,25711.824999999997,CE,25850,78.34,321.78,2026-01-20 15:29:00+05:30,0.05,False,-78.29,-99.93617564462599
2026-01-14 09:44:00+05:30,2026-01-20,Tuesday,Wednesday,25718.05,25719.45,25703.15,25706.65,0,25711.824999999997,PE,25600,82.55,321.78,2026-01-20 15:09:00+05:30,324.5,True,241.95,293.09509388249546
2026-01-14 09:45:00+05:30,2026-01-20,Tuesday,Wednesday,25704.9,25712.85,25691.85,25691.85,0,25700.362500000003,CE,25850,72.65,293.3,2026-01-20 15:29:00+05:30,0.05,False,-72.60000000000001,-99.93117687543015
2026-01-14 09:45:00+05:30,2026-01-20,Tuesday,Wednesday,25704.9,25712.85,25691.85,25691.85,0,25700.362500000003,PE,25550,74.0,293.3,2026-01-20 15:10:00+05:30,296.39,True,222.39,300.52702702702703
2026-01-14 09:46:00+05:30,2026-01-20,Tuesday,Wednesday,25691.7,25697.6,25685.5,25687.9,0,25690.675000000003,CE,25800,91.55,331.6,2026-01-20 15:29:00+05:30,0.1,False,-91.45,-99.89077007099945
2026-01-14 09:46:00+05:30,2026-01-20,Tuesday,Wednesday,25691.7,25697.6,25685.5,25687.9,0,25690.675000000003,PE,25550,74.25,331.6,2026-01-20 15:29:00+05:30,317.5,False,243.25,327.6094276094276
2026-01-14 09:47:00+05:30,2026-01-20,Tuesday,Wednesday,25686.65,25693.35,25685.75,25689.25,0,25688.75,CE,25800,92.1,330.0,2026-01-20 15:29:00+05:30,0.1,False,-92.0,-99.89142236699242
2026-01-14 09:47:00+05:30,2026-01-20,Tuesday,Wednesday,25686.65,25693.35,25685.75,25689.25,0,25688.75,PE,25550,72.9,330.0,2026-01-20 15:29:00+05:30,317.5,False,244.6,335.52812071330584
2026-01-14 09:48:00+05:30,2026-01-20,Tuesday,Wednesday,25688.95,25693.35,25674.4,25685.35,0,25685.512500000004,CE,25800,91.35,328.6,2026-01-20 15:29:00+05:30,0.1,False,-91.25,-99.89053092501369
2026-01-14 09:48:00+05:30,2026-01-20,Tuesday,Wednesday,25688.95,25693.35,25674.4,25685.35,0,25685.512500000004,PE,25550,72.95,328.6,2026-01-20 15:29:00+05:30,317.5,False,244.55,335.2296093214531
2026-01-14 09:49:00+05:30,2026-01-20,Tuesday,Wednesday,25686.25,25694.65,25686.25,25689.45,0,25689.149999999998,CE,25800,92.35,329.1,2026-01-20 15:29:00+05:30,0.1,False,-92.25,-99.89171629669735
2026-01-14 09:49:00+05:30,2026-01-20,Tuesday,Wednesday,25686.25,25694.65,25686.25,25689.45,0,25689.149999999998,PE,25550,72.2,329.1,2026-01-20 15:29:00+05:30,317.5,False,245.3,339.7506925207756
2026-01-14 09:50:00+05:30,2026-01-20,Tuesday,Wednesday,25689.35,25701.2,25688.25,25700.95,0,25694.9375,CE,25800,97.4,329.98,2026-01-20 15:29:00+05:30,0.1,False,-97.30000000000001,-99.89733059548254
2026-01-14 09:50:00+05:30,2026-01-20,Tuesday,Wednesday,25689.35,25701.2,25688.25,25700.95,0,25694.9375,PE,25550,67.59,329.98,2026-01-20 15:29:00+05:30,317.5,False,249.91,369.74404497706763
2026-01-14 09:51:00+05:30,2026-01-20,Tuesday,Wednesday,25702.1,25720.45,25700.35,25714.8,0,25709.425,CE,25850,80.7,317.70000000000005,2026-01-20 15:29:00+05:30,0.05,False,-80.65,-99.93804213135068
2026-01-14 09:51:00+05:30,2026-01-20,Tuesday,Wednesday,25702.1,25720.45,25700.35,25714.8,0,25709.425,PE,25600,78.15,317.70000000000005,2026-01-20 15:08:00+05:30,319.55,True,241.4,308.893154190659
2026-01-14 09:52:00+05:30,2026-01-20,Tuesday,Wednesday,25714.15,25720.75,25708.2,25716.6,0,25714.925000000003,CE,25850,82.55,320.5,2026-01-20 15:29:00+05:30,0.05,False,-82.5,-99.93943064809207
2026-01-14 09:52:00+05:30,2026-01-20,Tuesday,Wednesday,25714.15,25720.75,25708.2,25716.6,0,25714.925000000003,PE,25600,77.7,320.5,2026-01-20 15:09:00+05:30,324.5,True,246.8,317.63191763191764
2026-01-14 09:53:00+05:30,2026-01-20,Tuesday,Wednesday,25715.85,25724.3,25715.85,25722.9,0,25719.725,CE,25850,85.05,319.5,2026-01-20 15:29:00+05:30,0.05,False,-85.0,-99.94121105232216
2026-01-14 09:53:00+05:30,2026-01-20,Tuesday,Wednesday,25715.85,25724.3,25715.85,25722.9,0,25719.725,PE,25600,74.7,319.5,2026-01-20 15:08:00+05:30,319.55,True,244.85000000000002,327.7777777777778
2026-01-14 09:54:00+05:30,2026-01-20,Tuesday,Wednesday,25722.7,25743.6,25721.85,25742.45,0,25732.649999999998,CE,25850,94.85,326.29999999999995,2026-01-20 15:29:00+05:30,0.05,False,-94.8,-99.9472851871376
2026-01-14 09:54:00+05:30,2026-01-20,Tuesday,Wednesday,25722.7,25743.6,25721.85,25742.45,0,25732.649999999998,PE,25600,68.3,326.29999999999995,2026-01-20 15:10:00+05:30,346.45,True,278.15,407.2474377745241
2026-01-14 09:55:00+05:30,2026-01-20,Tuesday,Wednesday,25743.0,25761.5,25738.95,25759.55,0,25750.75,CE,25900,83.0,296.4,2026-01-20 15:29:00+05:30,0.05,False,-82.95,-99.93975903614458
2026-01-14 09:55:00+05:30,2026-01-20,Tuesday,Wednesday,25743.0,25761.5,25738.95,25759.55,0,25750.75,PE,25600,65.2,296.4,2026-01-20 15:00:00+05:30,299.5,True,234.3,359.35582822085894
2026-01-14 09:56:00+05:30,2026-01-20,Tuesday,Wednesday,25757.25,25758.5,25735.0,25739.8,0,25747.6375,CE,25900,75.59,289.86,2026-01-20 15:29:00+05:30,0.05,False,-75.54,-99.93385368434978
2026-01-14 09:56:00+05:30,2026-01-20,Tuesday,Wednesday,25757.25,25758.5,25735.0,25739.8,0,25747.6375,PE,25600,69.34,289.86,2026-01-20 15:00:00+05:30,299.5,True,230.16,331.92962215171616
2026-01-14 09:57:00+05:30,2026-01-20,Tuesday,Wednesday,25739.8,25741.35,25722.75,25722.75,0,25731.6625,CE,25850,85.8,320.9,2026-01-20 15:29:00+05:30,0.05,False,-85.75,-99.94172494172494
2026-01-14 09:57:00+05:30,2026-01-20,Tuesday,Wednesday,25739.8,25741.35,25722.75,25722.75,0,25731.6625,PE,25600,74.65,320.9,2026-01-20 15:09:00+05:30,324.5,True,249.85,334.695244474213
2026-01-14 09:58:00+05:30,2026-01-20,Tuesday,Wednesday,25722.15,25727.8,25719.05,25720.45,0,25722.3625,CE,25850,86.25,320.5,2026-01-20 15:29:00+05:30,0.05,False,-86.2,-99.94202898550725
2026-01-14 09:58:00+05:30,2026-01-20,Tuesday,Wednesday,25722.15,25727.8,25719.05,25720.45,0,25722.3625,PE,25600,74.0,320.5,2026-01-20 15:09:00+05:30,324.5,True,250.5,338.5135135135135
2026-01-14 09:59:00+05:30,2026-01-20,Tuesday,Wednesday,25720.8,25730.0,25715.7,25729.9,0,25724.1,CE,25850,90.95,321.4,2026-01-20 15:29:00+05:30,0.05,False,-90.9,-99.94502473886752
2026-01-14 09:59:00+05:30,2026-01-20,Tuesday,Wednesday,25720.8,25730.0,25715.7,25729.9,0,25724.1,PE,25600,69.75,321.4,2026-01-20 15:09:00+05:30,324.5,True,254.75,365.23297491039426
2026-01-14 10:00:00+05:30,2026-01-20,Tuesday,Wednesday,25729.6,25733.8,25725.95,25727.85,0,25729.299999999996,CE,25850,89.6,323.6,2026-01-20 15:29:00+05:30,0.05,False,-89.55,-99.94419642857143
2026-01-14 10:00:00+05:30,2026-01-20,Tuesday,Wednesday,25729.6,25733.8,25725.95,25727.85,0,25729.299999999996,PE,25600,72.2,323.6,2026-01-20 15:09:00+05:30,324.5,True,252.3,349.4459833795014
2026-01-14 10:01:00+05:30,2026-01-20,Tuesday,Wednesday,25728.05,25730.3,25715.85,25716.3,0,25722.625,CE,25850,84.45,318.5,2026-01-20 15:29:00+05:30,0.05,False,-84.4,-99.94079336885731
2026-01-14 10:01:00+05:30,2026-01-20,Tuesday,Wednesday,25728.05,25730.3,25715.85,25716.3,0,25722.625,PE,25600,74.8,318.5,2026-01-20 15:08:00+05:30,319.55,True,244.75,327.20588235294116
2026-01-14 10:02:00+05:30,2026-01-20,Tuesday,Wednesday,25716.05,25729.25,25716.05,25719.55,0,25720.225000000002,CE,25850,85.35,319.0,2026-01-20 15:29:00+05:30,0.05,False,-85.3,-99.94141769185705
2026-01-14 10:02:00+05:30,2026-01-20,Tuesday,Wednesday,25716.05,25729.25,25716.05,25719.55,0,25720.225000000002,PE,25600,74.15,319.0,2026-01-20 15:08:00+05:30,319.55,True,245.4,330.9507754551584
2026-01-14 10:03:00+05:30,2026-01-20,Tuesday,Wednesday,25718.85,25718.85,25710.15,25717.05,0,25716.225000000002,CE,25850,84.6,316.29999999999995,2026-01-20 15:29:00+05:30,0.05,False,-84.55,-99.94089834515367
2026-01-14 10:03:00+05:30,2026-01-20,Tuesday,Wednesday,25718.85,25718.85,25710.15,25717.05,0,25716.225000000002,PE,25600,73.55,316.29999999999995,2026-01-20 15:08:00+05:30,319.55,True,246.0,334.4663494221618
2026-01-14 10:04:00+05:30,2026-01-20,Tuesday,Wednesday,25717.5,25721.85,25713.1,25717.25,0,25717.425,CE,25850,84.4,316.8,2026-01-20 15:29:00+05:30,0.05,False,-84.35000000000001,-99.94075829383885
2026-01-14 10:04:00+05:30,2026-01-20,Tuesday,Wednesday,25717.5,25721.85,25713.1,25717.25,0,25717.425,PE,25600,74.0,316.8,2026-01-20 15:08:00+05:30,319.55,True,245.55,331.8243243243244
2026-01-14 10:05:00+05:30,2026-01-20,Tuesday,Wednesday,25715.65,25718.05,25708.0,25713.6,0,25713.824999999997,CE,25850,82.05,315.9,2026-01-20 15:29:00+05:30,0.05,False,-82.0,-99.9390615478367
2026-01-14 10:05:00+05:30,2026-01-20,Tuesday,Wednesday,25715.65,25718.05,25708.0,25713.6,0,25713.824999999997,PE,25600,75.9,315.9,2026-01-20 15:08:00+05:30,319.55,True,243.65,321.0144927536232
2026-01-14 10:06:00+05:30,2026-01-20,Tuesday,Wednesday,25712.6,25721.15,25710.65,25719.85,0,25716.0625,CE,25850,86.25,317.9,2026-01-20 15:29:00+05:30,0.05,False,-86.2,-99.94202898550725
2026-01-14 10:06:00+05:30,2026-01-20,Tuesday,Wednesday,25712.6,25721.15,25710.65,25719.85,0,25716.0625,PE,25600,72.7,317.9,2026-01-20 15:08:00+05:30,319.55,True,246.85000000000002,339.54607977991753
2026-01-14 10:07:00+05:30,2026-01-20,Tuesday,Wednesday,25720.75,25723.85,25716.3,25716.35,0,25719.3125,CE,25850,83.0,316.0,2026-01-20 15:29:00+05:30,0.05,False,-82.95,-99.93975903614458
2026-01-14 10:07:00+05:30,2026-01-20,Tuesday,Wednesday,25720.75,25723.85,25716.3,25716.35,0,25719.3125,PE,25600,75.0,316.0,2026-01-20 15:08:00+05:30,319.55,True,244.55,326.06666666666666
2026-01-14 10:08:00+05:30,2026-01-20,Tuesday,Wednesday,25716.4,25716.7,25702.0,25703.0,0,25709.525,CE,25850,77.34,315.36,2026-01-20 15:29:00+05:30,0.05,False,-77.29,-99.93535040082752
2026-01-14 10:08:00+05:30,2026-01-20,Tuesday,Wednesday,25716.4,25716.7,25702.0,25703.0,0,25709.525,PE,25600,80.34,315.36,2026-01-20 15:08:00+05:30,319.55,True,239.21,297.74707493154096
2026-01-14 10:09:00+05:30,2026-01-20,Tuesday,Wednesday,25702.35,25708.75,25700.0,25708.55,0,25704.912500000002,CE,25850,80.15,314.6,2026-01-20 15:29:00+05:30,0.05,False,-80.10000000000001,-99.93761696818466
2026-01-14 10:09:00+05:30,2026-01-20,Tuesday,Wednesday,25702.35,25708.75,25700.0,25708.55,0,25704.912500000002,PE,25600,77.15,314.6,2026-01-20 15:08:00+05:30,319.55,True,242.4,314.1931302657161
2026-01-14 10:10:00+05:30,2026-01-20,Tuesday,Wednesday,25708.4,25708.4,25697.45,25697.45,0,25702.925,CE,25850,76.4,288.4,2026-01-20 15:29:00+05:30,0.05,False,-76.35000000000001,-99.934554973822
2026-01-14 10:10:00+05:30,2026-01-20,Tuesday,Wednesday,25708.4,25708.4,25697.45,25697.45,0,25702.925,PE,25550,67.8,288.4,2026-01-20 15:10:00+05:30,296.39,True,228.58999999999997,337.15339233038344
2026-01-14 10:11:00+05:30,2026-01-20,Tuesday,Wednesday,25698.55,25703.45,25696.85,25697.85,0,25699.175000000003,CE,25850,76.75,286.5,2026-01-20 15:29:00+05:30,0.05,False,-76.7,-99.93485342019545
2026-01-14 10:11:00+05:30,2026-01-20,Tuesday,Wednesday,25698.55,25703.45,25696.85,25697.85,0,25699.175000000003,PE,25550,66.5,286.5,2026-01-20 15:10:00+05:30,296.39,True,229.89,345.69924812030075
2026-01-14 10:12:00+05:30,2026-01-20,Tuesday,Wednesday,25699.3,25702.15,25695.5,25699.5,0,25699.1125,CE,25850,76.34,284.98,2026-01-20 15:29:00+05:30,0.05,False,-76.29,-99.93450353680902
2026-01-14 10:12:00+05:30,2026-01-20,Tuesday,Wednesday,25699.3,25702.15,25695.5,25699.5,0,25699.1125,PE,25550,66.15,284.98,2026-01-20 15:10:00+05:30,296.39,True,230.23999999999998,348.0574452003023
2026-01-14 10:13:00+05:30,2026-01-20,Tuesday,Wednesday,25698.4,25705.15,25692.65,25700.9,0,25699.275,CE,25850,77.55,285.5,2026-01-20 15:29:00+05:30,0.05,False,-77.5,-99.93552546744037
2026-01-14 10:13:00+05:30,2026-01-20,Tuesday,Wednesday,25698.4,25705.15,25692.65,25700.9,0,25699.275,PE,25550,65.2,285.5,2026-01-20 15:10:00+05:30,296.39,True,231.19,354.5858895705521
2026-01-14 10:14:00+05:30,2026-01-20,Tuesday,Wednesday,25700.75,25705.0,25696.8,25696.8,0,25699.8375,CE,25850,75.34,283.98,2026-01-20 15:29:00+05:30,0.05,False,-75.29,-99.93363419166445
2026-01-14 10:14:00+05:30,2026-01-20,Tuesday,Wednesday,25700.75,25705.0,25696.8,25696.8,0,25699.8375,PE,25550,66.65,283.98,2026-01-20 15:10:00+05:30,296.39,True,229.73999999999998,344.69617404351084
2026-01-14 10:15:00+05:30,2026-01-20,Tuesday,Wednesday,25697.9,25703.75,25693.95,25696.35,0,25697.987500000003,CE,25850,74.8,284.28,2026-01-20 15:29:00+05:30,0.05,False,-74.75,-99.93315508021391
2026-01-14 10:15:00+05:30,2026-01-20,Tuesday,Wednesday,25697.9,25703.75,25693.95,25696.35,0,25697.987500000003,PE,25550,67.34,284.28,2026-01-20 15:10:00+05:30,296.39,True,229.04999999999998,340.1395901395901
2026-01-14 10:16:00+05:30,2026-01-20,Tuesday,Wednesday,25695.8,25698.35,25691.25,25695.0,0,25695.1,CE,25800,94.35,322.2,2026-01-20 15:29:00+05:30,0.1,False,-94.25,-99.89401165871755
2026-01-14 10:16:00+05:30,2026-01-20,Tuesday,Wednesday,25695.8,25698.35,25691.25,25695.0,0,25695.1,PE,25550,66.75,322.2,2026-01-20 15:18:00+05:30,323.5,True,256.75,384.64419475655427
2026-01-14 10:17:00+05:30,2026-01-20,Tuesday,Wednesday,25695.15,25700.1,25692.9,25695.55,0,25695.925,CE,25800,93.1,321.1,2026-01-20 15:29:00+05:30,0.1,False,-93.0,-99.89258861439313
2026-01-14 10:17:00+05:30,2026-01-20,Tuesday,Wednesday,25695.15,25700.1,25692.9,25695.55,0,25695.925,PE,25550,67.45,321.1,2026-01-20 15:18:00+05:30,323.5,True,256.05,379.61452928094883
2026-01-14 10:18:00+05:30,2026-01-20,Tuesday,Wednesday,25695.7,25696.05,25670.0,25678.3,0,25685.0125,CE,25800,87.7,319.5,2026-01-20 15:29:00+05:30,0.1,False,-87.60000000000001,-99.8859749144812
2026-01-14 10:18:00+05:30,2026-01-20,Tuesday,Wednesday,25695.7,25696.05,25670.0,25678.3,0,25685.0125,PE,25550,72.05,319.5,2026-01-20 15:18:00+05:30,323.5,True,251.45,348.9937543372658
2026-01-14 10:19:00+05:30,2026-01-20,Tuesday,Wednesday,25677.45,25681.35,25672.95,25680.05,0,25677.95,CE,25800,87.25,319.0,2026-01-20 15:29:00+05:30,0.1,False,-87.15,-99.88538681948424
2026-01-14 10:19:00+05:30,2026-01-20,Tuesday,Wednesday,25677.45,25681.35,25672.95,25680.05,0,25677.95,PE,25550,72.25,319.0,2026-01-20 15:18:00+05:30,323.5,True,251.25,347.75086505190313
2026-01-14 10:20:00+05:30,2026-01-20,Tuesday,Wednesday,25680.8,25686.25,25676.35,25679.65,0,25680.762499999997,CE,25800,86.4,319.6,2026-01-20 15:29:00+05:30,0.1,False,-86.30000000000001,-99.88425925925927
2026-01-14 10:20:00+05:30,2026-01-20,Tuesday,Wednesday,25680.8,25686.25,25676.35,25679.65,0,25680.762499999997,PE,25550,73.4,319.6,2026-01-20 15:18:00+05:30,323.5,True,250.1,340.73569482288826
2026-01-14 10:21:00+05:30,2026-01-20,Tuesday,Wednesday,25678.9,25680.4,25672.95,25674.05,0,25676.575,CE,25800,84.75,317.1,2026-01-20 15:29:00+05:30,0.1,False,-84.65,-99.88200589970502
2026-01-14 10:21:00+05:30,2026-01-20,Tuesday,Wednesday,25678.9,25680.4,25672.95,25674.05,0,25676.575,PE,25550,73.8,317.1,2026-01-20 15:14:00+05:30,318.95,True,245.14999999999998,332.18157181571814
2026-01-14 10:22:00+05:30,2026-01-20,Tuesday,Wednesday,25673.95,25677.5,25662.3,25668.35,0,25670.525,CE,25800,82.6,318.5,2026-01-20 15:29:00+05:30,0.1,False,-82.5,-99.87893462469735
2026-01-14 10:22:00+05:30,2026-01-20,Tuesday,Wednesday,25673.95,25677.5,25662.3,25668.35,0,25670.525,PE,25550,76.65,318.5,2026-01-20 15:14:00+05:30,318.95,True,242.29999999999998,316.1121983039791
2026-01-14 10:23:00+05:30,2026-01-20,Tuesday,Wednesday,25668.55,25671.85,25661.35,25668.15,0,25667.475,CE,25800,80.75,317.5,2026-01-20 15:29:00+05:30,0.1,False,-80.65,-99.87616099071208
2026-01-14 10:23:00+05:30,2026-01-20,Tuesday,Wednesday,25668.55,25671.85,25661.35,25668.15,0,25667.475,PE,25550,78.0,317.5,2026-01-20 15:14:00+05:30,318.95,True,240.95,308.91025641025635
2026-01-14 10:24:00+05:30,2026-01-20,Tuesday,Wednesday,25668.5,25676.85,25664.55,25676.1,0,25671.5,CE,25800,84.15,316.6,2026-01-20 15:29:00+05:30,0.1,False,-84.05000000000001,-99.88116458704694
2026-01-14 10:24:00+05:30,2026-01-20,Tuesday,Wednesday,25668.5,25676.85,25664.55,25676.1,0,25671.5,PE,25550,74.15,316.6,2026-01-20 15:14:00+05:30,318.95,True,244.79999999999998,330.14160485502356
2026-01-14 10:25:00+05:30,2026-01-20,Tuesday,Wednesday,25676.6,25685.55,25676.6,25683.35,0,25680.525,CE,25800,85.35,316.38,2026-01-20 15:29:00+05:30,0.1,False,-85.25,-99.88283538371412
2026-01-14 10:25:00+05:30,2026-01-20,Tuesday,Wednesday,25676.6,25685.55,25676.6,25683.35,0,25680.525,PE,25550,72.84,316.38,2026-01-20 15:14:00+05:30,318.95,True,246.10999999999999,337.8775398132894
2026-01-14 10:26:00+05:30,2026-01-20,Tuesday,Wednesday,25682.55,25683.7,25673.95,25675.35,0,25678.887499999997,CE,25800,82.55,317.9,2026-01-20 15:29:00+05:30,0.1,False,-82.45,-99.87886129618414
2026-01-14 10:26:00+05:30,2026-01-20,Tuesday,Wednesday,25682.55,25683.7,25673.95,25675.35,0,25678.887499999997,PE,25550,76.4,317.9,2026-01-20 15:14:00+05:30,318.95,True,242.54999999999998,317.47382198952874
2026-01-14 10:27:00+05:30,2026-01-20,Tuesday,Wednesday,25675.15,25685.25,25670.45,25684.4,0,25678.8125,CE,25800,85.55,318.2,2026-01-20 15:29:00+05:30,0.1,False,-85.45,-99.88310929281123
2026-01-14 10:27:00+05:30,2026-01-20,Tuesday,Wednesday,25675.15,25685.25,25670.45,25684.4,0,25678.8125,PE,25550,73.55,318.2,2026-01-20 15:14:00+05:30,318.95,True,245.39999999999998,333.65057783820527
2026-01-14 10:28:00+05:30,2026-01-20,Tuesday,Wednesday,25683.35,25688.15,25679.8,25683.3,0,25683.65,CE,25800,84.85,316.88,2026-01-20 15:29:00+05:30,0.1,False,-84.75,-99.88214496169712
2026-01-14 10:28:00+05:30,2026-01-20,Tuesday,Wednesday,25683.35,25688.15,25679.8,25683.3,0,25683.65,PE,25550,73.59,316.88,2026-01-20 15:14:00+05:30,318.95,True,245.35999999999999,333.41486615029214
2026-01-14 10:29:00+05:30,2026-01-20,Tuesday,Wednesday,25682.85,25689.6,25681.6,25688.9,0,25685.737499999996,CE,25800,87.55,316.1,2026-01-20 15:29:00+05:30,0.1,False,-87.45,-99.88577955454026
2026-01-14 10:29:00+05:30,2026-01-20,Tuesday,Wednesday,25682.85,25689.6,25681.6,25688.9,0,25685.737499999996,PE,25550,70.5,316.1,2026-01-20 15:14:00+05:30,318.95,True,248.45,352.41134751773046
2026-01-14 10:30:00+05:30,2026-01-20,Tuesday,Wednesday,25689.9,25689.9,25675.25,25678.05,0,25683.275,CE,25800,84.5,319.0,2026-01-20 15:29:00+05:30,0.1,False,-84.4,-99.88165680473374
2026-01-14 10:30:00+05:30,2026-01-20,Tuesday,Wednesday,25689.9,25689.9,25675.25,25678.05,0,25683.275,PE,25550,75.0,319.0,2026-01-20 15:18:00+05:30,323.5,True,248.5,331.33333333333337
2026-01-14 10:31:00+05:30,2026-01-20,Tuesday,Wednesday,25678.0,25678.0,25662.25,25665.45,0,25670.925,CE,25800,80.45,315.9,2026-01-20 15:29:00+05:30,0.1,False,-80.35000000000001,-99.87569919204475
2026-01-14 10:31:00+05:30,2026-01-20,Tuesday,Wednesday,25678.0,25678.0,25662.25,25665.45,0,25670.925,PE,25550,77.5,315.9,2026-01-20 15:14:00+05:30,318.95,True,241.45,311.54838709677415
2026-01-14 10:32:00+05:30,2026-01-20,Tuesday,Wednesday,25665.85,25674.1,25664.5,25669.75,0,25668.55,CE,25800,81.55,315.9,2026-01-20 15:29:00+05:30,0.1,False,-81.45,-99.87737584304108
2026-01-14 10:32:00+05:30,2026-01-20,Tuesday,Wednesday,25665.85,25674.1,25664.5,25669.75,0,25668.55,PE,25550,76.4,315.9,2026-01-20 15:14:00+05:30,318.95,True,242.54999999999998,317.47382198952874
2026-01-14 10:33:00+05:30,2026-01-20,Tuesday,Wednesday,25669.3,25690.05,25668.05,25690.05,0,25679.3625,CE,25800,88.3,316.0,2026-01-20 15:29:00+05:30,0.1,False,-88.2,-99.8867497168743
2026-01-14 10:33:00+05:30,2026-01-20,Tuesday,Wednesday,25669.3,25690.05,25668.05,25690.05,0,25679.3625,PE,25550,69.7,316.0,2026-01-20 15:14:00+05:30,318.95,True,249.25,357.6040172166427
2026-01-14 10:34:00+05:30,2026-01-20,Tuesday,Wednesday,25688.65,25691.85,25680.6,25686.6,0,25686.925000000003,CE,25800,86.95,315.70000000000005,2026-01-20 15:29:00+05:30,0.1,False,-86.85000000000001,-99.88499137435308
2026-01-14 10:34:00+05:30,2026-01-20,Tuesday,Wednesday,25688.65,25691.85,25680.6,25686.6,0,25686.925000000003,PE,25550,70.9,315.70000000000005,2026-01-20 15:14:00+05:30,318.95,True,248.04999999999998,349.8589562764456
2026-01-14 10:35:00+05:30,2026-01-20,Tuesday,Wednesday,25686.95,25693.4,25685.75,25689.95,0,25689.0125,CE,25800,88.25,316.1,2026-01-20 15:29:00+05:30,0.1,False,-88.15,-99.88668555240794
2026-01-14 10:35:00+05:30,2026-01-20,Tuesday,Wednesday,25686.95,25693.4,25685.75,25689.95,0,25689.0125,PE,25550,69.8,316.1,2026-01-20 15:14:00+05:30,318.95,True,249.14999999999998,356.94842406876785
2026-01-14 10:36:00+05:30,2026-01-20,Tuesday,Wednesday,25690.2,25691.1,25670.9,25672.3,0,25681.125000000004,CE,25800,80.75,311.6,2026-01-20 15:29:00+05:30,0.1,False,-80.65,-99.87616099071208
2026-01-14 10:36:00+05:30,2026-01-20,Tuesday,Wednesday,25690.2,25691.1,25670.9,25672.3,0,25681.125000000004,PE,25550,75.05,311.6,2026-01-20 15:11:00+05:30,314.3,True,239.25,318.7874750166556
2026-01-14 10:37:00+05:30,2026-01-20,Tuesday,Wednesday,25673.25,25676.4,25669.9,25672.0,0,25672.8875,CE,25800,82.4,313.98,2026-01-20 15:29:00+05:30,0.1,False,-82.30000000000001,-99.87864077669903
2026-01-14 10:37:00+05:30,2026-01-20,Tuesday,Wednesday,25673.25,25676.4,25669.9,25672.0,0,25672.8875,PE,25550,74.59,313.98,2026-01-20 15:11:00+05:30,314.3,True,239.71,321.3701568574876
2026-01-14 10:38:00+05:30,2026-01-20,Tuesday,Wednesday,25671.15,25675.7,25669.7,25674.85,0,25672.85,CE,25800,84.8,315.5,2026-01-20 15:29:00+05:30,0.1,False,-84.7,-99.88207547169812
2026-01-14 10:38:00+05:30,2026-01-20,Tuesday,Wednesday,25671.15,25675.7,25669.7,25674.85,0,25672.85,PE,25550,72.95,315.5,2026-01-20 15:14:00+05:30,318.95,True,246.0,337.21727210418095
2026-01-14 10:39:00+05:30,2026-01-20,Tuesday,Wednesday,25675.9,25683.75,25675.5,25679.75,0,25678.725,CE,25800,85.0,315.18,2026-01-20 15:29:00+05:30,0.1,False,-84.9,-99.88235294117648
2026-01-14 10:39:00+05:30,2026-01-20,Tuesday,Wednesday,25675.9,25683.75,25675.5,25679.75,0,25678.725,PE,25550,72.59,315.18,2026-01-20 15:14:00+05:30,318.95,True,246.35999999999999,339.38559030169444
2026-01-14 10:40:00+05:30,2026-01-20,Tuesday,Wednesday,25680.1,25696.2,25678.8,25691.8,0,25686.725000000002,CE,25800,89.75,316.1,2026-01-20 15:29:00+05:30,0.1,False,-89.65,-99.88857938718664
2026-01-14 10:40:00+05:30,2026-01-20,Tuesday,Wednesday,25680.1,25696.2,25678.8,25691.8,0,25686.725000000002,PE,25550,68.3,316.1,2026-01-20 15:14:00+05:30,318.95,True,250.64999999999998,366.9838945827232
2026-01-14 10:41:00+05:30,2026-01-20,Tuesday,Wednesday,25691.25,25710.05,25691.25,25708.55,0,25700.275,CE,25850,78.3,280.3,2026-01-20 15:29:00+05:30,0.05,False,-78.25,-99.93614303959131
2026-01-14 10:41:00+05:30,2026-01-20,Tuesday,Wednesday,25691.25,25710.05,25691.25,25708.55,0,25700.275,PE,25550,61.85,280.3,2026-01-20 15:10:00+05:30,296.39,True,234.54,379.2077607113985
2026-01-14 10:42:00+05:30,2026-01-20,Tuesday,Wednesday,25708.7,25718.9,25704.95,25704.95,0,25709.375,CE,25850,75.8,307.6,2026-01-20 15:29:00+05:30,0.05,False,-75.75,-99.93403693931398
2026-01-14 10:42:00+05:30,2026-01-20,Tuesday,Wednesday,25708.7,25718.9,25704.95,25704.95,0,25709.375,PE,25600,78.0,307.6,2026-01-20 15:03:00+05:30,310.05,True,232.05,297.5
2026-01-14 10:43:00+05:30,2026-01-20,Tuesday,Wednesday,25704.95,25704.95,25682.9,25684.05,0,25694.2125,CE,25800,89.9,314.20000000000005,2026-01-20 15:29:00+05:30,0.1,False,-89.80000000000001,-99.88876529477197
2026-01-14 10:43:00+05:30,2026-01-20,Tuesday,Wednesday,25704.95,25704.95,25682.9,25684.05,0,25694.2125,PE,25550,67.2,314.20000000000005,2026-01-20 15:11:00+05:30,314.3,True,247.10000000000002,367.70833333333337
2026-01-14 10:44:00+05:30,2026-01-20,Tuesday,Wednesday,25683.95,25685.9,25671.85,25675.0,0,25679.175000000003,CE,25800,85.15,312.1,2026-01-20 15:29:00+05:30,0.1,False,-85.05000000000001,-99.8825601879037
2026-01-14 10:44:00+05:30,2026-01-20,Tuesday,Wednesday,25683.95,25685.9,25671.85,25675.0,0,25679.175000000003,PE,25550,70.9,312.1,2026-01-20 15:11:00+05:30,314.3,True,243.4,343.30042313117065
2026-01-14 10:45:00+05:30,2026-01-20,Tuesday,Wednesday,25674.95,25674.95,25664.65,25665.9,0,25670.112500000003,CE,25800,81.59,311.58000000000004,2026-01-20 15:29:00+05:30,0.1,False,-81.49000000000001,-99.87743596028926
2026-01-14 10:45:00+05:30,2026-01-20,Tuesday,Wednesday,25674.95,25674.95,25664.65,25665.9,0,25670.112500000003,PE,25550,74.2,311.58000000000004,2026-01-20 15:11:00+05:30,314.3,True,240.10000000000002,323.5849056603774
2026-01-14 10:46:00+05:30,2026-01-20,Tuesday,Wednesday,25665.6,25670.7,25662.2,25665.0,0,25665.875,CE,25800,82.95,312.8,2026-01-20 15:29:00+05:30,0.1,False,-82.85000000000001,-99.87944544906571
2026-01-14 10:46:00+05:30,2026-01-20,Tuesday,Wednesday,25665.6,25670.7,25662.2,25665.0,0,25665.875,PE,25550,73.45,312.8,2026-01-20 15:11:00+05:30,314.3,True,240.85000000000002,327.9101429543908
2026-01-14 10:47:00+05:30,2026-01-20,Tuesday,Wednesday,25665.8,25676.55,25662.0,25673.05,0,25669.350000000002,CE,25800,85.5,311.68,2026-01-20 15:29:00+05:30,0.1,False,-85.4,-99.88304093567251
2026-01-14 10:47:00+05:30,2026-01-20,Tuesday,Wednesday,25665.8,25676.55,25662.0,25673.05,0,25669.350000000002,PE,25550,70.34,311.68,2026-01-20 15:11:00+05:30,314.3,True,243.96,346.82968439010523
2026-01-14 10:48:00+05:30,2026-01-20,Tuesday,Wednesday,25674.15,25690.25,25672.5,25688.9,0,25681.449999999997,CE,25800,90.2,312.4,2026-01-20 15:29:00+05:30,0.1,False,-90.10000000000001,-99.88913525498891
2026-01-14 10:48:00+05:30,2026-01-20,Tuesday,Wednesday,25674.15,25690.25,25672.5,25688.9,0,25681.449999999997,PE,25550,66.0,312.4,2026-01-20 15:11:00+05:30,314.3,True,248.3,376.21212121212125
2026-01-14 10:49:00+05:30,2026-01-20,Tuesday,Wednesday,25689.1,25696.95,25687.9,25692.15,0,25691.525,CE,25800,90.2,313.08000000000004,2026-01-20 15:29:00+05:30,0.1,False,-90.10000000000001,-99.88913525498891
2026-01-14 10:49:00+05:30,2026-01-20,Tuesday,Wednesday,25689.1,25696.95,25687.9,25692.15,0,25691.525,PE,25550,66.34,313.08000000000004,2026-01-20 15:11:00+05:30,314.3,True,247.96,373.77148025324084
2026-01-14 10:50:00+05:30,2026-01-20,Tuesday,Wednesday,25692.4,25697.6,25691.7,25695.5,0,25694.3,CE,25800,89.6,312.0,2026-01-20 15:29:00+05:30,0.1,False,-89.5,-99.88839285714286
2026-01-14 10:50:00+05:30,2026-01-20,Tuesday,Wednesday,25692.4,25697.6,25691.7,25695.5,0,25694.3,PE,25550,66.4,312.0,2026-01-20 15:11:00+05:30,314.3,True,247.9,373.34337349397583
2026-01-14 10:51:00+05:30,2026-01-20,Tuesday,Wednesday,25695.75,25699.15,25692.4,25698.35,0,25696.4125,CE,25800,90.85,313.29999999999995,2026-01-20 15:29:00+05:30,0.1,False,-90.75,-99.88992845349478
2026-01-14 10:51:00+05:30,2026-01-20,Tuesday,Wednesday,25695.75,25699.15,25692.4,25698.35,0,25696.4125,PE,25550,65.8,313.29999999999995,2026-01-20 15:11:00+05:30,314.3,True,248.5,377.6595744680851
2026-01-14 10:52:00+05:30,2026-01-20,Tuesday,Wednesday,25698.35,25702.4,25694.8,25695.2,0,25697.6875,CE,25850,71.25,276.6,2026-01-20 15:29:00+05:30,0.05,False,-71.2,-99.9298245614035
2026-01-14 10:52:00+05:30,2026-01-20,Tuesday,Wednesday,25698.35,25702.4,25694.8,25695.2,0,25697.6875,PE,25550,67.05,276.6,2026-01-20 15:10:00+05:30,296.39,True,229.33999999999997,342.04325130499626
2026-01-14 10:53:00+05:30,2026-01-20,Tuesday,Wednesday,25695.05,25704.65,25695.05,25702.95,0,25699.425,CE,25850,73.25,276.3,2026-01-20 15:29:00+05:30,0.05,False,-73.2,-99.93174061433447
2026-01-14 10:53:00+05:30,2026-01-20,Tuesday,Wednesday,25695.05,25704.65,25695.05,25702.95,0,25699.425,PE,25550,64.9,276.3,2026-01-20 15:10:00+05:30,296.39,True,231.48999999999998,356.6872110939907
2026-01-14 10:54:00+05:30,2026-01-20,Tuesday,Wednesday,25702.75,25705.35,25698.85,25703.65,0,25702.65,CE,25850,74.25,277.5,2026-01-20 15:29:00+05:30,0.05,False,-74.2,-99.93265993265994
2026-01-14 10:54:00+05:30,2026-01-20,Tuesday,Wednesday,25702.75,25705.35,25698.85,25703.65,0,25702.65,PE,25550,64.5,277.5,2026-01-20 15:10:00+05:30,296.39,True,231.89,359.51937984496124
2026-01-14 10:55:00+05:30,2026-01-20,Tuesday,Wednesday,25704.55,25711.35,25701.2,25706.35,0,25705.862499999996,CE,25850,74.2,306.4,2026-01-20 15:29:00+05:30,0.05,False,-74.15,-99.93261455525607
2026-01-14 10:55:00+05:30,2026-01-20,Tuesday,Wednesday,25704.55,25711.35,25701.2,25706.35,0,25705.862499999996,PE,25600,79.0,306.4,2026-01-20 15:03:00+05:30,310.05,True,231.05,292.46835443037975
2026-01-14 10:56:00+05:30,2026-01-20,Tuesday,Wednesday,25706.25,25707.3,25700.35,25701.45,0,25703.837499999998,CE,25850,74.09,307.08000000000004,2026-01-20 15:29:00+05:30,0.05,False,-74.04,-99.93251450938048
2026-01-14 10:56:00+05:30,2026-01-20,Tuesday,Wednesday,25706.25,25707.3,25700.35,25701.45,0,25703.837499999998,PE,25600,79.45,307.08000000000004,2026-01-20 15:03:00+05:30,310.05,True,230.60000000000002,290.2454373820013
2026-01-14 10:57:00+05:30,2026-01-20,Tuesday,Wednesday,25702.05,25714.9,25700.9,25714.45,0,25708.075,CE,25850,78.84,308.68,2026-01-20 15:29:00+05:30,0.05,False,-78.79,-99.93658041603247
2026-01-14 10:57:00+05:30,2026-01-20,Tuesday,Wednesday,25702.05,25714.9,25700.9,25714.45,0,25708.075,PE,25600,75.5,308.68,2026-01-20 15:03:00+05:30,310.05,True,234.55,310.6622516556292
2026-01-14 10:58:00+05:30,2026-01-20,Tuesday,Wednesday,25714.1,25719.55,25714.0,25718.2,0,25716.462499999998,CE,25850,80.4,309.8,2026-01-20 15:29:00+05:30,0.05,False,-80.35000000000001,-99.93781094527363
2026-01-14 10:58:00+05:30,2026-01-20,Tuesday,Wednesday,25714.1,25719.55,25714.0,25718.2,0,25716.462499999998,PE,25600,74.5,309.8,2026-01-20 15:03:00+05:30,310.05,True,235.55,316.17449664429535
2026-01-14 10:59:00+05:30,2026-01-20,Tuesday,Wednesday,25719.3,25729.0,25716.75,25728.8,0,25723.4625,CE,25850,85.95,311.20000000000005,2026-01-20 15:29:00+05:30,0.05,False,-85.9,-99.94182664339732
2026-01-14 10:59:00+05:30,2026-01-20,Tuesday,Wednesday,25719.3,25729.0,25716.75,25728.8,0,25723.4625,PE,25600,69.65,311.20000000000005,2026-01-20 15:04:00+05:30,312.05,True,242.4,348.0258435032304
2026-01-14 11:00:00+05:30,2026-01-20,Tuesday,Wednesday,25729.3,25733.15,25720.95,25720.95,0,25726.087499999998,CE,25850,79.45,308.70000000000005,2026-01-20 15:29:00+05:30,0.05,False,-79.4,-99.9370673379484
2026-01-14 11:00:00+05:30,2026-01-20,Tuesday,Wednesday,25729.3,25733.15,25720.95,25720.95,0,25726.087499999998,PE,25600,74.9,308.70000000000005,2026-01-20 15:03:00+05:30,310.05,True,235.15,313.9519359145527
2026-01-14 11:01:00+05:30,2026-01-20,Tuesday,Wednesday,25721.55,25722.6,25710.75,25721.8,0,25719.175,CE,25850,82.5,311.1,2026-01-20 15:29:00+05:30,0.05,False,-82.45,-99.93939393939394
2026-01-14 11:01:00+05:30,2026-01-20,Tuesday,Wednesday,25721.55,25722.6,25710.75,25721.8,0,25719.175,PE,25600,73.05,311.1,2026-01-20 15:04:00+05:30,312.05,True,239.0,327.1731690622861
2026-01-14 11:02:00+05:30,2026-01-20,Tuesday,Wednesday,25721.75,25731.1,25720.55,25729.6,0,25725.75,CE,25850,86.0,313.4,2026-01-20 15:29:00+05:30,0.05,False,-85.95,-99.94186046511628
2026-01-14 11:02:00+05:30,2026-01-20,Tuesday,Wednesday,25721.75,25731.1,25720.55,25729.6,0,25725.75,PE,25600,70.7,313.4,2026-01-20 15:08:00+05:30,319.55,True,248.85000000000002,351.980198019802
2026-01-14 11:03:00+05:30,2026-01-20,Tuesday,Wednesday,25730.65,25736.0,25727.6,25728.0,0,25730.5625,CE,25850,84.45,312.70000000000005,2026-01-20 15:29:00+05:30,0.05,False,-84.4,-99.94079336885731
2026-01-14 11:03:00+05:30,2026-01-20,Tuesday,Wednesday,25730.65,25736.0,25727.6,25728.0,0,25730.5625,PE,25600,71.9,312.70000000000005,2026-01-20 15:08:00+05:30,319.55,True,247.65,344.4367176634214
2026-01-14 11:04:00+05:30,2026-01-20,Tuesday,Wednesday,25728.9,25733.15,25720.85,25733.15,0,25729.012499999997,CE,25850,86.4,312.20000000000005,2026-01-20 15:29:00+05:30,0.05,False,-86.35000000000001,-99.94212962962963
2026-01-14 11:04:00+05:30,2026-01-20,Tuesday,Wednesday,25728.9,25733.15,25720.85,25733.15,0,25729.012499999997,PE,25600,69.7,312.20000000000005,2026-01-20 15:08:00+05:30,319.55,True,249.85000000000002,358.46484935437593
2026-01-14 11:05:00+05:30,2026-01-20,Tuesday,Wednesday,25733.8,25737.9,25732.3,25733.0,0,25734.25,CE,25850,85.65,312.8,2026-01-20 15:29:00+05:30,0.05,False,-85.60000000000001,-99.94162288382954
2026-01-14 11:05:00+05:30,2026-01-20,Tuesday,Wednesday,25733.8,25737.9,25732.3,25733.0,0,25734.25,PE,25600,70.75,312.8,2026-01-20 15:08:00+05:30,319.55,True,248.8,351.66077738515907
2026-01-14 11:06:00+05:30,2026-01-20,Tuesday,Wednesday,25733.4,25734.3,25720.7,25722.3,0,25727.675,CE,25850,82.2,311.3,2026-01-20 15:29:00+05:30,0.05,False,-82.15,-99.93917274939173
2026-01-14 11:06:00+05:30,2026-01-20,Tuesday,Wednesday,25733.4,25734.3,25720.7,25722.3,0,25727.675,PE,25600,73.45,311.3,2026-01-20 15:04:00+05:30,312.05,True,238.60000000000002,324.8468345813479
2026-01-14 11:07:00+05:30,2026-01-20,Tuesday,Wednesday,25721.95,25722.2,25713.45,25720.65,0,25719.5625,CE,25850,83.3,312.0,2026-01-20 15:29:00+05:30,0.05,False,-83.25,-99.93997599039616
2026-01-14 11:07:00+05:30,2026-01-20,Tuesday,Wednesday,25721.95,25722.2,25713.45,25720.65,0,25719.5625,PE,25600,72.7,312.0,2026-01-20 15:04:00+05:30,312.05,True,239.35000000000002,329.22971114167814
2026-01-14 11:08:00+05:30,2026-01-20,Tuesday,Wednesday,25720.95,25732.0,25720.15,25732.0,0,25726.275,CE,25850,87.3,315.2,2026-01-20 15:29:00+05:30,0.05,False,-87.25,-99.94272623138602
2026-01-14 11:08:00+05:30,2026-01-20,Tuesday,Wednesday,25720.95,25732.0,25720.15,25732.0,0,25726.275,PE,25600,70.3,315.2,2026-01-20 15:08:00+05:30,319.55,True,249.25,354.55192034139407
2026-01-14 11:09:00+05:30,2026-01-20,Tuesday,Wednesday,25732.1,25733.45,25726.8,25729.55,0,25730.475000000002,CE,25850,85.05,314.7,2026-01-20 15:29:00+05:30,0.05,False,-85.0,-99.94121105232216
2026-01-14 11:09:00+05:30,2026-01-20,Tuesday,Wednesday,25732.1,25733.45,25726.8,25729.55,0,25730.475000000002,PE,25600,72.3,314.7,2026-01-20 15:08:00+05:30,319.55,True,247.25,341.9778699861688
2026-01-14 11:10:00+05:30,2026-01-20,Tuesday,Wednesday,25729.6,25737.75,25728.3,25729.2,0,25731.212499999998,CE,25850,83.65,312.20000000000005,2026-01-20 15:29:00+05:30,0.05,False,-83.60000000000001,-99.94022713687986
2026-01-14 11:10:00+05:30,2026-01-20,Tuesday,Wednesday,25729.6,25737.75,25728.3,25729.2,0,25731.212499999998,PE,25600,72.45,312.20000000000005,2026-01-20 15:08:00+05:30,319.55,True,247.10000000000002,341.06280193236717
2026-01-14 11:11:00+05:30,2026-01-20,Tuesday,Wednesday,25728.7,25733.4,25728.6,25730.25,0,25730.237500000003,CE,25850,85.8,313.6,2026-01-20 15:29:00+05:30,0.05,False,-85.75,-99.94172494172494
2026-01-14 11:11:00+05:30,2026-01-20,Tuesday,Wednesday,25728.7,25733.4,25728.6,25730.25,0,25730.237500000003,PE,25600,71.0,313.6,2026-01-20 15:08:00+05:30,319.55,True,248.55,350.07042253521126
2026-01-14 11:12:00+05:30,2026-01-20,Tuesday,Wednesday,25731.1,25734.5,25727.15,25727.45,0,25730.05,CE,25850,83.8,310.78,2026-01-20 15:29:00+05:30,0.05,False,-83.75,-99.94033412887828
2026-01-14 11:12:00+05:30,2026-01-20,Tuesday,Wednesday,25731.1,25734.5,25727.15,25727.45,0,25730.05,PE,25600,71.59,310.78,2026-01-20 15:04:00+05:30,312.05,True,240.46,335.88490012571583
2026-01-14 11:13:00+05:30,2026-01-20,Tuesday,Wednesday,25727.35,25727.6,25721.9,25722.7,0,25724.8875,CE,25850,82.8,311.0,2026-01-20 15:29:00+05:30,0.05,False,-82.75,-99.93961352657004
2026-01-14 11:13:00+05:30,2026-01-20,Tuesday,Wednesday,25727.35,25727.6,25721.9,25722.7,0,25724.8875,PE,25600,72.7,311.0,2026-01-20 15:04:00+05:30,312.05,True,239.35000000000002,329.22971114167814
2026-01-14 11:14:00+05:30,2026-01-20,Tuesday,Wednesday,25723.7,25731.65,25721.45,25726.25,0,25725.7625,CE,25850,84.2,312.0,2026-01-20 15:29:00+05:30,0.05,False,-84.15,-99.94061757719716
2026-01-14 11:14:00+05:30,2026-01-20,Tuesday,Wednesday,25723.7,25731.65,25721.45,25726.25,0,25725.7625,PE,25600,71.8,312.0,2026-01-20 15:04:00+05:30,312.05,True,240.25,334.61002785515325
2026-01-14 11:15:00+05:30,2026-01-20,Tuesday,Wednesday,25723.7,25736.45,25720.3,25735.55,0,25729.0,CE,25850,87.5,314.4,2026-01-20 15:29:00+05:30,0.05,False,-87.45,-99.94285714285715
2026-01-14 11:15:00+05:30,2026-01-20,Tuesday,Wednesday,25723.7,25736.45,25720.3,25735.55,0,25729.0,PE,25600,69.7,314.4,2026-01-20 15:08:00+05:30,319.55,True,249.85000000000002,358.46484935437593
2026-01-14 11:16:00+05:30,2026-01-20,Tuesday,Wednesday,25736.7,25746.1,25735.7,25744.75,0,25740.8125,CE,25850,90.6,315.6,2026-01-20 15:29:00+05:30,0.05,False,-90.55,-99.94481236203092
2026-01-14 11:16:00+05:30,2026-01-20,Tuesday,Wednesday,25736.7,25746.1,25735.7,25744.75,0,25740.8125,PE,25600,67.2,315.6,2026-01-20 15:08:00+05:30,319.55,True,252.35000000000002,375.52083333333337
2026-01-14 11:17:00+05:30,2026-01-20,Tuesday,Wednesday,25744.25,25750.3,25742.4,25744.6,0,25745.387500000004,CE,25850,90.05,314.9,2026-01-20 15:29:00+05:30,0.05,False,-90.0,-99.94447529150472
2026-01-14 11:17:00+05:30,2026-01-20,Tuesday,Wednesday,25744.25,25750.3,25742.4,25744.6,0,25745.387500000004,PE,25600,67.4,314.9,2026-01-20 15:08:00+05:30,319.55,True,252.15,374.10979228486644
2026-01-14 11:18:00+05:30,2026-01-20,Tuesday,Wednesday,25745.9,25751.1,25743.8,25745.35,0,25746.5375,CE,25900,71.5,277.9,2026-01-20 15:29:00+05:30,0.05,False,-71.45,-99.93006993006993
2026-01-14 11:18:00+05:30,2026-01-20,Tuesday,Wednesday,25745.9,25751.1,25743.8,25745.35,0,25746.5375,PE,25600,67.45,277.9,2026-01-20 14:59:00+05:30,283.05,True,215.60000000000002,319.64418087472205
2026-01-14 11:19:00+05:30,2026-01-20,Tuesday,Wednesday,25746.15,25747.0,25739.15,25747.0,0,25744.825,CE,25850,92.1,317.6,2026-01-20 15:29:00+05:30,0.05,False,-92.05,-99.9457111834962
2026-01-14 11:19:00+05:30,2026-01-20,Tuesday,Wednesday,25746.15,25747.0,25739.15,25747.0,0,25744.825,PE,25600,66.7,317.6,2026-01-20 15:08:00+05:30,319.55,True,252.85000000000002,379.08545727136436
2026-01-14 11:20:00+05:30,2026-01-20,Tuesday,Wednesday,25747.75,25753.9,25743.15,25743.15,0,25746.987500000003,CE,25900,70.2,278.08000000000004,2026-01-20 15:29:00+05:30,0.05,False,-70.15,-99.92877492877493
2026-01-14 11:20:00+05:30,2026-01-20,Tuesday,Wednesday,25747.75,25753.9,25743.15,25743.15,0,25746.987500000003,PE,25600,68.84,278.08000000000004,2026-01-20 14:59:00+05:30,283.05,True,214.21,311.1708309122603
2026-01-14 11:21:00+05:30,2026-01-20,Tuesday,Wednesday,25743.3,25754.8,25741.85,25754.8,0,25748.6875,CE,25900,75.3,281.6,2026-01-20 15:29:00+05:30,0.05,False,-75.25,-99.933598937583
2026-01-14 11:21:00+05:30,2026-01-20,Tuesday,Wednesday,25743.3,25754.8,25741.85,25754.8,0,25748.6875,PE,25600,65.5,281.6,2026-01-20 14:59:00+05:30,283.05,True,217.55,332.1374045801527
2026-01-14 11:22:00+05:30,2026-01-20,Tuesday,Wednesday,25754.95,25754.95,25746.25,25746.85,0,25750.75,CE,25900,72.9,280.20000000000005,2026-01-20 15:29:00+05:30,0.05,False,-72.85000000000001,-99.93141289437585
2026-01-14 11:22:00+05:30,2026-01-20,Tuesday,Wednesday,25754.95,25754.95,25746.25,25746.85,0,25750.75,PE,25600,67.2,280.20000000000005,2026-01-20 14:59:00+05:30,283.05,True,215.85000000000002,321.20535714285717
2026-01-14 11:23:00+05:30,2026-01-20,Tuesday,Wednesday,25747.6,25751.5,25744.75,25744.9,0,25747.1875,CE,25900,72.2,280.70000000000005,2026-01-20 15:29:00+05:30,0.05,False,-72.15,-99.93074792243767
2026-01-14 11:23:00+05:30,2026-01-20,Tuesday,Wednesday,25747.6,25751.5,25744.75,25744.9,0,25747.1875,PE,25600,68.15,280.70000000000005,2026-01-20 14:59:00+05:30,283.05,True,214.9,315.3338224504769
2026-01-14 11:24:00+05:30,2026-01-20,Tuesday,Wednesday,25745.45,25749.15,25737.5,25737.5,0,25742.4,CE,25850,88.25,314.18,2026-01-20 15:29:00+05:30,0.05,False,-88.2,-99.94334277620396
2026-01-14 11:24:00+05:30,2026-01-20,Tuesday,Wednesday,25745.45,25749.15,25737.5,25737.5,0,25742.4,PE,25600,68.84,314.18,2026-01-20 15:08:00+05:30,319.55,True,250.71,364.192330040674
2026-01-14 11:25:00+05:30,2026-01-20,Tuesday,Wednesday,25737.9,25738.9,25732.7,25735.0,0,25736.125,CE,25850,85.85,313.29999999999995,2026-01-20 15:29:00+05:30,0.05,False,-85.8,-99.94175888177054
2026-01-14 11:25:00+05:30,2026-01-20,Tuesday,Wednesday,25737.9,25738.9,25732.7,25735.0,0,25736.125,PE,25600,70.8,313.29999999999995,2026-01-20 15:08:00+05:30,319.55,True,248.75,351.34180790960454
2026-01-14 11:26:00+05:30,2026-01-20,Tuesday,Wednesday,25735.7,25751.2,25734.7,25751.0,0,25743.15,CE,25850,93.1,318.2,2026-01-20 15:29:00+05:30,0.05,False,-93.05,-99.94629430719657
2026-01-14 11:26:00+05:30,2026-01-20,Tuesday,Wednesday,25735.7,25751.2,25734.7,25751.0,0,25743.15,PE,25600,66.0,318.2,2026-01-20 15:08:00+05:30,319.55,True,253.55,384.1666666666667
2026-01-14 11:27:00+05:30,2026-01-20,Tuesday,Wednesday,25751.45,25765.7,25750.3,25765.45,0,25758.225,CE,25900,79.0,308.8,2026-01-20 15:29:00+05:30,0.05,False,-78.95,-99.9367088607595
2026-01-14 11:27:00+05:30,2026-01-20,Tuesday,Wednesday,25751.45,25765.7,25750.3,25765.45,0,25758.225,PE,25650,75.4,308.8,2026-01-20 14:51:00+05:30,319.0,True,243.6,323.07692307692304
2026-01-14 11:28:00+05:30,2026-01-20,Tuesday,Wednesday,25765.3,25773.7,25765.3,25772.0,0,25769.075,CE,25900,82.05,307.9,2026-01-20 15:29:00+05:30,0.05,False,-82.0,-99.9390615478367
2026-01-14 11:28:00+05:30,2026-01-20,Tuesday,Wednesday,25765.3,25773.7,25765.3,25772.0,0,25769.075,PE,25650,71.9,307.9,2026-01-20 14:51:00+05:30,319.0,True,247.1,343.67176634214184
2026-01-14 11:29:00+05:30,2026-01-20,Tuesday,Wednesday,25771.85,25774.4,25768.95,25770.4,0,25771.4,CE,25900,80.8,306.9,2026-01-20 15:29:00+05:30,0.05,False,-80.75,-99.9381188118812
2026-01-14 11:29:00+05:30,2026-01-20,Tuesday,Wednesday,25771.85,25774.4,25768.95,25770.4,0,25771.4,PE,25650,72.65,306.9,2026-01-20 14:51:00+05:30,319.0,True,246.35,339.09153475567786
2026-01-14 11:30:00+05:30,2026-01-20,Tuesday,Wednesday,25770.7,25775.8,25770.3,25773.9,0,25772.675000000003,CE,25900,83.1,309.2,2026-01-20 15:29:00+05:30,0.05,False,-83.05,-99.93983152827919
2026-01-14 11:30:00+05:30,2026-01-20,Tuesday,Wednesday,25770.7,25775.8,25770.3,25773.9,0,25772.675000000003,PE,25650,71.5,309.2,2026-01-20 14:51:00+05:30,319.0,True,247.5,346.1538461538462
2026-01-14 11:31:00+05:30,2026-01-20,Tuesday,Wednesday,25774.0,25775.45,25759.8,25761.55,0,25767.7,CE,25900,78.84,306.18,2026-01-20 15:29:00+05:30,0.05,False,-78.79,-99.93658041603247
2026-01-14 11:31:00+05:30,2026-01-20,Tuesday,Wednesday,25774.0,25775.45,25759.8,25761.55,0,25767.7,PE,25650,74.25,306.18,2026-01-20 14:51:00+05:30,319.0,True,244.75,329.6296296296296
2026-01-14 11:32:00+05:30,2026-01-20,Tuesday,Wednesday,25762.7,25764.45,25748.5,25763.6,0,25759.8125,CE,25900,78.84,306.68,2026-01-20 15:29:00+05:30,0.05,False,-78.79,-99.93658041603247
2026-01-14 11:32:00+05:30,2026-01-20,Tuesday,Wednesday,25762.7,25764.45,25748.5,25763.6,0,25759.8125,PE,25650,74.5,306.68,2026-01-20 14:51:00+05:30,319.0,True,244.5,328.1879194630872
2026-01-14 11:33:00+05:30,2026-01-20,Tuesday,Wednesday,25763.05,25767.9,25762.3,25765.35,0,25764.65,CE,25900,79.9,307.8,2026-01-20 15:29:00+05:30,0.05,False,-79.85000000000001,-99.93742177722153
2026-01-14 11:33:00+05:30,2026-01-20,Tuesday,Wednesday,25763.05,25767.9,25762.3,25765.35,0,25764.65,PE,25650,74.0,307.8,2026-01-20 14:51:00+05:30,319.0,True,245.0,331.0810810810811
2026-01-14 11:34:00+05:30,2026-01-20,Tuesday,Wednesday,25764.3,25770.7,25763.4,25769.0,0,25766.85,CE,25900,80.45,307.3,2026-01-20 15:29:00+05:30,0.05,False,-80.4,-99.93784959602237
2026-01-14 11:34:00+05:30,2026-01-20,Tuesday,Wednesday,25764.3,25770.7,25763.4,25769.0,0,25766.85,PE,25650,73.2,307.3,2026-01-20 14:51:00+05:30,319.0,True,245.8,335.79234972677597
2026-01-14 11:35:00+05:30,2026-01-20,Tuesday,Wednesday,25769.1,25770.55,25763.75,25764.1,0,25766.875,CE,25900,78.05,307.28,2026-01-20 15:29:00+05:30,0.05,False,-78.0,-99.93593850096093
2026-01-14 11:35:00+05:30,2026-01-20,Tuesday,Wednesday,25769.1,25770.55,25763.75,25764.1,0,25766.875,PE,25650,75.59,307.28,2026-01-20 14:51:00+05:30,319.0,True,243.41,322.0134938483926
2026-01-14 11:36:00+05:30,2026-01-20,Tuesday,Wednesday,25763.5,25765.05,25762.25,25762.8,0,25763.4,CE,25900,77.75,305.68,2026-01-20 15:29:00+05:30,0.05,False,-77.7,-99.93569131832798
2026-01-14 11:36:00+05:30,2026-01-20,Tuesday,Wednesday,25763.5,25765.05,25762.25,25762.8,0,25763.4,PE,25650,75.09,305.68,2026-01-20 14:51:00+05:30,319.0,True,243.91,324.8235450792382
2026-01-14 11:37:00+05:30,2026-01-20,Tuesday,Wednesday,25761.4,25771.5,25761.05,25770.35,0,25766.074999999997,CE,25900,80.3,306.78,2026-01-20 15:29:00+05:30,0.05,False,-80.25,-99.93773349937733
2026-01-14 11:37:00+05:30,2026-01-20,Tuesday,Wednesday,25761.4,25771.5,25761.05,25770.35,0,25766.074999999997,PE,25650,73.09,306.78,2026-01-20 14:51:00+05:30,319.0,True,245.91,336.44821453003146
2026-01-14 11:38:00+05:30,2026-01-20,Tuesday,Wednesday,25770.45,25770.45,25760.25,25761.75,0,25765.725,CE,25900,77.2,305.58000000000004,2026-01-20 15:29:00+05:30,0.05,False,-77.15,-99.93523316062176
2026-01-14 11:38:00+05:30,2026-01-20,Tuesday,Wednesday,25770.45,25770.45,25760.25,25761.75,0,25765.725,PE,25650,75.59,305.58000000000004,2026-01-20 14:51:00+05:30,319.0,True,243.41,322.0134938483926
2026-01-14 11:39:00+05:30,2026-01-20,Tuesday,Wednesday,25761.85,25768.15,25758.85,25767.4,0,25764.0625,CE,25900,78.5,305.4,2026-01-20 15:29:00+05:30,0.05,False,-78.45,-99.93630573248407
2026-01-14 11:39:00+05:30,2026-01-20,Tuesday,Wednesday,25761.85,25768.15,25758.85,25767.4,0,25764.0625,PE,25650,74.2,305.4,2026-01-20 14:51:00+05:30,319.0,True,244.8,329.9191374663073
2026-01-14 11:40:00+05:30,2026-01-20,Tuesday,Wednesday,25766.85,25771.1,25765.25,25766.75,0,25767.4875,CE,25900,78.0,305.8,2026-01-20 15:29:00+05:30,0.05,False,-77.95,-99.93589743589743
2026-01-14 11:40:00+05:30,2026-01-20,Tuesday,Wednesday,25766.85,25771.1,25765.25,25766.75,0,25767.4875,PE,25650,74.9,305.8,2026-01-20 14:51:00+05:30,319.0,True,244.1,325.90120160213615
2026-01-14 11:41:00+05:30,2026-01-20,Tuesday,Wednesday,25766.3,25769.65,25763.75,25769.65,0,25767.3375,CE,25900,79.65,306.3,2026-01-20 15:29:00+05:30,0.05,False,-79.60000000000001,-99.93722536095417
2026-01-14 11:41:00+05:30,2026-01-20,Tuesday,Wednesday,25766.3,25769.65,25763.75,25769.65,0,25767.3375,PE,25650,73.5,306.3,2026-01-20 14:51:00+05:30,319.0,True,245.5,334.01360544217687
2026-01-14 11:42:00+05:30,2026-01-20,Tuesday,Wednesday,25769.6,25776.9,25768.0,25776.3,0,25772.7,CE,25900,82.7,305.70000000000005,2026-01-20 15:29:00+05:30,0.05,False,-82.65,-99.93954050785973
2026-01-14 11:42:00+05:30,2026-01-20,Tuesday,Wednesday,25769.6,25776.9,25768.0,25776.3,0,25772.7,PE,25650,70.15,305.70000000000005,2026-01-20 14:51:00+05:30,319.0,True,248.85,354.73984319315747
2026-01-14 11:43:00+05:30,2026-01-20,Tuesday,Wednesday,25776.4,25777.15,25768.55,25776.95,0,25774.7625,CE,25900,83.2,305.3,2026-01-20 15:29:00+05:30,0.05,False,-83.15,-99.93990384615385
2026-01-14 11:43:00+05:30,2026-01-20,Tuesday,Wednesday,25776.4,25777.15,25768.55,25776.95,0,25774.7625,PE,25650,69.45,305.3,2026-01-20 14:51:00+05:30,319.0,True,249.55,359.32325413966885
2026-01-14 11:44:00+05:30,2026-01-20,Tuesday,Wednesday,25777.2,25777.35,25761.15,25761.15,0,25769.2125,CE,25900,75.4,302.9,2026-01-20 15:29:00+05:30,0.05,False,-75.35000000000001,-99.93368700265253
2026-01-14 11:44:00+05:30,2026-01-20,Tuesday,Wednesday,25777.2,25777.35,25761.15,25761.15,0,25769.2125,PE,25650,76.05,302.9,2026-01-20 14:43:00+05:30,303.64,True,227.58999999999997,299.2636423405654
2026-01-14 11:45:00+05:30,2026-01-20,Tuesday,Wednesday,25760.95,25765.1,25760.3,25761.25,0,25761.9,CE,25900,76.34,302.68,2026-01-20 15:29:00+05:30,0.05,False,-76.29,-99.93450353680902
2026-01-14 11:45:00+05:30,2026-01-20,Tuesday,Wednesday,25760.95,25765.1,25760.3,25761.25,0,25761.9,PE,25650,75.0,302.68,2026-01-20 14:42:00+05:30,302.8,True,227.8,303.73333333333335
2026-01-14 11:46:00+05:30,2026-01-20,Tuesday,Wednesday,25761.15,25768.85,25759.4,25768.4,0,25764.449999999997,CE,25900,78.84,303.18,2026-01-20 15:29:00+05:30,0.05,False,-78.79,-99.93658041603247
2026-01-14 11:46:00+05:30,2026-01-20,Tuesday,Wednesday,25761.15,25768.85,25759.4,25768.4,0,25764.449999999997,PE,25650,72.75,303.18,2026-01-20 14:43:00+05:30,303.64,True,230.89,317.37457044673533
2026-01-14 11:47:00+05:30,2026-01-20,Tuesday,Wednesday,25768.5,25774.15,25767.8,25773.7,0,25771.0375,CE,25900,80.2,303.0,2026-01-20 15:29:00+05:30,0.05,False,-80.15,-99.93765586034912
2026-01-14 11:47:00+05:30,2026-01-20,Tuesday,Wednesday,25768.5,25774.15,25767.8,25773.7,0,25771.0375,PE,25650,71.3,303.0,2026-01-20 14:43:00+05:30,303.64,True,232.33999999999997,325.8625525946704
2026-01-14 11:48:00+05:30,2026-01-20,Tuesday,Wednesday,25773.5,25779.3,25772.35,25776.85,0,25775.5,CE,25900,82.1,302.29999999999995,2026-01-20 15:29:00+05:30,0.05,False,-82.05,-99.93909866017052
2026-01-14 11:48:00+05:30,2026-01-20,Tuesday,Wednesday,25773.5,25779.3,25772.35,25776.85,0,25775.5,PE,25650,69.05,302.29999999999995,2026-01-20 14:42:00+05:30,302.8,True,233.75,338.5228095582911
2026-01-14 11:49:00+05:30,2026-01-20,Tuesday,Wednesday,25777.35,25786.05,25776.3,25784.75,0,25781.1125,CE,25900,85.95,304.58000000000004,2026-01-20 15:29:00+05:30,0.05,False,-85.9,-99.94182664339732
2026-01-14 11:49:00+05:30,2026-01-20,Tuesday,Wednesday,25777.35,25786.05,25776.3,25784.75,0,25781.1125,PE,25650,66.34,304.58000000000004,2026-01-20 14:51:00+05:30,319.0,True,252.66,380.8561953572505
2026-01-14 11:50:00+05:30,2026-01-20,Tuesday,Wednesday,25785.25,25785.25,25774.9,25775.3,0,25780.175,CE,25900,80.3,301.0,2026-01-20 15:29:00+05:30,0.05,False,-80.25,-99.93773349937733
2026-01-14 11:50:00+05:30,2026-01-20,Tuesday,Wednesday,25785.25,25785.25,25774.9,25775.3,0,25780.175,PE,25650,70.2,301.0,2026-01-20 14:42:00+05:30,302.8,True,232.60000000000002,331.33903133903135
2026-01-14 11:51:00+05:30,2026-01-20,Tuesday,Wednesday,25775.2,25775.65,25771.45,25774.35,0,25774.1625,CE,25900,80.8,301.7,2026-01-20 15:29:00+05:30,0.05,False,-80.75,-99.9381188118812
2026-01-14 11:51:00+05:30,2026-01-20,Tuesday,Wednesday,25775.2,25775.65,25771.45,25774.35,0,25774.1625,PE,25650,70.05,301.7,2026-01-20 14:42:00+05:30,302.8,True,232.75,332.2626695217702
2026-01-14 11:52:00+05:30,2026-01-20,Tuesday,Wednesday,25773.25,25782.6,25772.9,25780.15,0,25777.225,CE,25900,83.0,303.4,2026-01-20 15:29:00+05:30,0.05,False,-82.95,-99.93975903614458
2026-01-14 11:52:00+05:30,2026-01-20,Tuesday,Wednesday,25773.25,25782.6,25772.9,25780.15,0,25777.225,PE,25650,68.7,303.4,2026-01-20 14:43:00+05:30,303.64,True,234.94,341.9796215429403
2026-01-14 11:53:00+05:30,2026-01-20,Tuesday,Wednesday,25780.0,25780.5,25769.8,25770.6,0,25775.225,CE,25900,78.65,300.9,2026-01-20 15:29:00+05:30,0.05,False,-78.60000000000001,-99.93642720915449
2026-01-14 11:53:00+05:30,2026-01-20,Tuesday,Wednesday,25780.0,25780.5,25769.8,25770.6,0,25775.225,PE,25650,71.8,300.9,2026-01-20 14:42:00+05:30,302.8,True,231.0,321.72701949860726
2026-01-14 11:54:00+05:30,2026-01-20,Tuesday,Wednesday,25770.75,25776.55,25770.15,25776.5,0,25773.487500000003,CE,25900,81.9,301.98,2026-01-20 15:29:00+05:30,0.05,False,-81.85000000000001,-99.93894993894995
2026-01-14 11:54:00+05:30,2026-01-20,Tuesday,Wednesday,25770.75,25776.55,25770.15,25776.5,0,25773.487500000003,PE,25650,69.09,301.98,2026-01-20 14:42:00+05:30,302.8,True,233.71,338.26892459111303
2026-01-14 11:55:00+05:30,2026-01-20,Tuesday,Wednesday,25775.7,25776.6,25772.95,25774.6,0,25774.9625,CE,25900,80.15,300.9,2026-01-20 15:29:00+05:30,0.05,False,-80.10000000000001,-99.93761696818466
2026-01-14 11:55:00+05:30,2026-01-20,Tuesday,Wednesday,25775.7,25776.6,25772.95,25774.6,0,25774.9625,PE,25650,70.3,300.9,2026-01-20 14:42:00+05:30,302.8,True,232.5,330.7254623044097
2026-01-14 11:56:00+05:30,2026-01-20,Tuesday,Wednesday,25774.6,25784.15,25773.8,25783.55,0,25779.025,CE,25900,84.9,302.3,2026-01-20 15:29:00+05:30,0.05,False,-84.85000000000001,-99.94110718492344
2026-01-14 11:56:00+05:30,2026-01-20,Tuesday,Wednesday,25774.6,25784.15,25773.8,25783.55,0,25779.025,PE,25650,66.25,302.3,2026-01-20 14:42:00+05:30,302.8,True,236.55,357.0566037735849
2026-01-14 11:57:00+05:30,2026-01-20,Tuesday,Wednesday,25783.65,25783.65,25771.95,25775.65,0,25778.725,CE,25900,80.4,301.1,2026-01-20 15:29:00+05:30,0.05,False,-80.35000000000001,-99.93781094527363
2026-01-14 11:57:00+05:30,2026-01-20,Tuesday,Wednesday,25783.65,25783.65,25771.95,25775.65,0,25778.725,PE,25650,70.15,301.1,2026-01-20 14:42:00+05:30,302.8,True,232.65,331.64647184604416
2026-01-14 11:58:00+05:30,2026-01-20,Tuesday,Wednesday,25774.95,25779.85,25773.1,25779.55,0,25776.8625,CE,25900,82.55,301.2,2026-01-20 15:29:00+05:30,0.05,False,-82.5,-99.93943064809207
2026-01-14 11:58:00+05:30,2026-01-20,Tuesday,Wednesday,25774.95,25779.85,25773.1,25779.55,0,25776.8625,PE,25650,68.05,301.2,2026-01-20 14:42:00+05:30,302.8,True,234.75,344.9669360764144
2026-01-14 11:59:00+05:30,2026-01-20,Tuesday,Wednesday,25778.45,25782.5,25774.0,25775.65,0,25777.65,CE,25900,79.5,300.0,2026-01-20 15:29:00+05:30,0.05,False,-79.45,-99.937106918239
2026-01-14 11:59:00+05:30,2026-01-20,Tuesday,Wednesday,25778.45,25782.5,25774.0,25775.65,0,25777.65,PE,25650,70.5,300.0,2026-01-20 14:42:00+05:30,302.8,True,232.3,329.50354609929076
2026-01-14 12:00:00+05:30,2026-01-20,Tuesday,Wednesday,25776.45,25787.4,25775.45,25786.0,0,25781.325,CE,25900,83.15,300.70000000000005,2026-01-20 15:29:00+05:30,0.05,False,-83.10000000000001,-99.93986770895972
2026-01-14 12:00:00+05:30,2026-01-20,Tuesday,Wednesday,25776.45,25787.4,25775.45,25786.0,0,25781.325,PE,25650,67.2,300.70000000000005,2026-01-20 14:42:00+05:30,302.8,True,235.60000000000002,350.5952380952381
2026-01-14 12:01:00+05:30,2026-01-20,Tuesday,Wednesday,25785.8,25789.25,25783.7,25783.7,0,25785.6125,CE,25900,82.7,300.3,2026-01-20 15:29:00+05:30,0.05,False,-82.65,-99.93954050785973
2026-01-14 12:01:00+05:30,2026-01-20,Tuesday,Wednesday,25785.8,25789.25,25783.7,25783.7,0,25785.6125,PE,25650,67.45,300.3,2026-01-20 14:42:00+05:30,302.8,True,235.35000000000002,348.92512972572274
2026-01-14 12:02:00+05:30,2026-01-20,Tuesday,Wednesday,25784.85,25787.55,25780.2,25782.5,0,25783.774999999998,CE,25900,81.75,299.5,2026-01-20 15:29:00+05:30,0.05,False,-81.7,-99.9388379204893
2026-01-14 12:02:00+05:30,2026-01-20,Tuesday,Wednesday,25784.85,25787.55,25780.2,25782.5,0,25783.774999999998,PE,25650,68.0,299.5,2026-01-20 14:42:00+05:30,302.8,True,234.8,345.29411764705884
2026-01-14 12:03:00+05:30,2026-01-20,Tuesday,Wednesday,25782.15,25789.5,25780.35,25789.15,0,25785.2875,CE,25900,84.15,299.3,2026-01-20 15:29:00+05:30,0.05,False,-84.10000000000001,-99.94058229352348
2026-01-14 12:03:00+05:30,2026-01-20,Tuesday,Wednesday,25782.15,25789.5,25780.35,25789.15,0,25785.2875,PE,25650,65.5,299.3,2026-01-20 14:42:00+05:30,302.8,True,237.3,362.29007633587787
2026-01-14 12:04:00+05:30,2026-01-20,Tuesday,Wednesday,25789.05,25791.75,25784.0,25786.95,0,25787.9375,CE,25900,82.8,298.4,2026-01-20 15:29:00+05:30,0.05,False,-82.75,-99.93961352657004
2026-01-14 12:04:00+05:30,2026-01-20,Tuesday,Wednesday,25789.05,25791.75,25784.0,25786.95,0,25787.9375,PE,25650,66.4,298.4,2026-01-20 14:42:00+05:30,302.8,True,236.4,356.0240963855422
2026-01-14 12:05:00+05:30,2026-01-20,Tuesday,Wednesday,25786.3,25788.25,25781.85,25782.1,0,25784.625,CE,25900,80.7,298.5,2026-01-20 15:29:00+05:30,0.05,False,-80.65,-99.93804213135068
2026-01-14 12:05:00+05:30,2026-01-20,Tuesday,Wednesday,25786.3,25788.25,25781.85,25782.1,0,25784.625,PE,25650,68.55,298.5,2026-01-20 14:42:00+05:30,302.8,True,234.25,341.72137126185265
2026-01-14 12:06:00+05:30,2026-01-20,Tuesday,Wednesday,25782.45,25784.15,25769.25,25769.25,0,25776.275,CE,25900,75.3,295.78,2026-01-20 15:29:00+05:30,0.05,False,-75.25,-99.933598937583
2026-01-14 12:06:00+05:30,2026-01-20,Tuesday,Wednesday,25782.45,25784.15,25769.25,25769.25,0,25776.275,PE,25650,72.59,295.78,2026-01-20 14:42:00+05:30,302.8,True,230.21,317.1373467419755
2026-01-14 12:07:00+05:30,2026-01-20,Tuesday,Wednesday,25769.45,25771.3,25766.45,25769.25,0,25769.1125,CE,25900,76.05,294.9,2026-01-20 15:29:00+05:30,0.05,False,-76.0,-99.93425378040763
2026-01-14 12:07:00+05:30,2026-01-20,Tuesday,Wednesday,25769.45,25771.3,25766.45,25769.25,0,25769.1125,PE,25650,71.4,294.9,2026-01-20 14:41:00+05:30,295.39,True,223.98999999999998,313.7114845938375
2026-01-14 12:08:00+05:30,2026-01-20,Tuesday,Wednesday,25768.2,25776.3,25768.2,25770.95,0,25770.9125,CE,25900,75.09,293.68,2026-01-20 15:29:00+05:30,0.05,False,-75.04,-99.9334132374484
2026-01-14 12:08:00+05:30,2026-01-20,Tuesday,Wednesday,25768.2,25776.3,25768.2,25770.95,0,25770.9125,PE,25650,71.75,293.68,2026-01-20 14:41:00+05:30,295.39,True,223.64,311.69337979094075
2026-01-14 12:09:00+05:30,2026-01-20,Tuesday,Wednesday,25770.1,25771.1,25760.75,25762.3,0,25766.0625,CE,25900,73.84,292.48,2026-01-20 15:29:00+05:30,0.05,False,-73.79,-99.93228602383533
2026-01-14 12:09:00+05:30,2026-01-20,Tuesday,Wednesday,25770.1,25771.1,25760.75,25762.3,0,25766.0625,PE,25650,72.4,292.48,2026-01-20 14:41:00+05:30,295.39,True,222.98999999999998,307.9972375690607
2026-01-14 12:10:00+05:30,2026-01-20,Tuesday,Wednesday,25762.9,25766.35,25757.05,25757.05,0,25760.8375,CE,25900,71.15,290.4,2026-01-20 15:29:00+05:30,0.05,False,-71.10000000000001,-99.92972593113141
2026-01-14 12:10:00+05:30,2026-01-20,Tuesday,Wednesday,25762.9,25766.35,25757.05,25757.05,0,25760.8375,PE,25650,74.05,290.4,2026-01-20 14:41:00+05:30,295.39,True,221.33999999999997,298.9061444969615
2026-01-14 12:11:00+05:30,2026-01-20,Tuesday,Wednesday,25757.15,25758.6,25747.6,25747.6,0,25752.737500000003,CE,25900,68.05,260.8,2026-01-20 15:29:00+05:30,0.05,False,-68.0,-99.92652461425423
2026-01-14 12:11:00+05:30,2026-01-20,Tuesday,Wednesday,25757.15,25758.6,25747.6,25747.6,0,25752.737500000003,PE,25600,62.35,260.8,2026-01-20 14:51:00+05:30,267.55,True,205.20000000000002,329.1098636728148
2026-01-14 12:12:00+05:30,2026-01-20,Tuesday,Wednesday,25746.85,25751.95,25746.85,25748.95,0,25748.649999999998,CE,25900,69.2,261.6,2026-01-20 15:29:00+05:30,0.05,False,-69.15,-99.92774566473989
2026-01-14 12:12:00+05:30,2026-01-20,Tuesday,Wednesday,25746.85,25751.95,25746.85,25748.95,0,25748.649999999998,PE,25600,61.6,261.6,2026-01-20 14:51:00+05:30,267.55,True,205.95000000000002,334.3344155844156
2026-01-14 12:13:00+05:30,2026-01-20,Tuesday,Wednesday,25748.65,25751.05,25746.0,25748.65,0,25748.5875,CE,25900,69.34,260.98,2026-01-20 15:29:00+05:30,0.05,False,-69.29,-99.92789154888953
2026-01-14 12:13:00+05:30,2026-01-20,Tuesday,Wednesday,25748.65,25751.05,25746.0,25748.65,0,25748.5875,PE,25600,61.15,260.98,2026-01-20 14:51:00+05:30,267.55,True,206.4,337.53066230580544
2026-01-14 12:14:00+05:30,2026-01-20,Tuesday,Wednesday,25748.95,25752.0,25742.2,25743.35,0,25746.625,CE,25900,66.7,260.2,2026-01-20 15:29:00+05:30,0.05,False,-66.65,-99.92503748125937
2026-01-14 12:14:00+05:30,2026-01-20,Tuesday,Wednesday,25748.95,25752.0,25742.2,25743.35,0,25746.625,PE,25600,63.4,260.2,2026-01-20 14:51:00+05:30,267.55,True,204.15,322.0031545741325
2026-01-14 12:15:00+05:30,2026-01-20,Tuesday,Wednesday,25743.7,25743.9,25735.35,25735.55,0,25739.625000000004,CE,25850,82.95,297.3,2026-01-20 15:29:00+05:30,0.05,False,-82.9,-99.93972272453286
2026-01-14 12:15:00+05:30,2026-01-20,Tuesday,Wednesday,25743.7,25743.9,25735.35,25735.55,0,25739.625000000004,PE,25600,65.7,297.3,2026-01-20 15:00:00+05:30,299.5,True,233.8,355.8599695585997
2026-01-14 12:16:00+05:30,2026-01-20,Tuesday,Wednesday,25736.65,25741.2,25734.5,25737.65,0,25737.5,CE,25850,82.95,295.9,2026-01-20 15:29:00+05:30,0.05,False,-82.9,-99.93972272453286
2026-01-14 12:16:00+05:30,2026-01-20,Tuesday,Wednesday,25736.65,25741.2,25734.5,25737.65,0,25737.5,PE,25600,65.0,295.9,2026-01-20 15:00:00+05:30,299.5,True,234.5,360.7692307692308
2026-01-14 12:17:00+05:30,2026-01-20,Tuesday,Wednesday,25737.25,25755.65,25737.25,25751.35,0,25745.375,CE,25850,88.0,298.4,2026-01-20 15:29:00+05:30,0.05,False,-87.95,-99.94318181818183
2026-01-14 12:17:00+05:30,2026-01-20,Tuesday,Wednesday,25737.25,25755.65,25737.25,25751.35,0,25745.375,PE,25600,61.2,298.4,2026-01-20 15:00:00+05:30,299.5,True,238.3,389.37908496732024
2026-01-14 12:18:00+05:30,2026-01-20,Tuesday,Wednesday,25751.75,25764.05,25751.35,25761.35,0,25757.125,CE,25900,71.59,289.08000000000004,2026-01-20 15:29:00+05:30,0.05,False,-71.54,-99.9301578432742
2026-01-14 12:18:00+05:30,2026-01-20,Tuesday,Wednesday,25751.75,25764.05,25751.35,25761.35,0,25757.125,PE,25650,72.95,289.08000000000004,2026-01-20 14:03:00+05:30,290.39,True,217.44,298.067169294037
2026-01-14 12:19:00+05:30,2026-01-20,Tuesday,Wednesday,25761.5,25766.75,25760.9,25766.3,0,25763.8625,CE,25900,73.45,288.20000000000005,2026-01-20 15:29:00+05:30,0.05,False,-73.4,-99.93192648059906
2026-01-14 12:19:00+05:30,2026-01-20,Tuesday,Wednesday,25761.5,25766.75,25760.9,25766.3,0,25763.8625,PE,25650,70.65,288.20000000000005,2026-01-20 14:03:00+05:30,290.39,True,219.73999999999998,311.02618542108985
2026-01-14 12:20:00+05:30,2026-01-20,Tuesday,Wednesday,25766.75,25772.45,25765.8,25771.55,0,25769.1375,CE,25900,73.45,288.08000000000004,2026-01-20 15:29:00+05:30,0.05,False,-73.4,-99.93192648059906
2026-01-14 12:20:00+05:30,2026-01-20,Tuesday,Wednesday,25766.75,25772.45,25765.8,25771.55,0,25769.1375,PE,25650,70.59,288.08000000000004,2026-01-20 14:03:00+05:30,290.39,True,219.79999999999998,311.3755489446097
2026-01-14 12:21:00+05:30,2026-01-20,Tuesday,Wednesday,25771.35,25773.2,25767.9,25771.4,0,25770.9625,CE,25900,74.15,289.1,2026-01-20 15:29:00+05:30,0.05,False,-74.10000000000001,-99.93256911665543
2026-01-14 12:21:00+05:30,2026-01-20,Tuesday,Wednesday,25771.35,25773.2,25767.9,25771.4,0,25770.9625,PE,25650,70.4,289.1,2026-01-20 14:03:00+05:30,290.39,True,219.98999999999998,312.48579545454544
2026-01-14 12:22:00+05:30,2026-01-20,Tuesday,Wednesday,25771.45,25774.9,25764.15,25769.3,0,25769.95,CE,25900,72.95,288.3,2026-01-20 15:29:00+05:30,0.05,False,-72.9,-99.93145990404388
2026-01-14 12:22:00+05:30,2026-01-20,Tuesday,Wednesday,25771.45,25774.9,25764.15,25769.3,0,25769.95,PE,25650,71.2,288.3,2026-01-20 14:03:00+05:30,290.39,True,219.19,307.8511235955056
2026-01-14 12:23:00+05:30,2026-01-20,Tuesday,Wednesday,25768.25,25772.0,25767.3,25770.4,0,25769.487500000003,CE,25900,73.84,288.28,2026-01-20 15:29:00+05:30,0.05,False,-73.79,-99.93228602383533
2026-01-14 12:23:00+05:30,2026-01-20,Tuesday,Wednesday,25768.25,25772.0,25767.3,25770.4,0,25769.487500000003,PE,25650,70.3,288.28,2026-01-20 14:03:00+05:30,290.39,True,220.08999999999997,313.07254623044093
2026-01-14 12:24:00+05:30,2026-01-20,Tuesday,Wednesday,25770.85,25773.75,25767.75,25767.75,0,25770.025,CE,25900,73.7,289.20000000000005,2026-01-20 15:29:00+05:30,0.05,False,-73.65,-99.93215739484397
2026-01-14 12:24:00+05:30,2026-01-20,Tuesday,Wednesday,25770.85,25773.75,25767.75,25767.75,0,25770.025,PE,25650,70.9,289.20000000000005,2026-01-20 14:03:00+05:30,290.39,True,219.48999999999998,309.57686882933706
2026-01-14 12:25:00+05:30,2026-01-20,Tuesday,Wednesday,25767.9,25773.65,25767.45,25768.55,0,25769.3875,CE,25900,73.65,287.9,2026-01-20 15:29:00+05:30,0.05,False,-73.60000000000001,-99.93211133740665
2026-01-14 12:25:00+05:30,2026-01-20,Tuesday,Wednesday,25767.9,25773.65,25767.45,25768.55,0,25769.3875,PE,25650,70.3,287.9,2026-01-20 14:03:00+05:30,290.39,True,220.08999999999997,313.07254623044093
2026-01-14 12:26:00+05:30,2026-01-20,Tuesday,Wednesday,25769.2,25769.55,25757.9,25757.9,0,25763.637499999997,CE,25900,69.55,286.4,2026-01-20 15:29:00+05:30,0.05,False,-69.5,-99.92810927390367
2026-01-14 12:26:00+05:30,2026-01-20,Tuesday,Wednesday,25769.2,25769.55,25757.9,25757.9,0,25763.637499999997,PE,25650,73.65,286.4,2026-01-20 14:03:00+05:30,290.39,True,216.73999999999998,294.28377460964015
2026-01-14 12:27:00+05:30,2026-01-20,Tuesday,Wednesday,25757.55,25760.15,25756.7,25758.1,0,25758.125,CE,25900,69.95,287.4,2026-01-20 15:29:00+05:30,0.05,False,-69.9,-99.92852037169408
2026-01-14 12:27:00+05:30,2026-01-20,Tuesday,Wednesday,25757.55,25760.15,25756.7,25758.1,0,25758.125,PE,25650,73.75,287.4,2026-01-20 14:03:00+05:30,290.39,True,216.64,293.7491525423729
2026-01-14 12:28:00+05:30,2026-01-20,Tuesday,Wednesday,25758.25,25758.25,25751.5,25754.2,0,25755.55,CE,25900,68.75,285.3,2026-01-20 15:29:00+05:30,0.05,False,-68.7,-99.92727272727274
2026-01-14 12:28:00+05:30,2026-01-20,Tuesday,Wednesday,25758.25,25758.25,25751.5,25754.2,0,25755.55,PE,25650,73.9,285.3,2026-01-20 14:03:00+05:30,290.39,True,216.48999999999998,292.9499323410013
2026-01-14 12:29:00+05:30,2026-01-20,Tuesday,Wednesday,25754.4,25759.7,25752.95,25755.85,0,25755.725,CE,25900,69.55,285.6,2026-01-20 15:29:00+05:30,0.05,False,-69.5,-99.92810927390367
2026-01-14 12:29:00+05:30,2026-01-20,Tuesday,Wednesday,25754.4,25759.7,25752.95,25755.85,0,25755.725,PE,25650,73.25,285.6,2026-01-20 14:03:00+05:30,290.39,True,217.14,296.43686006825936
2026-01-14 12:30:00+05:30,2026-01-20,Tuesday,Wednesday,25756.1,25765.2,25756.1,25761.1,0,25759.625,CE,25900,70.7,285.9,2026-01-20 15:29:00+05:30,0.05,False,-70.65,-99.92927864214994
2026-01-14 12:30:00+05:30,2026-01-20,Tuesday,Wednesday,25756.1,25765.2,25756.1,25761.1,0,25759.625,PE,25650,72.25,285.9,2026-01-20 14:03:00+05:30,290.39,True,218.14,301.9238754325259
2026-01-14 12:31:00+05:30,2026-01-20,Tuesday,Wednesday,25761.05,25765.65,25760.55,25765.6,0,25763.2125,CE,25900,72.45,286.0,2026-01-20 15:29:00+05:30,0.05,False,-72.4,-99.93098688750864
2026-01-14 12:31:00+05:30,2026-01-20,Tuesday,Wednesday,25761.05,25765.65,25760.55,25765.6,0,25763.2125,PE,25650,70.55,286.0,2026-01-20 14:03:00+05:30,290.39,True,219.83999999999997,311.6087880935507
2026-01-14 12:32:00+05:30,2026-01-20,Tuesday,Wednesday,25765.6,25767.35,25761.45,25766.8,0,25765.3,CE,25900,72.84,284.78,2026-01-20 15:29:00+05:30,0.05,False,-72.79,-99.93135639758376
2026-01-14 12:32:00+05:30,2026-01-20,Tuesday,Wednesday,25765.6,25767.35,25761.45,25766.8,0,25765.3,PE,25650,69.55,284.78,2026-01-20 14:03:00+05:30,290.39,True,220.83999999999997,317.52695902228606
2026-01-14 12:33:00+05:30,2026-01-20,Tuesday,Wednesday,25766.7,25767.55,25761.15,25762.6,0,25764.5,CE,25900,70.45,284.3,2026-01-20 15:29:00+05:30,0.05,False,-70.4,-99.92902767920512
2026-01-14 12:33:00+05:30,2026-01-20,Tuesday,Wednesday,25766.7,25767.55,25761.15,25762.6,0,25764.5,PE,25650,71.7,284.3,2026-01-20 14:03:00+05:30,290.39,True,218.69,305.0069735006973
2026-01-14 12:34:00+05:30,2026-01-20,Tuesday,Wednesday,25762.55,25765.85,25760.65,25765.15,0,25763.549999999996,CE,25900,71.9,283.8,2026-01-20 15:29:00+05:30,0.05,False,-71.85000000000001,-99.93045897079277
2026-01-14 12:34:00+05:30,2026-01-20,Tuesday,Wednesday,25762.55,25765.85,25760.65,25765.15,0,25763.549999999996,PE,25650,70.0,283.8,2026-01-20 14:03:00+05:30,290.39,True,220.39,314.8428571428571
2026-01-14 12:35:00+05:30,2026-01-20,Tuesday,Wednesday,25765.1,25774.9,25764.75,25772.4,0,25769.2875,CE,25900,73.84,285.18,2026-01-20 15:29:00+05:30,0.05,False,-73.79,-99.93228602383533
2026-01-14 12:35:00+05:30,2026-01-20,Tuesday,Wednesday,25765.1,25774.9,25764.75,25772.4,0,25769.2875,PE,25650,68.75,285.18,2026-01-20 14:03:00+05:30,290.39,True,221.64,322.38545454545454
2026-01-14 12:36:00+05:30,2026-01-20,Tuesday,Wednesday,25773.4,25775.85,25770.45,25773.95,0,25773.4125,CE,25900,72.84,284.48,2026-01-20 15:29:00+05:30,0.05,False,-72.79,-99.93135639758376
2026-01-14 12:36:00+05:30,2026-01-20,Tuesday,Wednesday,25773.4,25775.85,25770.45,25773.95,0,25773.4125,PE,25650,69.4,284.48,2026-01-20 14:03:00+05:30,290.39,True,220.98999999999998,318.42939481268
2026-01-14 12:37:00+05:30,2026-01-20,Tuesday,Wednesday,25774.4,25776.15,25772.8,25775.5,0,25774.7125,CE,25900,74.25,284.5,2026-01-20 15:29:00+05:30,0.05,False,-74.2,-99.93265993265994
2026-01-14 12:37:00+05:30,2026-01-20,Tuesday,Wednesday,25774.4,25776.15,25772.8,25775.5,0,25774.7125,PE,25650,68.0,284.5,2026-01-20 14:03:00+05:30,290.39,True,222.39,327.0441176470588
2026-01-14 12:38:00+05:30,2026-01-20,Tuesday,Wednesday,25775.0,25780.9,25767.4,25775.8,0,25774.775,CE,25900,74.5,284.5,2026-01-20 15:29:00+05:30,0.05,False,-74.45,-99.93288590604027
2026-01-14 12:38:00+05:30,2026-01-20,Tuesday,Wednesday,25775.0,25780.9,25767.4,25775.8,0,25774.775,PE,25650,67.75,284.5,2026-01-20 14:03:00+05:30,290.39,True,222.64,328.619926199262
2026-01-14 12:39:00+05:30,2026-01-20,Tuesday,Wednesday,25775.65,25776.85,25770.0,25772.85,0,25773.8375,CE,25900,73.8,284.4,2026-01-20 15:29:00+05:30,0.05,False,-73.75,-99.93224932249322
2026-01-14 12:39:00+05:30,2026-01-20,Tuesday,Wednesday,25775.65,25776.85,25770.0,25772.85,0,25773.8375,PE,25650,68.4,284.4,2026-01-20 14:03:00+05:30,290.39,True,221.98999999999998,324.54678362573094
2026-01-14 12:40:00+05:30,2026-01-20,Tuesday,Wednesday,25772.05,25777.5,25771.7,25773.6,0,25773.7125,CE,25900,74.3,285.28,2026-01-20 15:29:00+05:30,0.05,False,-74.25,-99.93270524899059
2026-01-14 12:40:00+05:30,2026-01-20,Tuesday,Wednesday,25772.05,25777.5,25771.7,25773.6,0,25773.7125,PE,25650,68.34,285.28,2026-01-20 14:03:00+05:30,290.39,True,222.04999999999998,324.9195200468247
2026-01-14 12:41:00+05:30,2026-01-20,Tuesday,Wednesday,25773.45,25775.85,25769.2,25769.2,0,25771.925,CE,25900,71.95,284.8,2026-01-20 15:29:00+05:30,0.05,False,-71.9,-99.93050729673385
2026-01-14 12:41:00+05:30,2026-01-20,Tuesday,Wednesday,25773.45,25775.85,25769.2,25769.2,0,25771.925,PE,25650,70.45,284.8,2026-01-20 14:03:00+05:30,290.39,True,219.94,312.1930447125621
2026-01-14 12:42:00+05:30,2026-01-20,Tuesday,Wednesday,25768.75,25769.6,25757.0,25758.1,0,25763.362500000003,CE,25900,68.55,283.2,2026-01-20 15:29:00+05:30,0.05,False,-68.5,-99.927060539752
2026-01-14 12:42:00+05:30,2026-01-20,Tuesday,Wednesday,25768.75,25769.6,25757.0,25758.1,0,25763.362500000003,PE,25650,73.05,283.2,2026-01-20 14:03:00+05:30,290.39,True,217.33999999999997,297.52224503764546
2026-01-14 12:43:00+05:30,2026-01-20,Tuesday,Wednesday,25758.45,25759.35,25756.35,25759.05,0,25758.3,CE,25900,69.84,283.58000000000004,2026-01-20 15:29:00+05:30,0.05,False,-69.79,-99.92840778923254
2026-01-14 12:43:00+05:30,2026-01-20,Tuesday,Wednesday,25758.45,25759.35,25756.35,25759.05,0,25758.3,PE,25650,71.95,283.58000000000004,2026-01-20 14:03:00+05:30,290.39,True,218.44,303.5997220291869
2026-01-14 12:44:00+05:30,2026-01-20,Tuesday,Wednesday,25758.7,25759.3,25751.85,25753.45,0,25755.825,CE,25900,68.45,284.0,2026-01-20 15:29:00+05:30,0.05,False,-68.4,-99.92695398100804
2026-01-14 12:44:00+05:30,2026-01-20,Tuesday,Wednesday,25758.7,25759.3,25751.85,25753.45,0,25755.825,PE,25650,73.55,284.0,2026-01-20 14:03:00+05:30,290.39,True,216.83999999999997,294.81985044187627
2026-01-14 12:45:00+05:30,2026-01-20,Tuesday,Wednesday,25753.5,25760.5,25752.25,25759.5,0,25756.4375,CE,25900,70.34,283.98,2026-01-20 15:29:00+05:30,0.05,False,-70.29,-99.9289166903611
2026-01-14 12:45:00+05:30,2026-01-20,Tuesday,Wednesday,25753.5,25760.5,25752.25,25759.5,0,25756.4375,PE,25650,71.65,283.98,2026-01-20 14:03:00+05:30,290.39,True,218.73999999999998,305.2896022330774
2026-01-14 12:46:00+05:30,2026-01-20,Tuesday,Wednesday,25760.55,25765.85,25759.3,25763.35,0,25762.262499999997,CE,25900,70.8,284.4,2026-01-20 15:29:00+05:30,0.05,False,-70.75,-99.92937853107345
2026-01-14 12:46:00+05:30,2026-01-20,Tuesday,Wednesday,25760.55,25765.85,25759.3,25763.35,0,25762.262499999997,PE,25650,71.4,284.4,2026-01-20 14:03:00+05:30,290.39,True,218.98999999999998,306.70868347338927
2026-01-14 12:47:00+05:30,2026-01-20,Tuesday,Wednesday,25761.7,25768.2,25759.6,25767.45,0,25764.2375,CE,25900,72.15,283.4,2026-01-20 15:29:00+05:30,0.05,False,-72.10000000000001,-99.93069993069994
2026-01-14 12:47:00+05:30,2026-01-20,Tuesday,Wednesday,25761.7,25768.2,25759.6,25767.45,0,25764.2375,PE,25650,69.55,283.4,2026-01-20 14:03:00+05:30,290.39,True,220.83999999999997,317.52695902228606
2026-01-14 12:48:00+05:30,2026-01-20,Tuesday,Wednesday,25767.55,25769.45,25761.1,25762.65,0,25765.1875,CE,25900,68.4,283.3,2026-01-20 15:29:00+05:30,0.05,False,-68.35000000000001,-99.92690058479533
2026-01-14 12:48:00+05:30,2026-01-20,Tuesday,Wednesday,25767.55,25769.45,25761.1,25762.65,0,25765.1875,PE,25650,73.25,283.3,2026-01-20 14:03:00+05:30,290.39,True,217.14,296.43686006825936
2026-01-14 12:49:00+05:30,2026-01-20,Tuesday,Wednesday,25762.2,25764.95,25753.7,25754.85,0,25758.925000000003,CE,25900,66.7,283.4,2026-01-20 15:29:00+05:30,0.05,False,-66.65,-99.92503748125937
2026-01-14 12:49:00+05:30,2026-01-20,Tuesday,Wednesday,25762.2,25764.95,25753.7,25754.85,0,25758.925000000003,PE,25650,75.0,283.4,2026-01-20 14:03:00+05:30,290.39,True,215.39,287.18666666666667
2026-01-14 12:50:00+05:30,2026-01-20,Tuesday,Wednesday,25753.4,25756.1,25748.75,25748.9,0,25751.7875,CE,25900,65.25,253.4,2026-01-20 15:29:00+05:30,0.05,False,-65.2,-99.92337164750958
2026-01-14 12:50:00+05:30,2026-01-20,Tuesday,Wednesday,25753.4,25756.1,25748.75,25748.9,0,25751.7875,PE,25600,61.45,253.4,2026-01-20 14:51:00+05:30,267.55,True,206.10000000000002,335.39462978030923
2026-01-14 12:51:00+05:30,2026-01-20,Tuesday,Wednesday,25749.1,25749.8,25742.25,25743.1,0,25746.0625,CE,25850,80.15,285.5,2026-01-20 15:29:00+05:30,0.05,False,-80.10000000000001,-99.93761696818466
2026-01-14 12:51:00+05:30,2026-01-20,Tuesday,Wednesday,25749.1,25749.8,25742.25,25743.1,0,25746.0625,PE,25600,62.6,285.5,2026-01-20 15:00:00+05:30,299.5,True,236.9,378.4345047923323
2026-01-14 12:52:00+05:30,2026-01-20,Tuesday,Wednesday,25742.95,25745.05,25741.15,25743.35,0,25743.125,CE,25850,80.9,286.4,2026-01-20 15:29:00+05:30,0.05,False,-80.85000000000001,-99.93819530284303
2026-01-14 12:52:00+05:30,2026-01-20,Tuesday,Wednesday,25742.95,25745.05,25741.15,25743.35,0,25743.125,PE,25600,62.3,286.4,2026-01-20 15:00:00+05:30,299.5,True,237.2,380.73836276083466
2026-01-14 12:53:00+05:30,2026-01-20,Tuesday,Wednesday,25743.7,25748.3,25742.3,25748.3,0,25745.65,CE,25850,83.4,287.70000000000005,2026-01-20 15:29:00+05:30,0.05,False,-83.35000000000001,-99.9400479616307
2026-01-14 12:53:00+05:30,2026-01-20,Tuesday,Wednesday,25743.7,25748.3,25742.3,25748.3,0,25745.65,PE,25600,60.45,287.70000000000005,2026-01-20 15:00:00+05:30,299.5,True,239.05,395.4507857733664
2026-01-14 12:54:00+05:30,2026-01-20,Tuesday,Wednesday,25747.85,25752.85,25746.1,25747.85,0,25748.6625,CE,25900,63.95,251.7,2026-01-20 15:29:00+05:30,0.05,False,-63.900000000000006,-99.92181391712276
2026-01-14 12:54:00+05:30,2026-01-20,Tuesday,Wednesday,25747.85,25752.85,25746.1,25747.85,0,25748.6625,PE,25600,61.9,251.7,2026-01-20 14:42:00+05:30,252.55,True,190.65,307.9967689822294
2026-01-14 12:55:00+05:30,2026-01-20,Tuesday,Wednesday,25747.65,25748.7,25741.75,25745.55,0,25745.912500000002,CE,25850,81.65,286.9,2026-01-20 15:29:00+05:30,0.05,False,-81.60000000000001,-99.93876301285977
2026-01-14 12:55:00+05:30,2026-01-20,Tuesday,Wednesday,25747.65,25748.7,25741.75,25745.55,0,25745.912500000002,PE,25600,61.8,286.9,2026-01-20 15:00:00+05:30,299.5,True,237.7,384.62783171521033
2026-01-14 12:56:00+05:30,2026-01-20,Tuesday,Wednesday,25745.25,25747.65,25742.55,25745.0,0,25745.1125,CE,25850,79.7,284.7,2026-01-20 15:29:00+05:30,0.05,False,-79.65,-99.93726474278544
2026-01-14 12:56:00+05:30,2026-01-20,Tuesday,Wednesday,25745.25,25747.65,25742.55,25745.0,0,25745.1125,PE,25600,62.65,284.7,2026-01-20 15:00:00+05:30,299.5,True,236.85,378.05267358339984
2026-01-14 12:57:00+05:30,2026-01-20,Tuesday,Wednesday,25744.5,25748.05,25743.75,25746.65,0,25745.737500000003,CE,25850,81.5,286.4,2026-01-20 15:29:00+05:30,0.05,False,-81.45,-99.93865030674847
2026-01-14 12:57:00+05:30,2026-01-20,Tuesday,Wednesday,25744.5,25748.05,25743.75,25746.65,0,25745.737500000003,PE,25600,61.7,286.4,2026-01-20 15:00:00+05:30,299.5,True,237.8,385.4132901134522
2026-01-14 12:58:00+05:30,2026-01-20,Tuesday,Wednesday,25747.35,25753.45,25745.1,25746.15,0,25748.012499999997,CE,25900,63.85,250.10000000000002,2026-01-20 15:29:00+05:30,0.05,False,-63.800000000000004,-99.92169146436962
2026-01-14 12:58:00+05:30,2026-01-20,Tuesday,Wednesday,25747.35,25753.45,25745.1,25746.15,0,25748.012499999997,PE,25600,61.2,250.10000000000002,2026-01-20 14:42:00+05:30,252.55,True,191.35000000000002,312.6633986928105
2026-01-14 12:59:00+05:30,2026-01-20,Tuesday,Wednesday,25746.4,25749.7,25745.2,25749.2,0,25747.625,CE,25900,64.95,250.7,2026-01-20 15:29:00+05:30,0.05,False,-64.9,-99.92301770592763
2026-01-14 12:59:00+05:30,2026-01-20,Tuesday,Wednesday,25746.4,25749.7,25745.2,25749.2,0,25747.625,PE,25600,60.4,250.7,2026-01-20 14:42:00+05:30,252.55,True,192.15,318.1291390728477
2026-01-14 13:00:00+05:30,2026-01-20,Tuesday,Wednesday,25749.1,25754.05,25748.1,25748.1,0,25749.8375,CE,25900,63.35,249.2,2026-01-20 15:29:00+05:30,0.05,False,-63.300000000000004,-99.9210734017364
2026-01-14 13:00:00+05:30,2026-01-20,Tuesday,Wednesday,25749.1,25754.05,25748.1,25748.1,0,25749.8375,PE,25600,61.25,249.2,2026-01-20 14:42:00+05:30,252.55,True,191.3,312.32653061224494
2026-01-14 13:01:00+05:30,2026-01-20,Tuesday,Wednesday,25748.2,25748.2,25737.85,25739.05,0,25743.325,CE,25850,78.25,281.7,2026-01-20 15:29:00+05:30,0.05,False,-78.2,-99.93610223642173
2026-01-14 13:01:00+05:30,2026-01-20,Tuesday,Wednesday,25748.2,25748.2,25737.85,25739.05,0,25743.325,PE,25600,62.6,281.7,2026-01-20 14:59:00+05:30,283.05,True,220.45000000000002,352.1565495207668
2026-01-14 13:02:00+05:30,2026-01-20,Tuesday,Wednesday,25740.15,25741.55,25738.75,25741.2,0,25740.4125,CE,25850,79.8,283.0,2026-01-20 15:29:00+05:30,0.05,False,-79.75,-99.93734335839599
2026-01-14 13:02:00+05:30,2026-01-20,Tuesday,Wednesday,25740.15,25741.55,25738.75,25741.2,0,25740.4125,PE,25600,61.7,283.0,2026-01-20 14:59:00+05:30,283.05,True,221.35000000000002,358.7520259319287
2026-01-14 13:03:00+05:30,2026-01-20,Tuesday,Wednesday,25741.25,25745.0,25736.65,25736.65,0,25739.887499999997,CE,25850,77.45,281.4,2026-01-20 15:29:00+05:30,0.05,False,-77.4,-99.9354422207876
2026-01-14 13:03:00+05:30,2026-01-20,Tuesday,Wednesday,25741.25,25745.0,25736.65,25736.65,0,25739.887499999997,PE,25600,63.25,281.4,2026-01-20 14:59:00+05:30,283.05,True,219.8,347.50988142292493
2026-01-14 13:04:00+05:30,2026-01-20,Tuesday,Wednesday,25736.65,25742.25,25736.05,25740.5,0,25738.8625,CE,25850,80.34,283.88,2026-01-20 15:29:00+05:30,0.05,False,-80.29,-99.9377645008713
2026-01-14 13:04:00+05:30,2026-01-20,Tuesday,Wednesday,25736.65,25742.25,25736.05,25740.5,0,25738.8625,PE,25600,61.6,283.88,2026-01-20 15:00:00+05:30,299.5,True,237.9,386.2012987012987
2026-01-14 13:05:00+05:30,2026-01-20,Tuesday,Wednesday,25740.45,25752.85,25740.45,25745.45,0,25744.8,CE,25850,81.5,283.9,2026-01-20 15:29:00+05:30,0.05,False,-81.45,-99.93865030674847
2026-01-14 13:05:00+05:30,2026-01-20,Tuesday,Wednesday,25740.45,25752.85,25740.45,25745.45,0,25744.8,PE,25600,60.45,283.9,2026-01-20 15:00:00+05:30,299.5,True,239.05,395.4507857733664
2026-01-14 13:06:00+05:30,2026-01-20,Tuesday,Wednesday,25745.9,25751.6,25745.4,25750.4,0,25748.324999999997,CE,25900,64.84,248.28,2026-01-20 15:29:00+05:30,0.05,False,-64.79,-99.92288710672425
2026-01-14 13:06:00+05:30,2026-01-20,Tuesday,Wednesday,25745.9,25751.6,25745.4,25750.4,0,25748.324999999997,PE,25600,59.3,248.28,2026-01-20 14:42:00+05:30,252.55,True,193.25,325.88532883642495
2026-01-14 13:07:00+05:30,2026-01-20,Tuesday,Wednesday,25750.55,25752.55,25746.7,25747.85,0,25749.4125,CE,25900,62.65,248.0,2026-01-20 15:29:00+05:30,0.05,False,-62.6,-99.92019154030328
2026-01-14 13:07:00+05:30,2026-01-20,Tuesday,Wednesday,25750.55,25752.55,25746.7,25747.85,0,25749.4125,PE,25600,61.35,248.0,2026-01-20 14:42:00+05:30,252.55,True,191.20000000000002,311.6544417277914
2026-01-14 13:08:00+05:30,2026-01-20,Tuesday,Wednesday,25747.6,25749.1,25746.3,25747.45,0,25747.6125,CE,25900,62.9,247.39999999999998,2026-01-20 15:29:00+05:30,0.05,False,-62.85,-99.92050874403816
2026-01-14 13:08:00+05:30,2026-01-20,Tuesday,Wednesday,25747.6,25749.1,25746.3,25747.45,0,25747.6125,PE,25600,60.8,247.39999999999998,2026-01-20 14:42:00+05:30,252.55,True,191.75,315.3782894736842
2026-01-14 13:09:00+05:30,2026-01-20,Tuesday,Wednesday,25747.7,25753.8,25745.0,25753.35,0,25749.9625,CE,25900,64.5,247.1,2026-01-20 15:29:00+05:30,0.05,False,-64.45,-99.92248062015504
2026-01-14 13:09:00+05:30,2026-01-20,Tuesday,Wednesday,25747.7,25753.8,25745.0,25753.35,0,25749.9625,PE,25600,59.05,247.1,2026-01-20 14:42:00+05:30,252.55,True,193.5,327.688399661304
2026-01-14 13:10:00+05:30,2026-01-20,Tuesday,Wednesday,25753.0,25760.1,25751.6,25759.75,0,25756.1125,CE,25900,67.0,274.68,2026-01-20 15:29:00+05:30,0.05,False,-66.95,-99.92537313432837
2026-01-14 13:10:00+05:30,2026-01-20,Tuesday,Wednesday,25753.0,25760.1,25751.6,25759.75,0,25756.1125,PE,25650,70.34,274.68,2026-01-20 13:40:00+05:30,276.45,True,206.10999999999999,293.0196189934603
2026-01-14 13:11:00+05:30,2026-01-20,Tuesday,Wednesday,25759.65,25761.5,25756.95,25757.35,0,25758.862500000003,CE,25900,66.34,274.36,2026-01-20 15:29:00+05:30,0.05,False,-66.29,-99.92463069038287
2026-01-14 13:11:00+05:30,2026-01-20,Tuesday,Wednesday,25759.65,25761.5,25756.95,25757.35,0,25758.862500000003,PE,25650,70.84,274.36,2026-01-20 13:40:00+05:30,276.45,True,205.60999999999999,290.24562394127605
2026-01-14 13:12:00+05:30,2026-01-20,Tuesday,Wednesday,25758.1,25758.9,25753.9,25754.2,0,25756.274999999998,CE,25900,65.05,274.7,2026-01-20 15:29:00+05:30,0.05,False,-65.0,-99.92313604919293
2026-01-14 13:12:00+05:30,2026-01-20,Tuesday,Wednesday,25758.1,25758.9,25753.9,25754.2,0,25756.274999999998,PE,25650,72.3,274.7,2026-01-20 13:40:00+05:30,276.45,True,204.14999999999998,282.36514522821574
2026-01-14 13:13:00+05:30,2026-01-20,Tuesday,Wednesday,25756.15,25756.15,25747.4,25748.7,0,25752.100000000002,CE,25900,64.3,246.0,2026-01-20 15:29:00+05:30,0.05,False,-64.25,-99.92223950233281
2026-01-14 13:13:00+05:30,2026-01-20,Tuesday,Wednesday,25756.15,25756.15,25747.4,25748.7,0,25752.100000000002,PE,25600,58.7,246.0,2026-01-20 14:42:00+05:30,252.55,True,193.85000000000002,330.2385008517888
2026-01-14 13:14:00+05:30,2026-01-20,Tuesday,Wednesday,25749.45,25756.4,25746.0,25747.15,0,25749.75,CE,25900,61.85,245.0,2026-01-20 15:29:00+05:30,0.05,False,-61.800000000000004,-99.91915925626516
2026-01-14 13:14:00+05:30,2026-01-20,Tuesday,Wednesday,25749.45,25756.4,25746.0,25747.15,0,25749.75,PE,25600,60.65,245.0,2026-01-20 14:42:00+05:30,252.55,True,191.9,316.40560593569666
2026-01-14 13:15:00+05:30,2026-01-20,Tuesday,Wednesday,25746.75,25751.3,25746.15,25750.25,0,25748.612500000003,CE,25900,64.65,245.60000000000002,2026-01-20 15:29:00+05:30,0.05,False,-64.60000000000001,-99.92266047950503
2026-01-14 13:15:00+05:30,2026-01-20,Tuesday,Wednesday,25746.75,25751.3,25746.15,25750.25,0,25748.612500000003,PE,25600,58.15,245.60000000000002,2026-01-20 14:42:00+05:30,252.55,True,194.4,334.30782459157354
2026-01-14 13:16:00+05:30,2026-01-20,Tuesday,Wednesday,25750.5,25757.3,25749.4,25750.55,0,25751.937500000004,CE,25900,63.75,245.8,2026-01-20 15:29:00+05:30,0.05,False,-63.7,-99.92156862745098
2026-01-14 13:16:00+05:30,2026-01-20,Tuesday,Wednesday,25750.5,25757.3,25749.4,25750.55,0,25751.937500000004,PE,25600,59.15,245.8,2026-01-20 14:42:00+05:30,252.55,True,193.4,326.9653423499578
2026-01-14 13:17:00+05:30,2026-01-20,Tuesday,Wednesday,25750.35,25750.9,25745.55,25748.5,0,25748.825,CE,25900,63.65,246.1,2026-01-20 15:29:00+05:30,0.05,False,-63.6,-99.92144540455618
2026-01-14 13:17:00+05:30,2026-01-20,Tuesday,Wednesday,25750.35,25750.9,25745.55,25748.5,0,25748.825,PE,25600,59.4,246.1,2026-01-20 14:42:00+05:30,252.55,True,193.15,325.1683501683502
2026-01-14 13:18:00+05:30,2026-01-20,Tuesday,Wednesday,25747.9,25748.75,25740.3,25741.0,0,25744.4875,CE,25850,78.8,278.7,2026-01-20 15:29:00+05:30,0.05,False,-78.75,-99.93654822335026
2026-01-14 13:18:00+05:30,2026-01-20,Tuesday,Wednesday,25747.9,25748.75,25740.3,25741.0,0,25744.4875,PE,25600,60.55,278.7,2026-01-20 14:59:00+05:30,283.05,True,222.5,367.4649050371594
2026-01-14 13:19:00+05:30,2026-01-20,Tuesday,Wednesday,25740.45,25746.85,25740.45,25743.05,0,25742.7,CE,25850,78.34,280.98,2026-01-20 15:29:00+05:30,0.05,False,-78.29,-99.93617564462599
2026-01-14 13:19:00+05:30,2026-01-20,Tuesday,Wednesday,25740.45,25746.85,25740.45,25743.05,0,25742.7,PE,25600,62.15,280.98,2026-01-20 14:59:00+05:30,283.05,True,220.9,355.430410297667
2026-01-14 13:20:00+05:30,2026-01-20,Tuesday,Wednesday,25743.5,25744.2,25734.25,25735.95,0,25739.475,CE,25850,75.05,276.2,2026-01-20 15:29:00+05:30,0.05,False,-75.0,-99.9333777481679
2026-01-14 13:20:00+05:30,2026-01-20,Tuesday,Wednesday,25743.5,25744.2,25734.25,25735.95,0,25739.475,PE,25600,63.05,276.2,2026-01-20 14:59:00+05:30,283.05,True,220.0,348.92942109436956
2026-01-14 13:21:00+05:30,2026-01-20,Tuesday,Wednesday,25736.35,25739.7,25722.6,25724.4,0,25730.762499999997,CE,25850,69.5,273.18,2026-01-20 15:29:00+05:30,0.05,False,-69.45,-99.92805755395683
2026-01-14 13:21:00+05:30,2026-01-20,Tuesday,Wednesday,25736.35,25739.7,25722.6,25724.4,0,25730.762499999997,PE,25600,67.09,273.18,2026-01-20 14:59:00+05:30,283.05,True,215.96,321.8959606498733
2026-01-14 13:22:00+05:30,2026-01-20,Tuesday,Wednesday,25723.75,25726.15,25718.95,25724.45,0,25723.325,CE,25850,70.2,273.70000000000005,2026-01-20 15:29:00+05:30,0.05,False,-70.15,-99.92877492877493
2026-01-14 13:22:00+05:30,2026-01-20,Tuesday,Wednesday,25723.75,25726.15,25718.95,25724.45,0,25723.325,PE,25600,66.65,273.70000000000005,2026-01-20 14:59:00+05:30,283.05,True,216.4,324.6811702925731
2026-01-14 13:23:00+05:30,2026-01-20,Tuesday,Wednesday,25724.35,25726.35,25718.9,25719.3,0,25722.225000000002,CE,25850,68.65,273.4,2026-01-20 15:29:00+05:30,0.05,False,-68.60000000000001,-99.92716678805536
2026-01-14 13:23:00+05:30,2026-01-20,Tuesday,Wednesday,25724.35,25726.35,25718.9,25719.3,0,25722.225000000002,PE,25600,68.05,273.4,2026-01-20 14:59:00+05:30,283.05,True,215.0,315.9441587068332
2026-01-14 13:24:00+05:30,2026-01-20,Tuesday,Wednesday,25719.0,25723.2,25716.95,25717.15,0,25719.074999999997,CE,25850,69.0,273.68,2026-01-20 15:29:00+05:30,0.05,False,-68.95,-99.92753623188406
2026-01-14 13:24:00+05:30,2026-01-20,Tuesday,Wednesday,25719.0,25723.2,25716.95,25717.15,0,25719.074999999997,PE,25600,67.84,273.68,2026-01-20 14:59:00+05:30,283.05,True,215.21,317.23172169811323
2026-01-14 13:25:00+05:30,2026-01-20,Tuesday,Wednesday,25716.9,25716.9,25705.6,25715.5,0,25713.725,CE,25850,69.2,275.4,2026-01-20 15:29:00+05:30,0.05,False,-69.15,-99.92774566473989
2026-01-14 13:25:00+05:30,2026-01-20,Tuesday,Wednesday,25716.9,25716.9,25705.6,25715.5,0,25713.725,PE,25600,68.5,275.4,2026-01-20 14:59:00+05:30,283.05,True,214.55,313.21167883211683
2026-01-14 13:26:00+05:30,2026-01-20,Tuesday,Wednesday,25715.95,25723.7,25715.2,25722.0,0,25719.2125,CE,25850,70.95,274.08000000000004,2026-01-20 15:29:00+05:30,0.05,False,-70.9,-99.92952783650459
2026-01-14 13:26:00+05:30,2026-01-20,Tuesday,Wednesday,25715.95,25723.7,25715.2,25722.0,0,25719.2125,PE,25600,66.09,274.08000000000004,2026-01-20 14:59:00+05:30,283.05,True,216.96,328.2796187017703
2026-01-14 13:27:00+05:30,2026-01-20,Tuesday,Wednesday,25722.1,25728.8,25717.9,25721.55,0,25722.587499999998,CE,25850,69.3,274.2,2026-01-20 15:29:00+05:30,0.05,False,-69.25,-99.92784992784993
2026-01-14 13:27:00+05:30,2026-01-20,Tuesday,Wednesday,25722.1,25728.8,25717.9,25721.55,0,25722.587499999998,PE,25600,67.8,274.2,2026-01-20 14:59:00+05:30,283.05,True,215.25,317.4778761061947
2026-01-14 13:28:00+05:30,2026-01-20,Tuesday,Wednesday,25720.2,25721.7,25714.4,25716.6,0,25718.225,CE,25850,68.75,274.3,2026-01-20 15:29:00+05:30,0.05,False,-68.7,-99.92727272727274
2026-01-14 13:28:00+05:30,2026-01-20,Tuesday,Wednesday,25720.2,25721.7,25714.4,25716.6,0,25718.225,PE,25600,68.4,274.3,2026-01-20 14:59:00+05:30,283.05,True,214.65,313.8157894736842
2026-01-14 13:29:00+05:30,2026-01-20,Tuesday,Wednesday,25716.6,25718.4,25712.85,25715.5,0,25715.8375,CE,25850,68.09,273.28,2026-01-20 15:29:00+05:30,0.05,False,-68.04,-99.92656777794096
2026-01-14 13:29:00+05:30,2026-01-20,Tuesday,Wednesday,25716.6,25718.4,25712.85,25715.5,0,25715.8375,PE,25600,68.55,273.28,2026-01-20 14:59:00+05:30,283.05,True,214.5,312.910284463895
2026-01-14 13:30:00+05:30,2026-01-20,Tuesday,Wednesday,25715.85,25718.45,25712.25,25717.15,0,25715.925000000003,CE,25850,68.8,273.4,2026-01-20 15:29:00+05:30,0.05,False,-68.75,-99.92732558139535
2026-01-14 13:30:00+05:30,2026-01-20,Tuesday,Wednesday,25715.85,25718.45,25712.25,25717.15,0,25715.925000000003,PE,25600,67.9,273.4,2026-01-20 14:59:00+05:30,283.05,True,215.15,316.8630338733431
2026-01-14 13:31:00+05:30,2026-01-20,Tuesday,Wednesday,25717.3,25718.55,25708.0,25708.0,0,25712.9625,CE,25850,65.45,273.20000000000005,2026-01-20 15:29:00+05:30,0.05,False,-65.4,-99.92360580595874
2026-01-14 13:31:00+05:30,2026-01-20,Tuesday,Wednesday,25717.3,25718.55,25708.0,25708.0,0,25712.9625,PE,25600,71.15,273.20000000000005,2026-01-20 14:59:00+05:30,283.05,True,211.9,297.8215038650738
2026-01-14 13:32:00+05:30,2026-01-20,Tuesday,Wednesday,25707.7,25707.85,25702.35,25704.55,0,25705.6125,CE,25850,64.8,272.28,2026-01-20 15:29:00+05:30,0.05,False,-64.75,-99.92283950617285
2026-01-14 13:32:00+05:30,2026-01-20,Tuesday,Wednesday,25707.7,25707.85,25702.35,25704.55,0,25705.6125,PE,25600,71.34,272.28,2026-01-20 14:59:00+05:30,283.05,True,211.71,296.7619848612279
2026-01-14 13:33:00+05:30,2026-01-20,Tuesday,Wednesday,25705.3,25706.85,25700.55,25704.15,0,25704.2125,CE,25850,65.09,273.78,2026-01-20 15:29:00+05:30,0.05,False,-65.04,-99.92318328468275
2026-01-14 13:33:00+05:30,2026-01-20,Tuesday,Wednesday,25705.3,25706.85,25700.55,25704.15,0,25704.2125,PE,25600,71.8,273.78,2026-01-20 14:59:00+05:30,283.05,True,211.25,294.22005571030644
2026-01-14 13:34:00+05:30,2026-01-20,Tuesday,Wednesday,25703.6,25707.95,25699.75,25700.35,0,25702.9125,CE,25850,64.65,245.3,2026-01-20 15:29:00+05:30,0.05,False,-64.60000000000001,-99.92266047950503
2026-01-14 13:34:00+05:30,2026-01-20,Tuesday,Wednesday,25703.6,25707.95,25699.75,25700.35,0,25702.9125,PE,25550,58.0,245.3,2026-01-20 15:00:00+05:30,249.4,True,191.4,330.0
2026-01-14 13:35:00+05:30,2026-01-20,Tuesday,Wednesday,25699.75,25708.95,25699.75,25708.2,0,25704.1625,CE,25850,67.15,274.3,2026-01-20 15:29:00+05:30,0.05,False,-67.10000000000001,-99.92553983618765
2026-01-14 13:35:00+05:30,2026-01-20,Tuesday,Wednesday,25699.75,25708.95,25699.75,25708.2,0,25704.1625,PE,25600,70.0,274.3,2026-01-20 14:59:00+05:30,283.05,True,213.05,304.35714285714283
2026-01-14 13:36:00+05:30,2026-01-20,Tuesday,Wednesday,25708.95,25709.35,25695.55,25695.75,0,25702.4,CE,25850,61.7,244.7,2026-01-20 15:29:00+05:30,0.05,False,-61.650000000000006,-99.91896272285251
2026-01-14 13:36:00+05:30,2026-01-20,Tuesday,Wednesday,25708.95,25709.35,25695.55,25695.75,0,25702.4,PE,25550,60.65,244.7,2026-01-20 15:00:00+05:30,249.4,True,188.75,311.2118713932399
2026-01-14 13:37:00+05:30,2026-01-20,Tuesday,Wednesday,25696.35,25696.35,25684.05,25684.75,0,25690.375,CE,25800,75.7,280.20000000000005,2026-01-20 15:29:00+05:30,0.1,False,-75.60000000000001,-99.86789960369882
2026-01-14 13:37:00+05:30,2026-01-20,Tuesday,Wednesday,25696.35,25696.35,25684.05,25684.75,0,25690.375,PE,25550,64.4,280.20000000000005,2026-01-20 15:10:00+05:30,296.39,True,231.98999999999998,360.2329192546583
2026-01-14 13:38:00+05:30,2026-01-20,Tuesday,Wednesday,25684.95,25685.6,25678.6,25682.8,0,25682.9875,CE,25800,76.4,279.9,2026-01-20 15:29:00+05:30,0.1,False,-76.30000000000001,-99.86910994764399
2026-01-14 13:38:00+05:30,2026-01-20,Tuesday,Wednesday,25684.95,25685.6,25678.6,25682.8,0,25682.9875,PE,25550,63.55,279.9,2026-01-20 15:10:00+05:30,296.39,True,232.83999999999997,366.3886703383163
2026-01-14 13:39:00+05:30,2026-01-20,Tuesday,Wednesday,25682.6,25686.25,25671.2,25671.2,0,25677.8125,CE,25800,73.0,283.6,2026-01-20 15:29:00+05:30,0.1,False,-72.9,-99.86301369863014
2026-01-14 13:39:00+05:30,2026-01-20,Tuesday,Wednesday,25682.6,25686.25,25671.2,25671.2,0,25677.8125,PE,25550,68.8,283.6,2026-01-20 15:10:00+05:30,296.39,True,227.58999999999997,330.7994186046511
2026-01-14 13:40:00+05:30,2026-01-20,Tuesday,Wednesday,25671.35,25674.55,25663.75,25665.9,0,25668.887499999997,CE,25800,71.84,285.28,2026-01-20 15:29:00+05:30,0.1,False,-71.74000000000001,-99.8608017817372
2026-01-14 13:40:00+05:30,2026-01-20,Tuesday,Wednesday,25671.35,25674.55,25663.75,25665.9,0,25668.887499999997,PE,25550,70.8,285.28,2026-01-20 15:10:00+05:30,296.39,True,225.58999999999997,318.62994350282486
2026-01-14 13:41:00+05:30,2026-01-20,Tuesday,Wednesday,25666.4,25678.8,25665.5,25678.4,0,25672.275,CE,25800,74.25,283.8,2026-01-20 15:29:00+05:30,0.1,False,-74.15,-99.86531986531986
2026-01-14 13:41:00+05:30,2026-01-20,Tuesday,Wednesday,25666.4,25678.8,25665.5,25678.4,0,25672.275,PE,25550,67.65,283.8,2026-01-20 15:10:00+05:30,296.39,True,228.73999999999998,338.1226903178122
2026-01-14 13:42:00+05:30,2026-01-20,Tuesday,Wednesday,25678.75,25683.1,25677.3,25678.0,0,25679.2875,CE,25800,73.7,283.20000000000005,2026-01-20 15:29:00+05:30,0.1,False,-73.60000000000001,-99.86431478968794
2026-01-14 13:42:00+05:30,2026-01-20,Tuesday,Wednesday,25678.75,25683.1,25677.3,25678.0,0,25679.2875,PE,25550,67.9,283.20000000000005,2026-01-20 15:10:00+05:30,296.39,True,228.48999999999998,336.50957290132544
2026-01-14 13:43:00+05:30,2026-01-20,Tuesday,Wednesday,25676.95,25678.55,25663.35,25665.2,0,25671.0125,CE,25800,71.25,284.9,2026-01-20 15:29:00+05:30,0.1,False,-71.15,-99.85964912280703
2026-01-14 13:43:00+05:30,2026-01-20,Tuesday,Wednesday,25676.95,25678.55,25663.35,25665.2,0,25671.0125,PE,25550,71.2,284.9,2026-01-20 15:10:00+05:30,296.39,True,225.19,316.2780898876404
2026-01-14 13:44:00+05:30,2026-01-20,Tuesday,Wednesday,25664.65,25666.7,25658.8,25659.35,0,25662.375,CE,25800,68.55,285.2,2026-01-20 15:29:00+05:30,0.1,False,-68.45,-99.85412107950403
2026-01-14 13:44:00+05:30,2026-01-20,Tuesday,Wednesday,25664.65,25666.7,25658.8,25659.35,0,25662.375,PE,25550,74.05,285.2,2026-01-20 15:10:00+05:30,296.39,True,222.33999999999997,300.2565833896016
2026-01-14 13:45:00+05:30,2026-01-20,Tuesday,Wednesday,25659.85,25659.85,25653.6,25656.25,0,25657.387499999997,CE,25800,68.59,284.36,2026-01-20 15:29:00+05:30,0.1,False,-68.49000000000001,-99.85420615250037
2026-01-14 13:45:00+05:30,2026-01-20,Tuesday,Wednesday,25659.85,25659.85,25653.6,25656.25,0,25657.387499999997,PE,25550,73.59,284.36,2026-01-20 15:10:00+05:30,296.39,True,222.79999999999998,302.7585269737736
2026-01-14 13:46:00+05:30,2026-01-20,Tuesday,Wednesday,25655.8,25660.15,25650.95,25658.55,0,25656.3625,CE,25800,68.8,285.1,2026-01-20 15:29:00+05:30,0.1,False,-68.7,-99.8546511627907
2026-01-14 13:46:00+05:30,2026-01-20,Tuesday,Wednesday,25655.8,25660.15,25650.95,25658.55,0,25656.3625,PE,25550,73.75,285.1,2026-01-20 15:10:00+05:30,296.39,True,222.64,301.8847457627119
2026-01-14 13:47:00+05:30,2026-01-20,Tuesday,Wednesday,25657.9,25669.2,25657.45,25668.65,0,25663.300000000003,CE,25800,70.75,282.9,2026-01-20 15:29:00+05:30,0.1,False,-70.65,-99.85865724381627
2026-01-14 13:47:00+05:30,2026-01-20,Tuesday,Wednesday,25657.9,25669.2,25657.45,25668.65,0,25663.300000000003,PE,25550,70.7,282.9,2026-01-20 15:10:00+05:30,296.39,True,225.69,319.2220650636492
2026-01-14 13:48:00+05:30,2026-01-20,Tuesday,Wednesday,25668.5,25669.0,25660.8,25661.55,0,25664.9625,CE,25800,70.2,283.58000000000004,2026-01-20 15:29:00+05:30,0.1,False,-70.10000000000001,-99.85754985754987
2026-01-14 13:48:00+05:30,2026-01-20,Tuesday,Wednesday,25668.5,25669.0,25660.8,25661.55,0,25664.9625,PE,25550,71.59,283.58000000000004,2026-01-20 15:10:00+05:30,296.39,True,224.79999999999998,314.0103366391954
2026-01-14 13:49:00+05:30,2026-01-20,Tuesday,Wednesday,25661.75,25666.7,25660.15,25661.65,0,25662.5625,CE,25800,70.65,285.48,2026-01-20 15:29:00+05:30,0.1,False,-70.55000000000001,-99.85845718329796
2026-01-14 13:49:00+05:30,2026-01-20,Tuesday,Wednesday,25661.75,25666.7,25660.15,25661.65,0,25662.5625,PE,25550,72.09,285.48,2026-01-20 15:10:00+05:30,296.39,True,224.29999999999998,311.1388542100152
2026-01-14 13:50:00+05:30,2026-01-20,Tuesday,Wednesday,25662.05,25668.25,25662.05,25665.25,0,25664.4,CE,25800,71.0,284.9,2026-01-20 15:29:00+05:30,0.1,False,-70.9,-99.85915492957747
2026-01-14 13:50:00+05:30,2026-01-20,Tuesday,Wednesday,25662.05,25668.25,25662.05,25665.25,0,25664.4,PE,25550,71.45,284.9,2026-01-20 15:10:00+05:30,296.39,True,224.94,314.82155353393983
2026-01-14 13:51:00+05:30,2026-01-20,Tuesday,Wednesday,25665.25,25670.85,25658.6,25658.6,0,25663.324999999997,CE,25800,68.5,285.68,2026-01-20 15:29:00+05:30,0.1,False,-68.4,-99.85401459854015
2026-01-14 13:51:00+05:30,2026-01-20,Tuesday,Wednesday,25665.25,25670.85,25658.6,25658.6,0,25663.324999999997,PE,25550,74.34,285.68,2026-01-20 15:10:00+05:30,296.39,True,222.04999999999998,298.6951842884046
2026-01-14 13:52:00+05:30,2026-01-20,Tuesday,Wednesday,25658.3,25658.3,25650.45,25651.4,0,25654.612500000003,CE,25800,67.09,287.28,2026-01-20 15:29:00+05:30,0.1,False,-66.99000000000001,-99.85094648978983
2026-01-14 13:52:00+05:30,2026-01-20,Tuesday,Wednesday,25658.3,25658.3,25650.45,25651.4,0,25654.612500000003,PE,25550,76.55,287.28,2026-01-20 15:10:00+05:30,296.39,True,219.83999999999997,287.1848465055519
2026-01-14 13:53:00+05:30,2026-01-20,Tuesday,Wednesday,25652.35,25652.35,25639.55,25648.55,0,25648.2,CE,25800,66.59,256.18,2026-01-20 15:29:00+05:30,0.1,False,-66.49000000000001,-99.84982730139662
2026-01-14 13:53:00+05:30,2026-01-20,Tuesday,Wednesday,25652.35,25652.35,25639.55,25648.55,0,25648.2,PE,25500,61.5,256.18,2026-01-20 15:11:00+05:30,263.0,True,201.5,327.6422764227642
2026-01-14 13:54:00+05:30,2026-01-20,Tuesday,Wednesday,25648.0,25648.0,25638.95,25638.95,0,25643.475,CE,25750,80.34,292.68,2026-01-20 15:29:00+05:30,0.1,False,-80.24000000000001,-99.8755290017426
2026-01-14 13:54:00+05:30,2026-01-20,Tuesday,Wednesday,25648.0,25648.0,25638.95,25638.95,0,25643.475,PE,25500,66.0,292.68,2026-01-20 15:29:00+05:30,266.64,False,200.64,303.99999999999994
2026-01-14 13:55:00+05:30,2026-01-20,Tuesday,Wednesday,25639.65,25645.45,25637.3,25642.0,0,25641.100000000002,CE,25750,82.25,292.0,2026-01-20 15:29:00+05:30,0.1,False,-82.15,-99.87841945288754
2026-01-14 13:55:00+05:30,2026-01-20,Tuesday,Wednesday,25639.65,25645.45,25637.3,25642.0,0,25641.100000000002,PE,25500,63.75,292.0,2026-01-20 15:29:00+05:30,266.64,False,202.89,318.25882352941176
2026-01-14 13:56:00+05:30,2026-01-20,Tuesday,Wednesday,25642.65,25643.15,25635.05,25637.05,0,25639.475000000002,CE,25750,80.45,292.08000000000004,2026-01-20 15:29:00+05:30,0.1,False,-80.35000000000001,-99.87569919204475
2026-01-14 13:56:00+05:30,2026-01-20,Tuesday,Wednesday,25642.65,25643.15,25635.05,25637.05,0,25639.475000000002,PE,25500,65.59,292.08000000000004,2026-01-20 15:29:00+05:30,266.64,False,201.04999999999998,306.5253849672206
2026-01-14 13:57:00+05:30,2026-01-20,Tuesday,Wednesday,25637.4,25637.55,25631.55,25632.15,0,25634.6625,CE,25750,79.0,290.0,2026-01-20 15:29:00+05:30,0.1,False,-78.9,-99.873417721519
2026-01-14 13:57:00+05:30,2026-01-20,Tuesday,Wednesday,25637.4,25637.55,25631.55,25632.15,0,25634.6625,PE,25500,66.0,290.0,2026-01-20 15:29:00+05:30,266.64,False,200.64,303.99999999999994
2026-01-14 13:58:00+05:30,2026-01-20,Tuesday,Wednesday,25632.55,25640.65,25631.2,25637.75,0,25635.5375,CE,25750,80.2,291.0,2026-01-20 15:29:00+05:30,0.1,False,-80.10000000000001,-99.87531172069825
2026-01-14 13:58:00+05:30,2026-01-20,Tuesday,Wednesday,25632.55,25640.65,25631.2,25637.75,0,25635.5375,PE,25500,65.3,291.0,2026-01-20 15:29:00+05:30,266.64,False,201.33999999999997,308.33078101071976
2026-01-14 13:59:00+05:30,2026-01-20,Tuesday,Wednesday,25637.7,25638.9,25633.7,25635.95,0,25636.5625,CE,25750,80.8,289.5,2026-01-20 15:29:00+05:30,0.1,False,-80.7,-99.87623762376239
2026-01-14 13:59:00+05:30,2026-01-20,Tuesday,Wednesday,25637.7,25638.9,25633.7,25635.95,0,25636.5625,PE,25500,63.95,289.5,2026-01-20 15:29:00+05:30,266.64,False,202.69,316.9507427677873
2026-01-14 14:00:00+05:30,2026-01-20,Tuesday,Wednesday,25636.05,25653.95,25634.15,25652.9,0,25644.262499999997,CE,25750,83.9,289.9,2026-01-20 15:29:00+05:30,0.1,False,-83.80000000000001,-99.88081048867701
2026-01-14 14:00:00+05:30,2026-01-20,Tuesday,Wednesday,25636.05,25653.95,25634.15,25652.9,0,25644.262499999997,PE,25500,61.05,289.9,2026-01-20 15:29:00+05:30,266.64,False,205.58999999999997,336.7567567567567
2026-01-14 14:01:00+05:30,2026-01-20,Tuesday,Wednesday,25653.7,25655.65,25646.6,25646.6,0,25650.637500000004,CE,25800,65.05,256.1,2026-01-20 15:29:00+05:30,0.1,False,-64.95,-99.84627209838587
2026-01-14 14:01:00+05:30,2026-01-20,Tuesday,Wednesday,25653.7,25655.65,25646.6,25646.6,0,25650.637500000004,PE,25500,63.0,256.1,2026-01-20 15:11:00+05:30,263.0,True,200.0,317.46031746031747
2026-01-14 14:02:00+05:30,2026-01-20,Tuesday,Wednesday,25646.45,25656.9,25646.3,25654.65,0,25651.075000000004,CE,25800,67.9,255.0,2026-01-20 15:29:00+05:30,0.1,False,-67.80000000000001,-99.85272459499265
2026-01-14 14:02:00+05:30,2026-01-20,Tuesday,Wednesday,25646.45,25656.9,25646.3,25654.65,0,25651.075000000004,PE,25500,59.6,255.0,2026-01-20 15:11:00+05:30,263.0,True,203.4,341.2751677852349
2026-01-14 14:03:00+05:30,2026-01-20,Tuesday,Wednesday,25654.35,25656.35,25644.75,25645.95,0,25650.35,CE,25800,66.09,256.08000000000004,2026-01-20 15:29:00+05:30,0.1,False,-65.99000000000001,-99.84869117869573
2026-01-14 14:03:00+05:30,2026-01-20,Tuesday,Wednesday,25654.35,25656.35,25644.75,25645.95,0,25650.35,PE,25500,61.95,256.08000000000004,2026-01-20 15:11:00+05:30,263.0,True,201.05,324.5359160613398
2026-01-14 14:04:00+05:30,2026-01-20,Tuesday,Wednesday,25646.0,25646.75,25637.5,25638.15,0,25642.1,CE,25750,79.2,290.3,2026-01-20 15:29:00+05:30,0.1,False,-79.10000000000001,-99.87373737373738
2026-01-14 14:04:00+05:30,2026-01-20,Tuesday,Wednesday,25646.0,25646.75,25637.5,25638.15,0,25642.1,PE,25500,65.95,290.3,2026-01-20 15:29:00+05:30,266.64,False,200.69,304.30629264594387
2026-01-14 14:05:00+05:30,2026-01-20,Tuesday,Wednesday,25637.75,25642.2,25632.2,25642.2,0,25638.587499999998,CE,25750,82.95,291.1,2026-01-20 15:29:00+05:30,0.1,False,-82.85000000000001,-99.87944544906571
2026-01-14 14:05:00+05:30,2026-01-20,Tuesday,Wednesday,25637.75,25642.2,25632.2,25642.2,0,25638.587499999998,PE,25500,62.6,291.1,2026-01-20 15:29:00+05:30,266.64,False,204.04,325.94249201277955
2026-01-14 14:06:00+05:30,2026-01-20,Tuesday,Wednesday,25640.9,25648.55,25640.9,25648.1,0,25644.612500000003,CE,25750,83.95,290.3,2026-01-20 15:29:00+05:30,0.1,False,-83.85000000000001,-99.88088147706969
2026-01-14 14:06:00+05:30,2026-01-20,Tuesday,Wednesday,25640.9,25648.55,25640.9,25648.1,0,25644.612500000003,PE,25500,61.2,290.3,2026-01-20 15:29:00+05:30,266.64,False,205.44,335.68627450980387
2026-01-14 14:07:00+05:30,2026-01-20,Tuesday,Wednesday,25647.4,25651.05,25644.15,25645.15,0,25646.9375,CE,25800,66.0,257.5,2026-01-20 15:29:00+05:30,0.1,False,-65.9,-99.84848484848486
2026-01-14 14:07:00+05:30,2026-01-20,Tuesday,Wednesday,25647.4,25651.05,25644.15,25645.15,0,25646.9375,PE,25500,62.75,257.5,2026-01-20 15:11:00+05:30,263.0,True,200.25,319.1235059760956
2026-01-14 14:08:00+05:30,2026-01-20,Tuesday,Wednesday,25645.05,25654.25,25644.8,25653.45,0,25649.3875,CE,25800,67.84,256.28,2026-01-20 15:29:00+05:30,0.1,False,-67.74000000000001,-99.85259433962264
2026-01-14 14:08:00+05:30,2026-01-20,Tuesday,Wednesday,25645.05,25654.25,25644.8,25653.45,0,25649.3875,PE,25500,60.3,256.28,2026-01-20 15:11:00+05:30,263.0,True,202.7,336.15257048092866
2026-01-14 14:09:00+05:30,2026-01-20,Tuesday,Wednesday,25652.45,25658.1,25645.6,25645.9,0,25650.512499999997,CE,25800,66.0,256.2,2026-01-20 15:29:00+05:30,0.1,False,-65.9,-99.84848484848486
2026-01-14 14:09:00+05:30,2026-01-20,Tuesday,Wednesday,25652.45,25658.1,25645.6,25645.9,0,25650.512499999997,PE,25500,62.1,256.2,2026-01-20 15:11:00+05:30,263.0,True,200.9,323.5104669887279
2026-01-14 14:10:00+05:30,2026-01-20,Tuesday,Wednesday,25645.3,25653.0,25645.3,25650.55,0,25648.537500000002,CE,25800,67.55,256.0,2026-01-20 15:29:00+05:30,0.1,False,-67.45,-99.8519615099926
2026-01-14 14:10:00+05:30,2026-01-20,Tuesday,Wednesday,25645.3,25653.0,25645.3,25650.55,0,25648.537500000002,PE,25500,60.45,256.0,2026-01-20 15:11:00+05:30,263.0,True,202.55,335.070306038048
2026-01-14 14:11:00+05:30,2026-01-20,Tuesday,Wednesday,25650.35,25653.8,25649.65,25649.75,0,25650.887499999997,CE,25800,66.7,254.8,2026-01-20 15:29:00+05:30,0.1,False,-66.60000000000001,-99.85007496251875
2026-01-14 14:11:00+05:30,2026-01-20,Tuesday,Wednesday,25650.35,25653.8,25649.65,25649.75,0,25650.887499999997,PE,25500,60.7,254.8,2026-01-20 15:11:00+05:30,263.0,True,202.3,333.27841845140034
2026-01-14 14:12:00+05:30,2026-01-20,Tuesday,Wednesday,25649.95,25651.15,25644.0,25650.45,0,25648.8875,CE,25800,68.0,255.0,2026-01-20 15:29:00+05:30,0.1,False,-67.9,-99.8529411764706
2026-01-14 14:12:00+05:30,2026-01-20,Tuesday,Wednesday,25649.95,25651.15,25644.0,25650.45,0,25648.8875,PE,25500,59.5,255.0,2026-01-20 15:11:00+05:30,263.0,True,203.5,342.01680672268907
2026-01-14 14:13:00+05:30,2026-01-20,Tuesday,Wednesday,25650.0,25658.45,25650.0,25657.7,0,25654.0375,CE,25800,68.75,280.3,2026-01-20 15:29:00+05:30,0.1,False,-68.65,-99.85454545454546
2026-01-14 14:13:00+05:30,2026-01-20,Tuesday,Wednesday,25650.0,25658.45,25650.0,25657.7,0,25654.0375,PE,25550,71.4,280.3,2026-01-20 15:10:00+05:30,296.39,True,224.98999999999998,315.11204481792714
2026-01-14 14:14:00+05:30,2026-01-20,Tuesday,Wednesday,25657.4,25664.1,25654.65,25663.2,0,25659.837499999998,CE,25800,70.05,280.1,2026-01-20 15:29:00+05:30,0.1,False,-69.95,-99.85724482512491
2026-01-14 14:14:00+05:30,2026-01-20,Tuesday,Wednesday,25657.4,25664.1,25654.65,25663.2,0,25659.837499999998,PE,25550,70.0,280.1,2026-01-20 15:10:00+05:30,296.39,True,226.39,323.4142857142857
2026-01-14 14:15:00+05:30,2026-01-20,Tuesday,Wednesday,25663.25,25669.75,25659.95,25666.25,0,25664.8,CE,25800,70.05,280.28,2026-01-20 15:29:00+05:30,0.1,False,-69.95,-99.85724482512491
2026-01-14 14:15:00+05:30,2026-01-20,Tuesday,Wednesday,25663.25,25669.75,25659.95,25666.25,0,25664.8,PE,25550,70.09,280.28,2026-01-20 15:10:00+05:30,296.39,True,226.29999999999998,322.8705949493508
2026-01-14 14:16:00+05:30,2026-01-20,Tuesday,Wednesday,25660.4,25664.35,25654.1,25663.5,0,25660.5875,CE,25800,70.05,280.2,2026-01-20 15:29:00+05:30,0.1,False,-69.95,-99.85724482512491
2026-01-14 14:16:00+05:30,2026-01-20,Tuesday,Wednesday,25660.4,25664.35,25654.1,25663.5,0,25660.5875,PE,25550,70.05,280.2,2026-01-20 15:10:00+05:30,296.39,True,226.33999999999997,323.1120628122769
2026-01-14 14:17:00+05:30,2026-01-20,Tuesday,Wednesday,25663.2,25665.65,25652.35,25652.95,0,25658.537500000002,CE,25800,67.8,282.1,2026-01-20 15:29:00+05:30,0.1,False,-67.7,-99.85250737463127
2026-01-14 14:17:00+05:30,2026-01-20,Tuesday,Wednesday,25663.2,25665.65,25652.35,25652.95,0,25658.537500000002,PE,25550,73.25,282.1,2026-01-20 15:10:00+05:30,296.39,True,223.14,304.6279863481229
2026-01-14 14:18:00+05:30,2026-01-20,Tuesday,Wednesday,25652.75,25655.35,25644.65,25651.1,0,25650.9625,CE,25800,66.55,252.89999999999998,2026-01-20 15:29:00+05:30,0.1,False,-66.45,-99.8497370398197
2026-01-14 14:18:00+05:30,2026-01-20,Tuesday,Wednesday,25652.75,25655.35,25644.65,25651.1,0,25650.9625,PE,25500,59.9,252.89999999999998,2026-01-20 15:11:00+05:30,263.0,True,203.1,339.0651085141903
2026-01-14 14:19:00+05:30,2026-01-20,Tuesday,Wednesday,25650.95,25656.85,25643.65,25644.1,0,25648.887500000004,CE,25800,65.55,254.3,2026-01-20 15:29:00+05:30,0.1,False,-65.45,-99.84744469870328
2026-01-14 14:19:00+05:30,2026-01-20,Tuesday,Wednesday,25650.95,25656.85,25643.65,25644.1,0,25648.887500000004,PE,25500,61.6,254.3,2026-01-20 15:11:00+05:30,263.0,True,201.4,326.94805194805195
2026-01-14 14:20:00+05:30,2026-01-20,Tuesday,Wednesday,25643.65,25644.5,25635.75,25637.25,0,25640.2875,CE,25750,82.65,288.8,2026-01-20 15:29:00+05:30,0.1,False,-82.55000000000001,-99.87900786448881
2026-01-14 14:20:00+05:30,2026-01-20,Tuesday,Wednesday,25643.65,25644.5,25635.75,25637.25,0,25640.2875,PE,25500,61.75,288.8,2026-01-20 15:29:00+05:30,266.64,False,204.89,331.8056680161943
2026-01-14 14:21:00+05:30,2026-01-20,Tuesday,Wednesday,25636.5,25637.35,25630.55,25632.7,0,25634.274999999998,CE,25750,81.0,288.4,2026-01-20 15:29:00+05:30,0.1,False,-80.9,-99.87654320987654
2026-01-14 14:21:00+05:30,2026-01-20,Tuesday,Wednesday,25636.5,25637.35,25630.55,25632.7,0,25634.274999999998,PE,25500,63.2,288.4,2026-01-20 15:29:00+05:30,266.64,False,203.44,321.89873417721515
2026-01-14 14:22:00+05:30,2026-01-20,Tuesday,Wednesday,25632.25,25638.7,25631.55,25636.05,0,25634.6375,CE,25750,81.5,287.0,2026-01-20 15:29:00+05:30,0.1,False,-81.4,-99.87730061349694
2026-01-14 14:22:00+05:30,2026-01-20,Tuesday,Wednesday,25632.25,25638.7,25631.55,25636.05,0,25634.6375,PE,25500,62.0,287.0,2026-01-20 15:29:00+05:30,266.64,False,204.64,330.0645161290322
2026-01-14 14:23:00+05:30,2026-01-20,Tuesday,Wednesday,25635.85,25636.2,25620.25,25620.6,0,25628.225,CE,25750,76.05,287.0,2026-01-20 15:29:00+05:30,0.1,False,-75.95,-99.86850756081526
2026-01-14 14:23:00+05:30,2026-01-20,Tuesday,Wednesday,25635.85,25636.2,25620.25,25620.6,0,25628.225,PE,25500,67.45,287.0,2026-01-20 15:29:00+05:30,266.64,False,199.19,295.31504818383985
2026-01-14 14:24:00+05:30,2026-01-20,Tuesday,Wednesday,25619.95,25620.3,25610.45,25610.85,0,25615.387499999997,CE,25750,73.84,287.08000000000004,2026-01-20 15:29:00+05:30,0.1,False,-73.74000000000001,-99.86457204767065
2026-01-14 14:24:00+05:30,2026-01-20,Tuesday,Wednesday,25619.95,25620.3,25610.45,25610.85,0,25615.387499999997,PE,25500,69.7,287.08000000000004,2026-01-20 15:29:00+05:30,266.64,False,196.94,282.5538020086083
2026-01-14 14:25:00+05:30,2026-01-20,Tuesday,Wednesday,25610.85,25619.15,25603.95,25618.75,0,25613.175,CE,25750,77.8,292.4,2026-01-20 15:29:00+05:30,0.1,False,-77.7,-99.87146529562982
2026-01-14 14:25:00+05:30,2026-01-20,Tuesday,Wednesday,25610.85,25619.15,25603.95,25618.75,0,25613.175,PE,25500,68.4,292.4,2026-01-20 15:29:00+05:30,266.64,False,198.23999999999998,289.82456140350877
2026-01-14 14:26:00+05:30,2026-01-20,Tuesday,Wednesday,25617.9,25621.85,25614.45,25620.85,0,25618.762499999997,CE,25750,78.45,293.5,2026-01-20 15:29:00+05:30,0.1,False,-78.35000000000001,-99.87253027405993
2026-01-14 14:26:00+05:30,2026-01-20,Tuesday,Wednesday,25617.9,25621.85,25614.45,25620.85,0,25618.762499999997,PE,25500,68.3,293.5,2026-01-20 15:29:00+05:30,266.64,False,198.33999999999997,290.3953147877013
2026-01-14 14:27:00+05:30,2026-01-20,Tuesday,Wednesday,25620.35,25630.8,25620.35,25624.9,0,25624.1,CE,25750,78.55,295.1,2026-01-20 15:29:00+05:30,0.1,False,-78.45,-99.87269255251434
2026-01-14 14:27:00+05:30,2026-01-20,Tuesday,Wednesday,25620.35,25630.8,25620.35,25624.9,0,25624.1,PE,25500,69.0,295.1,2026-01-20 15:29:00+05:30,266.64,False,197.64,286.4347826086956
2026-01-14 14:28:00+05:30,2026-01-20,Tuesday,Wednesday,25625.45,25626.7,25619.6,25622.6,0,25623.5875,CE,25750,78.34,297.58000000000004,2026-01-20 15:29:00+05:30,0.1,False,-78.24000000000001,-99.87235128925198
2026-01-14 14:28:00+05:30,2026-01-20,Tuesday,Wednesday,25625.45,25626.7,25619.6,25622.6,0,25623.5875,PE,25500,70.45,297.58000000000004,2026-01-20 15:29:00+05:30,266.64,False,196.19,278.4811923349893
2026-01-14 14:29:00+05:30,2026-01-20,Tuesday,Wednesday,25622.15,25625.3,25620.3,25624.3,0,25623.0125,CE,25750,79.9,298.9,2026-01-20 15:29:00+05:30,0.1,False,-79.80000000000001,-99.87484355444306
2026-01-14 14:29:00+05:30,2026-01-20,Tuesday,Wednesday,25622.15,25625.3,25620.3,25624.3,0,25623.0125,PE,25500,69.55,298.9,2026-01-20 15:29:00+05:30,266.64,False,197.08999999999997,283.3788641265277
2026-01-14 14:30:00+05:30,2026-01-20,Tuesday,Wednesday,25624.4,25628.15,25623.45,25626.9,0,25625.725,CE,25750,81.45,297.20000000000005,2026-01-20 15:29:00+05:30,0.1,False,-81.35000000000001,-99.87722529158994
2026-01-14 14:30:00+05:30,2026-01-20,Tuesday,Wednesday,25624.4,25628.15,25623.45,25626.9,0,25625.725,PE,25500,67.15,297.20000000000005,2026-01-20 15:29:00+05:30,266.64,False,199.48999999999998,297.0811615785554
2026-01-14 14:31:00+05:30,2026-01-20,Tuesday,Wednesday,25628.1,25632.1,25625.95,25629.0,0,25628.7875,CE,25750,81.0,298.5,2026-01-20 15:29:00+05:30,0.1,False,-80.9,-99.87654320987654
2026-01-14 14:31:00+05:30,2026-01-20,Tuesday,Wednesday,25628.1,25632.1,25625.95,25629.0,0,25628.7875,PE,25500,68.25,298.5,2026-01-20 15:29:00+05:30,266.64,False,198.39,290.68131868131866
2026-01-14 14:32:00+05:30,2026-01-20,Tuesday,Wednesday,25629.45,25630.05,25618.35,25620.45,0,25624.575,CE,25750,78.65,300.3,2026-01-20 15:29:00+05:30,0.1,False,-78.55000000000001,-99.87285441830898
2026-01-14 14:32:00+05:30,2026-01-20,Tuesday,Wednesday,25629.45,25630.05,25618.35,25620.45,0,25624.575,PE,25500,71.5,300.3,2026-01-20 15:29:00+05:30,266.64,False,195.14,272.9230769230769
2026-01-14 14:33:00+05:30,2026-01-20,Tuesday,Wednesday,25620.65,25631.35,25620.65,25631.35,0,25626.0,CE,25750,80.7,297.5,2026-01-20 15:29:00+05:30,0.1,False,-80.60000000000001,-99.87608426270137
2026-01-14 14:33:00+05:30,2026-01-20,Tuesday,Wednesday,25620.65,25631.35,25620.65,25631.35,0,25626.0,PE,25500,68.05,297.5,2026-01-20 15:29:00+05:30,266.64,False,198.58999999999997,291.8295371050698
2026-01-14 14:34:00+05:30,2026-01-20,Tuesday,Wednesday,25630.3,25637.8,25629.1,25636.4,0,25633.4,CE,25750,82.4,296.48,2026-01-20 15:29:00+05:30,0.1,False,-82.30000000000001,-99.87864077669903
2026-01-14 14:34:00+05:30,2026-01-20,Tuesday,Wednesday,25630.3,25637.8,25629.1,25636.4,0,25633.4,PE,25500,65.84,296.48,2026-01-20 15:29:00+05:30,266.64,False,200.79999999999998,304.9817739975698
2026-01-14 14:35:00+05:30,2026-01-20,Tuesday,Wednesday,25635.95,25639.35,25627.5,25635.8,0,25634.65,CE,25750,83.6,299.0,2026-01-20 15:29:00+05:30,0.1,False,-83.5,-99.88038277511963
2026-01-14 14:35:00+05:30,2026-01-20,Tuesday,Wednesday,25635.95,25639.35,25627.5,25635.8,0,25634.65,PE,25500,65.9,299.0,2026-01-20 15:29:00+05:30,266.64,False,200.73999999999998,304.6130500758725
2026-01-14 14:36:00+05:30,2026-01-20,Tuesday,Wednesday,25636.0,25641.05,25635.45,25640.95,0,25638.3625,CE,25750,83.9,297.70000000000005,2026-01-20 15:29:00+05:30,0.1,False,-83.80000000000001,-99.88081048867701
2026-01-14 14:36:00+05:30,2026-01-20,Tuesday,Wednesday,25636.0,25641.05,25635.45,25640.95,0,25638.3625,PE,25500,64.95,297.70000000000005,2026-01-20 15:29:00+05:30,266.64,False,201.69,310.5311778290993
2026-01-14 14:37:00+05:30,2026-01-20,Tuesday,Wednesday,25640.05,25644.8,25636.8,25640.6,0,25640.5625,CE,25750,84.05,296.5,2026-01-20 15:29:00+05:30,0.1,False,-83.95,-99.88102320047591
2026-01-14 14:37:00+05:30,2026-01-20,Tuesday,Wednesday,25640.05,25644.8,25636.8,25640.6,0,25640.5625,PE,25500,64.2,296.5,2026-01-20 15:29:00+05:30,266.64,False,202.44,315.3271028037383
2026-01-14 14:38:00+05:30,2026-01-20,Tuesday,Wednesday,25639.95,25647.05,25639.8,25646.75,0,25643.3875,CE,25750,86.55,297.0,2026-01-20 15:29:00+05:30,0.1,False,-86.45,-99.8844598497978
2026-01-14 14:38:00+05:30,2026-01-20,Tuesday,Wednesday,25639.95,25647.05,25639.8,25646.75,0,25643.3875,PE,25500,61.95,297.0,2026-01-20 15:29:00+05:30,266.64,False,204.69,330.41162227602905
2026-01-14 14:39:00+05:30,2026-01-20,Tuesday,Wednesday,25648.15,25666.3,25648.15,25658.95,0,25655.3875,CE,25800,71.65,292.6,2026-01-20 15:29:00+05:30,0.1,False,-71.55000000000001,-99.86043265875786
2026-01-14 14:39:00+05:30,2026-01-20,Tuesday,Wednesday,25648.15,25666.3,25648.15,25658.95,0,25655.3875,PE,25550,74.65,292.6,2026-01-20 15:10:00+05:30,296.39,True,221.73999999999998,297.0395177494976
2026-01-14 14:40:00+05:30,2026-01-20,Tuesday,Wednesday,25658.05,25667.5,25650.25,25660.55,0,25659.0875,CE,25800,72.05,290.7,2026-01-20 15:29:00+05:30,0.1,False,-71.95,-99.8612074947953
2026-01-14 14:40:00+05:30,2026-01-20,Tuesday,Wednesday,25658.05,25667.5,25650.25,25660.55,0,25659.0875,PE,25550,73.3,290.7,2026-01-20 15:10:00+05:30,296.39,True,223.08999999999997,304.3519781718963
2026-01-14 14:41:00+05:30,2026-01-20,Tuesday,Wednesday,25661.75,25669.5,25657.0,25669.05,0,25664.325,CE,25800,73.8,287.9,2026-01-20 15:29:00+05:30,0.1,False,-73.7,-99.86449864498645
2026-01-14 14:41:00+05:30,2026-01-20,Tuesday,Wednesday,25661.75,25669.5,25657.0,25669.05,0,25664.325,PE,25550,70.15,287.9,2026-01-20 15:10:00+05:30,296.39,True,226.23999999999998,322.50890947968634
2026-01-14 14:42:00+05:30,2026-01-20,Tuesday,Wednesday,25667.85,25675.0,25667.85,25674.2,0,25671.225,CE,25800,74.7,288.0,2026-01-20 15:29:00+05:30,0.1,False,-74.60000000000001,-99.8661311914324
2026-01-14 14:42:00+05:30,2026-01-20,Tuesday,Wednesday,25667.85,25675.0,25667.85,25674.2,0,25671.225,PE,25550,69.3,288.0,2026-01-20 15:10:00+05:30,296.39,True,227.08999999999997,327.69119769119766
2026-01-14 14:43:00+05:30,2026-01-20,Tuesday,Wednesday,25674.1,25680.3,25674.1,25679.2,0,25676.925,CE,25800,75.84,286.58000000000004,2026-01-20 15:29:00+05:30,0.1,False,-75.74000000000001,-99.86814345991561
2026-01-14 14:43:00+05:30,2026-01-20,Tuesday,Wednesday,25674.1,25680.3,25674.1,25679.2,0,25676.925,PE,25550,67.45,286.58000000000004,2026-01-20 15:10:00+05:30,296.39,True,228.94,339.4217939214232
2026-01-14 14:44:00+05:30,2026-01-20,Tuesday,Wednesday,25678.85,25680.0,25674.2,25676.65,0,25677.425000000003,CE,25800,74.34,285.98,2026-01-20 15:29:00+05:30,0.1,False,-74.24000000000001,-99.86548291633038
2026-01-14 14:44:00+05:30,2026-01-20,Tuesday,Wednesday,25678.85,25680.0,25674.2,25676.65,0,25677.425000000003,PE,25550,68.65,285.98,2026-01-20 15:10:00+05:30,296.39,True,227.73999999999998,331.740713765477
2026-01-14 14:45:00+05:30,2026-01-20,Tuesday,Wednesday,25676.4,25696.2,25676.4,25696.2,0,25686.3,CE,25800,81.75,287.6,2026-01-20 15:29:00+05:30,0.1,False,-81.65,-99.8776758409786
2026-01-14 14:45:00+05:30,2026-01-20,Tuesday,Wednesday,25676.4,25696.2,25676.4,25696.2,0,25686.3,PE,25550,62.05,287.6,2026-01-20 15:10:00+05:30,296.39,True,234.33999999999997,377.6631748589847
2026-01-14 14:46:00+05:30,2026-01-20,Tuesday,Wednesday,25695.95,25697.55,25691.85,25697.55,0,25695.725000000002,CE,25800,82.35,286.5,2026-01-20 15:29:00+05:30,0.1,False,-82.25,-99.87856709168186
2026-01-14 14:46:00+05:30,2026-01-20,Tuesday,Wednesday,25695.95,25697.55,25691.85,25697.55,0,25695.725000000002,PE,25550,60.9,286.5,2026-01-20 15:10:00+05:30,296.39,True,235.48999999999998,386.6830870279146
2026-01-14 14:47:00+05:30,2026-01-20,Tuesday,Wednesday,25697.7,25708.1,25696.9,25707.9,0,25702.65,CE,25850,68.8,253.89999999999998,2026-01-20 15:29:00+05:30,0.05,False,-68.75,-99.92732558139535
2026-01-14 14:47:00+05:30,2026-01-20,Tuesday,Wednesday,25697.7,25708.1,25696.9,25707.9,0,25702.65,PE,25550,58.15,253.89999999999998,2026-01-20 15:02:00+05:30,256.75,True,198.6,341.53052450558897
2026-01-14 14:48:00+05:30,2026-01-20,Tuesday,Wednesday,25708.6,25715.65,25692.4,25692.4,0,25702.262499999997,CE,25850,65.09,252.18,2026-01-20 15:29:00+05:30,0.05,False,-65.04,-99.92318328468275
2026-01-14 14:48:00+05:30,2026-01-20,Tuesday,Wednesday,25708.6,25715.65,25692.4,25692.4,0,25702.262499999997,PE,25550,61.0,252.18,2026-01-20 15:01:00+05:30,253.85,True,192.85,316.1475409836065
2026-01-14 14:49:00+05:30,2026-01-20,Tuesday,Wednesday,25692.0,25696.45,25689.1,25696.45,0,25693.499999999996,CE,25800,84.8,290.1,2026-01-20 15:29:00+05:30,0.1,False,-84.7,-99.88207547169812
2026-01-14 14:49:00+05:30,2026-01-20,Tuesday,Wednesday,25692.0,25696.45,25689.1,25696.45,0,25693.499999999996,PE,25550,60.25,290.1,2026-01-20 15:10:00+05:30,296.39,True,236.14,391.93360995850617
2026-01-14 14:50:00+05:30,2026-01-20,Tuesday,Wednesday,25697.2,25700.45,25696.05,25697.1,0,25697.699999999997,CE,25850,66.05,254.8,2026-01-20 15:29:00+05:30,0.05,False,-66.0,-99.92429977289933
2026-01-14 14:50:00+05:30,2026-01-20,Tuesday,Wednesday,25697.2,25700.45,25696.05,25697.1,0,25697.699999999997,PE,25550,61.35,254.8,2026-01-20 15:02:00+05:30,256.75,True,195.4,318.5004074979625
2026-01-14 14:51:00+05:30,2026-01-20,Tuesday,Wednesday,25693.8,25699.4,25692.45,25694.55,0,25695.05,CE,25800,83.25,288.7,2026-01-20 15:29:00+05:30,0.1,False,-83.15,-99.87987987987988
2026-01-14 14:51:00+05:30,2026-01-20,Tuesday,Wednesday,25693.8,25699.4,25692.45,25694.55,0,25695.05,PE,25550,61.1,288.7,2026-01-20 15:10:00+05:30,296.39,True,235.29,385.0900163666121
2026-01-14 14:52:00+05:30,2026-01-20,Tuesday,Wednesday,25693.8,25698.25,25689.15,25697.1,0,25694.575000000004,CE,25800,83.6,287.1,2026-01-20 15:29:00+05:30,0.1,False,-83.5,-99.88038277511963
2026-01-14 14:52:00+05:30,2026-01-20,Tuesday,Wednesday,25693.8,25698.25,25689.15,25697.1,0,25694.575000000004,PE,25550,59.95,287.1,2026-01-20 15:10:00+05:30,296.39,True,236.44,394.395329441201
2026-01-14 14:53:00+05:30,2026-01-20,Tuesday,Wednesday,25697.5,25702.7,25697.2,25702.6,0,25700.0,CE,25850,67.2,251.3,2026-01-20 15:29:00+05:30,0.05,False,-67.15,-99.92559523809524
2026-01-14 14:53:00+05:30,2026-01-20,Tuesday,Wednesday,25697.5,25702.7,25697.2,25702.6,0,25700.0,PE,25550,58.45,251.3,2026-01-20 15:01:00+05:30,253.85,True,195.39999999999998,334.3028229255774
2026-01-14 14:54:00+05:30,2026-01-20,Tuesday,Wednesday,25701.9,25701.9,25693.9,25695.85,0,25698.387500000004,CE,25850,65.2,250.7,2026-01-20 15:29:00+05:30,0.05,False,-65.15,-99.92331288343559
2026-01-14 14:54:00+05:30,2026-01-20,Tuesday,Wednesday,25701.9,25701.9,25693.9,25695.85,0,25698.387500000004,PE,25550,60.15,250.7,2026-01-20 15:01:00+05:30,253.85,True,193.7,322.0282626766417
2026-01-14 14:55:00+05:30,2026-01-20,Tuesday,Wednesday,25696.95,25698.05,25692.95,25696.05,0,25696.0,CE,25800,81.75,285.4,2026-01-20 15:29:00+05:30,0.1,False,-81.65,-99.8776758409786
2026-01-14 14:55:00+05:30,2026-01-20,Tuesday,Wednesday,25696.95,25698.05,25692.95,25696.05,0,25696.0,PE,25550,60.95,285.4,2026-01-20 15:10:00+05:30,296.39,True,235.44,386.2838392124692
2026-01-14 14:56:00+05:30,2026-01-20,Tuesday,Wednesday,25695.7,25703.8,25695.7,25697.05,0,25698.0625,CE,25850,64.4,247.0,2026-01-20 15:29:00+05:30,0.05,False,-64.35000000000001,-99.9223602484472
2026-01-14 14:56:00+05:30,2026-01-20,Tuesday,Wednesday,25695.7,25703.8,25695.7,25697.05,0,25698.0625,PE,25550,59.1,247.0,2026-01-20 15:00:00+05:30,249.4,True,190.3,321.9966159052454
2026-01-14 14:57:00+05:30,2026-01-20,Tuesday,Wednesday,25694.95,25694.95,25675.65,25680.65,0,25686.550000000003,CE,25800,76.25,282.5,2026-01-20 15:29:00+05:30,0.1,False,-76.15,-99.8688524590164
2026-01-14 14:57:00+05:30,2026-01-20,Tuesday,Wednesday,25694.95,25694.95,25675.65,25680.65,0,25686.550000000003,PE,25550,65.0,282.5,2026-01-20 15:10:00+05:30,296.39,True,231.39,355.9846153846153
2026-01-14 14:58:00+05:30,2026-01-20,Tuesday,Wednesday,25680.5,25683.65,25677.45,25679.65,0,25680.3125,CE,25800,77.9,283.4,2026-01-20 15:29:00+05:30,0.1,False,-77.80000000000001,-99.87163029525033
2026-01-14 14:58:00+05:30,2026-01-20,Tuesday,Wednesday,25680.5,25683.65,25677.45,25679.65,0,25680.3125,PE,25550,63.8,283.4,2026-01-20 15:10:00+05:30,296.39,True,232.58999999999997,364.56112852664575
2026-01-14 14:59:00+05:30,2026-01-20,Tuesday,Wednesday,25678.8,25684.4,25677.3,25678.2,0,25679.675,CE,25800,77.25,284.5,2026-01-20 15:29:00+05:30,0.1,False,-77.15,-99.8705501618123
2026-01-14 14:59:00+05:30,2026-01-20,Tuesday,Wednesday,25678.8,25684.4,25677.3,25678.2,0,25679.675,PE,25550,65.0,284.5,2026-01-20 15:10:00+05:30,296.39,True,231.39,355.9846153846153
2026-01-14 15:00:00+05:30,2026-01-20,Tuesday,Wednesday,25681.25,25681.25,25659.55,25666.15,0,25672.050000000003,CE,25800,73.84,280.48,2026-01-20 15:29:00+05:30,0.1,False,-73.74000000000001,-99.86457204767065
2026-01-14 15:00:00+05:30,2026-01-20,Tuesday,Wednesday,25681.25,25681.25,25659.55,25666.15,0,25672.050000000003,PE,25550,66.4,280.48,2026-01-20 15:10:00+05:30,296.39,True,229.98999999999998,346.3704819277108
2026-01-14 15:01:00+05:30,2026-01-20,Tuesday,Wednesday,25667.7,25668.6,25661.7,25667.3,0,25666.325,CE,25800,72.9,281.98,2026-01-20 15:29:00+05:30,0.1,False,-72.80000000000001,-99.86282578875172
2026-01-14 15:01:00+05:30,2026-01-20,Tuesday,Wednesday,25667.7,25668.6,25661.7,25667.3,0,25666.325,PE,25550,68.09,281.98,2026-01-20 15:10:00+05:30,296.39,True,228.29999999999998,335.29152592157436
2026-01-14 15:02:00+05:30,2026-01-20,Tuesday,Wednesday,25668.1,25668.35,25649.4,25649.6,0,25658.862500000003,CE,25800,66.84,282.78,2026-01-20 15:29:00+05:30,0.1,False,-66.74000000000001,-99.85038898862956
2026-01-14 15:02:00+05:30,2026-01-20,Tuesday,Wednesday,25668.1,25668.35,25649.4,25649.6,0,25658.862500000003,PE,25550,74.55,282.78,2026-01-20 15:10:00+05:30,296.39,True,221.83999999999997,297.57209926224004
2026-01-14 15:03:00+05:30,2026-01-20,Tuesday,Wednesday,25649.5,25663.45,25649.5,25662.95,0,25656.35,CE,25800,71.3,281.5,2026-01-20 15:29:00+05:30,0.1,False,-71.2,-99.85974754558205
2026-01-14 15:03:00+05:30,2026-01-20,Tuesday,Wednesday,25649.5,25663.45,25649.5,25662.95,0,25656.35,PE,25550,69.45,281.5,2026-01-20 15:10:00+05:30,296.39,True,226.94,326.7674586033117
2026-01-14 15:04:00+05:30,2026-01-20,Tuesday,Wednesday,25663.8,25684.95,25662.5,25684.95,0,25674.05,CE,25800,75.2,280.70000000000005,2026-01-20 15:29:00+05:30,0.1,False,-75.10000000000001,-99.86702127659576
2026-01-14 15:04:00+05:30,2026-01-20,Tuesday,Wednesday,25663.8,25684.95,25662.5,25684.95,0,25674.05,PE,25550,65.15,280.70000000000005,2026-01-20 15:10:00+05:30,296.39,True,231.23999999999998,354.93476592478885
2026-01-14 15:05:00+05:30,2026-01-20,Tuesday,Wednesday,25686.25,25694.1,25681.75,25690.25,0,25688.0875,CE,25800,77.8,282.4,2026-01-20 15:29:00+05:30,0.1,False,-77.7,-99.87146529562982
2026-01-14 15:05:00+05:30,2026-01-20,Tuesday,Wednesday,25686.25,25694.1,25681.75,25690.25,0,25688.0875,PE,25550,63.4,282.4,2026-01-20 15:10:00+05:30,296.39,True,232.98999999999998,367.4921135646687
2026-01-14 15:06:00+05:30,2026-01-20,Tuesday,Wednesday,25691.15,25692.8,25683.9,25686.75,0,25688.65,CE,25800,76.0,285.6,2026-01-20 15:29:00+05:30,0.1,False,-75.9,-99.86842105263159
2026-01-14 15:06:00+05:30,2026-01-20,Tuesday,Wednesday,25691.15,25692.8,25683.9,25686.75,0,25688.65,PE,25550,66.8,285.6,2026-01-20 15:10:00+05:30,296.39,True,229.58999999999997,343.6976047904191
2026-01-14 15:07:00+05:30,2026-01-20,Tuesday,Wednesday,25687.65,25687.65,25659.95,25660.65,0,25673.975,CE,25800,72.65,283.70000000000005,2026-01-20 15:29:00+05:30,0.1,False,-72.55000000000001,-99.8623537508603
2026-01-14 15:07:00+05:30,2026-01-20,Tuesday,Wednesday,25687.65,25687.65,25659.95,25660.65,0,25673.975,PE,25550,69.2,283.70000000000005,2026-01-20 15:10:00+05:30,296.39,True,227.19,328.30924855491327
2026-01-14 15:08:00+05:30,2026-01-20,Tuesday,Wednesday,25661.5,25664.15,25655.05,25664.05,0,25661.1875,CE,25800,73.3,285.1,2026-01-20 15:29:00+05:30,0.1,False,-73.2,-99.86357435197817
2026-01-14 15:08:00+05:30,2026-01-20,Tuesday,Wednesday,25661.5,25664.15,25655.05,25664.05,0,25661.1875,PE,25550,69.25,285.1,2026-01-20 15:10:00+05:30,296.39,True,227.14,328.0
2026-01-14 15:09:00+05:30,2026-01-20,Tuesday,Wednesday,25665.4,25674.15,25663.7,25673.1,0,25669.0875,CE,25800,75.59,289.86,2026-01-20 15:29:00+05:30,0.1,False,-75.49000000000001,-99.86770736869957
2026-01-14 15:09:00+05:30,2026-01-20,Tuesday,Wednesday,25665.4,25674.15,25663.7,25673.1,0,25669.0875,PE,25550,69.34,289.86,2026-01-20 15:10:00+05:30,296.39,True,227.04999999999998,327.44447649264487
2026-01-14 15:10:00+05:30,2026-01-20,Tuesday,Wednesday,25673.45,25676.4,25671.0,25672.65,0,25673.375,CE,25800,74.5,292.68,2026-01-20 15:29:00+05:30,0.1,False,-74.4,-99.86577181208054
2026-01-14 15:10:00+05:30,2026-01-20,Tuesday,Wednesday,25673.45,25676.4,25671.0,25672.65,0,25673.375,PE,25550,71.84,292.68,2026-01-20 15:10:00+05:30,296.39,True,224.54999999999998,312.5695991091314
2026-01-14 15:11:00+05:30,2026-01-20,Tuesday,Wednesday,25673.85,25674.5,25662.6,25663.65,0,25668.65,CE,25800,74.4,293.48,2026-01-20 15:29:00+05:30,0.1,False,-74.30000000000001,-99.86559139784947
2026-01-14 15:11:00+05:30,2026-01-20,Tuesday,Wednesday,25673.85,25674.5,25662.6,25663.65,0,25668.65,PE,25550,72.34,293.48,2026-01-20 15:10:00+05:30,296.39,True,224.04999999999998,309.71799834116666
2026-01-14 15:12:00+05:30,2026-01-20,Tuesday,Wednesday,25665.1,25665.9,25657.95,25657.95,0,25661.725,CE,25800,73.4,295.9,2026-01-20 15:29:00+05:30,0.1,False,-73.30000000000001,-99.86376021798365
2026-01-14 15:12:00+05:30,2026-01-20,Tuesday,Wednesday,25665.1,25665.9,25657.95,25657.95,0,25661.725,PE,25550,74.55,295.9,2026-01-20 15:10:00+05:30,296.39,True,221.83999999999997,297.57209926224004
2026-01-14 15:13:00+05:30,2026-01-20,Tuesday,Wednesday,25658.7,25660.1,25650.8,25653.0,0,25655.65,CE,25800,73.55,295.7,2026-01-20 15:29:00+05:30,0.1,False,-73.45,-99.8640380693406
2026-01-14 15:13:00+05:30,2026-01-20,Tuesday,Wednesday,25658.7,25660.1,25650.8,25653.0,0,25655.65,PE,25550,74.3,295.7,2026-01-20 15:10:00+05:30,296.39,True,222.08999999999997,298.90982503364734
2026-01-14 15:14:00+05:30,2026-01-20,Tuesday,Wednesday,25653.45,25659.0,25651.65,25652.85,0,25654.237500000003,CE,25800,75.0,296.1,2026-01-20 15:29:00+05:30,0.1,False,-74.9,-99.86666666666667
2026-01-14 15:14:00+05:30,2026-01-20,Tuesday,Wednesday,25653.45,25659.0,25651.65,25652.85,0,25654.237500000003,PE,25550,73.05,296.1,2026-01-20 15:10:00+05:30,296.39,True,223.33999999999997,305.73579739904176
2026-01-14 15:15:00+05:30,2026-01-20,Tuesday,Wednesday,25655.25,25659.05,25653.9,25654.0,0,25655.550000000003,CE,25800,76.15,301.20000000000005,2026-01-20 15:29:00+05:30,0.1,False,-76.05000000000001,-99.86868023637558
2026-01-14 15:15:00+05:30,2026-01-20,Tuesday,Wednesday,25655.25,25659.05,25653.9,25654.0,0,25655.550000000003,PE,25550,74.45,301.20000000000005,2026-01-20 15:11:00+05:30,314.3,True,239.85000000000002,322.1625251846877
2026-01-14 15:16:00+05:30,2026-01-20,Tuesday,Wednesday,25655.85,25657.85,25651.4,25653.55,0,25654.662500000002,CE,25800,75.8,302.0,2026-01-20 15:29:00+05:30,0.1,False,-75.7,-99.86807387862797
2026-01-14 15:16:00+05:30,2026-01-20,Tuesday,Wednesday,25655.85,25657.85,25651.4,25653.55,0,25654.662500000002,PE,25550,75.2,302.0,2026-01-20 15:11:00+05:30,314.3,True,239.10000000000002,317.9521276595745
2026-01-14 15:17:00+05:30,2026-01-20,Tuesday,Wednesday,25654.75,25655.45,25648.3,25650.4,0,25652.225,CE,25800,75.65,272.20000000000005,2026-01-20 15:29:00+05:30,0.1,False,-75.55000000000001,-99.86781229345671
2026-01-14 15:17:00+05:30,2026-01-20,Tuesday,Wednesday,25654.75,25655.45,25648.3,25650.4,0,25652.225,PE,25500,60.45,272.20000000000005,2026-01-20 15:18:00+05:30,273.5,True,213.05,352.4400330851944
2026-01-14 15:18:00+05:30,2026-01-20,Tuesday,Wednesday,25651.4,25660.05,25649.6,25659.65,0,25655.174999999996,CE,25800,76.05,298.78,2026-01-20 15:29:00+05:30,0.1,False,-75.95,-99.86850756081526
2026-01-14 15:18:00+05:30,2026-01-20,Tuesday,Wednesday,25651.4,25660.05,25649.6,25659.65,0,25655.174999999996,PE,25550,73.34,298.78,2026-01-20 15:11:00+05:30,314.3,True,240.96,328.5519498227434
2026-01-14 15:19:00+05:30,2026-01-20,Tuesday,Wednesday,25659.5,25662.0,25658.2,25660.15,0,25659.9625,CE,25800,75.59,298.78,2026-01-20 15:29:00+05:30,0.1,False,-75.49000000000001,-99.86770736869957
2026-01-14 15:19:00+05:30,2026-01-20,Tuesday,Wednesday,25659.5,25662.0,25658.2,25660.15,0,25659.9625,PE,25550,73.8,298.78,2026-01-20 15:11:00+05:30,314.3,True,240.5,325.8807588075881
2026-01-14 15:20:00+05:30,2026-01-20,Tuesday,Wednesday,25660.75,25661.45,25654.85,25659.6,0,25659.1625,CE,25800,78.59,301.18,2026-01-20 15:29:00+05:30,0.1,False,-78.49000000000001,-99.87275734826314
2026-01-14 15:20:00+05:30,2026-01-20,Tuesday,Wednesday,25660.75,25661.45,25654.85,25659.6,0,25659.1625,PE,25550,72.0,301.18,2026-01-20 15:11:00+05:30,314.3,True,242.3,336.5277777777778
2026-01-14 15:21:00+05:30,2026-01-20,Tuesday,Wednesday,25660.6,25665.35,25659.6,25661.9,0,25661.862499999996,CE,25800,78.05,300.1,2026-01-20 15:29:00+05:30,0.1,False,-77.95,-99.87187700192185
2026-01-14 15:21:00+05:30,2026-01-20,Tuesday,Wednesday,25660.6,25665.35,25659.6,25661.9,0,25661.862499999996,PE,25550,72.0,300.1,2026-01-20 15:11:00+05:30,314.3,True,242.3,336.5277777777778
2026-01-14 15:22:00+05:30,2026-01-20,Tuesday,Wednesday,25663.2,25665.95,25662.0,25664.65,0,25663.949999999997,CE,25800,77.9,296.3,2026-01-20 15:29:00+05:30,0.1,False,-77.80000000000001,-99.87163029525033
2026-01-14 15:22:00+05:30,2026-01-20,Tuesday,Wednesday,25663.2,25665.95,25662.0,25664.65,0,25663.949999999997,PE,25550,70.25,296.3,2026-01-20 15:10:00+05:30,296.39,True,226.14,321.9074733096085
2026-01-14 15:23:00+05:30,2026-01-20,Tuesday,Wednesday,25665.5,25672.4,25662.1,25672.4,0,25668.1,CE,25800,80.7,296.08000000000004,2026-01-20 15:29:00+05:30,0.1,False,-80.60000000000001,-99.87608426270137
2026-01-14 15:23:00+05:30,2026-01-20,Tuesday,Wednesday,25665.5,25672.4,25662.1,25672.4,0,25668.1,PE,25550,67.34,296.08000000000004,2026-01-20 15:10:00+05:30,296.39,True,229.04999999999998,340.1395901395901
2026-01-14 15:24:00+05:30,2026-01-20,Tuesday,Wednesday,25673.2,25675.95,25669.65,25675.55,0,25673.5875,CE,25800,80.25,296.68,2026-01-20 15:29:00+05:30,0.1,False,-80.15,-99.8753894080997
2026-01-14 15:24:00+05:30,2026-01-20,Tuesday,Wednesday,25673.2,25675.95,25669.65,25675.55,0,25673.5875,PE,25550,68.09,296.68,2026-01-20 15:11:00+05:30,314.3,True,246.21,361.59494786312234
2026-01-14 15:25:00+05:30,2026-01-20,Tuesday,Wednesday,25675.8,25677.4,25667.8,25670.6,0,25672.9,CE,25800,79.3,297.1,2026-01-20 15:29:00+05:30,0.1,False,-79.2,-99.87389659520808
2026-01-14 15:25:00+05:30,2026-01-20,Tuesday,Wednesday,25675.8,25677.4,25667.8,25670.6,0,25672.9,PE,25550,69.25,297.1,2026-01-20 15:11:00+05:30,314.3,True,245.05,353.86281588447656
2026-01-14 15:26:00+05:30,2026-01-20,Tuesday,Wednesday,25670.65,25673.0,25666.95,25671.8,0,25670.600000000002,CE,25800,80.8,300.78,2026-01-20 15:29:00+05:30,0.1,False,-80.7,-99.87623762376239
2026-01-14 15:26:00+05:30,2026-01-20,Tuesday,Wednesday,25670.65,25673.0,25666.95,25671.8,0,25670.600000000002,PE,25550,69.59,300.78,2026-01-20 15:11:00+05:30,314.3,True,244.71,351.64535134358385
2026-01-14 15:27:00+05:30,2026-01-20,Tuesday,Wednesday,25673.0,25673.35,25668.4,25668.4,0,25670.7875,CE,25800,78.84,299.48,2026-01-20 15:29:00+05:30,0.1,False,-78.74000000000001,-99.87316083206494
2026-01-14 15:27:00+05:30,2026-01-20,Tuesday,Wednesday,25673.0,25673.35,25668.4,25668.4,0,25670.7875,PE,25550,70.9,299.48,2026-01-20 15:11:00+05:30,314.3,True,243.4,343.30042313117065
2026-01-14 15:28:00+05:30,2026-01-20,Tuesday,Wednesday,25670.2,25672.15,25665.35,25665.8,0,25668.375000000004,CE,25800,78.55,299.6,2026-01-20 15:29:00+05:30,0.1,False,-78.45,-99.87269255251434
2026-01-14 15:28:00+05:30,2026-01-20,Tuesday,Wednesday,25670.2,25672.15,25665.35,25665.8,0,25668.375000000004,PE,25550,71.25,299.6,2026-01-20 15:11:00+05:30,314.3,True,243.05,341.1228070175439
2026-01-14 15:29:00+05:30,2026-01-20,Tuesday,Wednesday,25666.35,25675.55,25662.6,25669.1,0,25668.4,CE,25800,78.59,298.78,2026-01-20 15:29:00+05:30,0.1,False,-78.49000000000001,-99.87275734826314
2026-01-14 15:29:00+05:30,2026-01-20,Tuesday,Wednesday,25666.35,25675.55,25662.6,25669.1,0,25668.4,PE,25550,70.8,298.78,2026-01-20 15:11:00+05:30,314.3,True,243.5,343.9265536723164
2026-01-21 10:15:00+05:30,2026-01-27,Tuesday,Wednesday,25153.8,25153.9,25145.1,25145.8,0,25149.649999999998,CE,25300,100.95,359.4,2026-01-27 15:29:00+05:30,0.2,False,-100.75,-99.80188211986132
2026-01-21 10:15:00+05:30,2026-01-27,Tuesday,Wednesday,25153.8,25153.9,25145.1,25145.8,0,25149.649999999998,PE,25000,78.75,359.4,2026-01-27 15:29:00+05:30,0.05,False,-78.7,-99.93650793650795
2026-01-21 10:26:00+05:30,2026-01-27,Tuesday,Wednesday,25100.05,25104.15,25092.2,25103.5,0,25099.975,CE,25250,102.8,370.7,2026-01-27 15:29:00+05:30,0.05,False,-102.75,-99.95136186770428
2026-01-21 10:26:00+05:30,2026-01-27,Tuesday,Wednesday,25100.05,25104.15,25092.2,25103.5,0,25099.975,PE,24950,82.55,370.7,2026-01-27 15:29:00+05:30,0.05,False,-82.5,-99.93943064809207
2026-01-21 10:29:00+05:30,2026-01-27,Tuesday,Wednesday,25102.95,25103.7,25096.4,25096.4,0,25099.862500000003,CE,25250,103.85,374.79999999999995,2026-01-27 15:29:00+05:30,0.05,False,-103.8,-99.95185363505055
2026-01-21 10:29:00+05:30,2026-01-27,Tuesday,Wednesday,25102.95,25103.7,25096.4,25096.4,0,25099.862500000003,PE,24950,83.55,374.79999999999995,2026-01-27 15:29:00+05:30,0.05,False,-83.5,-99.94015559545183
2026-01-21 15:25:00+05:30,2026-01-27,Tuesday,Wednesday,25152.05,25153.15,25145.8,25150.7,0,25150.425,CE,25300,92.65,368.5,2026-01-27 15:29:00+05:30,0.2,False,-92.45,-99.78413383702105
2026-01-21 15:25:00+05:30,2026-01-27,Tuesday,Wednesday,25152.05,25153.15,25145.8,25150.7,0,25150.425,PE,25000,91.6,368.5,2026-01-27 15:29:00+05:30,0.05,False,-91.55,-99.94541484716157
2026-02-04 12:27:00+05:30,2026-02-10,Tuesday,Wednesday,25744.35,25752.4,25744.35,25752.4,0,25748.375,CE,25900,101.0,379.1,2026-02-10 15:29:00+05:30,35.05,False,-65.95,-65.2970297029703
2026-02-04 12:27:00+05:30,2026-02-10,Tuesday,Wednesday,25744.35,25752.4,25744.35,25752.4,0,25748.375,PE,25600,88.55,379.1,2026-02-10 15:29:00+05:30,0.05,False,-88.5,-99.94353472614343
2026-02-04 12:29:00+05:30,2026-02-10,Tuesday,Wednesday,25755.2,25756.2,25747.8,25748.0,0,25751.8,CE,25900,97.35,377.79999999999995,2026-02-10 15:29:00+05:30,35.05,False,-62.3,-63.99589111453518
2026-02-04 12:29:00+05:30,2026-02-10,Tuesday,Wednesday,25755.2,25756.2,25747.8,25748.0,0,25751.8,PE,25600,91.55,377.79999999999995,2026-02-10 15:29:00+05:30,0.05,False,-91.5,-99.94538503549974
2026-02-04 12:41:00+05:30,2026-02-10,Tuesday,Wednesday,25748.05,25756.75,25748.0,25756.35,0,25752.2875,CE,25900,99.5,374.5,2026-02-10 15:29:00+05:30,35.05,False,-64.45,-64.77386934673368
2026-02-04 12:41:00+05:30,2026-02-10,Tuesday,Wednesday,25748.05,25756.75,25748.0,25756.35,0,25752.2875,PE,25600,87.75,374.5,2026-02-10 15:29:00+05:30,0.05,False,-87.7,-99.94301994301995
2026-02-04 12:44:00+05:30,2026-02-10,Tuesday,Wednesday,25756.5,25756.95,25738.7,25738.7,0,25747.712499999998,CE,25900,92.75,371.2,2026-02-10 15:29:00+05:30,35.05,False,-57.7,-62.21024258760109
2026-02-04 12:44:00+05:30,2026-02-10,Tuesday,Wednesday,25756.5,25756.95,25738.7,25738.7,0,25747.712499999998,PE,25600,92.85,371.2,2026-02-10 15:29:00+05:30,0.05,False,-92.8,-99.94614970382337
2026-02-04 13:23:00+05:30,2026-02-10,Tuesday,Wednesday,25743.6,25751.3,25742.75,25751.05,0,25747.175,CE,25900,98.85,367.4,2026-02-10 15:29:00+05:30,35.05,False,-63.8,-64.54223571067274
2026-02-04 13:23:00+05:30,2026-02-10,Tuesday,Wednesday,25743.6,25751.3,25742.75,25751.05,0,25747.175,PE,25600,84.85,367.4,2026-02-10 15:29:00+05:30,0.05,False,-84.8,-99.94107248084856
2026-02-04 13:24:00+05:30,2026-02-10,Tuesday,Wednesday,25750.65,25752.2,25747.35,25750.6,0,25750.200000000004,CE,25900,99.5,368.2,2026-02-10 15:29:00+05:30,35.05,False,-64.45,-64.77386934673368
2026-02-04 13:24:00+05:30,2026-02-10,Tuesday,Wednesday,25750.65,25752.2,25747.35,25750.6,0,25750.200000000004,PE,25600,84.6,368.2,2026-02-10 15:29:00+05:30,0.05,False,-84.55,-99.94089834515367
2026-02-04 13:25:00+05:30,2026-02-10,Tuesday,Wednesday,25750.55,25754.4,25748.75,25753.05,0,25751.6875,CE,25900,103.55,373.1,2026-02-10 15:29:00+05:30,35.05,False,-68.5,-66.15161757605021
2026-02-04 13:25:00+05:30,2026-02-10,Tuesday,Wednesday,25750.55,25754.4,25748.75,25753.05,0,25751.6875,PE,25600,83.0,373.1,2026-02-10 15:29:00+05:30,0.05,False,-82.95,-99.93975903614458
2026-02-04 14:16:00+05:30,2026-02-10,Tuesday,Wednesday,25796.1,25798.75,25794.9,25797.5,0,25796.8125,CE,25950,100.5,376.2,2026-02-10 15:29:00+05:30,0.05,False,-100.45,-99.95024875621891
2026-02-04 14:16:00+05:30,2026-02-10,Tuesday,Wednesday,25796.1,25798.75,25794.9,25797.5,0,25796.8125,PE,25650,87.6,376.2,2026-02-10 15:29:00+05:30,0.05,False,-87.55,-99.94292237442922
2026-02-04 14:17:00+05:30,2026-02-10,Tuesday,Wednesday,25797.0,25805.25,25796.1,25803.25,0,25800.4,CE,25950,106.9,386.20000000000005,2026-02-10 15:29:00+05:30,0.05,False,-106.85000000000001,-99.9532273152479
2026-02-04 14:17:00+05:30,2026-02-10,Tuesday,Wednesday,25797.0,25805.25,25796.1,25803.25,0,25800.4,PE,25650,86.2,386.20000000000005,2026-02-10 15:29:00+05:30,0.05,False,-86.15,-99.94199535962878
2026-02-04 14:24:00+05:30,2026-02-10,Tuesday,Wednesday,25805.65,25807.0,25799.75,25801.0,0,25803.35,CE,25950,101.75,377.6,2026-02-10 15:29:00+05:30,0.05,False,-101.7,-99.95085995085995
2026-02-04 14:24:00+05:30,2026-02-10,Tuesday,Wednesday,25805.65,25807.0,25799.75,25801.0,0,25803.35,PE,25650,87.05,377.6,2026-02-10 15:29:00+05:30,0.05,False,-87.0,-99.94256174612292
2026-02-04 14:25:00+05:30,2026-02-10,Tuesday,Wednesday,25801.25,25801.25,25794.7,25794.95,0,25798.0375,CE,25950,99.4,374.70000000000005,2026-02-10 15:29:00+05:30,0.05,False,-99.35000000000001,-99.94969818913482
2026-02-04 14:25:00+05:30,2026-02-10,Tuesday,Wednesday,25801.25,25801.25,25794.7,25794.95,0,25798.0375,PE,25650,87.95,374.70000000000005,2026-02-10 15:29:00+05:30,0.05,False,-87.9,-99.94314951677089
2026-02-04 14:27:00+05:30,2026-02-10,Tuesday,Wednesday,25796.55,25798.6,25794.3,25797.3,0,25796.6875,CE,25950,100.45,375.20000000000005,2026-02-10 15:29:00+05:30,0.05,False,-100.4,-99.95022399203584
2026-02-04 14:27:00+05:30,2026-02-10,Tuesday,Wednesday,25796.55,25798.6,25794.3,25797.3,0,25796.6875,PE,25650,87.15,375.20000000000005,2026-02-10 15:29:00+05:30,0.05,False,-87.10000000000001,-99.94262765347102
2026-02-04 14:29:00+05:30,2026-02-10,Tuesday,Wednesday,25794.9,25799.75,25794.55,25798.2,0,25796.85,CE,25950,101.3,376.6,2026-02-10 15:29:00+05:30,0.05,False,-101.25,-99.95064165844028
2026-02-04 14:29:00+05:30,2026-02-10,Tuesday,Wednesday,25794.9,25799.75,25794.55,25798.2,0,25796.85,PE,25650,87.0,376.6,2026-02-10 15:29:00+05:30,0.05,False,-86.95,-99.94252873563218
2026-02-04 14:30:00+05:30,2026-02-10,Tuesday,Wednesday,25797.75,25803.2,25793.15,25795.6,0,25797.425000000003,CE,25950,99.6,376.29999999999995,2026-02-10 15:29:00+05:30,0.05,False,-99.55,-99.94979919678715
2026-02-04 14:30:00+05:30,2026-02-10,Tuesday,Wednesday,25797.75,25803.2,25793.15,25795.6,0,25797.425000000003,PE,25650,88.55,376.29999999999995,2026-02-10 15:29:00+05:30,0.05,False,-88.5,-99.94353472614343
2026-02-04 14:31:00+05:30,2026-02-10,Tuesday,Wednesday,25795.45,25800.45,25794.5,25799.7,0,25797.524999999998,CE,25950,101.05,376.4,2026-02-10 15:29:00+05:30,0.05,False,-101.0,-99.95051954477981
2026-02-04 14:31:00+05:30,2026-02-10,Tuesday,Wednesday,25795.45,25800.45,25794.5,25799.7,0,25797.524999999998,PE,25650,87.15,376.4,2026-02-10 15:29:00+05:30,0.05,False,-87.10000000000001,-99.94262765347102
2026-02-04 14:32:00+05:30,2026-02-10,Tuesday,Wednesday,25799.65,25801.6,25795.85,25799.0,0,25799.025,CE,25950,101.2,376.8,2026-02-10 15:29:00+05:30,0.05,False,-101.15,-99.9505928853755
2026-02-04 14:32:00+05:30,2026-02-10,Tuesday,Wednesday,25799.65,25801.6,25795.85,25799.0,0,25799.025,PE,25650,87.2,376.8,2026-02-10 15:29:00+05:30,0.05,False,-87.15,-99.94266055045871
2026-02-04 14:33:00+05:30,2026-02-10,Tuesday,Wednesday,25798.8,25802.9,25797.3,25802.1,0,25800.275,CE,25950,101.4,376.9,2026-02-10 15:29:00+05:30,0.05,False,-101.35000000000001,-99.95069033530572
2026-02-04 14:33:00+05:30,2026-02-10,Tuesday,Wednesday,25798.8,25802.9,25797.3,25802.1,0,25800.275,PE,25650,87.05,376.9,2026-02-10 15:29:00+05:30,0.05,False,-87.0,-99.94256174612292
2026-02-04 14:34:00+05:30,2026-02-10,Tuesday,Wednesday,25802.55,25804.05,25797.1,25799.2,0,25800.725,CE,25950,100.0,375.7,2026-02-10 15:29:00+05:30,0.05,False,-99.95,-99.95
2026-02-04 14:34:00+05:30,2026-02-10,Tuesday,Wednesday,25802.55,25804.05,25797.1,25799.2,0,25800.725,PE,25650,87.85,375.7,2026-02-10 15:29:00+05:30,0.05,False,-87.8,-99.94308480364258
2026-02-04 14:35:00+05:30,2026-02-10,Tuesday,Wednesday,25799.4,25800.7,25796.7,25797.95,0,25798.6875,CE,25950,98.65,373.5,2026-02-10 15:29:00+05:30,0.05,False,-98.60000000000001,-99.94931576279778
2026-02-04 14:35:00+05:30,2026-02-10,Tuesday,Wednesday,25799.4,25800.7,25796.7,25797.95,0,25798.6875,PE,25650,88.1,373.5,2026-02-10 15:29:00+05:30,0.05,False,-88.05,-99.94324631101021
2026-02-04 14:36:00+05:30,2026-02-10,Tuesday,Wednesday,25797.8,25806.4,25795.85,25805.2,0,25801.312499999996,CE,25950,101.15,376.8,2026-02-10 15:29:00+05:30,0.05,False,-101.10000000000001,-99.95056846267919
2026-02-04 14:36:00+05:30,2026-02-10,Tuesday,Wednesday,25797.8,25806.4,25795.85,25805.2,0,25801.312499999996,PE,25650,87.25,376.8,2026-02-10 15:29:00+05:30,0.05,False,-87.2,-99.94269340974212
2026-02-04 14:46:00+05:30,2026-02-10,Tuesday,Wednesday,25803.85,25811.05,25795.65,25798.0,0,25802.137499999997,CE,25950,100.35,379.7,2026-02-10 15:29:00+05:30,0.05,False,-100.3,-99.95017438963627
2026-02-04 14:46:00+05:30,2026-02-10,Tuesday,Wednesday,25803.85,25811.05,25795.65,25798.0,0,25802.137499999997,PE,25650,89.5,379.7,2026-02-10 15:29:00+05:30,0.05,False,-89.45,-99.9441340782123
2026-02-04 14:51:00+05:30,2026-02-10,Tuesday,Wednesday,25795.35,25799.55,25792.35,25799.15,0,25796.6,CE,25950,98.65,380.4,2026-02-10 15:29:00+05:30,0.05,False,-98.60000000000001,-99.94931576279778
2026-02-04 14:51:00+05:30,2026-02-10,Tuesday,Wednesday,25795.35,25799.55,25792.35,25799.15,0,25796.6,PE,25650,91.55,380.4,2026-02-10 15:29:00+05:30,0.05,False,-91.5,-99.94538503549974
2026-02-04 14:52:00+05:30,2026-02-10,Tuesday,Wednesday,25798.0,25799.25,25794.15,25798.05,0,25797.3625,CE,25950,99.25,381.9,2026-02-10 15:29:00+05:30,0.05,False,-99.2,-99.94962216624685
2026-02-04 14:52:00+05:30,2026-02-10,Tuesday,Wednesday,25798.0,25799.25,25794.15,25798.05,0,25797.3625,PE,25650,91.7,381.9,2026-02-10 15:29:00+05:30,0.05,False,-91.65,-99.94547437295529
2026-02-04 14:53:00+05:30,2026-02-10,Tuesday,Wednesday,25797.45,25798.45,25793.05,25797.2,0,25796.5375,CE,25950,98.5,380.8,2026-02-10 15:29:00+05:30,0.05,False,-98.45,-99.94923857868021
2026-02-04 14:53:00+05:30,2026-02-10,Tuesday,Wednesday,25797.45,25798.45,25793.05,25797.2,0,25796.5375,PE,25650,91.9,380.8,2026-02-10 15:29:00+05:30,0.05,False,-91.85000000000001,-99.9455930359086
2026-02-04 15:00:00+05:30,2026-02-10,Tuesday,Wednesday,25784.8,25810.0,25784.8,25806.05,0,25796.412500000002,CE,25950,102.55,384.2,2026-02-10 15:29:00+05:30,0.05,False,-102.5,-99.95124329595319
2026-02-04 15:00:00+05:30,2026-02-10,Tuesday,Wednesday,25784.8,25810.0,25784.8,25806.05,0,25796.412500000002,PE,25650,89.55,384.2,2026-02-10 15:29:00+05:30,0.05,False,-89.5,-99.94416527079844
2026-02-04 15:01:00+05:30,2026-02-10,Tuesday,Wednesday,25806.6,25812.4,25795.25,25796.15,0,25802.6,CE,25950,97.7,381.4,2026-02-10 15:29:00+05:30,0.05,False,-97.65,-99.94882292732856
2026-02-04 15:01:00+05:30,2026-02-10,Tuesday,Wednesday,25806.6,25812.4,25795.25,25796.15,0,25802.6,PE,25650,93.0,381.4,2026-02-10 15:29:00+05:30,0.05,False,-92.95,-99.94623655913979
