Name,Registration No.,Validity,E-mail,Contact Person,Address,Correspondence Address,Telephone,Fax No.,State,City
021 Capital Trust,IN/AIF1/25-26/1857,Jul 23 2025 - Perpetual,manjunath@ascentcapital.in,Manjunath Kallapur,"No1 Ali Askar Road Bangalore 560 052, BANGALORE, KARNATAKA, 560052","No1 Ali Askar Road Bangalore 560 052, BANGALORE, KARNATAKA, 560052",,,KARNATAKA,BANGALORE
021 CAPITAL TRUST,IN/AIF1/17-18/0384,Nov 06 2017 - Perpetual,sailesh@021.capital,Sailesh Tulshan,"No 26, Ozone Residenza, 3 3 Harlur Main Road, HSR Layout, BANGALORE, KARNATAKA, 560102",,,,KARNATAKA,BANGALORE
021 CAPITAL TRUST - II,IN/AIF2/21-22/1013,Mar 14 2022 - Perpetual,saileshtulshan@gmail.com,Sailesh Tulshan,"No. 26, Ozone Residenza,, 3/3 Harlur Main Road,HSR Layout, Bangalore, BANGALORE, KARNATAKA, 560102","No. 26, Ozone Residenza, 3/3 Harlur Main Road,HSR Layout, Bangalore, BANGALORE, KARNATAKA, 560102",,,KARNATAKA,BANGALORE
1000X CAPITAL TRUST,IN/AIF2/25-26/1983,Dec 10 2025 - Perpetual,Info@1000x.co.in,Shivaanii Kedia,"17, Balmukund Mackar Road, 2nd Floor, Room No. 8, KOLKATA, WEST BENGAL, 700007","17, Balmukund Mackar Road, 2nd Floor, Room No. 8, KOLKATA, WEST BENGAL, 700007",,,WEST BENGAL,KOLKATA
1008 Bharat Growth Trust,IN/AIF3/25-26/1864,Jul 29 2025 - Perpetual,1008bharatgrowth@gmail.com,Rajen Gada,"502, The Summit Business Bay, Andheri Kurla Road,, Near Cinemax, Andheri East, Chakala MIDC,, MUMBAI, MAHARASHTRA, 400093","502, The Summit Business Bay, Andheri Kurla Road, Near Cinemax, Andheri East, Chakala MIDC, MUMBAI, MAHARASHTRA, 400093",,,MAHARASHTRA,MUMBAI
100Unicorns,IN/AIF2/23-24/1342,Sep 11 2023 - Perpetual,ankit@9unicorns.in,Ankit Jain,"9th Floor, Unit No1, Times Square, Venture Catalysts Private Limited, B Wing, Near Marol Metro Station, Andheri East, Mumbai., MUMBAI, MAHARASHTRA, 400059","9th Floor, Unit No1, Times Square, Venture Catalysts Private Limited, B Wing, Near Marol Metro Station, Andheri East, Mumbai., MUMBAI, MAHARASHTRA, 400059",,,MAHARASHTRA,MUMBAI
108 Capital Venture Fund,IN/AIF2/23-24/1349,Sep 15 2023 - Perpetual,nk@108.vc,Nimesh Kampani,"104, Shiv Smriti chambers, 49A, Dr. Annie Besant Road, Worli, Mumbai, 400018, MUMBAI, MAHARASHTRA, 400018","104, Shiv Smriti chambers, 49A, Dr. Annie Besant Road, Worli, Mumbai, 400018, MUMBAI, MAHARASHTRA, 400018",,,MAHARASHTRA,MUMBAI
11H Holdings,IN/AIF3/23-24/1391,Nov 23 2023 - Perpetual,ronak@11hadvisors.com,Ronak Shah,"2B, Samved, Near Sopan Tower, Navrangpura, Ahmedabad, AHMEDABAD, GUJARAT, 380059","2B, Samved, Near Sopan Tower, Navrangpura, Ahmedabad, AHMEDABAD, GUJARAT, 380059",,,GUJARAT,
129 Wealth Trust,IN/AIF3/24-25/1602,Sep 26 2024 - Perpetual,info@paulasset.com,Prasenjit Kumar Paul,"4th Floor DGK 407 The Galleria Action Area1, New Town Parganas, KOLKATA, WEST BENGAL, 700156","4th Floor DGK 407 The Galleria Action Area1, New Town Parganas, KOLKATA, WEST BENGAL, 700156",,,WEST BENGAL,KOLKATA
16 Alpha Alternatives Technologies Fund,IN/AIF3/24-25/1586,Sep 02 2024 - Perpetual,office@16alpha.in,Pushan Jain,"207M Kailash Building, 26 Kasturba Gandhi Marg, NEW DELHI, NATIONAL CAPITAL TERRITORY OF DELHI, 110001","207M Kailash Building, 26 Kasturba Gandhi Marg, NEW DELHI, NATIONAL CAPITAL TERRITORY OF DELHI, 110001",,,NATIONAL CAPITAL TERRITORY OF DELHI,NEW DELHI
1Funds Trust,IN/AIF1/17-18/0344,Jun 27 2017 - Perpetual,,,"601,6th Floor Keshava, Bandra Kurla Complex, Bandra East, MUMBAI, MAHARASHTRA, 400051",,,,MAHARASHTRA,MUMBAI
1Funds Trust 2,IN/AIF1/22-23/1078,Jun 04 2022 - Perpetual,anil.gudibande@1crowd.co,Anil Gudibande,"First Floor, Flat No. 101,Siddhivinayak, Union Park, 1st Cross Road, Khar West,, MUMBAI, MAHARASHTRA, 400052","First Floor, Flat No. 101,Siddhivinayak, Union Park, 1st Cross Road, Khar West, MUMBAI, MAHARASHTRA, 400052",,,MAHARASHTRA,MUMBAI
247VC Investment Trust,IN/AIF2/25-26/1810,May 21 2025 - Perpetual,yagnesh@247vc.in,Yagnesh Sanghrajka,"10th Floor, 1006, The Address by Wadhwa Group, LBS Marg, Opp RCity Mall, Ghatkopar West, MUMBAI, MAHARASHTRA, 400086","91, Springboard, Godrej Compound, Opp Vikhroli Bus Depot, LBS Marg, Vikhroli West, MUMBAI, MAHARASHTRA, 400079",,,MAHARASHTRA,MUMBAI
2Point2 Capital Trust,IN/AIF3/19-20/0686,Apr 23 2019 - Perpetual,bhavit@2point2capital.com,Bhavit Visaria,"D/907 Oberoi Splendor, Opp. Majas Depot JV Link Road Andheri East, MUMBAI, MAHARASHTRA, 400060","D/907 Oberoi Splendor, Opp. Majas Depot JV Link Road Andheri East, MUMBAI, MAHARASHTRA, 400060",,,MAHARASHTRA,MUMBAI
31 Degrees North Fund,IN/AIF3/25-26/1798,Apr 24 2025 - Perpetual,tejasshah@31degreesnorth.in,Tejas Shah,"23 Narayan Chambers, Opp Patang Hotel Nr Nehru Bridge Ellisbridge, AHMEDABAD, GUJARAT, 380009","23 Narayan Chambers, Opp Patang Hotel Nr Nehru Bridge Ellisbridge, AHMEDABAD, GUJARAT, 380009",,,GUJARAT,
35North India Growth Fund Trust,IN/AIF1/17-18/0321,Apr 19 2017 - Perpetual,,,,,,,,
360 ONE ALTERNATIVE OPPORTUNITIES FUND,IN/AIF3/16-17/0286,Dec 22 2016 - Perpetual,ashutosh.naik@iiflw.com,Ashutosh Naik,"IIFL Centre, Kamala city, Senapati Bapat Marg, lower parel, MUMBAI, MAHARASHTRA, 400013",,,,MAHARASHTRA,MUMBAI
360 ONE Asset Angel Fund 1,IN/AIF1/21-22/1011,Mar 14 2022 - Perpetual,nandini@mumbaiangels.com,Nandini Mansinghka,"360 ONE Centre, Kamala City, Senapati Bapat Marg, Lower Parel, MUMBAI, MAHARASHTRA, 400013","360 ONE Centre, Kamala City, Senapati Bapat Marg, Lower Parel, MUMBAI, MAHARASHTRA, 400013",,,MAHARASHTRA,MUMBAI
360 ONE Opportunities Fund,IN/AIF3/12-13/0016,Nov 16 2012 - Perpetual,Meetali.Mistry@iiflw.com,Meetali Mistry,"IIFL Centre, Kamala City, Senapati Bapat Marg, Lower Parel, MUMBAI, MAHARASHTRA, 400013",,,,MAHARASHTRA,MUMBAI
360 ONE Private Equity Fund,IN/AIF2/12-13/0015,Nov 16 2012 - Perpetual,ashutosh.naik@iiflw.com,Ashutosh Naik,"360 ONE Centre, Kamala City, Senapati Bapat Marg, lower parel, MUMBAI, MAHARASHTRA, 400013",,,,MAHARASHTRA,MUMBAI
360 ONE Venture Capital Trust,IN/AIF2/20-21/0838,Nov 02 2020 - Perpetual,samay@scaleventurecap.com,Samay Kala,"360 ONE Centre, Kamala Mills Compound, Senapati Bapat Marg,, Lower Parel, Mumbai 400013, MUMBAI, MAHARASHTRA, 400013","360 ONE Centre, Kamala Mills Compound, Senapati Bapat Marg, Lower Parel, Mumbai 400013, MUMBAI, MAHARASHTRA, 400013",,,MAHARASHTRA,MUMBAI
360 Rising Straits Capital Fund,IN/AIF2/20-21/0830,Oct 07 2020 - Perpetual,gaurav@risingstraits.com,Gaurav Rakyan,"Unit No 1117, 11th Floor, Tower B, Vatika Towers, Golf Course Road, Sector 54, GURGAON, HARYANA, 122002","Unit No. 1117, 11th Floor, Tower B, Vatika Towers, Golf Course Road, Sector 54, Gurgaon, GURGAON, HARYANA, 122002",1244353830.0,1244353830.0,HARYANA,
3F Ventures,IN/AIF1/16-17/0301,Feb 20 2017 - Perpetual,,,"Unit No 4, Jetha Compound,Opp Nirmal Park, Byculla East, MUMBAI, MAHARASHTRA, 400027",,,,MAHARASHTRA,MUMBAI
3ONE4 CAPITAL BREAKTHROUGH DYNAMICS FUND,IN/AIF2/25-26/2006,Jan 02 2026 - Perpetual,DEEPAK@3ONE4CAPITAL.COM,SIDDARTH PAI,"OFFICE NO. 01, 5th FLOOR, 1 SOBHA, 50 ST. MARKS ROAD, BANGALORE, KARNATAKA, 560001","OFFICE NO. 01, 5th FLOOR, 1 SOBHA, 50 ST. MARKS ROAD, BANGALORE, KARNATAKA, 560001",,,KARNATAKA,BANGALORE
3ONE4 CAPITAL INDIA INTERNET DYNAMICS,IN/AIF1/22-23/1215,Feb 24 2023 - Perpetual,deepak@3one4capital.com,SIDDARTH PAI,"Office No. 01, 5th floor, 1 Sobha, 50, St. Marks Road, BANGALORE, KARNATAKA, 560001","Office No. 01, 5th Floor, 1 Sobha, 50, St. Marks Road, BANGALORE, KARNATAKA, 560001",,,KARNATAKA,BANGALORE
3ONE4CAPITAL TRUST,IN/AIF1/15-16/0204,"Feb 04, 2016 - Perpetual",,,"Office No. 01, 5th Floor, , 1 Sobha, 50 St Marks Road, BANGALORE, KARNATAKA, 560001",,,,KARNATAKA,BANGALORE
3P INDIA EQUITY FUND,IN/AIF3/22-23/1221,"Mar 02, 2023 - Perpetual",sharadm@3pim.in,Sharad Mohnot,"201 East wing, 2nd Floor, Nirlon House, Dr. Annie Besant Road, Worli, MUMBAI, MAHARASHTRA, 400030","201 East wing, 2nd Floor, Nirlon House, Dr. Annie Besant Road, Worli, MUMBAI, MAHARASHTRA, 400030",,,MAHARASHTRA,MUMBAI
5 RIVERS CAPITAL TRUST I,IN/AIF2/24-25/1652,"Dec 04, 2024 - Perpetual",droy@5riverscap.com,Deepto Roy,"C 1103 Floor 11 Plot 180 188 C Ashok Garden Tower 1 Tokersey Jivraj Road Swan Mill Compound Sewri, MUMBAI, MAHARASHTRA, 400015","34A Jolly Maker Chambers II Nariman Point, MUMBAI, MAHARASHTRA, 400021",,,MAHARASHTRA,MUMBAI
77 EAST VENTURE FUND,IN/AIF1/23-24/1390,"Nov 23, 2023 - Perpetual",dhiraj@77eastvp.com,DHIRAJ GUPTA,"Flat No.4C, Coventry Apartments, No. 28, Convent Road, Richmond Town, BANGALORE, KARNATAKA, 560025","Flat No.4C, Coventry Apartments, No. 28, Convent Road, Richmond Town, BANGALORE, KARNATAKA, 560025",,,KARNATAKA,BANGALORE
888vc Accelerator Fund,IN/AIF1/24-25/1727,"Feb 17, 2025 - Perpetual",rohit@888vc.co,ROHIT BAFNA,"C823 Parimala Sunridge Apartment, Siddhapura Whitefield, BANGALORE, KARNATAKA, 560066","C823 Parimala Sunridge Apartment, Siddhapura Whitefield, BANGALORE, KARNATAKA, 560066",,,KARNATAKA,BANGALORE
8X VENTURES FUND,IN/AIF2/23-24/1480,"Mar 27, 2024 - Perpetual",8xventures.nda@nishithdesai.com,Chirag Gupta,"8X Ventures Fund at H No. 1, First Floor, KH No. 619 7, Opp. Tivoli Garden, Chattarpur, New Delhi 11, DELHI, NATIONAL CAPITAL TERRITORY OF DELHI, 110074","8X Ventures Fund at H No. 1, First Floor, KH No. 619 7, Opp. Tivoli Garden, Chattarpur, New Delhi 11, DELHI, NATIONAL CAPITAL TERRITORY OF DELHI, 110074",,,NATIONAL CAPITAL TERRITORY OF DELHI,NEW DELHI
9Unicorns Accelerator Fund,IN/AIF1/18-19/0663,"Mar 29, 2019 - Perpetual",info@vcatsaccelerator.com,APOORV SHARMA,"203 204, Mittal Commercia,, Off Andheri Kurla Road, Andheri East, MUMBAI, MAHARASHTRA, 400059","203 204, Mittal Commercia, Off Andheri Kurla Road, Andheri East, MUMBAI, MAHARASHTRA, 400059",,,MAHARASHTRA,MUMBAI
A K ALTERNATIVE INVESTMENTS TRUST II,IN/AIF2/23-24/1311,"Jul 19, 2023 - Perpetual",vikas@akgroup.co.in,Vikas Jain,"604, 6th Floor, Windsor, Off CST Road, Kalina, Santacruz, East, MUMBAI, MAHARASHTRA, 400098","604, 6th Floor, Windsor, Off CST Road, Kalina, Santacruz, East, MUMBAI, MAHARASHTRA, 400098",9100000000000.0,9100000000000.0,MAHARASHTRA,MUMBAI
A88 TRUST,IN/AIF2/25-26/2069,"Feb 27, 2026 - Perpetual",compliance.aif@infoedge.com,NITIN GUPTA,"Unit No. GF 12A, 94, Meghdoot,, Nehru Place, New Delhi 110019, NEW DELHI, NATIONAL CAPITAL TERRITORY OF DELHI, 110019",,,,NATIONAL CAPITAL TERRITORY OF DELHI,NEW DELHI
A91 EMERGING FUND I LLP,IN/AIF2/19-20/0712,"Jul 03, 2019 - Perpetual",nari@a91partners.com,R Narayanan,"1001 & 1002, Lodha Supremus, Dr. E. Moses Road, Worli Naka, MUMBAI, MAHARASHTRA, 400018","1001 & 1002, Lodha Supremus, Dr. E. Moses Road, Worli Naka, MUMBAI, MAHARASHTRA, 400018",,,MAHARASHTRA,MUMBAI
A91 Emerging Fund II LLP,IN/AIF2/21-22/0940,"Oct 20, 2021 - Perpetual",ruchi@a91partners.com,Ruchi Dsouza,"Number 1001 and 1002, Lodha Supremus, Dr. E. Moses Road, Worli Naka, MUMBAI, MAHARASHTRA, 400018","Number 1001 and 1002, Lodha Supremus, Dr. E. Moses Road, Worli Naka, MUMBAI, MAHARASHTRA, 400018",,,MAHARASHTRA,MUMBAI
A91 Emerging Fund III LLP,IN/AIF2/24-25/1707,"Feb 05, 2025 - Perpetual",ruchi@a91partners.com,Ruchi Khajanchi,"702 Orchid Tower A 241242 Bellasis Road Mumbai Central Mumbai 400008, MUMBAI, MAHARASHTRA, 400008","Number 1001 1002 Lodha Supremus Dr. E. Moses Road Worli Naka Mumbai Maharashtra, India 400018, MUMBAI, MAHARASHTRA, 400018",,,MAHARASHTRA,MUMBAI
A91 Partners Trust,IN/AIF2/19-20/0697,"May 22, 2019 - Perpetual",nari@a91partners.com,R Narayanan,"F-801, Jay Balaji CHS Ltd, Plot No. 26, Sector-6, Nerul, Navi Mumbai Thane, THANE, MAHARASHTRA, 400706","1001 & 1002, Lodha Supremus, Dr.E Moses Road, Worli Naka, MUMBAI, MAHARASHTRA, 400018",,,MAHARASHTRA,MUMBAI
A91 Partners Trust II,IN/AIF2/21-22/0950,"Nov 08, 2021 - Perpetual",ruchi@a91partners.com,Ruchi Khajanchi,"1001 & 1002, Lodha Supremus, , Dr. E. Moses Road, Worli Naka, Mumbai 400018, MUMBAI, MAHARASHTRA, 400018","1001 & 1002, Lodha Supremus, , Dr. E. Moses Road, Worli Naka, Mumbai 400018, MUMBAI, MAHARASHTRA, 400018",,,MAHARASHTRA,MUMBAI
A91 Partners Trust III,IN/AIF2/24-25/1755,"Mar 10, 2025 - Perpetual",ruchi@a91partners.com,Ruchi Khajanchi,"1001 and 1002, Lodha Supremus, Dr.E Moses Road, Worli Naka, Mumbai, Maharashtra,India 400018, MUMBAI, MAHARASHTRA, 400018","1001 and 1002, Lodha Supremus, Dr.E Moses Road, Worli Naka, Mumbai, Maharashtra,India 400018, MUMBAI, MAHARASHTRA, 400018",9110000000000.0,9110000000000.0,MAHARASHTRA,MUMBAI
a99 Investment AIF Trust,IN/AIF2/25-26/2079,"Mar 06, 2026 - Perpetual",compliance@a99.vc,Ganesh Sathyamurthy,"No. 74, 1st Floor, Fagun Mansion, Ethiraj Salai, Egmore, Chennai 600008, CHENNAI, TAMIL NADU, 600008",,,,TAMIL NADU,CHENNAI
AAA India Equity Fund,IN/AIF3/22-23/1226,"Mar 09, 2023 - Perpetual",mayurthakur@alfaccurate.com,Mayur Thakhur,"503, B wing, Naman Midtown, Senapati Bapat Road, MUMBAI, MAHARASHTRA, 400013","503, B wing, Naman Midtown, Senapati Bapat Road, MUMBAI, MAHARASHTRA, 400013",,,MAHARASHTRA,MUMBAI
AAA Zenith Fund,IN/AIF2/25-26/2022,"Jan 20, 2026 - Perpetual",compliance@alfaccurate.com,Chirag Vaja,"503 B Wing Naman Midtown , Senapati Bapat Road Mumbai 400013 Maharashtra India, MUMBAI, MAHARASHTRA, 400013","503 B Wing Naman Midtown , Senapati Bapat Road Mumbai 400013 Maharashtra India, MUMBAI, MAHARASHTRA, 400013",,,MAHARASHTRA,MUMBAI
Aabhuti Investment Fund Trust,IN/AIF2/23-24/1446,"Feb 07, 2024 - Perpetual",shankar.s@refex.co.in,Dinesh Agarwal,"Second Floor, Refex Towers, Sterling Road Signal 313,, Valluvar Kottam High Road, Nungambakkam, CHENNAI, TAMIL NADU, 600034","Second Floor, Refex Towers, Sterling Road Signal 313, Valluvar Kottam High Road, Nungambakkam, CHENNAI, TAMIL NADU, 600034",,,TAMIL NADU,CHENNAI
Aagama Ventures Trust,IN/AIF2/25-26/1879,"Aug 18, 2025 - Perpetual",shubhanga@aagama.vc,Shubhanga Prasad,"B 104 Powai Jaltarang CHS Powai Police Station, Rambaug Powai Mumbai Suburban, MUMBAI, MAHARASHTRA, 400076","B 104 Powai Jaltarang CHS Powai Police Station, Rambaug Powai Mumbai Suburban, MUMBAI, MAHARASHTRA, 400076",,,MAHARASHTRA,MUMBAI
Aarambh Fund 1,IN/AIF2/23-24/1397,"Dec 01, 2023 - Perpetual",suresh291974@gmail.com,SURESH NARASIMHA,"No 96 5th Main Near Channaman Kere, Achukattu Telephone Exchange Banashankari 3rd stage, BANGALORE, KARNATAKA, 560085","No 96 5th Main Near Channaman Kere, Achukattu Telephone Exchange Banashankari 3rd stage, BANGALORE, KARNATAKA, 560085",,,KARNATAKA,BANGALORE
Aaroh Capital Trust,IN/AIF2/25-26/1875,"Aug 12, 2025 - Perpetual",amber@aarohcapital.in,Amber Maheshwari,"No. 367, 3rd Floor, 100 Feet Road, HAL 2nd Stage, Indiranagar, BANGALORE, KARNATAKA, 5600038","No. 367, 3rd Floor, 100 Feet Road, HAL 2nd Stage, Indiranagar, BANGALORE, KARNATAKA, 5600038",,,KARNATAKA,BANGALORE
Aarth.AIF,IN/AIF3/24-25/1610,"Oct 07, 2024 - Perpetual",aarthfundmanager@gmail.com,Rishi Agarwal,"The Ruby 2nd Floor SW 29 Senapati Bapat Marg, Dadar west Mumbai, MUMBAI, MAHARASHTRA, 400028","A 505 North Block World Trade Park, JLN Marg Jaipur, JAIPUR, RAJASTHAN, 302017",,,MAHARASHTRA,MUMBAI
AARUHA TECHNOLOGY FUND,IN/AIF1/15-16/0154,"Jun 01, 2015 - Perpetual",,,,,,,,
Aavihi India Trust,IN/AIF3/25-26/2050,"Feb 16, 2026 - Perpetual",meghna.agrawal@aavihi.com,Meghna Agrawal,"261 A Bommasandra Industrial Area, Hosur Road, BANGALORE, KARNATAKA, 560099","261 A Bommasandra Industrial Area, Hosur Road, BANGALORE, KARNATAKA, 560099",,,KARNATAKA,BANGALORE
AAVISHKAAR BHARAT FUND,IN/AIF2/16-17/0269,"Oct 18, 2016 - Perpetual",,,"Unit no 202, 203, 204, 2nd floor,Naman Centre, G block, Bandra Kurla Complex, Bandra East,, MUMBAI, MAHARASHTRA, 400051",,,,MAHARASHTRA,MUMBAI
Aavishkaar India Fund VI,IN/AIF2/21-22/0877,"Apr 27, 2021 - Perpetual",amol_ganu@aavishkaar.in,Amol Ganu,"Unit no 202, 203, 204, 2nd floor,Naman Centre, G block, Bandra Kurla Complex, Bandra East,, MUMBAI, MAHARASHTRA, 400051","Unit no 202, 203, 204, 2nd floor,Naman Centre, G block, Bandra Kurla Complex, Bandra East, MUMBAI, MAHARASHTRA, 400051",,,MAHARASHTRA,MUMBAI
Abakkus Growth Fund,IN/AIF3/18-19/0550,"Jun 05, 2018 - Perpetual",biharilal.deora@abakkusinvest.com,Biharilal Deora,"6th Floor,Param House,Shanti Nagar,Santacruz Chembur Link Road, Santacruz East, MUMBAI, MAHARASHTRA, 400055","6th Floor,Param House,Shanti Nagar,Santacruz Chembur Link Road, Santacruz East, MUMBAI, MAHARASHTRA, 400055",,,MAHARASHTRA,MUMBAI
ABAKKUS INDIA EQUITY TRUST,IN/AIF3/23-24/1326,"Aug 09, 2023 - Perpetual",complianceteam@abakkusinvest.com,Biharilal Deora,"Abakkus Corporate Center, Sixth Floor, Param House, Shanti Nagar, Santacruz Chembur Link Road, Santacruz, MUMBAI, MAHARASHTRA, 400055","Abakkus Corporate Center, Sixth Floor, Param House, Shanti Nagar, Santacruz Chembur Link Road, Santacruz, MUMBAI, MAHARASHTRA, 400055",,,MAHARASHTRA,MUMBAI
ABANS INVESTMENT TRUST,IN/AIF2/21-22/0896,"Jun 25, 2021 - Perpetual",abans.nda@nishithdesai.com,RAJENDRA SAWANT,"36, 37, 38A, 3rd Floor, , 227 Nariman Bhavan, Mumbai 400 021, Maharashtra, India, MUMBAI, MAHARASHTRA, 400021","36, 37, 38A, 3rd Floor, , 227 Nariman Bhavan, Mumbai 400 021, Maharashtra, India, MUMBAI, MAHARASHTRA, 400021",,,MAHARASHTRA,MUMBAI
Abhi Incubation Angel Fund,IN/AIF1/24-25/1514,"May 07, 2024 - Perpetual",abhimanyu@pushya.net,Abhimanyu Londhe,"23th floor Godrej Platinum, Tower B3 Vikhroli, MUMBAI, MAHARASHTRA, 400079","813, 814, 8th floor, B Wing, Damji Shamji Corporate Square, MUMBAI, MAHARASHTRA, 400075",,,MAHARASHTRA,MUMBAI
Access Fund Trust,IN/AIF2/25-26/1839,"Jul 04, 2025 - Perpetual",nilesh@accesspe.in,Nilesh Mehta,"10th Floor 1004, B Square, Near Neptune House, Iscon Ambali BRTS Road, Ambli, Ahmedabad, Daskroi, AHMEDABAD, GUJARAT, 380058","A 3802, 25 South, Yadav Patil Marg, Off Veer Savarkar Marg, Prabhadevi, MUMBAI, MAHARASHTRA, 400025",,,GUJARAT,MUMBAI
ACCESS INDIA FUND,IN/AIF1/25-26/1947,"Nov 03, 2025 - Perpetual",nilesh@accesspe.in,Nilesh Mehta,"801, Abhijeet, Mithakhali Six Rasta, Ahmedabad, AHMEDABAD, GUJARAT, 380009","A/3802, 25 South, Yadav Patil Marg, Off Veer Savarkar Marg, Prabhadevi, MUMBAI, MAHARASHTRA, 400025",,,GUJARAT,MUMBAI
Accor Growth Fund,IN/AIF3/25-26/1898,"Sep 11, 2025 - Perpetual",capithoncorporate@gmail.com,Surya Tripathi,"Office No - 201, 2nd Floor, Harmony Icon, Zydus Hospital Rd, nr. Baghban Party Plot Road, AHMEDABAD, GUJARAT, 380059","Office No - 201, 2nd Floor, Harmony Icon, Zydus Hospital Rd, nr. Baghban Party Plot Road, AHMEDABAD, GUJARAT, 380059",,,GUJARAT,
Accuracap Prime Opportunities Fund,IN/AIF3/17-18/0521,"Feb 27, 2018 - Perpetual",rnagpal@accuracap.com,Raman Nagpal,"Office no. 919, 9th Floor,, Wave Silver Tower, Sector 18,, NOIDA, UTTAR PRADESH, 201301","Office no. 919, 9th Floor, Wave Silver Tower, Sector 18, NOIDA, UTTAR PRADESH, 201301",,,UTTAR PRADESH,
Achievers Investment Trust,IN/AIF2/25-26/1981,"Dec 09, 2025 - Perpetual",anjanatolani@gmail.com,Anjana Tolani,"Flt B 601, Charmee Enclave, Plot 342, Service Road, Vileeparle East, MUMBAI, MAHARASHTRA, 400057","Flt B 601, Charmee Enclave, Plot 342, Service Road, Vileeparle East, MUMBAI, MAHARASHTRA, 400057",,,MAHARASHTRA,MUMBAI
Achieving Women Entrepreneurs Early Growth Trust,IN/AIF2/19-20/0722,"Aug 06, 2019 - Perpetual",prachi@awefunds.com,Prachi Jain,"1301, C Wing, Rizvi Oak, Sadguru Wamanrao Pai Road, Malad (East), MUMBAI, MAHARASHTRA, 400097","1301, C Wing, Rizvi Oak, Sadguru Wamanrao Pai Road, Malad (East), MUMBAI, MAHARASHTRA, 400097",,,MAHARASHTRA,MUMBAI
ACME CAT III AIF TRUST,IN/AIF3/23-24/1380,"Nov 15, 2023 - Perpetual",csanand.prakash@outlook.com,Anand Prakash,"F23 1, 1st Floor, Krishna Nagar Delhi East, DELHI, NATIONAL CAPITAL TERRITORY OF DELHI, 110051","B706, Kanakia Wall Street, 7th Floor, BWing, Andheri, MUMBAI, MAHARASHTRA, 400099",,,NATIONAL CAPITAL TERRITORY OF DELHI,MUMBAI
ACME FINVEST TRUST,IN/AIF1/24-25/1767,"Mar 24, 2025 - Perpetual",csanand.prakash@outlook.com,Anand Prakash,"F23, 1, 1st Floor, Krishna Nagar Delhi East Delhi, DELHI, NATIONAL CAPITAL TERRITORY OF DELHI, 110051","B706, Kanakia Wall Street, 7th Floor, BWing, Andheri East, Mumbai, MUMBAI, MAHARASHTRA, 400099",,,NATIONAL CAPITAL TERRITORY OF DELHI,MUMBAI
Acrobat Capital Fund I,IN/AIF2/25-26/1828,"Jun 12, 2025 - Perpetual",vaibhav@acrobatcapital.in,Vaibhav Goel,"9th Floor, Unit No. 902 and 903, Campus 31, RMZ Ecoworld, Sarjapur, Marathalli Outer Ring Road, Bhoganahalli Village, Varthur Hobli, Bengaluru East Taluk, BANGALORE, KARNATAKA, 560103","9th Floor, Unit No. 902 and 903, Campus 31, RMZ Ecoworld, Sarjapur, Marathalli Outer Ring Road, Bhoganahalli Village, Varthur Hobli, Bengaluru East Taluk, BANGALORE, KARNATAKA, 560103",,,KARNATAKA,BANGALORE
Activate Platform Fund,IN/AIF2/25-26/1976,"Dec 09, 2025 - Perpetual",aakrit.vaish@gmail.com,Aakrit Vaish,"107, Damji Shamji Udyog Bhavan, Veera Desai Road, Andheri W, MUMBAI, MAHARASHTRA, 400053","107, Damji Shamji Udyog Bhavan, Veera Desai Road, Andheri W, MUMBAI, MAHARASHTRA, 400053",,,MAHARASHTRA,MUMBAI
Adi Trust,IN/AIF2/16-17/0258,"Sep 06, 2016 - Perpetual",compliance@trayi.vc,Praveen Yelchuru,,,,,,
Aditya Birla Special Situations Fund,IN/AIF2/18-19/0591,"Oct 03, 2018 - Perpetual",,,"One Indiabulls Center, Tower 1, 16th Floor, , Jupiter Mills Compound, Senapati Bapat Marg, Elphinstone, MUMBAI, MAHARASHTRA, 400013","One Indiabulls Center, Tower 1, 16th Floor, , Jupiter Mills Compound, Senapati Bapat Marg, Elphinstone, MUMBAI, MAHARASHTRA, 400013",,,MAHARASHTRA,MUMBAI
Aditya Birla Sun Life AIF Trust I,IN/AIF3/17-18/0319,"Apr 11, 2017 - Perpetual",parth.makwana@adityabirlacapital.com,Parth Makwana,"One Indiabulls centre, tower 1, 17th floor, , Jupiter mill compound, 841 SB Marg, Elphinstone road, MUMBAI, MAHARASHTRA, 400013",,,,MAHARASHTRA,MUMBAI
Aditya Birla Sun Life AIF Trust II,IN/AIF2/17-18/0513,"Jan 19, 2018 - Perpetual",prannav.shah@adityabirlacapital.com,Prannav Shah,"One Indiabulls Centre, Tower-1, 17th floor, Jupiter Mill Compound, 841, S.B. Marg, Elphinstone Road,, MUMBAI, MAHARASHTRA, 400013","One Indiabulls Centre, Tower-1, 17th floor, Jupiter Mill Compound, 841, S.B. Marg, Elphinstone Road, MUMBAI, MAHARASHTRA, 400013",,,MAHARASHTRA,MUMBAI
ADM Capital India AIF Trust,IN/AIF2/23-24/1363,"Oct 05, 2023 - Perpetual",deep.shah@khaitanco.com,Sabita Prakash,"C o Corporate Edge Serviced Offices Suit 10 12 Level 10 Concorde Tower, UB City Vittal Mallya Road Bengaluru Karnataka, BANGALORE, KARNATAKA, 560001","C o Corporate Edge Serviced Offices Suit 10 12 Level 10 Concorde Tower, UB City Vittal Mallya Road Bengaluru Karnataka, BANGALORE, KARNATAKA, 560001",,,KARNATAKA,BANGALORE
ADS India Growth Fund,IN/AIF2/17-18/0317,"Apr 11, 2017 - Perpetual",,,,,,,,
Advantedge Founders Fund,IN/AIF2/23-24/1360,"Sep 27, 2023 - Perpetual",nitin_garg@hotmail.com,Nitin Garg,"3 16, 2nd Floor, Shanti Niketan, NEW DELHI, NATIONAL CAPITAL TERRITORY OF DELHI, 110021","3 16, 2nd Floor, Shanti Niketan, NEW DELHI, NATIONAL CAPITAL TERRITORY OF DELHI, 110021",,,NATIONAL CAPITAL TERRITORY OF DELHI,NEW DELHI
Advantedge Technology Fund,IN/AIF1/19-20/0754,"Dec 10, 2019 - Perpetual",kk@advantedge.vc,Kunal Khattar,"3 16 2nd Floor Shanti Niketan New Delhi, NEW DELHI, NATIONAL CAPITAL TERRITORY OF DELHI, 110021","6 Floor Plot No 1 Sector 127 Noida Uttar Pradesh, NOIDA, UTTAR PRADESH, 201301",,,NATIONAL CAPITAL TERRITORY OF DELHI,NEW DELHI
Adventz Keventers Real Estate Trust,IN/AIF2/25-26/2001,"Dec 26, 2025 - Perpetual",compliance@adventzkeventercapitaladvisors.com,Monal Gupta,"WeWork Eldeco Centre, Block A, Shivalik Colony, Malviya Nagar, NEW DELHI, NATIONAL CAPITAL TERRITORY OF DELHI, 110017","WeWork Eldeco Centre, Block A, Shivalik Colony, Malviya Nagar, NEW DELHI, NATIONAL CAPITAL TERRITORY OF DELHI, 110017",,,NATIONAL CAPITAL TERRITORY OF DELHI,NEW DELHI
Aequitas Equity Fund,IN/AIF3/18-19/0638,"Feb 22, 2019 - Perpetual",mayur.shah@aequitasindia.in,Mayur Shah,"A-1003, The Capital Building, Behind ICICI Bank BKC, Bandra East, Bandra, MUMBAI, MAHARASHTRA, 400051","A-1003, The Capital Building, Behind ICICI Bank BKC, Bandra East, Bandra, MUMBAI, MAHARASHTRA, 400051",,,MAHARASHTRA,MUMBAI
Aeravti Ventures Trust,IN/AIF1/22-23/1169,"Nov 15, 2022 - Perpetual",shubham@aeravti.com,Shubham Jhuria,"7 Ridhi Sidhi Nanjappa Road Shanthinagar, Behind Bank of Baroda KH Road, BANGALORE, KARNATAKA, 560027","7 Ridhi Sidhi Nanjappa Road Shanthinagar, Behind Bank of Baroda KH Road, BANGALORE, KARNATAKA, 560027",,,KARNATAKA,BANGALORE
AFPL CAT II AIF TRUST,IN/AIF2/23-24/1309,"Jul 10, 2023 - Perpetual",anand.prakash@acmegroup.co.in,Anand Prakash,"F-23,1, 1st Floor, Krishna Nagar Delhi, DELHI, NATIONAL CAPITAL TERRITORY OF DELHI, 110051","B 706, Kanakia Wall Street, 7th Floor, B Wing, Andheri East, MUMBAI, MAHARASHTRA, 400099",,,NATIONAL CAPITAL TERRITORY OF DELHI,MUMBAI
Agastya Capital India Trust,IN/AIF2/23-24/1266,"Apr 28, 2023 - Perpetual",Abhijit.Roy@affirmacapital.com,Abhijit Roy,"9th Floor, Avighna House, 82, Dr. Annie Besant Road, Worli Naka, Worli,, MUMBAI, MAHARASHTRA, 400018","9th Floor, Avighna House, 82, Dr. Annie Besant Road, Worli Naka, Worli, MUMBAI, MAHARASHTRA, 400018",,,MAHARASHTRA,MUMBAI
Agastya Trust,IN/AIF2/21-22/0985,"Jan 31, 2022 - Perpetual",liannaengineer@prachetascapital.com,Lianna Engineer,"Floor No. 3, 310, Plot No. 221, Maker Chambers V, Jamnalal Bajaj Marg, Nariman Point, MUMBAI, MAHARASHTRA, 400021","Floor No. 3, 310, Plot No. 221, Maker Chambers V, Jamnalal Bajaj Marg, Nariman Point, MUMBAI, MAHARASHTRA, 400021",9100000000000.0,9100000000000.0,MAHARASHTRA,MUMBAI
Agility Ventures Fund,IN/AIF1/21-22/0969,"Jan 05, 2022 - Perpetual",agility@agilityventures.in,Prashant Narang,"House No. 74, Third floor, Tagore Park, Near Model Town, New Delhi, NEW DELHI, NATIONAL CAPITAL TERRITORY OF DELHI, 110009","710, 7th Floor, Aggarwal Cyber Plaza-1, Netaji Subhash Place, NEW DELHI, NATIONAL CAPITAL TERRITORY OF DELHI, 110034",,,NATIONAL CAPITAL TERRITORY OF DELHI,NEW DELHI
AGP INDUSTRIAL LOGISTICS AIF,IN/AIF2/25-26/1876,"Aug 12, 2025 - Perpetual",,,"Aurbis Concord No 10 3rd Floor Richmond Road Richmond Town Bangalore North Bangalore 560025, BANGALORE, KARNATAKA, 560025","Aurbis Concord No 10 3rd Floor Richmond Road Richmond Town Bangalore North Bangalore 560025, BANGALORE, KARNATAKA, 560025",,,KARNATAKA,BANGALORE
AGRI-SURE - AGRI FUND FOR START UPS AND RURAL ENTERPRISES,IN/AIF2/24-25/1568,"Jul 29, 2024 - Perpetual",vikas.bhatt@nabard.org,VIKAS BHATT,"Plot No. C 24 G Block, Bandra Kurla Complex Bandra East, MUMBAI, MAHARASHTRA, 400051","Plot No. C 24 G Block, Bandra Kurla Complex Bandra East, MUMBAI, MAHARASHTRA, 400051",9100000000000.0,9100000000000.0,MAHARASHTRA,MUMBAI
AH Ventures Angel Trust,IN/AIF1/22-23/1075,"Jun 02, 2022 - Perpetual",amit.kumar@ahventures.in,Amit Kumar,"B 402, Kemp Plaza Chincholi Bunder Road Mind Space, Malad West Mumbai, MUMBAI, MAHARASHTRA, 400064","481 B 12, Kalpana, Shri Krupa Society, Parvati Darshan, Pune, PUNE, MAHARASHTRA, 411009",,,MAHARASHTRA,MUMBAI
AHF Investment Trust,IN/AIF2/18-19/0569,"Jul 30, 2018 - Perpetual",anurag.gupta@asianhealthcarefund.com,SHAILENDRA TANDON,"3 FACTORY ROAD, NEAR SAFDARJUNG HOSPITAL, DELHI, NATIONAL CAPITAL TERRITORY OF DELHI, 110029","3 FACTORY ROAD, NEAR SAFDARJUNG HOSPITAL, DELHI, NATIONAL CAPITAL TERRITORY OF DELHI, 110029",30611504.0,30611504.0,NATIONAL CAPITAL TERRITORY OF DELHI,
AIKYAM CAPITAL TRUST,IN/AIF2/25-26/1935,"Oct 23, 2025 - Perpetual",sa.compliance@aikyamcap.com,SONAL GUPTA,"1203 Lotus Link Square K3 and K4 CTS 195 Near Apna Bazar, D N Nagar New Link Road Andheri West Mumbai 400053 Maharashtra India, MUMBAI, MAHARASHTRA, 400053","1203 Lotus Link Square K3 and K4 CTS 195 Near Apna Bazar, D N Nagar New Link Road Andheri West Mumbai 400053 Maharashtra India, MUMBAI, MAHARASHTRA, 400053",,,MAHARASHTRA,MUMBAI
Aikyam Stressed Assets Trust,IN/AIF1/24-25/1749,"Mar 04, 2025 - Perpetual",sa.compliance@aikyamcap.com,SONAL GUPTA,"1203 12th Floor Lotus Link Square DN Nagar New Link Road Andheri West, Near DN Nagar Metro Station, MUMBAI, MAHARASHTRA, 400053","1203 12th Floor Lotus Link Square DN Nagar New Link Road Andheri West, Near DN Nagar Metro Station, MUMBAI, MAHARASHTRA, 400053",,,MAHARASHTRA,MUMBAI
Aionios Alpha Fund,IN/AIF3/22-23/1205,"Feb 08, 2023 - Perpetual",kuleen.tanna@aioniosalpha.com,Kuleen Tanna,"418, Maker Chambers V, 221 Jamnalal Bajaj Marg, Nariman Point, MUMBAI, MAHARASHTRA, 400021","418, Maker Chambers V, 221 Jamnalal Bajaj Marg, Nariman Point, MUMBAI, MAHARASHTRA, 400021",,,MAHARASHTRA,MUMBAI
AIP INDIA OPPORTUNITIES TRUST,IN/AIF2/21-22/0957,"Dec 06, 2021 - Perpetual",sujain@apollo.com,Sumeet Jain,"Unit No. 81, 8th floor, North Avenue 2, Maker Maxity,, Bandra Kurla Complex, Bandra East,, MUMBAI, MAHARASHTRA, 400051",,,,MAHARASHTRA,MUMBAI
Airavat Capital Trust,IN/AIF3/16-17/0275,"Nov 11, 2016 - Perpetual",,,"91 Springboard, Gopala Krishna Complex, No. 45/3, Residency Road, MG Road,, BANGALORE, KARNATAKA, 560025",,,,KARNATAKA,BANGALORE
Ajanta India Fund,IN/AIF3/24-25/1560,"Jul 15, 2024 - Perpetual",vishnu@ajantafund.com,Vishnu Gopalakrishnan,"E2302, Ashok Gardens, , Tokersi Jivraj Road, Sewri, MUMBAI, MAHARASHTRA, 400015","E2302, Ashok Gardens, , Tokersi Jivraj Road, Sewri, MUMBAI, MAHARASHTRA, 400015",,,MAHARASHTRA,MUMBAI
AJVC TRUST,IN/AIF2/24-25/1578,"Aug 13, 2024 - Perpetual",aviral@ajuniorvc.com,Aviral Bhatnagar,"WeWork Futura, Sr No 133 P, CTS No. 4944, Magarpatta Road, Kirtane Baugh, Magarpatta, Hadapsar, PUNE, MAHARASHTRA, 411013","WeWork Futura, Sr No 133 P, CTS No. 4944, Magarpatta Road, Kirtane Baugh, Magarpatta, Hadapsar, PUNE, MAHARASHTRA, 411013",,,MAHARASHTRA,
Akalpya India Investment Trust,IN/AIF3/25-26/1797,"Apr 24, 2025 - Perpetual",prashilshah8@gmail.com,Prashil Shah,"202 Shakti 21 Judges , Bunglow road Vastrapur, AHMEDABAD, GUJARAT, 380015","202 Shakti 21 Judges , Bunglow road Vastrapur, AHMEDABAD, GUJARAT, 380015",,,GUJARAT,
Akron Capital Private Trust,IN/AIF2/25-26/2094,"Mar 12, 2026 - Perpetual",minal@anilgoyal.com,Minal Gadia,"609, 6th Floor, Inizio, Cardinal Gracious Road, Opp.P & G Plaza, Chakala Andheri East, MUMBAI, MAHARASHTRA, 400099",,,,MAHARASHTRA,MUMBAI
AL Access Trust,IN/AIF1/18-19/0650,"Mar 13, 2019 - Perpetual",utsav@angel.co,Utsav Somani,"E1 12 Vasant Vihar, NEW DELHI, NATIONAL CAPITAL TERRITORY OF DELHI, 110057","E1 12 Vasant Vihar, NEW DELHI, NATIONAL CAPITAL TERRITORY OF DELHI, 110057",,,NATIONAL CAPITAL TERRITORY OF DELHI,NEW DELHI
AL Trust,IN/AIF1/17-18/0504,"Nov 20, 2017 - Perpetual",,,,,,,,
Alacrity India Fund,IN/AIF1/18-19/0534,"Apr 23, 2018 - Perpetual",vikas.agarwal@legalogic.co.in,Vikas Agarwal,"Kondan 11/2, Gananjay Housing Society, Kothrud, PUNE, MAHARASHTRA, 411030","Kondan 11/2, Gananjay Housing Society, Kothrud, PUNE, MAHARASHTRA, 411030",,,MAHARASHTRA,
ALANAR ONE HEALTH EQUITY FUND,IN/AIF2/25-26/1782,"Apr 07, 2025 - Perpetual",aamerkhan0202@gmail.com,AAMER KHAN,"115 B 58 Ravikiran Oshiwara Link Road, Andheri W H M P School Mumbai Maharashtra, MUMBAI, MAHARASHTRA, 400058","115 B 58 Ravikiran Oshiwara Link Road, Andheri W H M P School Mumbai Maharashtra, MUMBAI, MAHARASHTRA, 400058",,,MAHARASHTRA,MUMBAI
Alchemie Ventures Fund,IN/AIF3/22-23/1086,"Jun 13, 2022 - Perpetual",rajendra.mhatre@aarti-industries.com,Rajendra Mhatre,"2nd Floor, Udyog Kshetra, 71, Mulund Goregaon Link Road, Mulund West, MUMBAI, MAHARASHTRA, 400080","2nd Floor, Udyog Kshetra, 71, Mulund Goregaon Link Road, Mulund West, MUMBAI, MAHARASHTRA, 400080",,,MAHARASHTRA,MUMBAI
Alchemy Alternative Investment Trust,IN/AIF3/17-18/0381,"Oct 24, 2017 - Perpetual",compliance@alchemycapital.com,Chirag Pandya,,,,,,
Alkemi Venture Fund I,IN/AIF2/18-19/0533,"Apr 20, 2018 - Perpetual",alka@alkemivp.com,Alka Goel,"90/12, AB, Malviya Nagar, NEW DELHI, NATIONAL CAPITAL TERRITORY OF DELHI, 110017","90/12, AB, Malviya Nagar, NEW DELHI, NATIONAL CAPITAL TERRITORY OF DELHI, 110017",911000000000000.0,911000000000000.0,NATIONAL CAPITAL TERRITORY OF DELHI,NEW DELHI
Alkemi Venture Fund II,IN/AIF2/21-22/0984,"Jan 31, 2022 - Perpetual",alka@alkemivp.com,Alka Goel,"90 12, AB, Malviya Nagar, New Delhi, NEW DELHI, NATIONAL CAPITAL TERRITORY OF DELHI, 110017","90 12, AB, Malviya Nagar, New Delhi, NEW DELHI, NATIONAL CAPITAL TERRITORY OF DELHI, 110017",,,NATIONAL CAPITAL TERRITORY OF DELHI,NEW DELHI
All In Capital Trust,IN/AIF2/24-25/1512,"May 06, 2024 - Perpetual",simran@allincapital.vc,Aditya Singh,"522, Corporate Centre, Nirmal Lifestyles, LBS Marg, Mulund West, Mumbai, MUMBAI, MAHARASHTRA, 400080","522, Corporate Centre, Nirmal Lifestyles, LBS Marg, Mulund West, Mumbai, MUMBAI, MAHARASHTRA, 400080",,,MAHARASHTRA,MUMBAI
Almontroz Trust,IN/AIF2/25-26/2064,"Feb 24, 2026 - Perpetual",almontrozaifservices@gmail.com,Mit Mehta,"Level 5 Grande Palladium, 175 Cst Road Off Bkc, Vidyanagari, MUMBAI, MAHARASHTRA, 400098",,,,MAHARASHTRA,MUMBAI
ALPHA ALTERNATIVES INVESTMENT FUND,IN/AIF3/18-19/0544,"May 18, 2018 - Perpetual",ashim@alt-alpha.com,ASHIM SAHNI,"34th Floor, Sunshine Tower, Senapati Bapat Marg, Dadar West, MUMBAI, MAHARASHTRA, 400013","34th Floor, Sunshine Tower, Senapati Bapat Marg, Dadar West, MUMBAI, MAHARASHTRA, 400013",9100000000000.0,9100000000000.0,MAHARASHTRA,MUMBAI
Alpha Alternatives MSAR LLP,IN/AIF3/21-22/0901,"Jul 01, 2021 - Perpetual",ashim@alt-alpha.com,Ashim Sahni,"34th Floor, Sunshine Tower, Senapati Bapat Marg, Dadar West, MUMBAI, MAHARASHTRA, 400013","34th Floor, Sunshine Tower, Senapati Bapat Marg, Dadar West, MUMBAI, MAHARASHTRA, 400013",,,MAHARASHTRA,MUMBAI
Alpha Alternatives Special Situations Fund,IN/AIF2/22-23/1160,"Oct 21, 2022 - Perpetual",compliance@alt-alpha.com,Mayank Varshney,"34th Floor, Sunshine Tower, Senapati Bapat Marg, Near Kamgar Krida Maidan, Dadar West, MUMBAI, MAHARASHTRA, 400013","34th Floor, Sunshine Tower, Senapati Bapat Marg, Near Kamgar Krida Maidan, Dadar West, MUMBAI, MAHARASHTRA, 400013",,,MAHARASHTRA,MUMBAI
Alpha Right Fund,IN/AIF3/24-25/1496,"Apr 10, 2024 - Perpetual",sg@ladderup.com,Sunil Goyal,"102 A, 1st Floor, Hallmark Business Plaza, Gurunanak Hospital Road, Bandra East, Mumbai 400 051, MUMBAI, MAHARASHTRA, 400051","102 A, 1st Floor, Hallmark Business Plaza, Gurunanak Hospital Road, Bandra East, Mumbai 400 051, MUMBAI, MAHARASHTRA, 400051",,,MAHARASHTRA,MUMBAI
ALPHAMINE AIF,IN/AIF3/21-22/0948,"Nov 03, 2021 - Perpetual",compliance.in@alphamineim.com,ANIL VEMIREDDY,"Unit no. 12 A-05, 13th Floor, Parinee Crescenzo, G Block, Bandra Kurla Complex, Bandra East, MUMBAI, MAHARASHTRA, 400051","Unit no. 12 A-05, 13th Floor, Parinee Crescenzo, G Block, Bandra Kurla Complex, Bandra East, MUMBAI, MAHARASHTRA, 400051",,,MAHARASHTRA,MUMBAI
ALPHASQUARE OPPORTUNITIES FUND,IN/AIF3/22-23/1104,"Jul 14, 2022 - Perpetual",info@alphasquarefund.com,Prasanta Mohanty,"303 Tower A Peninsula Business Park, GK Marg Lower Parel Delisle Road, MUMBAI, MAHARASHTRA, 400013","303 Tower A Peninsula Business Park, GK Marg Lower Parel Delisle Road, MUMBAI, MAHARASHTRA, 400013",,,MAHARASHTRA,MUMBAI
ALPHEGA INVESTMENT TRUST,IN/AIF2/24-25/1608,"Oct 03, 2024 - Perpetual",prashant@aisindia.co.in,PRASHANT VOHERA,"21A, Titanium, Corporate Road, Prahaladnagar, AHMEDABAD, GUJARAT, 380015","21A, Titanium, Corporate Road, Prahaladnagar, AHMEDABAD, GUJARAT, 380015",,,GUJARAT,
ALT VENTURE CAPITAL FUND,IN/AIF1/23-24/1280,"May 18, 2023 - Perpetual",gandhimadhy.varadarajan@letsventure.com,Gandhimadhy Varadarajan,"51 Indiqube Penta Rachimond Road, Shantala Nagar, BANGALORE, KARNATAKA, 560025","51 Indiqube Penta Rachimond Road, Shantala Nagar, BANGALORE, KARNATAKA, 560025",,,KARNATAKA,BANGALORE
ALTA CURA AI TRUST,IN/AIF3/23-24/1418,"Dec 28, 2023 - Perpetual",OPS@ALTACURATECH.COM,PRATEEK GUPTA,"61, Second Floor, Panchkuian Road, DELHI, NATIONAL CAPITAL TERRITORY OF DELHI, 110001","61, Second Floor, Panchkuian Road, DELHI, NATIONAL CAPITAL TERRITORY OF DELHI, 110001",,,NATIONAL CAPITAL TERRITORY OF DELHI,
AltaCura AI Absolute Return Fund LLP,IN/AIF3/21-22/0934,"Sep 30, 2021 - Perpetual",rnagpal@accuracap.com,Raman Nagppal,"61, 2nd Floor , Panchkuian Road, Central Delhi, DELHI, NATIONAL CAPITAL TERRITORY OF DELHI, 110001","C 115 , Sector 39, NOIDA, UTTAR PRADESH, 201301",,,NATIONAL CAPITAL TERRITORY OF DELHI,
AltCap Yield Fund,IN/AIF2/20-21/0831,"Oct 07, 2020 - Perpetual",legal@propertyshare.in,Atul V Mohan,"10th Floor,SKAV Seethalakshmi, 21/22, Kasturba Road, BANGALORE, KARNATAKA, 560001","10th Floor, SKAV Seethalakshmi, 21/22, Kasturba Road ., BANGALORE, KARNATAKA, 560001",,,KARNATAKA,BANGALORE
Alteria Capital Fund II,IN/AIF2/20-21/0843,"Dec 03, 2020 - Perpetual",jinal@alteriacapital.com,Jinal Gandhi,"Third Floor Birla Centurion , Pandurang Budhkar Marg Worli Mumbai India 400030, MUMBAI, MAHARASHTRA, 400030","Third Floor Birla Centurion , Pandurang Budhkar Marg Worli Mumbai India 400030, MUMBAI, MAHARASHTRA, 400030",,,MAHARASHTRA,MUMBAI
Alteria Capital Fund III,IN/AIF2/22-23/1061,"May 10, 2022 - Perpetual",jinal@alteriacapital.com,Jinal Gandhi,"1002A, 10th Floor, Tower 1, One International Centre, Senapati Bapat Marg, Prabhadevi, MUMBAI, MAHARASHTRA, 400013","1002A, 10th Floor, Tower 1, One International Centre, Senapati Bapat Marg, Prabhadevi, MUMBAI, MAHARASHTRA, 400013",,,MAHARASHTRA,MUMBAI
Alteria Capital Fund IV,IN/AIF2/25-26/1877,"Aug 12, 2025 - Perpetual",jinal@alteriacapital.com,Jinal Gandhi,"1002 A 10th Floor Tower 1 One International Center Senapati Bapat Marg Prabhadevi, MUMBAI, MAHARASHTRA, 400013","1002 A 10th Floor Tower 1 One International Center Senapati Bapat Marg Prabhadevi, MUMBAI, MAHARASHTRA, 400013",,,MAHARASHTRA,MUMBAI
Alteria Capital India Fund I,IN/AIF2/17-18/0388,"Nov 10, 2017 - Perpetual",,,"3rd Floor, Birla Centurion, Century Mills Compound, Pandurang Budhkar Marg, MUMBAI, MAHARASHTRA, 400030",,,,MAHARASHTRA,MUMBAI
AltFirst India Fund,IN/AIF2/23-24/1469,"Mar 22, 2024 - Perpetual",jitendra.nayyar@oisterglobal.com,Jitendra Nayyar,"Two Horizon Center, Suite 628 629, Level 6 Wing B, Golf Course , Golf Course Road, DLF Phase V, Sector 43, GURGAON, HARYANA, 122002","Two Horizon Center, Suite 611, Level 6 Wing B, Golf Course Road, DLF Phase V, Sector 43, GURGAON, HARYANA, 122002",,,HARYANA,
ALTURAS INDIA FUND,IN/AIF3/24-25/1766,"Mar 21, 2025 - Perpetual",prabhatawasthi@alturasim.co.in,Prabhat Awasthi,"2202, 22nd Floor, Indiabulls Sky, Elphistone, MUMBAI, MAHARASHTRA, 400013","2202, 22nd Floor, Indiabulls Sky, Elphistone, MUMBAI, MAHARASHTRA, 400013",,,MAHARASHTRA,MUMBAI
ALYXIS VENTURE PARTNERS TRUST,IN/AIF2/24-25/1504,"Apr 26, 2024 - Perpetual",ramanathan@alyxisventures.com,KRISHNAMURTHY RAMANATHAN,"23 6th Main Road Mathikere Extension, BANGALORE, KARNATAKA, 560054","23 6th Main Road Mathikere Extension, BANGALORE, KARNATAKA, 560054",,,KARNATAKA,BANGALORE
Amara Partners Trust,IN/AIF2/23-24/1413,"Dec 18, 2023 - Perpetual",compliance@amarapt.com,Mitesh Shah,"4-6 Floor-G, Plot-123/125, A, Hampton Court, Nathalal Parikh Marg, Colaba, Mumbai - 400 005, MUMBAI, MAHARASHTRA, 400005","704 B, 7th Floor, Piramal Tower, Peninsula Corporate Park, Ganpatrao Kadam Marg, Lower Parel (W), Mumbai 400013, MUMBAI, MAHARASHTRA, 400013",,,MAHARASHTRA,MUMBAI
Amaya Investment Trust,IN/AIF3/23-24/1290,"Jun 07, 2023 - Perpetual",amit@phoenixadvisers.com,Amit Khanna,"Unit 3A 3rd Floor Aria Commercial Towers JW Marriott Hotel Asset Area 4 Aerocity New Delhi 110037 In, Unit 3A 3rd Floor Aria Commercial Towers JW Marriott Hotel Asset Area 4 Aerocity New Delhi 110037 In, DELHI, NATIONAL CAPITAL TERRITORY OF DELHI, 110037","Unit 3A 3rd Floor Aria Commercial Towers JW Marriott Hotel Asset Area 4 Aerocity New Delhi 110037 In, Unit 3A 3rd Floor Aria Commercial Towers JW Marriott Hotel Asset Area 4 Aerocity New Delhi 110037 In, DELHI, NATIONAL CAPITAL TERRITORY OF DELHI, 110037",,,NATIONAL CAPITAL TERRITORY OF DELHI,NEW DELHI
Ambit Investment Advisors Trust,IN/AIF3/25-26/1833,"Jul 02, 2025 - Perpetual",compliance@ambit.co,Shivangi Shubhra,"Ambit House, 449, Senapati Bapat Marg, Lower Parel, Mumbai 400013, MUMBAI, MAHARASHTRA, 400013","Ambit House, 449, Senapati Bapat Marg, Lower Parel, Mumbai 400013, MUMBAI, MAHARASHTRA, 400013",,,MAHARASHTRA,MUMBAI
Ambit Investment Managers Trust,IN/AIF3/22-23/1210,"Feb 16, 2023 - Perpetual",ambitimcompliance@ambit.co,Abhishek Goel,"Ambit House, 449,, Senapati Bapat Marg, Lower Parel, MUMBAI, MAHARASHTRA, 400013","Ambit House, 449, Senapati Bapat Marg, Lower Parel, MUMBAI, MAHARASHTRA, 400013",,,MAHARASHTRA,MUMBAI
AMCHA PARTNERS AIF TRUST,IN/AIF3/24-25/1655,"Dec 05, 2024 - Perpetual",amit@grobiz.pro,AMIT KUMAR,"6 Thosar Wadi 10 Hanuman Road Nr Khadayisa Bhavan Vilee Parle East , Vile Parle Police Station Mumbai 400057 Maharashtra India, MUMBAI, MAHARASHTRA, 400057","6 Thosar Wadi 10 Hanuman Road Nr Khadayisa Bhavan Vilee Parle East , Vile Parle Police Station Mumbai 400057 Maharashtra India, MUMBAI, MAHARASHTRA, 400057",,,MAHARASHTRA,MUMBAI
Amicus Capital Partners India Fund I,IN/AIF2/16-17/0253,"Aug 24, 2016 - Perpetual",,,"C by o ILFS Trust Company Ltd, The ILFS Financial Centre, Plot No C22, G Block, Bandra Kurla Complex, Bandra E, MUMBAI, MAHARASHTRA, 400051",,,,MAHARASHTRA,MUMBAI
AMICUS CAPITAL PARTNERS INDIA FUND II,IN/AIF2/22-23/1052,"Apr 20, 2022 - Perpetual",sunil@amicuscapital.in,SUNIL VASUDEVAN,"3rd Floor, Rocklines House, 9 1 Museum Road, BANGALORE, KARNATAKA, 560001","3rd Floor, Rocklines House, 9 1 Museum Road, BANGALORE, KARNATAKA, 560001",,,KARNATAKA,BANGALORE
AMICUS CAPITAL PRIVATE EQUITY I LLP,IN/AIF2/16-17/0261,"Sep 22, 2016 - Perpetual",,,,,,,,
AMITSG VENTURES TRUST,IN/AIF3/25-26/1830,"Jun 16, 2025 - Perpetual",amitsgaif@gmail.com,AMIT GAWANDE,"908, Aaron Spectra, Opp. Rajpath Club, Rajpath Rangoli Road, Bodakdev, Ahmedabad, AHMEDABAD, GUJARAT, 380054","908, Aaron Spectra, Opp. Rajpath Club, Rajpath Rangoli Road, Bodakdev, Ahmedabad, AHMEDABAD, GUJARAT, 380054",,,GUJARAT,
Ampersand Capital Trust,IN/AIF3/17-18/0356,"Jul 27, 2017 - Perpetual",,,,,,,,
AMPLUS REALTY TRUST,IN/AIF2/12-13/0029,"Feb 20, 2013 - Perpetual",,,,,,,,
AMPLUS REALTY TRUST - II,IN/AIF2/14-15/0137,"Mar 17, 2015 - Perpetual",,,,,,,,
AMRAC INVESTMENT TRUST,IN/AIF2/13-14/0070,"Aug 07, 2013 - Perpetual",,,"M 79 A Ground floor, Malviya Nagar, NEW DELHI, NATIONAL CAPITAL TERRITORY OF DELHI, 110017",,,,NATIONAL CAPITAL TERRITORY OF DELHI,NEW DELHI
AMRUT BHAVISHYA TRUST,IN/AIF2/25-26/2024,"Jan 28, 2026 - Perpetual",HEERKAMDAR@AMRUTASSETADVISORS.COM,HEER KAMDAR,"Plot 54, Flat 5, Shankar Kutir, , TVC Marg, Sion East,, MUMBAI, MAHARASHTRA, 400022","Plot 54, Flat 5, Shankar Kutir, , TVC Marg, Sion East, MUMBAI, MAHARASHTRA, 400022",,,MAHARASHTRA,MUMBAI
AMRUT OPPORTUNITIES TRUST,IN/AIF2/23-24/1405,"Dec 11, 2023 - Perpetual",dipangkamdar@gmail.com,DIPANG KAMDAR,"5, Floor Ground, Plot 54, Shankar Kutir, , T.V Chidambaram Road, Cine Planet Sion Circle, Sion East,, MUMBAI, MAHARASHTRA, 400022","5, Floor Ground, Plot 54, Shankar Kutir, , T.V Chidambaram Road, Cine Planet Sion Circle, Sion East, MUMBAI, MAHARASHTRA, 400022",,,MAHARASHTRA,MUMBAI
Amun Ra Holding,IN/AIF3/24-25/1735,"Feb 28, 2025 - Perpetual",sumit@amunra.io,Sumit Rohatgi,"3rd Floor, Allana House, J A Allana Road, Electric House, Colaba, MUMBAI, MAHARASHTRA, 400001","3rd Floor, Allana House, J A Allana Road, Electric House, Colaba, MUMBAI, MAHARASHTRA, 400001",,,MAHARASHTRA,MUMBAI
ANAMI TRUST,IN/AIF3/25-26/1978,"Dec 09, 2025 - Perpetual",info@anamifund.com,ANITA SETH,"House Number 39, First Floor, Ishwar Colony, Polo Road, Near Kirpal Bagh, Post Office G.T.B. Nagar, North West Delhi, NEW DELHI, NATIONAL CAPITAL TERRITORY OF DELHI, 110009","House Number 39, First Floor, Ishwar Colony, Polo Road, Near Kirpal Bagh, Post Office G.T.B. Nagar, North West Delhi, NEW DELHI, NATIONAL CAPITAL TERRITORY OF DELHI, 110009",,,NATIONAL CAPITAL TERRITORY OF DELHI,NEW DELHI
Anand Rathi AIF II Trust,IN/AIF2/14-15/0107,"May 20, 2014 - Perpetual",,,"10th Floor, A Wing, Express Zone, Western Express Highway, , Goregaon East, Mumbai 400063., MUMBAI, MAHARASHTRA, 400063",,,,MAHARASHTRA,MUMBAI
Anand Rathi AIF III Trust,IN/AIF3/20-21/0821,"Aug 14, 2020 - Perpetual",shivanithakkar@rathi.com,Shivani Thakkar,"10th Floor, A Wing, Express Zone, Western Express Highway, Goregaon East, MUMBAI, MAHARASHTRA, 400063","11th Floor, Times Tower, Kamala Mills Compound, Senapati Bapat Marg, Lower Parel, MUMBAI, MAHARASHTRA, 400013",,,MAHARASHTRA,MUMBAI
Ananta Capital Ventures,IN/AIF2/22-23/1093,"Jun 22, 2022 - Perpetual",hudani@famygroup.com,Lovkesh Kapoor,"3 Floor, Brady House, 12 14, , Veer Nariman Road, Fort, MUMBAI, MAHARASHTRA, 400001","3 Floor, Brady House, 12 14, , Veer Nariman Road, Fort, MUMBAI, MAHARASHTRA, 400001",,,MAHARASHTRA,MUMBAI
Anantkosh Trust,IN/AIF2/25-26/2053,"Feb 17, 2026 - Perpetual",ca.nishaagarwal@gmail.com,Nisha Agarwal,"Unit No 213 2nd Floor, Centrum Plaza Golf Course Road Sector 53, GURUGRAM, HARYANA, 122002","Unit No 213 2nd Floor, Centrum Plaza Golf Course Road Sector 53, GURUGRAM, HARYANA, 122002",,,HARYANA,
Anchorage Capital Fund,IN/AIF2/21-22/1003,"Mar 03, 2022 - Perpetual",rohit@anchoragecapital.in,Rohit Kothari,"209 210 Arcadia Building, 2nd Floor NCPA Marg 195 Nariman Point, MUMBAI, MAHARASHTRA, 400021","209 210 Arcadia Building, 2nd Floor NCPA Marg 195 Nariman Point, MUMBAI, MAHARASHTRA, 400021",,,MAHARASHTRA,MUMBAI
Andhra Pradesh Urban Development Fund,IN/AIF2/17-18/0353,"Jul 19, 2017 - Perpetual",,,"Floor No. 4, NTR Administrative Block,, Krishna Lanka, Vijayawada 13, VIJAYAWADA, ANDHRA PRADESH, 520013",,,,ANDHRA PRADESH,
Angel One Alternative Investment Trust,IN/AIF2/24-25/1750,"Mar 06, 2025 - Perpetual",compliance@angeloneim.in,Nalin Moniz,"Office No. 601, 6th Floor, Ackruti Star, Chakala MIDC, Central Road,Mumbai 400093,Maharashtra,India, MUMBAI, MAHARASHTRA, 400093","Office No. 601, 6th Floor, Ackruti Star, Chakala MIDC, Central Road,Mumbai 400093,Maharashtra,India, MUMBAI, MAHARASHTRA, 400093",,,MAHARASHTRA,MUMBAI
ANKUR CAPITAL FUND,IN/AIF1/13-14/0100,"Mar 13, 2014 - Perpetual",,,"300, Sai Sampanna, Old Station Road, Vikhroli East, MUMBAI, MAHARASHTRA, 400007",,,,MAHARASHTRA,MUMBAI
Ankur Capital Fund II,IN/AIF1/19-20/0670,"Apr 04, 2019 - Perpetual",ritu@ankurcapital.com,ritu verma,"RZ D1/77A 3rd floor No 90, Mahavir Enclave, Part 1 New Mandir New delhi, NEW DELHI, NATIONAL CAPITAL TERRITORY OF DELHI, 110045","Unit 5, Jetha Compound, Behind HP Petrol Pump, Byculla, MUMBAI, MAHARASHTRA, 400027",,,NATIONAL CAPITAL TERRITORY OF DELHI,NEW DELHI
ANKUR CAPITAL FUND III,IN/AIF1/23-24/1313,"Jul 24, 2023 - Perpetual",ritu@ankurcapital.com,Ritu Verma,"13H Hansalya Building, 15 Barakhamba Road Connaught Place, NEW DELHI, NATIONAL CAPITAL TERRITORY OF DELHI, 110001","Unit 5 Jetha Compound, Dr Ambedkar Road Byculla East, MUMBAI, MAHARASHTRA, 400027",,,NATIONAL CAPITAL TERRITORY OF DELHI,NEW DELHI
Antariksh Venture Capital Fund,IN/AIF2/25-26/1942,"Oct 31, 2025 - Perpetual",antarikshvcf@sidbiventure.co.in,Bikram Mahajan,"SIDBI Swavalamban Bhavan C11 G Block 2nd Floor Bandra Kurla Complex Bandra East, MUMBAI, MAHARASHTRA, 400051","SIDBI Swavalamban Bhavan C11 G Block 2nd Floor Bandra Kurla Complex Bandra East, MUMBAI, MAHARASHTRA, 400051",,,MAHARASHTRA,MUMBAI
ANTHILL ANGEL FUNDS,IN/AIF1/22-23/1072,"May 25, 2022 - Perpetual",sailesh@anthillventures.com,NARAYANA SAILESH SIGATAPU VEERA,"6 3 600 R 3D, Reliance Estates, Gandhi Tata Nagar,, Anand Jyothi Co-operative Housing Society, Khairatabad Westt, HYDERABAD, TELANGANA, 500082","6 3 600 R 3D, Reliance Estates, Gandhi Tata Nagar, Anand Jyothi Co-operative Housing Society, Khairatabad Westt, HYDERABAD, TELANGANA, 500082",,,TELANGANA,HYDERABAD
Anthill Capital Ventures,IN/AIF1/18-19/0559,"Jun 29, 2018 - Perpetual",devang@anthillventures.com,Devang Mehta,"6-3-600/R/3D, Anand Jyothi Cooperative Housing Society, Gandhi Tata Nagar, Khairatabad (West), HYDERABAD, TELANGANA, 500004","6-3-600/R/3D, Anand Jyothi Cooperative Housing Society, Gandhi Tata Nagar, Khairatabad (West), HYDERABAD, TELANGANA, 500004",,,TELANGANA,HYDERABAD
ANTLER INNOVATION INDIA TRUST,IN/AIF2/21-22/0885,"May 19, 2021 - Perpetual",rajiv@antler.co,RAJIV SRIVATSA,"2981, 2nd Floor, 12th Main Road, HAL 2nd Stage, Indiranagar, BANGALORE, KARNATAKA, 560038","2981, 2nd Floor, 12th Main Road, HAL 2nd Stage, Indiranagar, BANGALORE, KARNATAKA, 560038",,,KARNATAKA,BANGALORE
Anubhuti Value Trust,IN/AIF3/18-19/0631,"Jan 25, 2019 - Perpetual",ameet@anubhutiadvisory.com,Ameet Desai,"602, Times Square, Thaltej-Shilaj Road, Thaltej, AHMEDABAD, GUJARAT, 380059","602, Times Square, Thaltej-Shilaj Road, Thaltej, AHMEDABAD, GUJARAT, 380059",,,GUJARAT,
AP India Opportunity Trust,IN/AIF2/21-22/0916,"Aug 03, 2021 - Perpetual",agandhi@apollo.com,Ankit Gandhi,"Suite F 11, Grand Hyatt Hotel, , Santacruz East,, MUMBAI, MAHARASHTRA, 400055","Suite F 11, Grand Hyatt Hotel, , Santacruz East, MUMBAI, MAHARASHTRA, 400055",,,MAHARASHTRA,MUMBAI
AP India Opportunity Trust II,IN/AIF2/22-23/1062,"May 10, 2022 - Perpetual",sujain@apollo.com,Sumeet Jain,"Unit No. 81, 8th floor, North Avenue 2, Maker Maxity,, Bandra Kurla Complex, Bandra East,, MUMBAI, MAHARASHTRA, 400051","Unit No. 81, 8th floor, North Avenue 2, Maker Maxity, Bandra Kurla Complex, Bandra East, MUMBAI, MAHARASHTRA, 400051",,,MAHARASHTRA,MUMBAI
Apex Eternal Trust,IN/AIF3/24-25/1534,"Jun 05, 2024 - Perpetual",sahil@apexfin.in,Sahil Kumar,"Office no 101 102 and 103 1st floor X change plaza, Dalal Street Commercial Cooperative Society Ltd, Gift City, Block 53, Zone 5, GANDHINAGAR, GUJARAT, 382355","Office no 101 102 and 103 1st floor X change plaza, Dalal Street Commercial Cooperative Society Ltd, Gift City, Block 53, Zone 5, GANDHINAGAR, GUJARAT, 382355",,,GUJARAT,GANDHINAGAR
Aquilon Capital Trust,IN/AIF2/23-24/1381,"Nov 15, 2023 - Perpetual",gauthamkalro@gmail.com,Gautham Kalro,"WeWork Prestige Central, 36, Infantry Road, BANGALORE, KARNATAKA, 560001","WeWork Prestige Central, 36, Infantry Road, BANGALORE, KARNATAKA, 560001",,,KARNATAKA,BANGALORE
Arali Investment Trust,IN/AIF1/18-19/0554,"Jun 13, 2018 - Perpetual",rajiv@seedx.in,Rajiv Raghunandan,"B 701 Oceanus Freesia Enclave, Bellandur Main Road, BANGALORE, KARNATAKA, 560103","B 701 Oceanus Freesia Enclave, Bellandur Main Road, BANGALORE, KARNATAKA, 560103",,,KARNATAKA,BANGALORE
ARALI VENTURES TRUST,IN/AIF1/22-23/1050,"Apr 20, 2022 - Perpetual",sujata@araliventures.in,Sujata Krishnan,"B701 Oceanus Freesia Enclave , Bellandur Main Road Kaikondranahalli, BANGALORE, KARNATAKA, 560103","B701 Oceanus Freesia Enclave , Bellandur Main Road Kaikondranahalli, BANGALORE, KARNATAKA, 560103",,,KARNATAKA,BANGALORE
ARCA ALTERNATIVES INVESTMENT TRUST,IN/AIF2/24-25/1600,"Sep 26, 2024 - Perpetual",anshuman@indiassetz.com,Anshuman Tiwari,"12th Floor C Wing Mittal Tower New No 21 Old No 6 47 , Mahatma Gandhi Road Bangalore Bangalore North Karnataka, BANGALORE, KARNATAKA, 560001","12th Floor C Wing Mittal Tower New No 21 Old No 6 47 , Mahatma Gandhi Road Bangalore Bangalore North Karnataka, BANGALORE, KARNATAKA, 560001",,,KARNATAKA,BANGALORE
Archer Alternative Investments,IN/AIF3/18-19/0595,"Oct 03, 2018 - Perpetual",parth@pinnacleamc.com,Parth Patel,"53, Ashlesha Bungalows, Bakrol Lambhvel Road, ANAND, GUJARAT, 388315","53, Ashlesha Bungalows, Bakrol Lambhvel Road, ANAND, GUJARAT, 388315",,,GUJARAT,
ARCUS OPPORTUNITIES FUND,IN/AIF2/12-13/0021,"Dec 05, 2012 - Perpetual",,,,,,,,
Areion Special Situation Fund,IN/AIF2/18-19/0656,"Mar 22, 2019 - Perpetual",ram@areion.in,Ram Nath,"D 511 Kanakia Zillion, Junction of LBS Road & CST Road BKC Annex Kurla West Mumbai 400070, MUMBAI, MAHARASHTRA, 400070","D 511 Kanakia Zillion, Junction of LBS Road & CST Road BKC Annex Kurla West Mumbai 400070, MUMBAI, MAHARASHTRA, 400070",,,MAHARASHTRA,MUMBAI
Areion Special Situation Trust,IN/AIF1/24-25/1567,"Jul 25, 2024 - Perpetual",compliance.aif@areion.in,Nikita Wagh,"D 511 5th Floor Kanakia Zillion Junction of LBS Road & CST Road BKC Annexe Kurla West, MUMBAI, MAHARASHTRA, 400070","D 511 5th Floor Kanakia Zillion Junction of LBS Road & CST Road BKC Annexe Kurla West, MUMBAI, MAHARASHTRA, 400070",,,MAHARASHTRA,MUMBAI
ARGENTUM DYNAMIC ALTERNATIVE INVESTMENT FUND,IN/AIF3/19-20/0713,"Jul 05, 2019 - Perpetual",aneja27@gmail.com,Sunil Aneja,"603B, 6th Floor, Global Foyer, , Golf Course Road, Sector 43, Gurugram, GURGAON, HARYANA, 122002","603B, 6th Floor, Global Foyer, , Golf Course Road, Sector 43, Gurugram, GURGAON, HARYANA, 122002",,,HARYANA,
ARIGATO CAPITAL FUND,IN/AIF1/23-24/1374,"Nov 02, 2023 - Perpetual",rachitpoddar86@gmail.com,Rachit Poddar,"2/367-368, Moto Dastur Mohollow, Near Rustampura Library,, Rustamoura, Ring Road,, SURAT, GUJARAT, 395002","2/367-368, Moto Dastur Mohollow, Near Rustampura Library, Rustamoura, Ring Road, SURAT, GUJARAT, 395002",,,GUJARAT,
Arihant Alternate Capital Trust,IN/AIF3/25-26/1820,"Jun 04, 2025 - Perpetual",mahesh.pancholi@arihantcapital.com,Mahesh Pancholi,"1011 Solitaire Corporate Park Andheri Ghatkopar Link Road, Chakala Andheri East, MUMBAI, MAHARASHTRA, 400093","1011 Solitaire Corporate Park Andheri Ghatkopar Link Road, Chakala Andheri East, MUMBAI, MAHARASHTRA, 400093",,,MAHARASHTRA,MUMBAI
ARKA Credit Fund,IN/AIF2/22-23/1154,"Oct 20, 2022 - Perpetual",info@arkaadvisory.in,Deep Dave,"2504, 2505, 2506, 25th Floor, One Lodha Place, Lodha World Towers, Senapati Bapat marg, Lower Parel, Mumbai, MUMBAI, MAHARASHTRA, 400013","2504, 2505, 2506, 25th Floor, One Lodha Place, Lodha World Towers, Senapati Bapat marg, Lower Parel, Mumbai, MUMBAI, MAHARASHTRA, 400013",,,MAHARASHTRA,MUMBAI
Arka India Realty Fund,IN/AIF2/20-21/0792,"May 06, 2020 - Perpetual",corporategovernance@incor.in,Suryanarayana Pulagam,"Opulence G5, Gunjurpalya Road, Gunjur, Varthur Hobli, BANGALORE, KARNATAKA, 560087","Opulence G5, Gunjurpalya Road, Gunjur, Varthur Hobli, BANGALORE, KARNATAKA, 560087",9100000000000.0,9100000000000.0,KARNATAKA,BANGALORE
Arnya Real Estates Equity Fund Advisors Trust,IN/AIF2/25-26/1850,"Jul 18, 2025 - Perpetual",nikunj@arnya.in,Nikunj Pugalia,"1104 Tower 2 Crescent Bay Jerbai Wadia Road Parel, MUMBAI, MAHARASHTRA, 400012","1704 17th Floor One Lodha Place Senapati Bapat Marg Lower Parel, MUMBAI, MAHARASHTRA, 400012",,,MAHARASHTRA,MUMBAI
Arnya Real Estates Fund Advisors Trust,IN/AIF2/23-24/1411,"Dec 18, 2023 - Perpetual",sharadmittal@arnya.in,Sharad Mittal,"1104, Tower 2, Crescent Bay, Jerbai Wadia Road, Parel, MUMBAI, MAHARASHTRA, 400012","1104, Tower 2, Crescent Bay, Jerbai Wadia Road, Parel, MUMBAI, MAHARASHTRA, 400012",,,MAHARASHTRA,MUMBAI
AROA OPPORTUNITIES FUND,IN/AIF2/22-23/1120,"Aug 25, 2022 - Perpetual",aif@aroaventures.com,Gaurav Gulati,"E024 The Belaire, DLF Phase 5, GURGAON, HARYANA, 122002","E024 The Belaire, DLF Phase 5, GURGAON, HARYANA, 122002",,,HARYANA,
ARPWOOD PARTNERS FUND I,IN/AIF2/19-20/0678,"Apr 16, 2019 - Perpetual",amol.jain@arpwood-partners.com,AMOL JAIN,"51B, 5th Floor, Maker Chamber IV, Jamnalal Bajaj Marg Nariman Point, MUMBAI, MAHARASHTRA, 400021","51B, 5th Floor, Maker Chamber IV, Jamnalal Bajaj Marg Nariman Point, MUMBAI, MAHARASHTRA, 400021",,,MAHARASHTRA,MUMBAI
Arpwood Partners Fund I LLP,IN/AIF2/19-20/0677,"Apr 16, 2019 - Perpetual",amol.jain@arpwood-partners.com,AMOL JAIN,"51B, Floor 5, Plot 222, Maker Chamber IV, Jamnalal Bajaj Marg, Nariman Point, MUMBAI, MAHARASHTRA, 400021","51B, Floor 5, Plot 222, Maker Chamber IV, Jamnalal Bajaj Marg, Nariman Point, MUMBAI, MAHARASHTRA, 400021",,,MAHARASHTRA,MUMBAI
ART VENTURE FUND,IN/AIF2/22-23/1097,"Jun 30, 2022 - Perpetual",uthappa@artpark.in,UTHAPPA P B,"First Floor, Indiqube Orion, 24th Main Road,, Garden Layout, Sector 2, HSR Layout, BANGALORE, KARNATAKA, 560102","First Floor, Indiqube Orion, 24th Main Road, Garden Layout, Sector 2, HSR Layout, BANGALORE, KARNATAKA, 560102",,,KARNATAKA,BANGALORE
Art Ventures Fund,IN/AIF1/24-25/1558,"Jul 10, 2024 - Perpetual",artventures.operations@gmail.com,Amit Tyagi,"C 203,Badhwar Aparment, Dwarka, Sec 6, New Delhi, NEW DELHI, NATIONAL CAPITAL TERRITORY OF DELHI, 110075","C 203,Badhwar Aparment, Dwarka, Sec 6, New Delhi, NEW DELHI, NATIONAL CAPITAL TERRITORY OF DELHI, 110075",,,NATIONAL CAPITAL TERRITORY OF DELHI,NEW DELHI
Artha Continuum Fund,IN/AIF1/23-24/1281,"May 18, 2023 - Perpetual",sanjay@arthagroupofcompanies.com,Sanjay Gandhi,"5 Surya Mahal 1st Floor Burjorji Bharucha Marg Fort Kala Ghoda Mumbai 400 001 Maharashtra India, MUMBAI, MAHARASHTRA, 400001","A902 Marathon Futurex Mafatlal Mills Compound NM Joshi Marg Lower Parel Mumbai 400013 Maharashtra In, MUMBAI, MAHARASHTRA, 400013",,,MAHARASHTRA,MUMBAI
Artha Trust,IN/AIF2/24-25/1507,"May 02, 2024 - Perpetual",notices@artha.group,Anirudh Damani,"A902 Marathon Futurex Mafatlal Mills Compound NM Joshi Marg , Lower Parel, MUMBAI, MAHARASHTRA, 400013","A902 Marathon Futurex Mafatlal Mills Compound NM Joshi Marg , Lower Parel, MUMBAI, MAHARASHTRA, 400013",,,MAHARASHTRA,MUMBAI
ARTHA VENTURE FUND I,IN/AIF1/17-18/0522,"Feb 28, 2018 - Perpetual",legal@artha.vc,ANIRUDH DAMANI,"5, Surya Mahal, 1st Floor, Burjorji Bharucha Marg, Kala Ghoda, Fort, MUMBAI, MAHARASHTRA, 400001","5, Surya Mahal, 1st Floor, Burjorji Bharucha Marg, Kala Ghoda, Fort, MUMBAI, MAHARASHTRA, 400001",,,MAHARASHTRA,MUMBAI
Artha99 Investment AIF Trust,IN/AIF1/22-23/1067,"May 18, 2022 - Perpetual",arjun@artha99.vc,Arjun Sridharan,"FAGUN MANSION 1st FLOOR, 74, ETHIRAJ SALAI, EGMORE, CHENNAI, TAMIL NADU, 600008","FAGUN MANSION 1st FLOOR, 74, ETHIRAJ SALAI, EGMORE, CHENNAI, TAMIL NADU, 600008",,,TAMIL NADU,CHENNAI
ArthaSanchay Investment Trust,IN/AIF3/25-26/1842,"Jul 09, 2025 - Perpetual",GTLATH@GMAIL.COM,GAUTAM LATH,"Office Number 603, 6th Floor, Cello Heights Wing A, I B Patel Road, Opposite Laghu Udyog, Goregaon East, Mumbai, Maharashtra, MUMBAI, MAHARASHTRA, 400063","Office Number 603, 6th Floor, Cello Heights Wing A, I B Patel Road, Opposite Laghu Udyog, Goregaon East, Mumbai, Maharashtra, MUMBAI, MAHARASHTRA, 400063",,,MAHARASHTRA,MUMBAI
ArthaShakti Investment Trust,IN/AIF2/24-25/1771,"Mar 27, 2025 - Perpetual",funds@arthashakticapital.com,Ravi Mansaka,"5W, 5th Floor, The Metropolitan, Bandra Kurla Complex, Bandra East, MUMBAI, MAHARASHTRA, 400051","Shop no. 17, Ground Floor, Amey CHS PVD, , Sector 4, Darave, THANE, MAHARASHTRA, 400706",,,MAHARASHTRA,MUMBAI
ARTHSETU TRUST,IN/AIF2/25-26/2060,"Feb 24, 2026 - Perpetual",manish.arthsetu@gmail.com,MANISH AGARWAL,"Flat No 307,Prakash Deep, Building 7, Tolstoy Marg, Connaught Place, New Delhi, Central Delhi 110001, NEW DELHI, NATIONAL CAPITAL TERRITORY OF DELHI, 110001",,,,NATIONAL CAPITAL TERRITORY OF DELHI,NEW DELHI
ARTHVEDA AFFORDABLE HOUSING TRUST,IN/AIF2/15-16/0157,"Jun 25, 2015 - Perpetual",,,"C by o Arthveda Fund Management Pvt. Ltd. Ground Floor, HDIL Tower, Anant Kanekar Marg, Bandra East Mumbai 400051, MUMBAI, MAHARASHTRA, 400051",,,,MAHARASHTRA,MUMBAI
Ascend Global Alternative Investment Trust,IN/AIF2/24-25/1675,"Dec 30, 2024 - Perpetual",viren@savvybiz.in,Viren Mathia,"712, Ghanshyam Enclave, Link Road, Kandivali West, MUMBAI, MAHARASHTRA, 400067","712, Ghanshyam Enclave, Link Road, Kandivali West, MUMBAI, MAHARASHTRA, 400067",,,MAHARASHTRA,MUMBAI
Ascent Growth Trust,IN/AIF2/22-23/1168,"Nov 04, 2022 - Perpetual",subhasis@ascentcapital.in,Subhasis Majumder,"No 01 , Ali Asker Road, BANGALORE, KARNATAKA, 560052","No 01 , Ali Asker Road, BANGALORE, KARNATAKA, 560052",,,KARNATAKA,BANGALORE
Ascent Private Equity Trust,IN/AIF2/17-18/0357,"Aug 07, 2017 - Perpetual",,,"No. 01, Ali Asker Road, BANGALORE, KARNATAKA, 560052",,,,KARNATAKA,BANGALORE
Ascertis Credit - India Fund IV,IN/AIF2/24-25/1688,"Jan 07, 2025 - Perpetual",saket.lakhotia@ascertiscredit.com,Saket Lakhotia,"1002B 1002C, 10th Floor, Time Tower, M.G. Road, GURGAON, HARYANA, 122002","1002B 1002C, 10th Floor, Time Tower, M.G. Road, GURGAON, HARYANA, 122002",9100000000000.0,9100000000000.0,HARYANA,
Ascertis Credit India Fund IIA,IN/AIF2/18-19/0596,"Oct 03, 2018 - Perpetual",saket.lakhotia@bpeasia.com,SAKET LAKHOTIA,"1002B C 10th floor , Time Tower M G Road, GURGAON, HARYANA, 122002","707, 7th Floor, , Time Tower, M.G. Road, GURGAON, HARYANA, 122001",,,HARYANA,
Ascertis Credit India Fund III,IN/AIF2/20-21/0820,"Aug 13, 2020 - Perpetual",SAKET.LAKHOTIA@BPEASIA.COM,SAKET LAKHOTIA,"1002B C 10th floor , Time Tower M G Road, GURGAON, HARYANA, 122002","1002B C 10th floor , Time Tower M G Road, GURGAON, HARYANA, 122002",,,HARYANA,
Ascertis Credit Select Short Term Income Fund I,IN/AIF2/23-24/1447,"Feb 12, 2024 - Perpetual",finance@bpeacredit.com,SAKET LAKHOTIA,"1002B C 10th floor Time Tower, M G Road, GURUGRAM, HARYANA, 122002","1002B C 10th floor Time Tower, M G Road, GURUGRAM, HARYANA, 122002",,,HARYANA,
Ascertis India Credit Investments Trust II,IN/AIF2/16-17/0294,"Jan 19, 2017 - Perpetual",,,"1002B C 10th floor, Time Tower M G Road, GURGAON, HARYANA, 122002",,,,HARYANA,
Asha Ventures Trust,IN/AIF2/22-23/1143,"Sep 28, 2022 - Perpetual",amit@ashaventures.in,Amit Mehta,"1402 and 1403, 14th Floor, B Wing, Dalamal Tower, Free Press Journal Marg, 211, Nariman Point, MUMBAI, MAHARASHTRA, 400021","1402 and 1403, 14th Floor, B Wing, Dalamal Tower, Free Press Journal Marg, 211, Nariman Point, MUMBAI, MAHARASHTRA, 400021",,,MAHARASHTRA,MUMBAI
ASHIKA ALTERNATIVE INVESTMENTS,IN/AIF3/20-21/0811,"Jun 10, 2020 - Perpetual",,,"1008 10th Floor Raheja Centre 214 Free Press Journal Marg Nariman Point, MUMBAI, MAHARASHTRA, 400021","1008 10th Floor Raheja Centre 214 Free Press Journal Marg Nariman Point, MUMBAI, MAHARASHTRA, 400021",,,MAHARASHTRA,MUMBAI
Ashika Private Equity Trust,IN/AIF2/25-26/1927,"Oct 17, 2025 - Perpetual",sarveshkanodia@ashikagroup.com,Sarvesh Kanodia,"Trinity 226 1 AJC Bose Road 7th Floor Kolkata 700 020, KOLKATA, WEST BENGAL, 700020","1008 Raheja Centre 214 Nariman Point 10th Floor Mumbai 400021, MUMBAI, MAHARASHTRA, 400021",,,WEST BENGAL,KOLKATA
Ashmore India Investment Trust,IN/AIF3/23-24/1424,"Jan 03, 2024 - Perpetual",anila.goyal@ashmoregroup.com,Anila Goyal,"Unit No 206, 207, and 208, 2nd Floor, Ceejay House, , Plot F of Shivsagar Estate, Dr Annie Besant Road, Worli, MUMBAI, MAHARASHTRA, 400018","Unit No 206, 207, and 208, 2nd Floor, Ceejay House, , Plot F of Shivsagar Estate, Dr Annie Besant Road, Worli, MUMBAI, MAHARASHTRA, 400018",,,MAHARASHTRA,MUMBAI
Asia Pragati Strategic Investment Fund,IN/AIF2/18-19/0542,"May 16, 2018 - Perpetual",,,"Unit No. 210, 2nd Floor, Worldmark 2, Asset Area No. 8, Hospitality District, Delhi Aerocity, Near Indira Gandhi International Airport, IGI Airport, South West Delhi, New Delhi, NEW DELHI, NATIONAL CAPITAL TERRITORY OF DELHI, 110037","Unit No. 210, 2nd Floor, Worldmark 2, Asset Area No. 8, Hospitality District, Delhi Aerocity, Near Indira Gandhi International Airport, IGI Airport, South West Delhi, New Delhi, NEW DELHI, NATIONAL CAPITAL TERRITORY OF DELHI, 110037",,,NATIONAL CAPITAL TERRITORY OF DELHI,NEW DELHI
Asia Real Estate II India Opportunity Trust,IN/AIF2/20-21/0835,"Oct 26, 2020 - Perpetual",amohata@apollo.com,ADITYA MOHATA,"Suite F11, Grand Hyatt Hotel, Santacruz East,, MUMBAI, MAHARASHTRA, 400055","Suite F11, Grand Hyatt Hotel, Santacruz East, MUMBAI, MAHARASHTRA, 400055",,,MAHARASHTRA,MUMBAI
Asiana Alternative Investment Fund,IN/AIF2/22-23/1162,"Nov 02, 2022 - Perpetual",compliance@ambit.co,Chirag Vaja,"42, Jolly Maker Chambers II, Vinay K Shah Marg, Nariman Point, Mumbai 400021, MUMBAI, MAHARASHTRA, 400021","42, Jolly Maker Chambers II, Vinay K Shah Marg, Nariman Point, Mumbai 400021, MUMBAI, MAHARASHTRA, 400021",,,MAHARASHTRA,MUMBAI
ASK Alternate Investment Fund,IN/AIF3/23-24/1417,"Dec 27, 2023 - Perpetual",askim_compliance@askinvestmentmanagers.com,Vaibhav Sanghavi,"Birla Aurora,16 Level, Office Floor 9, Dr. Annie Besant Road, Worli, MUMBAI, MAHARASHTRA, 400030","Birla Aurora,16 Level, Office Floor 9, Dr. Annie Besant Road, Worli, MUMBAI, MAHARASHTRA, 400030",,,MAHARASHTRA,MUMBAI
ASK CURATED LUXURY ASSETS FUND,IN/AIF2/24-25/1650,"Dec 02, 2024 - Perpetual",pallavi.singh@askinvestmentadvisors.com,Pallavi Singh,"Birla Aurora, 16 Level, Office Floor 9,Dr Annie Besant Road, Worli,, MUMBAI, MAHARASHTRA, 400030","Birla Aurora, 16 Level, Office Floor 9,Dr Annie Besant Road, Worli, MUMBAI, MAHARASHTRA, 400030",,,MAHARASHTRA,MUMBAI
ASK Equity AIF,IN/AIF3/17-18/0378,"Oct 12, 2017 - Perpetual",agupta@askinvestmentmanagers.com,Amit Gupta,"Birla Aurora, 16 Level, office floor 9, Dr. Annie Besant , Road, Worli,, MUMBAI, MAHARASHTRA, 400030",,9100000000000.0,9100000000000.0,MAHARASHTRA,MUMBAI
ASK Private Credit Fund,IN/AIF2/23-24/1315,"Jul 25, 2023 - Perpetual",askwa_compliance@askwealthadvisors.com,Nipun Doshi,"Birla Aurora, 16 Level, Office Floor 9, Dr. Annie Besant Road, Worli, MUMBAI, MAHARASHTRA, 400030","Birla Aurora, 16 Level, Office Floor 9, Dr. Annie Besant Road, Worli, MUMBAI, MAHARASHTRA, 400030",,,MAHARASHTRA,MUMBAI
ASK Real Estate Fund,IN/AIF2/16-17/0245,"Jul 12, 2016 - Perpetual",bhavesh.pandya@askinvestmentadvisors.com,Bhavesh Pandya,"Birla Aurora, 16 Level, office floor 9, Dr. Annie Besant Road, Worli, Mumbai, MUMBAI, MAHARASHTRA, 400030",,,,MAHARASHTRA,MUMBAI
ASK REAL ESTATE INFRASTRUCTURE FUND,IN/AIF1/22-23/1188,"Jan 12, 2023 - Perpetual",bhavesh.pandya@askinvestmentadvisors.com,BHAVESH PANDYA,"Birla Aurora 16 Level Office Floor 9 Dr Annie Besant Road Worli, MUMBAI, MAHARASHTRA, 400030","Birla Aurora 16 Level Office Floor 9 Dr Annie Besant Road Worli, MUMBAI, MAHARASHTRA, 400030",,,MAHARASHTRA,MUMBAI
ASK REAL ESTATE SPECIAL OPPORTUNITIES FUND,IN/AIF1/25-26/1854,"Jul 22, 2025 - Perpetual",pallavi.singh@askinvestmentadvisors.com,Pallavi Singh,"Birla Aurora 16 Level Office Floor 9 Dr Annie Besant Road Worli Mumbai, MUMBAI, MAHARASHTRA, 400030","Birla Aurora 16 Level Office Floor 9 Dr Annie Besant Road Worli Mumbai, MUMBAI, MAHARASHTRA, 400030",9100000000000.0,9100000000000.0,MAHARASHTRA,MUMBAI
ASK REAL ESTATE SPECIAL OPPORTUNITIES FUND - II,IN/AIF2/14-15/0115,"Jul 24, 2014 - Perpetual",,,,,,,,
ASKWA Multi Opportunities Fund,IN/AIF3/20-21/0829,"Oct 07, 2020 - Perpetual",hgadre@askwealthadvisors.com,Hemchandra Gadre,"Birla Aurora, 16 Level, office floor 9, Dr. Annie Besant Road, Worli, MUMBAI, MAHARASHTRA, 400030","Birla Aurora, 16 Level, office floor 9, Dr. Annie Besant Road, Worli, MUMBAI, MAHARASHTRA, 400030",,,MAHARASHTRA,MUMBAI
ASSAM LAGHU VIKAS TRUST,IN/AIF1/22-23/1116,"Aug 18, 2022 - Perpetual",sajit@sidbiventure.co.in,SAJIT KUMAR,"SIDBI, Swavalamban Bhavan, C 11, G Block, 2nd floor, Bandra Kurla Complex, Bandra East, MUMBAI, MAHARASHTRA, 4000051","SIDBI, Swavalamban Bhavan, C 11, G Block, 2nd floor, Bandra Kurla Complex, Bandra East, MUMBAI, MAHARASHTRA, 4000051",,,MAHARASHTRA,MUMBAI
Astral Indian Equities Fund,IN/AIF3/22-23/1138,"Sep 20, 2022 - Perpetual",amit.lodha@lkadvisers.com,Amit Lodha,"81 Maker Chambers III, 223 Nariman Point, MUMBAI, MAHARASHTRA, 400021","81 Maker Chambers III, 223 Nariman Point, MUMBAI, MAHARASHTRA, 400021",,,MAHARASHTRA,MUMBAI
ASTRATINVEST QUANT TRUST,IN/AIF3/25-26/1795,"Apr 23, 2025 - Perpetual",shivam.agrawal@astratinvest.com,Shivam Agrawal,"414, E Square, Subhash Road, Vile Parle East, MUMBAI, MAHARASHTRA, 400057","414, E Square, Subhash Road, Vile Parle East, MUMBAI, MAHARASHTRA, 400057",,,MAHARASHTRA,MUMBAI
ASYMMETRIC ASSET MANAGERS,IN/AIF3/24-25/1751,"Mar 06, 2025 - Perpetual",sharath@asymmetricamc.co.in,Sharath Ganapathy,"912 9th Floor Tower 1 Prestige Meridien, M G Road, BANGALORE, KARNATAKA, 560001","912 9th Floor Tower 1 Prestige Meridien, M G Road, BANGALORE, KARNATAKA, 560001",,,KARNATAKA,BANGALORE
Athena Alternative Investments Trust,IN/AIF3/22-23/1166,"Nov 02, 2022 - Perpetual",Vineet.bagri@prajana-alternatives.com,Vineet Bagri,"109 110 Balarama 1st Floor Village Parigkhari, Bandra Kurla Complex Bandra East, MUMBAI, MAHARASHTRA, 400051","1101 Naman Centre, G Block C 31 Bandra Kurla Complex Bandra East, MUMBAI, MAHARASHTRA, 400051",9100000000000.0,9100000000000.0,MAHARASHTRA,MUMBAI
Athera Fund IV,IN/AIF1/22-23/1140,"Sep 23, 2022 - Perpetual",athera.sebi@atheravp.com,Rutvik Doshi,"No 69 slash 1 1st Floor GR Primus Opposite to Post Office, Domlur Bangalore 560071 Karnataka, BANGALORE, KARNATAKA, 560071","No 69 slash 1 1st Floor GR Primus Opposite to Post Office, Domlur Bangalore 560071 Karnataka, BANGALORE, KARNATAKA, 560071",,,KARNATAKA,BANGALORE
ATIVIR ALTERNATIVE INVESTMENT FUND,1N/AIF1/15-16/0150,"May 21, 2015 - Perpetual",,,,,,,,
Atmanirbhar Laghu Vikas Trust,IN/AIF1/22-23/1117,"Aug 18, 2022 - Perpetual",sajit@sidbiventure.co.in,Sajit Kumar,"SIDBI, Swavalamban Bhavan, C11, G Block, 2nd floor,, Bandra Kurla Complex, Bandra East,, MUMBAI, MAHARASHTRA, 400051","SIDBI, Swavalamban Bhavan, C11, G Block, 2nd floor, Bandra Kurla Complex, Bandra East, MUMBAI, MAHARASHTRA, 400051",,,MAHARASHTRA,MUMBAI
Atomic Capital Investment Trust,IN/AIF2/23-24/1485,"Mar 28, 2024 - Perpetual",ahanagautam@gmail.com,Ahana Gautam,"A 204 Supreme Business Park Hiranandani Garden Behind Lake Castle Next to Kensington Building Powai, Mumbai 400076 Maharashtra India, MUMBAI, MAHARASHTRA, 400076","A 204 Supreme Business Park Hiranandani Garden Behind Lake Castle Next to Kensington Building Powai, Mumbai 400076 Maharashtra India, MUMBAI, MAHARASHTRA, 400076",,,MAHARASHTRA,MUMBAI
Audacity Venture Capital Fund,IN/AIF2/22-23/1148,"Oct 17, 2022 - Perpetual",compliance@audacityvc.com,Kabir Kochhar,"C 10 Ansal Villas, Satbari, Chattar Pur, DELHI, NATIONAL CAPITAL TERRITORY OF DELHI, 110074","C 10 Ansal Villas, Satbari, Chattar Pur, DELHI, NATIONAL CAPITAL TERRITORY OF DELHI, 110074",,,NATIONAL CAPITAL TERRITORY OF DELHI,
AudTen Capital Trust,IN/AIF1/25-26/2015,"Jan 07, 2026 - Perpetual",sanjay@audten.vc,Sanjay Kothari,"60, Devaiah Park,, 2nd Cross Road, Nagappa Block, LN Puram, Bangalore, BANGALORE, KARNATAKA, 560021","60, Devaiah Park, 2nd Cross Road, Nagappa Block, LN Puram, Bangalore, BANGALORE, KARNATAKA, 560021",,,KARNATAKA,BANGALORE
AUGMENTA VALUE TRUST,IN/AIF3/23-24/1285,"May 22, 2023 - Perpetual",devvrat@augmenta.co.in,DEVVRAT HIMATSINGKA,"802, B Wing 8th Floor, Naman Midtown, Off Senapati Bapat Marg, Elphinstone Road, MUMBAI, MAHARASHTRA, 400013","802, B Wing 8th Floor, Naman Midtown, Off Senapati Bapat Marg, Elphinstone Road, MUMBAI, MAHARASHTRA, 400013",,,MAHARASHTRA,MUMBAI
AUM VENTURES INVESTMENT TRUST,IN/AIF2/25-26/2048,"Feb 16, 2026 - Perpetual",nisha.shah@aumvc.com,NISHA SHAH,"A 501, A Wing, Acharat Baug CHS Ltd, Phirozshah Mehta Road, Santacruz West, MUMBAI, MAHARASHTRA, 400054","A 501, A Wing, Acharat Baug CHS Ltd, Phirozshah Mehta Road, Santacruz West, MUMBAI, MAHARASHTRA, 400054",,,MAHARASHTRA,MUMBAI
Aurinko Alpha Advantage Fund,IN/AIF3/24-25/1625,"Nov 11, 2024 - Perpetual",parth@aurinkoinvest.com,Parth Kejriwal,"Equator Corporate Finance Private Limited, 407, Business Park, Chincholi Junction, Malad West, MUMBAI, MAHARASHTRA, 400064","303, Business Park, 3rd Floor, S. V. Road, Malad West, MUMBAI, MAHARASHTRA, 400064",,,MAHARASHTRA,MUMBAI
Aurum SME Trust I,IN/AIF1/18-19/0641,"Feb 26, 2019 - Perpetual",sandhya@nineriverscapital.com,Sandhya Kabra,"Nine Rivers Capital Holdings Private Limited, 509 510 Meadows Sahar Plaza Andheri Kurla Road Andheri East, NANDED, MAHARASHTRA, 400059","511 and 512, Meadows, Sahar Plaza, Andheri Kurla Road, Andheri East, MUMBAI, MAHARASHTRA, 400059",,,MAHARASHTRA,MUMBAI
AUXANO DAWN FUND,IN/AIF2/21-22/1002,"Mar 03, 2022 - Perpetual",BRIJESH@AUXANO.IN,BRIJESH NAIR,"C 1137 Ansal Esencia, Sector 67, GURGAON, HARYANA, 112101","C 1137 Ansal Esencia, Sector 67, GURGAON, HARYANA, 112101",,,HARYANA,
Auxano Entrepreneur Trust,IN/AIF1/19-20/0741,"Nov 01, 2019 - Perpetual",ashish@auxano.in,Ashish Padiyar,"C 1137, Ansal Esencia Sector 67, GURGAON, HARYANA, 122102","C 1137, Ansal Esencia Sector 67, GURGAON, HARYANA, 122102",,,HARYANA,
Avaana Capital Growth Fund I,IN/AIF2/18-19/0565,"Jul 18, 2018 - Perpetual",vaibhavkumar.rai@bobbyparikh.com,Vaibhavkumar Rai,"C o Ms Anjali Bansal 3202 A wing Vivarea , Sane Guruji Marg Jacob Circle Mahalaxmi, MUMBAI, MAHARASHTRA, 400011","C o Ms Anjali Bansal 3202 A wing Vivarea , Sane Guruji Marg Jacob Circle Mahalaxmi, MUMBAI, MAHARASHTRA, 400011",,,MAHARASHTRA,MUMBAI
Avaana Capital Seed Trust,IN/AIF2/22-23/1034,"Apr 01, 2022 - Perpetual",rbhapkar@avaanacapital.com,Rahul Bhapkar,"1103, Lodha Supremus, Dr E Moses Road, Worli, MUMBAI, MAHARASHTRA, 400018","1103, Lodha Supremus, Dr E Moses Road, Worli, MUMBAI, MAHARASHTRA, 400018",,,MAHARASHTRA,MUMBAI
Avaana Capital Sustainability Trust,IN/AIF2/22-23/1033,"Apr 01, 2022 - Perpetual",rbhapkar@avaanacapital.com,Rahul Bhapkar,"1103, Lodha Supremus, Dr E Moses Road, Worli, MUMBAI, MAHARASHTRA, 400018","1103, Lodha Supremus, Dr E Moses Road, Worli, MUMBAI, MAHARASHTRA, 400018",,,MAHARASHTRA,MUMBAI
Avantgarde Alternative Fund,IN/AIF2/25-26/1885,"Aug 26, 2025 - Perpetual",kb@petrodril.com,Kartik Bhandari,"207, Pragati House,, 47 48 Nehru Place,, NEW DELHI, NATIONAL CAPITAL TERRITORY OF DELHI, 110019","207, Pragati House, 47 48 Nehru Place, NEW DELHI, NATIONAL CAPITAL TERRITORY OF DELHI, 110019",,,NATIONAL CAPITAL TERRITORY OF DELHI,NEW DELHI
Avatar Growth Capital India Trust,IN/AIF2/25-26/2077,"Mar 06, 2026 - Perpetual",vishal.bakshi@avatargcp.com,Vishal Bakshi,"415, 4th Floor, Plot 211, Dalamal Tower, Free Press Journal Marg, Nariman Point, MUMBAI, MAHARASHTRA, 400021",,,,MAHARASHTRA,MUMBAI
Avendus Alternate India Fund,IN/AIF3/16-17/0304,"Mar 06, 2017 - Perpetual",Compliance@avendus.com,Pushpesh Dindorkar,"901, Platina, 9th Floor, Plot No. C 59, Bandra Kurla Complex, Bandra East, MUMBAI, MAHARASHTRA, 400051",,,,MAHARASHTRA,MUMBAI
Avendus Equity Opportunities Fund,IN/AIF1/17-18/0360,"Aug 18, 2017 - Perpetual",,,"The Millenia Tower, A 10th Floor, No. 1 & 2 Murphy Road, Ulsoor,, BANGALORE, KARNATAKA, 560008",,,,KARNATAKA,BANGALORE
Avendus Equity Strategy Trust,IN/AIF3/16-17/0284,"Dec 01, 2016 - Perpetual",,,"901 Platina 9th Floor Plot no C 59, Bandra Kurla Complex Bandra East, MUMBAI, MAHARASHTRA, 400051",,,,MAHARASHTRA,MUMBAI
Avendus Structured Credit Investment Trust,IN/AIF2/17-18/0341,"Jun 20, 2017 - Perpetual",compliance@avendus.com,Abha Mehta,"901, Platina, 9th Floor, Plot No. C-59, Bandra Kurla Complex, Bandra East,, MUMBAI, MAHARASHTRA, 400051",,,,MAHARASHTRA,MUMBAI
Avener Investment Management,IN/AIF3/25-26/1889,"Sep 02, 2025 - Perpetual",mehul.dhorda@avener.in,Mehul Dhorda,"ONE BKC 1312 C Wing G Block, Bandra Kurla Complex, Bandra East, MUMBAI, MAHARASHTRA, 400051","ONE BKC 1312 C Wing G Block, Bandra Kurla Complex, Bandra East, MUMBAI, MAHARASHTRA, 400051",,,MAHARASHTRA,MUMBAI
Aventus Capital,IN/AIF3/24-25/1615,"Oct 18, 2024 - Perpetual",contact@aventuscapital.in,Nilesh Agarwal,"908, CTS No. 720 42 46, Oshiwara Village Nr. VIP plaza, Off New Link Road, Andheri West, MUMBAI, MAHARASHTRA, 400053","908, CTS No. 720 42 46, Oshiwara Village Nr. VIP plaza, Off New Link Road, Andheri West, MUMBAI, MAHARASHTRA, 400053",,,MAHARASHTRA,MUMBAI
Avestha Fund Management Trust,IN/AIF3/22-23/1247,"Mar 23, 2023 - Perpetual",chaitanya@avestha.com,Chaitanya Kamdar,"Floor GRD, Plot 25, Normandie Building, M L Dahanukar Marg, Carmichael Road, Cumballa Hill, MUMBAI, MAHARASHTRA, 400026","Ground Floor, Shanazeen, Babulnath Road, NS Patkar Marg, MUMBAI, MAHARASHTRA, 400007",,,MAHARASHTRA,MUMBAI
AVIGNA ATLAS FUND,IN/AIF2/24-25/1509,"May 02, 2024 - Perpetual",ipenbelli@avigna.in,ILIYAS PENBELLI,"Plot No 1182 I Block 13th Main Road , Anna Nagar, CHENNAI, TAMIL NADU, 600040","Plot No 1182 I Block 13th Main Road , Anna Nagar, CHENNAI, TAMIL NADU, 600040",,,TAMIL NADU,CHENNAI
Avinya Capital,IN/AIF1/22-23/1219,"Feb 27, 2023 - Perpetual",gaurav@wefoundercircle.com,Gaurav Singhvi,"H No 2886, B ,1 and 2, 4th floor, F S Tower,, Ring Road, B H Trividh Building, SURAT, GUJARAT, 395002","H No 2886, B ,1 and 2, 4th floor, F S Tower, Ring Road, B H Trividh Building, SURAT, GUJARAT, 395002",,,GUJARAT,
Avora SME Fund,IN/AIF1/24-25/1732,"Feb 21, 2025 - Perpetual",abhutra@avoraadvisors.in,Aditya Bhutra,"The Ruby, 2nd Floor, SW, 29, Senapati Bapat Marg, Dadar West, MUMBAI, MAHARASHTRA, 400028","21, Hemant Basu Sarani, Centre Point, Room 305, KOLKATA, WEST BENGAL, 700001",,,MAHARASHTRA,MUMBAI
AVYAY TRUST,IN/AIF3/14-15/0119,"Sep 29, 2014 - Perpetual",,,"LAXMI NILAYAM, H.NO. 1-98/9/3/30,, PLOT NO.47, SILICON VALLEY, MADHAPUR, HYDERABAD, TELANGANA, 500081",,,,TELANGANA,HYDERABAD
Axia Opportunities Fund,IN/AIF3/23-24/1299,"Jun 27, 2023 - Perpetual",axiacapitalmangement@gmail.com,Kamlesh Ratadia,"800,Sangita Ellipse, Sahakar Road, Vile Parle East, MUMBAI, MAHARASHTRA, 400057","800, Sangita Ellipse, Sahakar Road, Vile Parle East, MUMBAI, MAHARASHTRA, 400057",,,MAHARASHTRA,MUMBAI
Axilor Investment Trust,IN/AIF1/17-18/0518,"Feb 08, 2018 - Perpetual",vg@axilor.com,Ganapathy Venugopal,"58, 15th Cross, 2nd Phase,JP Nagar, Bengaluru, BANGALORE, KARNATAKA, 560078","739, 15th Cross,7th Phase, Sarakki, JP Nagar, Bengaluru, BANGALORE, KARNATAKA, 560078",,,KARNATAKA,BANGALORE
Axilor Investment Trust II,IN/AIF2/22-23/1176,"Nov 29, 2022 - Perpetual",nandan@axilor.com,Subramanian Venugopal,"58, 15th Cross, 2nd Phase, J.P. Nagar, Bangalore, BANGALORE, KARNATAKA, 560078","58, 15th Cross, 2nd Phase, J.P. Nagar, Bangalore, BANGALORE, KARNATAKA, 560078",,,KARNATAKA,BANGALORE
Axis Alternative Investment Fund - Category II,IN/AIF2/17-18/0512,"Jan 19, 2018 - Perpetual",compliance@axismf.com,Darshan Kapadia,"One Lodha Place, 22nd and 23rd Floor, , Senapati Bapat Marg, Lower Parel,, MUMBAI, MAHARASHTRA, 400018","One Lodha Place, 22nd and 23rd Floor, , Senapati Bapat Marg, Lower Parel, MUMBAI, MAHARASHTRA, 400018",,,MAHARASHTRA,MUMBAI
Axis Alternative Investment Fund - Category III,IN/AIF3/18-19/0628,"Dec 13, 2018 - Perpetual",compliance@axismf.com,Darshan Kapadia,"One Lodha Place, 22nd and 23rd Floor,, Senapati Bapat Marg, Lower Parel,, MUMBAI, MAHARASHTRA, 400013","One Lodha Place, 22nd and 23rd Floor, Senapati Bapat Marg, Lower Parel, MUMBAI, MAHARASHTRA, 400013",,,MAHARASHTRA,MUMBAI
AXIS CAPITAL ALTERNATIVE FUND - CATEGORY II,IN/AIF2/22-23/1199,"Jan 31, 2023 - Perpetual",,,"Axis House, 1st Floor, Pandurang Budhkar Marg, Worli, MUMBAI, MAHARASHTRA, 400025","Axis House, 1st Floor, Pandurang Budhkar Marg, Worli, MUMBAI, MAHARASHTRA, 400025",,,MAHARASHTRA,MUMBAI
AXIS REAL ESTATE ALTERNATIVE INVESTMENT FUND CATEGORY II,IN/AIF2/22-23/1057,"May 04, 2022 - Perpetual",compliance@axismf.com,Gopal Menon,"One Lodha Place, 22nd and 23rd Floor, , Senapati Bapat Marg, Lower Parel,, MUMBAI, MAHARASHTRA, 400013","One Lodha Place, 22nd and 23rd Floor, , Senapati Bapat Marg, Lower Parel, MUMBAI, MAHARASHTRA, 400013",,,MAHARASHTRA,MUMBAI
AZURE FIRST LIGHT ALTERNATIVE INVESTMENT FUND,IN/AIF2/16-17/0249,"Aug 05, 2016 - Perpetual",ankur.srivastava@ezylaws.com,Ankur Kumar,,,,,,
Azurean Investment Trust,IN/AIF3/24-25/1575,"Aug 09, 2024 - Perpetual",reshma.banda@azurean.in,RESHMA BANDA,"23/7, A2 BUND GARDEN ROAD, NEXT TO ASHOKA MALL, PUNE, MAHARASHTRA, 411001","23/7, A2 BUND GARDEN ROAD, NEXT TO ASHOKA MALL, PUNE, MAHARASHTRA, 411001",,,MAHARASHTRA,
B-FLY INDIA ALTERNATIVE INVESTMENT TRUST,IN/AIF3/24-25/1554,"Jul 03, 2024 - Perpetual",dhirens@kdg.co.in,Dhiren Shethia,"6 3 652 4th Floor Kautilya, Amrutha Estates Somajiguda Hyderabad 500082, HYDERABAD, TELANGANA, 500082","111 Ackruti Star MIDC, Marol Andher East Mumbai 400093, MUMBAI, MAHARASHTRA, 400093",,,TELANGANA,HYDERABAD
B8 TRUST,IN/AIF2/25-26/1993,"Dec 17, 2025 - Perpetual",compliance.aif@infoedge.com,NITIN GUPTA,"Unit No. GF 12 A, 94, Meghdoot, Nehru Place,, DELHI, NATIONAL CAPITAL TERRITORY OF DELHI, 110019","Unit No. GF 12 A, 94, Meghdoot, Nehru Place, DELHI, NATIONAL CAPITAL TERRITORY OF DELHI, 110019",,,NATIONAL CAPITAL TERRITORY OF DELHI,
BAJAJ INVESTMENT TRUST,IN/AIF2/23-24/1408,"Dec 13, 2023 - Perpetual",v.rajagopalan@bajajfinserv.in,V Rajagopalan,"Bajaj Bhavan, Jamnalal Bajaj Marg 226 , Nariman Point, Mumbai, MUMBAI, MAHARASHTRA, 400021","6th Floor, Bajaj Finserv House, Corporate Office, Off Pune Ahmednagar Road, Behind Hyatt Regency Hotel, Viman Nagar, Pune, PUNE, MAHARASHTRA, 411014",,,MAHARASHTRA,MUMBAI
BAJAJ INVESTMENT TRUST - III,IN/AIF3/25-26/1821,"Jun 04, 2025 - Perpetual",milind.choudhari@bajajgroup.net.in,Milind Choudhari,"Bajaj Bhawan, 2nd Floor Jamnalal Bajaj Marg, 226, Nariman Point, MUMBAI, MAHARASHTRA, 400021","Bajaj Finserv House, Off Pune Ahmednagar Road, Vimannagar, PUNE, MAHARASHTRA, 411014",,,MAHARASHTRA,MUMBAI
Bandhan India Equity Hedge Fund,IN/AIF3/17-18/0390,"Nov 20, 2017 - Perpetual",,,"TOWER 1C, 6TH FLOOR, ONE INDIABULLS CENTRE, JUPITER MILLS COMPOUND,, 841, SENAPATI BAPAT MARG, PRABHADEVI, MUMBAI, MAHARASHTRA, 400013",,,,MAHARASHTRA,MUMBAI
Banyan Equity Fund,IN/AIF3/25-26/2082,"Mar 10, 2026 - Perpetual",compliance@banyan-capital.com,Vaishno Rajesh,"Ground Floor D 51 Gulmohar Park, Delhi, DELHI, NATIONAL CAPITAL TERRITORY OF DELHI, 110049",,,,NATIONAL CAPITAL TERRITORY OF DELHI,
BanyanTree Growth Capital IV Trust,IN/AIF2/25-26/2055,"Feb 18, 2026 - Perpetual",avinash@banyantreefinance.com,Avinash Samala,"210 and 210A, 2nd Floor, Trade Centre, Opp. MTNL, G Block, Bandra Kurla Complex, MUMBAI, MAHARASHTRA, 400051","210 and 210A, 2nd Floor, Trade Centre, Opp. MTNL, G Block, Bandra Kurla Complex, MUMBAI, MAHARASHTRA, 400051",,,MAHARASHTRA,MUMBAI
BanyanTree India Growth Capital Fund,IN/AIF2/17-18/0515,"Jan 19, 2018 - Perpetual",mitin@banyantreefinance.com,Mitin Jain,"210 & 210A, 2nd Floor, Trade Centre, , Opp. MTNL,G Block, Bandra Kurla Complex, Bandra East, MUMBAI, MAHARASHTRA, 400051","210 & 210A, 2nd Floor, Trade Centre, , Opp. MTNL,G Block, Bandra Kurla Complex, Bandra East, MUMBAI, MAHARASHTRA, 400051",,,MAHARASHTRA,MUMBAI
Baring Private Equity India AIF,IN/AIF3/17-18/0328,"May 11, 2017 - Perpetual",,,,,,,,
BARING PRIVATE EQUITY INDIA AIF TRUST,IN/AIF2/20-21/0822,"Aug 14, 2020 - Perpetual",baringaif@bpepindia.com,JUGAL BHATIA,"91Springboard 1st and 2nd Floor Kagalwala House, Plot No 175 CST Road BKC Santacruz East, MUMBAI, MAHARASHTRA, 400098","Infinity Towers Tower A , 9 th floor DLF PHASE II, GURGAON, HARYANA, 122002",,,MAHARASHTRA,MUMBAI
Baring Private Equity India Fund,IN/AIF2/24-25/1521,"May 21, 2024 - Perpetual",jugal.bhatia@bpepindia.com,Jugal Bhatia,"1108 C Wing,, One BKC, Bandra Kural Complex, MUMBAI, MAHARASHTRA, 400051","1108 C Wing, One BKC, Bandra Kural Complex, MUMBAI, MAHARASHTRA, 400051",,,MAHARASHTRA,MUMBAI
Bastion AIF,IN/AIF3/25-26/2020,"Jan 19, 2026 - Perpetual",omkar@bastionamc.com,Omkar Ghaisas,"103, Dom Ann Villa, N P Thakkar Marg, Vile Parle East, Mumbai 400057, MUMBAI, MAHARASHTRA, 400057","103, Dom Ann Villa, N P Thakkar Marg, Vile Parle East, Mumbai 400057, MUMBAI, MAHARASHTRA, 400057",,,MAHARASHTRA,MUMBAI
BAY CAPITAL INVESTMENT TRUST,IN/AIF3/14-15/0132,"Feb 16, 2015 - Perpetual",,,"14th Floor,Bakhtawar,, Nariman Point,Ramnath Goenka Marg,Nariman Point, MUMBAI, MAHARASHTRA, 400021",,,,MAHARASHTRA,MUMBAI
BAY CAPITAL SPECIAL OPPORTUNITIES TRUST,IN/AIF2/24-25/1660,"Dec 09, 2024 - Perpetual",AIF@BAYCAPINDIA.COM,KEYUR MAJMUDAR,"14th floor, Bakhtawar Building , Nariman Point, MUMBAI, MAHARASHTRA, 400021","14th floor, Bakhtawar Building , Nariman Point, MUMBAI, MAHARASHTRA, 400021",,,MAHARASHTRA,MUMBAI
BEAMS FINTECH FUND,IN/AIF2/21-22/0959,"Dec 13, 2021 - Perpetual",sagar.a@beams.vc,SAGAR AGARWAL,"Office No. 203 204, B Wing, Mittal Commecia, Off Andheri Kurla Road, Andheri East, MUMBAI, MAHARASHTRA, 400059","Office No. 203 204, B Wing, Mittal Commecia, Off Andheri Kurla Road, Andheri East, MUMBAI, MAHARASHTRA, 400059",,,MAHARASHTRA,MUMBAI
BEAS CAPITAL EQUITY TRUST,IN/AIF3/25-26/1796,"Apr 24, 2025 - Perpetual",rahul@beascapital.in,RAHUL MEHTA,"702, Marathon ERA 1, Marathon Next Gen, Ganapat Kadam Marg, Lower Parel, Mumbai, MUMBAI, MAHARASHTRA, 400013","702, Marathon ERA 1, Marathon Next Gen, Ganapat Kadam Marg, Lower Parel, Mumbai, MUMBAI, MAHARASHTRA, 400013",,,MAHARASHTRA,MUMBAI
BENANI CAPITAL,IN/AIF3/23-24/1385,"Nov 21, 2023 - Perpetual",paras.benani@gmail.com,PARAS BENANI,"Atlantis Flat No. 101 1st FR, 150 Ring Road, Opp. Big Bazaar, Rajkot, RAJKOT, GUJARAT, 360001","Atlantis Flat No. 101 1st FR, 150 Ring Road, Opp. Big Bazaar, Rajkot, RAJKOT, GUJARAT, 360001",,,GUJARAT,
BENZAI10 INVESTMENT TRUST,IN/AIF2/21-22/0887,"May 21, 2021 - Perpetual",akshay.ravi18@gmail.com,Akshay Ravi,"Unit No 25, Ground Floor, Rectangle 1, Plot No. D 4, Saket District Centre, South Delhi, NEW DELHI, NATIONAL CAPITAL TERRITORY OF DELHI, 110017","Unit No 25, Ground Floor, Rectangle 1, Plot No. D 4, Saket District Centre, South Delhi, NEW DELHI, NATIONAL CAPITAL TERRITORY OF DELHI, 110017",,,NATIONAL CAPITAL TERRITORY OF DELHI,NEW DELHI
BETTERINVEST GROWTH VISION TRUST,IN/AIF2/25-26/1861,"Jul 28, 2025 - Perpetual",sethu@betterinvest.club,E R Sedhumanikandan,"New No 111 Old No 141 AWFIS Building, Rajiv Gandhi Salai Old Mahabalipuram Road, CHENNAI, TAMIL NADU, 600096","New No 111 Old No 141 AWFIS Building, Rajiv Gandhi Salai Old Mahabalipuram Road, CHENNAI, TAMIL NADU, 600096",,,TAMIL NADU,CHENNAI
BEYOND BENGALURU CLUSTER SEED FUND FOR STARTUPS,IN/AIF1/22-23/1224,"Mar 08, 2023 - Perpetual",info@kitven.in,A JAYAKUMAR,"KHANIJA BHAVAN 4TH FLOOR RACE COURS, BANGALORE, BANGALORE, KARNATAKA, 560001","KHANIJA BHAVAN 4TH FLOOR RACE COURS, BANGALORE, BANGALORE, KARNATAKA, 560001",,,KARNATAKA,BANGALORE
BeyondSeed Angel Fund I,IN/AIF1/24-25/1529,"May 30, 2024 - Perpetual",sipika.nigam@beyondseed.sg,Sipika Nigam,"417, Palm Spring Centre, Link Road Malad W, MUMBAI, MAHARASHTRA, 400064","417, Palm Spring Centre, Link Road Malad W, MUMBAI, MAHARASHTRA, 400064",,,MAHARASHTRA,MUMBAI
Bharat Arth Sanchay,IN/AIF3/25-26/2106,"Mar 24, 2026 - Perpetual",vinit.falod@bharatarthsanchay.com,Vinit Falod,"202, Windfall, Sahar Plaza Complex, JB Nagar, Marol, C Wing, M V Road, Andheri East, MUMBAI, MAHARASHTRA, 400059",,,,MAHARASHTRA,MUMBAI
BHARAT AT THE RATE 2047 VISION TRUST,IN/AIF3/24-25/1603,"Sep 26, 2024 - Perpetual",compliance@bharat2047.fund,AMIT SARAOGI,"301, Krishna Apra Business Square, Netaji Subhash Palace, Pitampura, DELHI, NATIONAL CAPITAL TERRITORY OF DELHI, 110034","301, Krishna Apra Business Square, Netaji Subhash Palace, Pitampura, DELHI, NATIONAL CAPITAL TERRITORY OF DELHI, 110034",,,NATIONAL CAPITAL TERRITORY OF DELHI,
Bharat Credit Opportunities Trust,IN/AIF2/23-24/1481,"Mar 27, 2024 - Perpetual",bs_rathi@sumedhafiscal.com,BHAWANI RATHI,"703 C Wing Marathon Innova, Off Ganpatrao Kadam Marg Opp Peninsula Corporate Park Lower Parel W, MUMBAI, MAHARASHTRA, 400013","703 C Wing Marathon Innova, Off Ganpatrao Kadam Marg Opp Peninsula Corporate Park Lower Parel W, MUMBAI, MAHARASHTRA, 400013",,,MAHARASHTRA,MUMBAI
Bharat Growth Trust,IN/AIF2/25-26/2037,"Feb 10, 2026 - Perpetual",roopal@singhania.com,Sunil Nyati,"48 Jaora Compound , MYH Road, INDORE, MADHYA PRADESH, 452001","48 Jaora Compound , MYH Road, INDORE, MADHYA PRADESH, 452001",,,MADHYA PRADESH,
BHARAT HERITAGE ASSET FUND,IN/AIF2/25-26/1943,"Oct 31, 2025 - Perpetual",info@vrajafund.com,Anthara Harisha Rao,"48 10 Premier House 13th Cross 8th Main , Malleshwaram, BANGALORE, KARNATAKA, 560003","48 10 Premier House 13th Cross 8th Main , Malleshwaram, BANGALORE, KARNATAKA, 560003",,,KARNATAKA,BANGALORE
Bharat Innovation Fund,IN/AIF1/16-17/0282,"Nov 29, 2016 - Perpetual",,,"CIIE Building, IIMA New Campus, Vastrapur, AHMEDABAD, GUJARAT, 380015",,,,GUJARAT,
BHARAT REAL ESTATE CAPITAL TRUST,IN/AIF2/25-26/1922,"Oct 13, 2025 - Perpetual",uday.d@sammaancapital.com,Uday Diwale,"19th floor, Tower 1, One International Center, Senapati Bapat Marg, Prabhadevi West, MUMBAI, MAHARASHTRA, 400013","19th floor, Tower 1, One International Center, Senapati Bapat Marg, Prabhadevi West, MUMBAI, MAHARASHTRA, 400013",,,MAHARASHTRA,MUMBAI
Bharat Seed Fund,IN/AIF1/22-23/1163,"Nov 02, 2022 - Perpetual",sanea@bharat.fund,Sanea Vakaliya,"CIIE.CO Building IIMA New Campus Vastrapur Ahmedabad 380015, AHMEDABAD, GUJARAT, 380015","CIIE.CO Building IIMA New Campus Vastrapur Ahmedabad 380015, AHMEDABAD, GUJARAT, 380015",,,GUJARAT,
Bharath Transformation Fund,IN/AIF2/25-26/2023,"Jan 21, 2026 - Perpetual",siva@sinceresyndication.com,R Sivaramakrishnan,"9, South Boag Road, Block A, 3rd Floor,, Adwave Towers, T Nagar, CHENNAI, TAMIL NADU, 600017","9, South Boag Road, Block A, 3rd Floor, Adwave Towers, T Nagar, CHENNAI, TAMIL NADU, 600017",,,TAMIL NADU,CHENNAI
Biiig Investment Trust,IN/AIF2/25-26/1848,"Jul 15, 2025 - Perpetual",abhondele@biiig.in,Ashutosh Bhondele,"B4501 Kohinoor Square, NC Kelkar Marg, Shivaji Park, Dadar West, MUMBAI, MAHARASHTRA, 400028","B4501 Kohinoor Square, NC Kelkar Marg, Shivaji Park, Dadar West, MUMBAI, MAHARASHTRA, 400028",,,MAHARASHTRA,MUMBAI
BIKANER INVESTMENT TRUST,IN/AIF3/25-26/1835,"Jul 03, 2025 - Perpetual",aikyamamc@gmail.com,Vineet Bagri,"203, Bulbul Tarang Apartment, 14th Road, Khar West, Khar Colony, MUMBAI, MAHARASHTRA, 400052","203, Bulbul Tarang Apartment, 14th Road, Khar West, Khar Colony, MUMBAI, MAHARASHTRA, 400052",,,MAHARASHTRA,MUMBAI
BISWA BANGLA SILPA TRUST,IN/AIF1/15-16/0184,"Nov 09, 2015 - Perpetual",,,"BISWA BANGLA SILPA TRUST, GOVERNMENT OF WEST BENGAL, DEPARTMENT OF MSME AND TEXTILES, , 4th FLOOR, HEMANTA BHAVAN, 12 B.B.D. BAG EAST , KOLKATA, KOLKATA, WEST BENGAL, 700001",,,,WEST BENGAL,KOLKATA
BLACK FOX INNOVATIVE INVESTMENT TRUST,IN/AIF2/15-16/0149,"May 15, 2015 - Perpetual",,,,,,,,
BLACK OLIVE REAL ESTATE OPPORTUNITIES TRUST,IN/AIF1/13-14/0043,"Apr 02, 2013 - Perpetual",,,,,,,,
Blackhill Fund I,IN/AIF2/24-25/1548,"Jun 27, 2024 - Perpetual",rajesh.ranjan@blackhillfund.com,Rajesh Ranjan,"1702-3, Daffodil, Neelkanth Gardens, Sankeshwar Parsvanath Marg, Govandi East, MUMBAI, MAHARASHTRA, 400088","1702-3, Daffodil, Neelkanth Gardens, Sankeshwar Parsvanath Marg, Govandi East, MUMBAI, MAHARASHTRA, 400088",,,MAHARASHTRA,MUMBAI
Blacksoil India Credit Fund,IN/AIF2/20-21/0784,"Apr 22, 2020 - Perpetual",ankurbansal@blacksoil.co.in,Ankur Bansal,"1203, Lodha Supremus, Senapati Bapat Marg, Lower Parel, MUMBAI, MAHARASHTRA, 400013","1203, Lodha Supremus, Senapati Bapat Marg, Lower Parel, MUMBAI, MAHARASHTRA, 400013",,,MAHARASHTRA,MUMBAI
BLACKSOIL REALTY TRUST,IN/AIF2/13-14/0052,"May 10, 2013 - Perpetual",,,"1203,LODHA SUPREMUS, Senapati Bapat Marg, Lower Parel, Elphinston road Mumbai, MUMBAI, MAHARASHTRA, 400013",,,,MAHARASHTRA,MUMBAI
BLinC Fund,IN/AIF2/20-21/0864,"Feb 15, 2021 - Perpetual",amit.ratanpal@blincinvest.com,Amit Ratanpal,"1st floor, B wing, Kaledonia Building,, Sahar Road, Andheri East, MUMBAI, MAHARASHTRA, 400069","1st floor, B wing, Kaledonia Building, Sahar Road, Andheri East, MUMBAI, MAHARASHTRA, 400069",,,MAHARASHTRA,MUMBAI
Bloomfield AIF Cat II Trust,IN/AIF2/24-25/1619,"Oct 30, 2024 - Perpetual",aif@1finance.co.in,MOHAN KUMAR,"Unit No 1101 1102 11th Floor B Wing Lotus Corporate Park Goregaon E, MUMBAI, MAHARASHTRA, 400063","Unit No 1101 1102 11th Floor B Wing Lotus Corporate Park Goregaon E, MUMBAI, MAHARASHTRA, 400063",,,MAHARASHTRA,MUMBAI
Blu Network Advantage Fund,IN/AIF1/22-23/1149,"Oct 19, 2022 - Perpetual",sadashiva@constellationblu.com,Sarita Raichura,"Unit 4, Jetha Compound, Opp. Nirmal Park, Byculla East, MUMBAI, MAHARASHTRA, 400027","Unit 4, Jetha Compound, Opp. Nirmal Park, Byculla East, MUMBAI, MAHARASHTRA, 400027",,,MAHARASHTRA,MUMBAI
Blue Ashva Capital Trust,IN/AIF2/19-20/0755,"Dec 12, 2019 - Perpetual",deep.kothari@blueashvacapital.com,Deep Kothari,"403 404,Madhava Building, Near Family Court,, E Block, Bandra Kurla Complex, Bandra East, MUMBAI, MAHARASHTRA, 400051","403 404,Madhava Building, Near Family Court, E Block, Bandra Kurla Complex, Bandra East, MUMBAI, MAHARASHTRA, 400051",,,MAHARASHTRA,MUMBAI
BLUE ASHVA SAMVRIDDHI TRUST,IN/AIF2/25-26/2014,"Jan 07, 2026 - Perpetual",deep.kothari@blueashvacapital.com,Deep Kothari,"403 404, Madhava, C5, Bandra Kurla Complex Road, near Family Court, E Block BKC, Bandra East, MUMBAI, MAHARASHTRA, 400051","403 404, Madhava, C5, Bandra Kurla Complex Road, near Family Court, E Block BKC, Bandra East, MUMBAI, MAHARASHTRA, 400051",,,MAHARASHTRA,MUMBAI
Blue Ashva Varenya Fund,IN/AIF1/21-22/0933,"Sep 30, 2021 - Perpetual",nakul.agarwal@blueashvacapital.com,Nakul Agarwal,"403,404,Madhava Building, Near Family Court, E Block,, Bandra Kurla Complex, Bandra East, MUMBAI, MAHARASHTRA, 400051","403,404,Madhava Building, Near Family Court, E Block, Bandra Kurla Complex, Bandra East, MUMBAI, MAHARASHTRA, 400051",,,MAHARASHTRA,MUMBAI
Blue Lotus Capital AIF Trust,IN/AIF3/17-18/0348,"Jul 12, 2017 - Perpetual",somesh@bluelotuscap.com,Somesh Joshi,"721, Seventh Floor, Maker Chambers V V, Nariman Point, MUMBAI, MAHARASHTRA, 400037",,,,MAHARASHTRA,MUMBAI
BlueGreen Trust I,IN/AIF2/24-25/1611,"Oct 15, 2024 - Perpetual",rajeev@bluegreen.vc,Rajeev Suri,"WeWork Enam Sambhav C20 G Block BKC Bandra East, MUMBAI, MAHARASHTRA, 400051","WeWork Enam Sambhav C20 G Block BKC Bandra East, MUMBAI, MAHARASHTRA, 400051",,,MAHARASHTRA,MUMBAI
Bluehill Capital Trust,IN/AIF1/24-25/1513,"May 06, 2024 - Perpetual",,,"11 10, No 4B, 4th Floor, Sara Apt, CIT colony, Mylapore, CHENNAI, TAMIL NADU, 600004","11 10, No 4B, 4th Floor, Sara Apt, CIT colony, Mylapore, CHENNAI, TAMIL NADU, 600004",,,TAMIL NADU,CHENNAI
Bluemont Credit Opportunities Fund,IN/AIF2/18-19/0657,"Mar 25, 2019 - Perpetual",ishaan.vyas@nishithdesai.com,Ishaan Vyas,"No 37, Krishil Capital, M N Krishna Rao Road,, Lalbagh West Gate, Basavanagudi,, BANGALORE, KARNATAKA, 560004","No 37, Krishil Capital, M N Krishna Rao Road, Lalbagh West Gate, Basavanagudi, BANGALORE, KARNATAKA, 560004",,,KARNATAKA,BANGALORE
BlueOcean Capital India Trust,IN/AIF3/25-26/1865,"Jul 29, 2025 - Perpetual",lavneesh@blueoceancapital.co.in,Lavneesh Mohan,"902 Raheja Chambers, Free Press Journal Marg, Nariman Point, MUMBAI, MAHARASHTRA, 400021","902 Raheja Chambers, Free Press Journal Marg, Nariman Point, MUMBAI, MAHARASHTRA, 400021",,,MAHARASHTRA,MUMBAI
BluePrint Ecosys Trust,IN/AIF2/24-25/1698,"Jan 17, 2025 - Perpetual",gopal.modi@blueashvacapital.com,Gopal Modi,"403 404, Madhava, C5, Bandra Kurla Complex Road, near Family Court, E Block BKC, Bandra East, MUMBAI, MAHARASHTRA, 400051","403 404, Madhava, C5, Bandra Kurla Complex Road, near Family Court, E Block BKC, Bandra East, MUMBAI, MAHARASHTRA, 400051",,,MAHARASHTRA,MUMBAI
BLUERISE FUND AIF,IN/AIF2/25-26/2104,"Mar 24, 2026 - Perpetual",saloni@bluebuildingconcepts.com,Dakshil Bhatt,"905, 906, Arista Business Space, Pakvan Circle to Sindhubhavan Road, Near Armieda Clinic, Bodakdev, AHMEDABAD, GUJARAT, 380059",,,,GUJARAT,
BLUME VENTURES FUND I,IN/AIF1/25-26/1853,"Jul 21, 2025 - Perpetual",mitul@blume.vc,Mitul Mehta,"Unit no 2 8 Jetha Compound Opp Nirmal Park Byculla East, MUMBAI, MAHARASHTRA, 400027","Unit no 2 8 Jetha Compound Opp Nirmal Park Byculla East, MUMBAI, MAHARASHTRA, 400027",,,MAHARASHTRA,MUMBAI
BLUME VENTURES FUND IA,IN/AIF1/14-15/0106,"May 16, 2014 - Perpetual",ashish@blume.vc,Ashish Fafadia,"C 1 by 5, Sarathi CHS,Khira Nagar, S V Road,, Santacruz West,, MUMBAI, MAHARASHTRA, 400054",,,,MAHARASHTRA,MUMBAI
BLUME VENTURES INDIA FUND II,IN/AIF1/15-16/161,"Jun 29, 2015 - Perpetual",,,"C 1 by 5,Sarathi CHS, Khira Nagar,S V Road, Santacruz West, MUMBAI, MAHARASHTRA, 400054",,,,MAHARASHTRA,MUMBAI
Blume Ventures India Fund III,IN/AIF1/18-19/0599,"Oct 04, 2018 - Perpetual",nandini.pathak@nishithdesai.com,Nandini Pathak,"402 A Hallmark Business Square Saint Dhyaneshwar Marg, MUMBAI, MAHARASHTRA, 400051","Unit No 4, Jetha Compound, , Opposite Nirmal Park, Byculla (E), Mumbai - 400027, MUMBAI, MAHARASHTRA, 400027",,,MAHARASHTRA,MUMBAI
BLUME VENTURES INDIA TRUST IV,IN/AIF2/21-22/0947,"Nov 03, 2021 - Perpetual",finance@blume.vc,Ashish Fafadia,"Windsor 6th Floor Office No 604 CST Road, Kalina Santacruz East, MUMBAI, MAHARASHTRA, 400098","Unit No 4 Jetha Compound Opposite Nirmal Park, Byculla E Mumbai, MUMBAI, MAHARASHTRA, 400027",,,MAHARASHTRA,MUMBAI
Blume Ventures India Trust V,IN/AIF2/24-25/1636,"Nov 21, 2024 - Perpetual",Finance@blume.vc,Mitul Mehta,"Unit No 4 Jetha Compound Opposite Nirmal Park, Byculla E Mumbai, MUMBAI, MAHARASHTRA, 400027","Unit No 4 Jetha Compound Opposite Nirmal Park, Byculla E Mumbai, MUMBAI, MAHARASHTRA, 400027",,,MAHARASHTRA,MUMBAI
BLUME VENTURES OPPORTUNITIES FUND IIA,IN/AIF1/18-19/0558,"Jun 28, 2018 - Perpetual",venkatesh@milestonetrustee.in,Venkatesh Prabhu,"Cat 412 Navjivan Building No 3, Lamington Road Navjivan Commercial Premises Co op Society, MUMBAI, MAHARASHTRA, 400008","Cat 412 Navjivan Building No 3, Lamington Road Navjivan Commercial Premises Co op Society, MUMBAI, MAHARASHTRA, 400008",,,MAHARASHTRA,MUMBAI
Blume Ventures Opportunities Fund IIB,IN/AIF1/21-22/0966,"Dec 22, 2021 - Perpetual",finance@blume.vc,Ashish Fafadia,"Unit No 4 Jetha compound, Opp Nirmal Park Byculla East, MUMBAI, MAHARASHTRA, 400027","Unit No 4 Jetha compound, Opp Nirmal Park Byculla East, MUMBAI, MAHARASHTRA, 400027",,,MAHARASHTRA,MUMBAI
Bombay Capital Trust 1,IN/AIF2/23-24/1329,"Aug 09, 2023 - Perpetual",ankitbengani@gmail.com,Ankit Bengani,"Vaibhav Chambers, Unit No. 205 and 206, 2nd Floor, Plot No. 1, Bandra Kurla Complex, Bandra East, MUMBAI, MAHARASHTRA, 400051","103, Sancheti Bhavan, 4th Floor, Shamaldas Gandhi Marg, Kalbadevi, MUMBAI, MAHARASHTRA, 400002",,,MAHARASHTRA,MUMBAI
Bombay SS Capital Fund,IN/AIF2/25-26/2075,"Mar 05, 2026 - Perpetual",sharadladha@bombaysscapital.com,Sharad Ladha,"202 Mahimkar Residency, 12 Dodoji Konndev Cross Road, Byculla E, MUMBAI, MAHARASHTRA, 400027",,,,MAHARASHTRA,MUMBAI
Bonanza Wealth Investment Trust,IN/AIF3/24-25/1713,"Feb 06, 2025 - Perpetual",achin@bonanzaonline.com,Achin Goel,"B 81, First floor, Sarvodaya Enclave, NEW DELHI, NATIONAL CAPITAL TERRITORY OF DELHI, 110017","Bonanza House, M 2, Cama Industrial Estate, Walbhat Road, Goregaon, MUMBAI, MAHARASHTRA, 400063",,,NATIONAL CAPITAL TERRITORY OF DELHI,NEW DELHI
BORING AMC,IN/AIF3/23-24/1410,"Dec 14, 2023 - Perpetual",info@omkara-asas.com,Saloni Jain,"207 A B, Peninsula Center, Dr SS Rao Marg, opposite Gandhi Hospital, Ganesh Gully, Parel, MUMBAI, MAHARASHTRA, 400012","Unit No.206A, Peninsula Centre, Dr S. S. Rao Road, Parel East, Lalbaug, MUMBAI, MAHARASHTRA, 400012",,,MAHARASHTRA,MUMBAI
Bowden Syndicates,IN/AIF1/22-23/1098,"Jul 04, 2022 - Perpetual",,,"FGC House 14 Panchwati Society near Jai Hind cross roads, Maninagar Ahmedabad 380008, AHMEDABAD, GUJARAT, 380008","FGC House 14 Panchwati Society near Jai Hind cross roads, Maninagar Ahmedabad 380008, AHMEDABAD, GUJARAT, 380008",,,GUJARAT,
Bowhead Trust,IN/AIF3/24-25/1701,"Jan 21, 2025 - Perpetual",compliance@bowheadindia.com,Prateek Gupta,"M113 DLF Park Place, DLF Phase 5 Sector 54, GURGAON, HARYANA, 122002","Unit no 63 The Executive Centre, Golf Course Road DLF Phase 5 Sector 43, GURGAON, HARYANA, 122002",,,HARYANA,
BRAHM CAPITAL PARTNERS,IN/AIF2/13-14/0079,"Oct 17, 2013 - Perpetual",,,,,,,,
Brands and Beyond India Fund 1,IN/AIF2/19-20/0673,"Apr 08, 2019 - Perpetual",francois@brands-beyond.com,Francois Arpels,"Flat n 53 Block C 3rd Floor Flatted Factory Complex , Jhandewalan, NEW DELHI, NATIONAL CAPITAL TERRITORY OF DELHI, 110055","67A Friends Colony West, NEW DELHI, NATIONAL CAPITAL TERRITORY OF DELHI, 110065",,,NATIONAL CAPITAL TERRITORY OF DELHI,NEW DELHI
Breathe Capital India Fund,IN/AIF1/24-25/1493,"Apr 04, 2024 - Perpetual",shauraya@breathecap.com,Shauraya Bhutani,"EC13 , Inderpuri, NEW DELHI, NATIONAL CAPITAL TERRITORY OF DELHI, 110012","EC13 , Inderpuri, NEW DELHI, NATIONAL CAPITAL TERRITORY OF DELHI, 110012",,,NATIONAL CAPITAL TERRITORY OF DELHI,NEW DELHI
Brescon CAT 1 AIF Special Situation Fund,IN/AIFundefined/22-23/1184,"Dec 26, 2022 - Perpetual",,,"C Wing, Office No. 1516, 15th Floor, ONE BKC, Bandra Kurla Complex, Bandra E, MUMBAI, MAHARASHTRA, 400051","C Wing, Office No. 1516, 15th Floor, ONE BKC, Bandra Kurla Complex, Bandra E, MUMBAI, MAHARASHTRA, 400051",,,MAHARASHTRA,MUMBAI
Brescon Opportunities Fund,IN/AIF2/18-19/0643,"Mar 07, 2019 - Perpetual",nitish@brescon.com,Nitish Jain,"85, 8th Floor, 3 North Avenue, Maker Maxity, Bandra Kurla Complex, Bandra East, MUMBAI, MAHARASHTRA, 400051","85, 8th Floor, 3 North Avenue, Maker Maxity, Bandra Kurla Complex, Bandra East, MUMBAI, MAHARASHTRA, 400051",912000000000000.0,912000000000000.0,MAHARASHTRA,MUMBAI
Brew Opportunities Fund,IN/AIF1/22-23/1101,"Jul 07, 2022 - Perpetual",saurabhdavesarsharma@gmail.com,Saurabh Sharma,"E-1 F/F, East of Kailash, DELHI, NATIONAL CAPITAL TERRITORY OF DELHI, 110065","E-1 F/F, East of Kailash, DELHI, NATIONAL CAPITAL TERRITORY OF DELHI, 110065",,,NATIONAL CAPITAL TERRITORY OF DELHI,
Bright Cove Alternate Investment Opportunities Fund,IN/AIF2/22-23/1133,"Sep 12, 2022 - Perpetual",sonam.gupta@brightcovecapital.in,Sonam Gupta,"C 14 Basement , Greater Kailash Enclave I New Delhi South Delhi, NEW DELHI, NATIONAL CAPITAL TERRITORY OF DELHI, 110048","Level 18 One Horizon Centre Golf Course Road, Sector 43 Gurugram Haryana India, GURGAON, HARYANA, 122002",,,NATIONAL CAPITAL TERRITORY OF DELHI,NEW DELHI
Brighter Mind Fortune Trust,IN/AIF3/24-25/1729,"Feb 20, 2025 - Perpetual",rajeevranjan@brightermind.in,Rajeev Ranjan,"305, Tower 4, Assotech, Business Cresterra, Sector 135, Chhaprauli Bengar, Dadri, Gautam Buddha Nagar, NOIDA, UTTAR PRADESH, 201304","305, Tower 4, Assotech, Business Cresterra, Sector 135, Chhaprauli Bengar, Dadri, Gautam Buddha Nagar, NOIDA, UTTAR PRADESH, 201304",,,UTTAR PRADESH,
BTH Capital,IN/AIF3/25-26/2070,"Mar 02, 2026 - Perpetual",sugandhisud@gmail.com,Sugandhi Sud,"Unit 1121, 11th Floor, AIPL Joy Street, Sector 66, Badshahpur, Gurgaon, GURUGRAM, HARYANA, 122018",,,,HARYANA,
BUILD INDIA FUND,IN/AIF3/13-14/0096,"Feb 25, 2014 - Perpetual",,,"Vishwakarma, 86C Topsia Road, KOLKATA, WEST BENGAL, 700046",,,,WEST BENGAL,KOLKATA
Bulsona Capital Trust,IN/AIF3/25-26/1905,"Sep 19, 2025 - Perpetual",bulsonagrp@gmail.com,Vivek kumar Singhal,"201, Eco Space IT ParkNew, Nagardas Road,, Mogra Village, Natwar Nagar, Jogeshwari East, MUMBAI, MAHARASHTRA, 400053","201, Eco Space IT ParkNew, Nagardas Road, Mogra Village, Natwar Nagar, Jogeshwari East, MUMBAI, MAHARASHTRA, 400053",,,MAHARASHTRA,MUMBAI
Buoyant Capital AIF,IN/AIF3/22-23/1125,"Sep 02, 2022 - Perpetual",aif@buoyantcap.com,Jigar Mistry,"3501, B Wing, Kohinoor Square, N. C. Kelkar Marg, R. G. Gadkari Chowk, Shivaji Park, Dadar West, MUMBAI, MAHARASHTRA, 400028","3501, B Wing, Kohinoor Square, N. C. Kelkar Marg, R. G. Gadkari Chowk, Shivaji Park, Dadar West, MUMBAI, MAHARASHTRA, 400028",,,MAHARASHTRA,MUMBAI
Business Excellence Trust II,IN/AIF1/25-26/1979,"Dec 09, 2025 - Perpetual",compliance.moalts@motilaloswal.com,Naveen Gupta,"The Capital Building, Unit No.505- A2, Bandra Kurla Complex , Bandra East,, MUMBAI, MAHARASHTRA, 400051","Motilal Oswal Tower, Rahimtullah Sayani Road, Opposite Parel ST Depot, Prabhadevi, MUMBAI, MAHARASHTRA, 400025",,,MAHARASHTRA,MUMBAI
BUSINESS EXCELLENCE TRUST III,IN/AIF2/17-18/0339,"Jun 14, 2017 - Perpetual",,,"12th Floor, Motilal Oswal Tower, Rahimtullah Sayani Road, Opp. Parel ST Depot,, Prabhadevi, MUMBAI, MAHARASHTRA, 400025",,,,MAHARASHTRA,MUMBAI
Business Excellence Trust IV,IN/AIF2/21-22/0897,"Jun 28, 2021 - Perpetual",bhadresh.mehta@motilaloswal.com,Bhadresh Mehta,"12th Floor Motilal Oswal Tower Rahimtullah Sayani Road Opposite Parel ST Depot, Prabhadevi, MUMBAI, MAHARASHTRA, 400025","12th Floor Motilal Oswal Tower Rahimtullah Sayani Road Opposite Parel ST Depot, Prabhadevi, MUMBAI, MAHARASHTRA, 400025",,,MAHARASHTRA,MUMBAI
BYT Capital Trust,IN/AIF2/25-26/1888,"Sep 01, 2025 - Perpetual",amit@bytcapital.in,Amit Chand,"No 887 Kings Tower 3rd Floor 6th Cross, HBR Layout Kalyananagar Hennur, BANGALORE, KARNATAKA, 560043","No 887 Kings Tower 3rd Floor 6th Cross, HBR Layout Kalyananagar Hennur, BANGALORE, KARNATAKA, 560043",,,KARNATAKA,BANGALORE
Cactus Partners Trust,IN/AIF2/20-21/0842,"Nov 17, 2020 - Perpetual",akshita.maheshwari@cactusglobal.com,Akshita Jaketia,"Unit no. 2106, One Lodha Place, 21st Floor, Senapati Bapat Marg, Lower Parel, MUMBAI, MAHARASHTRA, 400013","Unit no. 2106, One Lodha Place, 21st Floor, Senapati Bapat Marg, Lower Parel, MUMBAI, MAHARASHTRA, 400013",,,MAHARASHTRA,MUMBAI
Cactus Partners Trust II,IN/AIF2/25-26/2013,"Jan 07, 2026 - Perpetual",prashant.hingad@cactusvp.com,Prashant Hingad,"Unit no 2106 21st Floor One Lodha Place Senapati Bapat Marg Lower Parel, MUMBAI, MAHARASHTRA, 400013","Unit no 2106 21st Floor One Lodha Place Senapati Bapat Marg Lower Parel, MUMBAI, MAHARASHTRA, 400013",,,MAHARASHTRA,MUMBAI
Calculus Innovators Trust,IN/AIF2/25-26/1809,"May 16, 2025 - Perpetual",prakash@calculusfunds.com,Prakash Iyer,"B805, Brigade Caladium, Survey Number 45 4, 45 5, Dasarahalli Main Road, Kasaba Hobli, Bhuvaneswari Nagar, Hebbal, BANGALORE, KARNATAKA, 560092","B805, Brigade Caladium, Survey Number 45 4, 45 5, Dasarahalli Main Road, Kasaba Hobli, Bhuvaneswari Nagar, Hebbal, BANGALORE, KARNATAKA, 560092",,,KARNATAKA,BANGALORE
Campus Angel Fund,IN/AIF1/25-26/1851,"Jul 18, 2025 - Perpetual",manjesh@yourcampusfund.com,Manjesh Basavarajaiah,"No. 146, 1st Cross, 1st Stage Karnataka Layout, Kurubarahalli, BANGALORE, KARNATAKA, 560086","No. 146, 1st Cross, 1st Stage Karnataka Layout, Kurubarahalli, BANGALORE, KARNATAKA, 560086",,,KARNATAKA,BANGALORE
Campus Fund,IN/AIF2/21-22/1023,"Mar 24, 2022 - Perpetual",manjesh@yourcampusfund.com,Manjesh Basavarajaiah,"No. 146, 1st Cross, 1st Stage, Karnataka Layout, Kurubarahalli, BANGALORE, KARNATAKA, 560086","No. 146, 1st Cross, 1st Stage, Karnataka Layout, Kurubarahalli, BANGALORE, KARNATAKA, 560086",,,KARNATAKA,BANGALORE
Canara Bank Venture Development Trust,IN/AIF2/15-16/0206,"Feb 04, 2016 - Perpetual",,,"No.29 II FLOOR DWARAKANATH BHAVAN, K R ROAD, BASAVANAGUDI, BANGALORE, KARNATAKA, 560004",,,,KARNATAKA,BANGALORE
CANBANK VENTURE CAPITAL FUND,IN/AIF1/25-26/1867,"Jul 30, 2025 - Perpetual",puneetsharma@canbank.vc,Puneet Sharma,"Canbank Venture Capital Fund No.29, II Floor, Dwarakanath Bhavan, K R Road Basavanagudi, BANGALORE, KARNATAKA, 560004","Canbank Venture Capital Fund No.29, II Floor, Dwarakanath Bhavan, K R Road Basavanagudi, BANGALORE, KARNATAKA, 560004",,,KARNATAKA,BANGALORE
Canbank Venture Capital Growth Trust,IN/AIF2/24-25/1742,"Mar 04, 2025 - Perpetual",beena@canbank.vc,Beena PP,"No 29 2nd Floor Dwarakanath Bhavan Krishna Rajendra Rd Basavanagudi, BANGALORE, KARNATAKA, 560004","No 29 2nd Floor Dwarakanath Bhavan Krishna Rajendra Rd Basavanagudi, BANGALORE, KARNATAKA, 560004",,,KARNATAKA,BANGALORE
Capacious Investment Growth Fund,IN/AIF1/25-26/2103,"Mar 24, 2026 - Perpetual",cwmllpinfo@gmail.com,Harshi Chopra,"53 Gem Enclave Pradhan Marg, Malviya Nagar Jaipur, JAIPUR, RAJASTHAN, 302017",,,,RAJASTHAN,JAIPUR
Capier Investments India Trust One,IN/AIF2/21-22/0962,"Dec 14, 2021 - Perpetual",gautham@capierinvestments.com,Gautham Kalro,"PeerCap Advisors LLP, No. 16 Bar 2, Awfis Space Solution Pvt Ltd, 3rd Floor,, Field Marshal KM Cariappa Road, Shanthala Nagar, Ashok Nagar,, BANGALORE, KARNATAKA, 560025","PeerCap Advisors LLP, No. 16 Bar 2, Awfis Space Solution Pvt Ltd, 3rd Floor, Field Marshal KM Cariappa Road, Shanthala Nagar, Ashok Nagar, BANGALORE, KARNATAKA, 560025",,,KARNATAKA,BANGALORE
Capital 2B,IN/AIF2/22-23/1051,"Apr 20, 2022 - Perpetual",nitin.gupta@infoedgeventures.com,Nitin Gupta,"Ground Floor 12A 94 Meghdoot, Nehru Place, NEW DELHI, NATIONAL CAPITAL TERRITORY OF DELHI, 110019","Ground Floor 12A 94 Meghdoot, Nehru Place, NEW DELHI, NATIONAL CAPITAL TERRITORY OF DELHI, 110019",,,NATIONAL CAPITAL TERRITORY OF DELHI,NEW DELHI
CAPITAL GROWTH TRUST,IN/AIF2/19-20/0675,"Apr 11, 2019 - Perpetual",shilpa.modi@srei.com,SHILPA MODI,"Vishwakarma Building, 86C Topisa Road South, KOLKATA, WEST BENGAL, 700046","Vishwakarma Building, 86C Topisa Road South, KOLKATA, WEST BENGAL, 700046",,,WEST BENGAL,KOLKATA
CapitaLand India RE Opportunities Fund,IN/AIF2/25-26/2074,"Mar 05, 2026 - Perpetual",sourabh.gupta@capitaland.com,SOURABH GUPTA,"3rd Floor, Discoverer Building, , ITPL Main Road, BANGALORE, KARNATAKA, 560066",,,,KARNATAKA,BANGALORE
CAPITALK,IN/AIF3/21-22/0929,"Sep 08, 2021 - Perpetual",amitabh.chakraborty@kitaracapital.com,Amitabh Chakraborty,"507 CEEJAY HOUSE SHIV SAGAR ESTATE, DR. ANNIE BESANT ROAD WORLI, MUMBAI, MAHARASHTRA, 400018","507 Ceejay House, Shiv Sagar Estate, Dr. Annie Besant Road, Worli, MUMBAI, MAHARASHTRA, 400018",,,MAHARASHTRA,MUMBAI
Capitalmind Select India One,IN/AIF3/23-24/1357,"Sep 26, 2023 - Perpetual",varun@capitalmind.in,Varun Mishra,"2323 Prakash Arcade 17th Cross 27th Main, 1st Sector HSR Layout, BANGALORE, KARNATAKA, 560102","2323 Prakash Arcade 17th Cross 27th Main, 1st Sector HSR Layout, BANGALORE, KARNATAKA, 560102",,,KARNATAKA,BANGALORE
CapitalSquare Alternative Investment Trust,IN/AIF3/24-25/1702,"Jan 22, 2025 - Perpetual",aif@capitalsquare.in,Sunil Kumar Manocha,"208 AarPee Centre,CTS, 70, Nr.Tunga Paradise Hotel, Chakala MIDC,, MUMBAI, MAHARASHTRA, 400093","208 AarPee Centre,CTS, 70, Nr.Tunga Paradise Hotel, Chakala MIDC, MUMBAI, MAHARASHTRA, 400093",,,MAHARASHTRA,MUMBAI
CAPITAR VENTURES TRUST,IN/AIF2/22-23/1134,"Sep 14, 2022 - Perpetual",Rahul@capitar.in,Rahul Mahipal,"Unit no. 417 Lodha Supremus Andheri, End of 11th Road of Mahakali Caves Road, Near Hotel Tunga International, Andheri East, MUMBAI, MAHARASHTRA, 400093","Unit no. 417 Lodha Supremus Andheri, End of 11th Road of Mahakali Caves Road, Near Hotel Tunga International, Andheri East, MUMBAI, MAHARASHTRA, 400093",,,MAHARASHTRA,MUMBAI
Capri India Investment Fund,IN/AIF2/16-17/0251,"Aug 09, 2016 - Perpetual",,,"1 B Court Chambers 35, Sir Vithaldas Thakersey Marg New marine lines, MUMBAI, MAHARASHTRA, 400051",,,,MAHARASHTRA,MUMBAI
CAPRI SPECIAL SITUATIONS TRUST,IN/AIF1/23-24/1291,"Jun 12, 2023 - Perpetual",SUPPORT@CAPRIXPONENTIA.IN,RAJESH SHARMA,"Floor 1, Plot 15A, 35, Court Chambers, Vithaldas Thackersey Marg, New Marine Lines, MUMBAI, MAHARASHTRA, 400020","Floor 1, Plot 15A, 35, Court Chambers, Vithaldas Thackersey Marg, New Marine Lines, MUMBAI, MAHARASHTRA, 400020",,,MAHARASHTRA,MUMBAI
CAPRI SPECIAL SITUATIONS TRUST,IN/AIFundefined/23-24/1291,"Jun 12, 2023 - Perpetual",,,"Floor 1, Plot 15A, 35, Court Chambers, Vithaldas Thackersey Marg, New Marine Lines, MUMBAI, MAHARASHTRA, 400020","Floor 1, Plot 15A, 35, Court Chambers, Vithaldas Thackersey Marg, New Marine Lines, MUMBAI, MAHARASHTRA, 400020",,,MAHARASHTRA,MUMBAI
CAPRIA VENTURES INDIA FUND III,IN/AIF2/24-25/1590,"Sep 09, 2024 - Perpetual",VSARDA@UNITUSCAPITAL.COM,VIKAS SARDA,"No 99/100,Prestige Towers,2nd Floor , Residency Road, BANGALORE, KARNATAKA, 560025","No 99/100,Prestige Towers,2nd Floor , Residency Road, BANGALORE, KARNATAKA, 560025",,,KARNATAKA,BANGALORE
Caprize Infinity Investment Trust,IN/AIF3/25-26/1987,"Dec 12, 2025 - Perpetual",info@caprize.co,Sharad Kumar Tripathi,"Office No. 211, Kamla Spaces, S. V. Road, Khira Nagar, Santacruz West, MUMBAI, MAHARASHTRA, 400054","Office No. 211, Kamla Spaces, S. V. Road, Khira Nagar, Santacruz West, MUMBAI, MAHARASHTRA, 400054",,,MAHARASHTRA,MUMBAI
Carnelian AIF Category I Trust,IN/AIF1/25-26/1787,"Apr 07, 2025 - Perpetual",compliance@carneliancapital.co.in,Monica Sharma,"1205 1206, One Lodha Place, Senapati Bapat Marg, Lower Parel West, MUMBAI, MAHARASHTRA, 400013","1205 1206, One Lodha Place, Senapati Bapat Marg, Lower Parel West, MUMBAI, MAHARASHTRA, 400013",,,MAHARASHTRA,MUMBAI
Carnelian Alternative Investment Trust,IN/AIF3/18-19/0642,"Feb 26, 2019 - Perpetual",pankaj@carneliancapital.co.in,PANKAJ NAMDHARANI,"1205 1206 One Lodha Place Senapati Bapat Marg, Delisle Road Lower Parel West, MUMBAI, MAHARASHTRA, 400013","1205 1206 One Lodha Place Senapati Bapat Marg, Delisle Road Lower Parel West, MUMBAI, MAHARASHTRA, 400013",9100000000000.0,9100000000000.0,MAHARASHTRA,MUMBAI
CARPEDIEM CAPITAL PARTNERS FUND I,IN/AIF2/14-15/0125,"Nov 11, 2014 - Perpetual",,,"507A, The Aralias,, DLF Golf Links, Phase 5, GURGAON, HARYANA, 122009",,,,HARYANA,
Carpediem Capital Partners Fund II,IN/AIF2/19-20/0674,"Apr 09, 2019 - Perpetual",pratik@carpediem-capital.com,Pratik Mantri,"B 702/703, Ashok Garden, T J Road, Near KEM Hospital , Sewri, Mumbai, MUMBAI, MAHARASHTRA, 400015","84, 8th Floor, Free Press House, Free Press Journal Marg, Nariman Point, MUMBAI, MAHARASHTRA, 400021",,,MAHARASHTRA,MUMBAI
Casper Investment Trust,IN/AIF2/20-21/0836,"Oct 29, 2020 - Perpetual",ravindra@caspercapital.in,Ravindra Dhotre,"8 2 698, 5th Floor, 403 M J Towers, Road No. 12, Banjara Hills, HYDERABAD, TELANGANA, 500034","8 2 698, 5th Floor, 403 M J Towers, Road No. 12, Banjara Hills, HYDERABAD, TELANGANA, 500034",9100000000000.0,9100000000000.0,TELANGANA,HYDERABAD
CASPIAN ASSAM AGRIBUSINESS INVESTMENT FUND FOR RURAL PROSPERITY -RUPIAA,IN/AIF2/23-24/1375,"Nov 02, 2023 - Perpetual",caspianfundv.nda@nishithdesai.com,Venkata Narasimham Bulusu,"4th Floor, Ventureast Plaza, Plot No. 40 and 41, Financial District, Gachibowli, Telangana, HYDERABAD, TELANGANA, 500032","4th Floor, Ventureast Plaza, Plot No. 40 and 41, Financial District, Gachibowli, Telangana, HYDERABAD, TELANGANA, 500032",,,TELANGANA,HYDERABAD
CASPIAN LEAP FOR AGRICULTURE FUND,IN/AIF2/21-22/0979,"Jan 27, 2022 - Perpetual",emmanuel@caspian.in,Emmanuel Murray,"Block A, 4th floor, Phoenix Primea (Red Brick Building), Plot No. 40 & 41, Financial District, Beside IRDA, Gachibowli Hyderabad, HYDERABAD, TELANGANA, 500032","Block A, 4th floor, Phoenix Primea (Red Brick Building), Plot No. 40 & 41, Financial District, Beside IRDA, Gachibowli Hyderabad, HYDERABAD, TELANGANA, 500032",,,TELANGANA,HYDERABAD
Caspian SME Impact Fund IV,IN/AIF2/15-16/0208,"Feb 22, 2016 - Perpetual",,,"Block A, 4th Floor, Phoenix Primea,, Plot no 40 and 41, Financial District, Beside IRDA, Gachibowli,, HYDERABAD, TELANGANA, 500032",,,,TELANGANA,HYDERABAD
CATAMARAN AIF TRUST,IN/AIF2/21-22/0981,"Jan 27, 2022 - Perpetual",FINANCE@CATAMARAN.IN,SHEETAL BHAT,"Plot No. 51 52, Sarakki Industrial Layout, , 1st Main Road, J. P. Nagar, 3rd Phase, BANGALORE, KARNATAKA, 560078","Plot No. 51 52, Sarakki Industrial Layout, , 1st Main Road, J. P. Nagar, 3rd Phase, BANGALORE, KARNATAKA, 560078",,,KARNATAKA,BANGALORE
CAVI First Principles Trust,IN/AIF3/22-23/1214,"Feb 22, 2023 - Perpetual",kgupta@cavicapital.in,Karan Gupta,"34 Sri Ram Road, Civil Lines, Delhi, DELHI, NATIONAL CAPITAL TERRITORY OF DELHI, 110054","34 Sri Ram Road, Civil Lines, Delhi, DELHI, NATIONAL CAPITAL TERRITORY OF DELHI, 110054",,,NATIONAL CAPITAL TERRITORY OF DELHI,
CBA India Emerging Opportunities AIF,IN/AIF3/25-26/2092,"Mar 12, 2026 - Perpetual",raj@capbridge.in,Raj Shah,"205 Samedh SF Nr Agrawal Plaza , C G Road Ellis Bridge, AHMEDABAD, GUJARAT, 380006",,,,GUJARAT,
CCV Emerging Opportunities Fund,IN/AIF3/23-24/1486,"Mar 28, 2024 - Perpetual",investment.manager@ccvindia.com,Kulbhushan Parashar,"FIRST FLOOR, H 9, BLOCK B1, MOHAN COOPERATIVE INDUSTRIAL ESTATE, MATHURA ROAD, NEW DELHI, NATIONAL CAPITAL TERRITORY OF DELHI, 110044","FIRST FLOOR, H 9, BLOCK B1, MOHAN COOPERATIVE INDUSTRIAL ESTATE, MATHURA ROAD, NEW DELHI, NATIONAL CAPITAL TERRITORY OF DELHI, 110044",,,NATIONAL CAPITAL TERRITORY OF DELHI,NEW DELHI
CDM Capital Trust,IN/AIF1/22-23/1165,"Nov 02, 2022 - Perpetual",davesh@cdmcapital.in,Davesh Manocha,"HD 106, WeWork Enam Sambhav, C 20, G Block Rd, G Block BKC, Bandra Kurla Complex, MUMBAI, MAHARASHTRA, 400051","HD 106, WeWork Enam Sambhav, C 20, G Block Rd, G Block BKC, Bandra Kurla Complex, MUMBAI, MAHARASHTRA, 400051",,,MAHARASHTRA,MUMBAI
Cedar-IBSI Capital,IN/AIF2/22-23/1185,"Jan 09, 2023 - Perpetual",sahil@cicventures.vc,sahil anand,"201 Peninsula Business Park, Tower A, Senapati Bapat Marg, Lower Parel, MUMBAI, MAHARASHTRA, 400013","201 Peninsula Business Park, Tower A, Senapati Bapat Marg, Lower Parel, MUMBAI, MAHARASHTRA, 400013",,,MAHARASHTRA,MUMBAI
Celesta India Trust,IN/AIF2/21-22/1020,"Mar 23, 2022 - Perpetual",ganesh@indusage.com,Sudhir Rao Palepu,"No 9/1 Madras Bank Road , Off St Marks Road, BANGALORE, KARNATAKA, 560001","No 9/1 Madras Bank Road , Off St Marks Road, BANGALORE, KARNATAKA, 560001",,,KARNATAKA,BANGALORE
Centre Court Capital Fund I,IN/AIF2/22-23/1204,"Feb 08, 2023 - Perpetual",mustafa.ghouse@centrecourtcapital.com,Mustafa Ghouse,"Jindal Mansion, 5A, Dr. G. Deshmukh marg, MUMBAI, MAHARASHTRA, 400026","Jindal Mansion, 5A, Dr. G. Deshmukh marg, MUMBAI, MAHARASHTRA, 400026",,,MAHARASHTRA,MUMBAI
CENTRUM CREDIT OPPORTUNITIES TRUST,IN/AIF2/18-19/0662,"Mar 29, 2019 - Perpetual",jaymeen.shah@centrum.co.in,Jaymeen Shah,"601, Centrum House, C.S.T. Road, Kalina, Santacruz East, MUMBAI, MAHARASHTRA, 400098","601, Centrum House, C.S.T. Road, Kalina, Santacruz East, MUMBAI, MAHARASHTRA, 400098",,,MAHARASHTRA,MUMBAI
CERESTRA INFRASTRCTURE TRUST,IN/AIF2/14-15/0113,"Jul 03, 2014 - Perpetual",,,,,,,,
Certus India Opportunities Trust I,IN/AIF2/20-21/0785,"Apr 23, 2020 - Perpetual",ashish.khandelia@certus.co.in,Ashish Khandelia,"C-2802, Oberoi Woods,, Mohan Gokhale Road, Goregaon(East), MUMBAI, MAHARASHTRA, 400063","B-2502, Oberoi Esquire, Mohan Gokhale Road, Goregaon(East), MUMBAI, MAHARASHTRA, 400063",,,MAHARASHTRA,MUMBAI
CERTUS INDIA OPPORTUNITIES TRUST II,IN/AIF2/25-26/2035,"Feb 09, 2026 - Perpetual",cref@certuscapital.in,ANISHA BABUR,"Unit 123 C Wing Durian Estate Goregaon Mulund Link Road Goregaon East Mumbai Maharashtra India 40006, MUMBAI, MAHARASHTRA, 400063","Unit 123 C Wing Durian Estate Goregaon Mulund Link Road Goregaon East Mumbai Maharashtra India 40006, MUMBAI, MAHARASHTRA, 400063",,,MAHARASHTRA,MUMBAI
CG India Investment Fund,IN/AIF2/23-24/1399,"Dec 05, 2023 - Perpetual",vijaykrishnan.s@capriglobalholdings.in,Vijaykrishnan Subramanian,"1B Court chambers 35 Sir Vithaldas Thackersey Marg , New Marine Lines, MUMBAI, MAHARASHTRA, 400020","A502 Peninsula Business Park Senapati Bapat Marg, Lower Parel West, MUMBAI, MAHARASHTRA, 400013",,,MAHARASHTRA,MUMBAI
Chakra India Growth Fund,IN/AIF1/23-24/1296,"Jun 21, 2023 - Perpetual",sri@chakra.fund,Rangarajan Purisai,"BHIVE Workspace, No. 19, 4th C Cross Koramangala Industrial,, 5th Block, Area, Bengaluru, BANGALORE, KARNATAKA, 650095","BHIVE Workspace, No. 19, 4th C Cross Koramangala Industrial, 5th Block, Area, Bengaluru, BANGALORE, KARNATAKA, 650095",,,KARNATAKA,BANGALORE
CHALKBOARD INVESTMENT TRUST,IN/AIF2/24-25/1562,"Jul 18, 2024 - Perpetual",sandeep@motionmillmedia.com,Sandeep Bhargava,"104 Skylark New Kantwadi Road, Pali Hill Road Bandra West, MUMBAI, MAHARASHTRA, 400050","104 Skylark New Kantwadi Road, Pali Hill Road Bandra West, MUMBAI, MAHARASHTRA, 400050",,,MAHARASHTRA,MUMBAI
Chanakya Fund Trust,IN/AIF2/22-23/1230,"Mar 13, 2023 - Perpetual",kresha.gupta18@yahoo.com,Kresha Gupta,"726, Iconic Shyamal, Shyamal Cross Road,, 132 Ring Road, Satellite, Jodhpur Char Rasta, AHMEDABAD, GUJARAT, 380015","726, Iconic Shyamal, Shyamal Cross Road, 132 Ring Road, Satellite, Jodhpur Char Rasta, AHMEDABAD, GUJARAT, 380015",,,GUJARAT,
Change Wealth,IN/AIF2/25-26/1949,"Nov 04, 2025 - Perpetual",aayush08@gmail.com,Aayush Shah,"S 207,Link Way, Estate, New Link Road,, CTS No 1093, Liberty Garden, Malad West, MUMBAI, MAHARASHTRA, 400054","S 207,Link Way, Estate, New Link Road, CTS No 1093, Liberty Garden, Malad West, MUMBAI, MAHARASHTRA, 400054",,,MAHARASHTRA,MUMBAI
Cheekotel Development Catalyst Private Limited,IN/AIF1/15-16/0211,"Feb 26, 2016 - Perpetual",,,"c by o SCSI Venture Advisors Pvt. Ltd., 202, Nilgiri, 9 Barakhamba Road, NEW DELHI, NATIONAL CAPITAL TERRITORY OF DELHI, 110001",,,,NATIONAL CAPITAL TERRITORY OF DELHI,NEW DELHI
CHEEKOTEL PRIVATE LIMITED,IN/AIF1/25-26/1931,"Oct 17, 2025 - Perpetual",shm.aff@gmail.com,SATISH MEHTA,"NOIDA SEZ, PHASE 1 UNIT 8 NOIDA, NOIDA, UTTAR PRADESH, 201305","202 NILGIRI, 9 BARAKHAMBA ROAD, NEW DELHI, NATIONAL CAPITAL TERRITORY OF DELHI, 110001",,,UTTAR PRADESH,NEW DELHI
CHIRATAE TRUST,IN/AIF1/15-16/0174,"Oct 05, 2015 - Perpetual",,,"7B, 7th Floor, Sobha Pearl No. 1, Commissariat Road, Bangalore, Karnataka, BANGALORE, KARNATAKA",,,,KARNATAKA,BANGALORE
Chiratae Trust II,IN/AIF2/22-23/1079,"Jun 07, 2022 - Perpetual",finance@chiratae.com,Swaminathan Sankar,"H No.632, 5th Cross, 12th Main, 4th Block, BANGALORE, KARNATAKA, 560034","3rd Floor, A & B Wing, Sobha Pearl, No. 1, Commissariat Road, BANGALORE, KARNATAKA, 560025",,,KARNATAKA,BANGALORE
Chiratae Trust V II,IN/AIF2/23-24/1258,"Apr 03, 2023 - Perpetual",operations@chiratae.com,Swaminathan Sankar,"3rd Floor A and B Wing Sobha Pearl No1 Commissariat Road Bangalore 560025 Karnataka India, BANGALORE, KARNATAKA, 560025","3rd Floor A and B Wing Sobha Pearl No1 Commissariat Road Bangalore 560025 Karnataka India, BANGALORE, KARNATAKA, 560025",,,KARNATAKA,BANGALORE
Chiratae Ventures India Fund IV,IN/AIF1/18-19/0637,"Feb 22, 2019 - Perpetual",kamlesh@chiratae.com,Kamlesh Patre,"H no. 632, 5th cross, 12th main, , 4th block, Koramangala, Bengaluru, BANGALORE, KARNATAKA, 560034","7B, 7th Floor, Sobha Pearl, 1, Commissariat Road, BANGALORE, KARNATAKA, 560025",,,KARNATAKA,BANGALORE
Chiratae Ventures Master Fund IV,IN/AIF1/19-20/0667,"Apr 04, 2019 - Perpetual",kamlesh@chiratae.com,Kamlesh Patre,"H no. 632, 5th cross, 12th main,, 4th block, Koramangala, Bengaluru, BANGALORE, KARNATAKA, 560034","7B, 7th Floor, Sobha Pearl, 1, Commissariat Road, BANGALORE, KARNATAKA, 560025",,,KARNATAKA,BANGALORE
Chiratae Ventures Trust V,IN/AIF2/22-23/1255,"Mar 28, 2023 - Perpetual",operations@chiratae.com,Swaminathan Sankar,"3rd Floor A and B Wing Sobha Pearl No1 Commissariat Road Bangalore 560025 Karnataka India, BANGALORE, KARNATAKA, 560025","3rd Floor A and B Wing Sobha Pearl No1 Commissariat Road Bangalore 560025 Karnataka India, BANGALORE, KARNATAKA, 560025",,,KARNATAKA,BANGALORE
Chittorgarh Growth Fund,IN/AIF2/25-26/2088,"Mar 11, 2026 - Perpetual",caashishjain.08@gmail.com,Ashish Jain,"604, Manglam Crown Square, Gandhi Path, Vaishali Nagar, JAIPUR, RAJASTHAN, 302021",,,,RAJASTHAN,JAIPUR
ChrysCapital Trust I,IN/AIF2/24-25/1524,"May 27, 2024 - Perpetual",AIFOperations@chryscapital.com,Puneet Chadha,"16th Floor, Eros Corporate Tower, Nehru Place, NEW DELHI, NATIONAL CAPITAL TERRITORY OF DELHI, 110019","16th Floor, Eros Corporate Tower, Nehru Place, NEW DELHI, NATIONAL CAPITAL TERRITORY OF DELHI, 110019",,,NATIONAL CAPITAL TERRITORY OF DELHI,NEW DELHI
CIF-II,IN/AIF2/19-20/0702,"Jun 06, 2019 - Perpetual",prakashsf@gmail.com,Prakash Parthasarathy,"776 third floor 100 feet road, HAL II Stage, BANGALORE, KARNATAKA, 560038","776 third floor 100 feet road, HAL II Stage, BANGALORE, KARNATAKA, 560038",,,KARNATAKA,BANGALORE
CIF-III,IN/AIF3/18-19/0625,"Dec 11, 2018 - Perpetual",prakashsf@gmail.com,Prakash Parthasarathy,"776 100 feet road third floor, HAL II Stage, BANGALORE, KARNATAKA, 560038","776 100 feet road third floor, HAL II Stage, BANGALORE, KARNATAKA, 560038",,,KARNATAKA,BANGALORE
Cinnamon Wealth Investment Trust,IN/AIF2/24-25/1624,"Nov 11, 2024 - Perpetual",COMPLIANCE@CINNAMONWEALTH.CO,VIJAY EMMANUEL,"7th Flr Office No A708 Rustomjee Central Park, Chakala AK Road Andheri East, MUMBAI, MAHARASHTRA, 400069","7th Flr Office No A708 Rustomjee Central Park, Chakala AK Road Andheri East, MUMBAI, MAHARASHTRA, 400069",,,MAHARASHTRA,MUMBAI
CIPHER ALTERNATIVE INVESTMENT FUND,IN/AIF3/25-26/1926,"Oct 15, 2025 - Perpetual",CipherVF@elp-in.com,Sonal Maheshwari,"1801, Vasant Marvel, Grandure Tower, Off Western Express Highway, Borivali East, MUMBAI, MAHARASHTRA, 400066","1801, Vasant Marvel, Grandure Tower, Off Western Express Highway, Borivali East, MUMBAI, MAHARASHTRA, 400066",,,MAHARASHTRA,MUMBAI
CIRCULUS STRIDE FORWARD FUND,IN/AIF2/25-26/2000,"Dec 26, 2025 - Perpetual",pankaj@strideventures.in,Pankaj Kwatra,"4B 03, DLF Corporate park, Near Guru Dronacharya metro station, Sector 24,, GURUGRAM, HARYANA, 1222010","4B 03, DLF Corporate park, Near Guru Dronacharya metro station, Sector 24, GURUGRAM, HARYANA, 1222010",,,HARYANA,
Clarity Prime Investment Opportunities Trust,IN/AIF2/25-26/2042,"Feb 13, 2026 - Perpetual",compliance@claritycap.co.in,Yash Ravel,"314, Duru House, 3rd Floor, Juhu, MUMBAI, MAHARASHTRA, 400049","314, Duru House, 3rd Floor, Juhu, MUMBAI, MAHARASHTRA, 400049",,,MAHARASHTRA,MUMBAI
Clarus Trust,IN/AIF3/21-22/0899,"Jul 01, 2021 - Perpetual",operations@claruscapital.in,Soumendra Lahiri,"16 Floor Eros Corporate Tower Nehru Place, DELHI, NATIONAL CAPITAL TERRITORY OF DELHI, 110019","16 Floor Eros Corporate Tower Nehru Place, DELHI, NATIONAL CAPITAL TERRITORY OF DELHI, 110019",,,NATIONAL CAPITAL TERRITORY OF DELHI,
Clean Max Renewable Trust,IN/AIF2/19-20/0749,"Nov 22, 2019 - Perpetual",nitai.vijay@cleanmaxsolar.com,Nitai Vijay,"4th Floor The International, 16 Maharishi Karve Road New Marine Lines Cross Road No 1 Churchgate, MUMBAI, MAHARASHTRA, 400020","4th Floor The International, 16 Maharishi Karve Road New Marine Lines Cross Road No 1 Churchgate, MUMBAI, MAHARASHTRA, 400020",9100000000000.0,9100000000000.0,MAHARASHTRA,MUMBAI
Client Associates Alternative Investment Trust,IN/AIF2/23-24/1316,"Jul 26, 2023 - Perpetual",bhanukapur@clientassociates.com,Bhanu Kapur,"2nd Floor, Block B, Vatika Towers,, Golf Course Road, Sector 54, GURGAON, HARYANA, 122002","2nd Floor, Block B, Vatika Towers, Golf Course Road, Sector 54, GURGAON, HARYANA, 122002",9100000000000.0,9100000000000.0,HARYANA,
CLIMATE ANGELS TRUST,IN/AIF1/21-22/0938,"Oct 14, 2021 - Perpetual",svs@massive.org.in,Shailesh Singh,"I 201, Parsavnath Gardenia Sector 61, Gautam Buddha Nagar, NOIDA, UTTAR PRADESH, 201301","I 201, Parsavnath Gardenia Sector 61, Gautam Buddha Nagar, NOIDA, UTTAR PRADESH, 201301",,,UTTAR PRADESH,
Climate9ers Capital,IN/AIF1/22-23/1234,"Mar 14, 2023 - Perpetual",climate9ers@gmail.com,Naman Hegde,"2247 B 2 3, Vasant Kunj, South Delhi, New Delhi, DELHI, NATIONAL CAPITAL TERRITORY OF DELHI, 110070","2247 B 2 3, Vasant Kunj, South Delhi, New Delhi, DELHI, NATIONAL CAPITAL TERRITORY OF DELHI, 110070",,,NATIONAL CAPITAL TERRITORY OF DELHI,NEW DELHI
Club Kautilya Investment Trust,IN/AIF3/24-25/1644,"Nov 27, 2024 - Perpetual",ckpartners@clubkautilya.com,Naveen Vyas,"Microsec Block, Azimganj House, 2nd Floor, , 7, camac street, shakespeare sarani,, KOLKATA, WEST BENGAL, 700017","Microsec Block, Azimganj House, 2nd Floor, , 7, camac street, shakespeare sarani, KOLKATA, WEST BENGAL, 700017",,,WEST BENGAL,KOLKATA
Cogniphy Angel Fund,IN/AIF1/22-23/1242,"Mar 17, 2023 - Perpetual",dd@cogniphy.us,Dewanshu Deep,"352, Sector 21, GURGAON, HARYANA, 122015","352, Sector 21, GURGAON, HARYANA, 122015",,,HARYANA,
COGNIZANT CAPITAL,IN/AIF3/23-24/1304,"Jun 30, 2023 - Perpetual",reachus@cognizantcapital.in,MIYUSH GANDHI,"Floor G Plot 2B Grease House, Jakeria Bunder Road Sewri, MUMBAI, MAHARASHTRA, 400015","Floor G Plot 2B Grease House, Jakeria Bunder Road Sewri, MUMBAI, MAHARASHTRA, 400015",,,MAHARASHTRA,MUMBAI
COINMEN SPECIAL OPPORTUNITIES FUND,IN/AIF2/22-23/1092,"Jun 22, 2022 - Perpetual",sajal.jain@coinmen.com,Sajal Jain,"A22, 3rd floor,, Aurobindo Marg, Green Park Main, NEW DELHI, NATIONAL CAPITAL TERRITORY OF DELHI, 110016","A22, 3rd floor, Aurobindo Marg, Green Park Main, NEW DELHI, NATIONAL CAPITAL TERRITORY OF DELHI, 110016",,,NATIONAL CAPITAL TERRITORY OF DELHI,NEW DELHI
Colossa WomenFirst Fund,IN/AIF2/22-23/1245,"Mar 21, 2023 - Perpetual",vandana.r@colossaventures.com,Vandana Rajadhyaksha,"1402, 14TH FLOOR, LODHA SUPREMUS, SENAPATI BAPAT MARG, OPP. KAMALA MILLS COMPOUND, LOWER PAREL, MUMBAI, MAHARASHTRA, 400013","1402, 14TH FLOOR, LODHA SUPREMUS, SENAPATI BAPAT MARG, OPP. KAMALA MILLS COMPOUND, LOWER PAREL, MUMBAI, MAHARASHTRA, 400013",,,MAHARASHTRA,MUMBAI
Commercial & Opportunistic Residential Real Estate Fund,IN/AIF2/20-21/0847,"Dec 28, 2020 - Perpetual",saandip.kundu@ganucorpus.com,Saandip Kundu,"164, Atlanta Building, Nariman Point, MUMBAI, MAHARASHTRA, 400021","164, Atlanta Building, Nariman Point, MUMBAI, MAHARASHTRA, 400021",,,MAHARASHTRA,MUMBAI
COMMERCIAL RENTAL YIELD TRUST,IN/AIF2/22-23/1225,"Mar 08, 2023 - Perpetual",alternativescompliance@edelweissalts.com,Deepak Mukhija,"Edelweiss House, Off C.S.T. Road, , Kalina, Mumbai, MUMBAI, MAHARASHTRA, 400098","Edelweiss House, Off C.S.T. Road, , Kalina, Mumbai, MUMBAI, MAHARASHTRA, 400098",,,MAHARASHTRA,MUMBAI
Compact Capital Investment Trust,IN/AIF2/19-20/0745,"Nov 15, 2019 - Perpetual",vijaybhatia@email.com,VIJAY BHATIA,"103 Gateway Plaza, Hiranandani Gardens Powai, MUMBAI, MAHARASHTRA, 400076","103 Gateway Plaza, Hiranandani Gardens Powai, MUMBAI, MAHARASHTRA, 400076",,,MAHARASHTRA,MUMBAI
Compounding Gems India Trust,IN/AIF3/23-24/1452,"Feb 14, 2024 - Perpetual",nitin@compoundinggems.com,Nitin Goyal,"First Floor, Shreenath Chambers, 11A, New Grain Mandi, Kota, KOTA, RAJASTHAN, 324007","First Floor, Shreenath Chambers, 11A, New Grain Mandi, Kota, KOTA, RAJASTHAN, 324007",,,RAJASTHAN,
CONTRARIAN VRIDDHI TRUST,IN/AIF1/14-15/0120,"Sep 30, 2014 - Perpetual",,,,,,,,
Convergent Fund I,IN/AIF2/18-19/0611,"Oct 30, 2018 - Perpetual",shruti.mohanraj@bobbyparikh.com,Shruti Mohanraj,"506 5th Floor Ceejay House, , Shiv Sagar Estate Worli, MUMBAI, MAHARASHTRA, 400018","506 5th Floor Ceejay House, , Shiv Sagar Estate Worli, MUMBAI, MAHARASHTRA, 400018",,,MAHARASHTRA,MUMBAI
Convergent Fund I LLP,IN/AIF2/18-19/0612,"Oct 30, 2018 - Perpetual",shruti.mohanraj@bobbyparikh.com,Shruti Mohanraj,"506 5th Floor Ceejay House, , Shiv Sagar Estate Worli, MUMBAI, MAHARASHTRA, 400018","506 5th Floor Ceejay House, , Shiv Sagar Estate Worli, MUMBAI, MAHARASHTRA, 400018",,,MAHARASHTRA,MUMBAI
CORE91 VC TRUST,IN/AIF2/21-22/0881,"May 03, 2021 - Perpetual",shalin@core91.vc,Shalin Shah,"801 804 Floor 8 1 Peninsula Corporate Park Ganpatrao Kadam Marg Lower Parel , Delisle Road Mumbai 400013, MUMBAI, MAHARASHTRA, 400013","801 804 Floor 8 1 Peninsula Corporate Park Ganpatrao Kadam Marg Lower Parel , Delisle Road Mumbai 400013, MUMBAI, MAHARASHTRA, 400013",,,MAHARASHTRA,MUMBAI
Cornerstone Venture Partners Fund,IN/AIF1/18-19/0572,"Aug 09, 2018 - Perpetual",rajiv@csvpfund.com,Rajiv Vaishnav,"63, 1st Floor, Raghuleela Mega Mall, Behind Poisar Bus Depot, Kandivali (West), MUMBAI, MAHARASHTRA, 400067","63, 1st Floor, Raghuleela Mega Mall, Behind Poisar Bus Depot, Kandivali (West), MUMBAI, MAHARASHTRA, 400067",,,MAHARASHTRA,MUMBAI
CORNERSTONE VENTURES INVESTMENT FUND,IN/AIF2/23-24/1406,"Dec 11, 2023 - Perpetual",shreyas@csvpfund.com,SHREYAS TRIVEDI,"63, 1st Floor, Raghuleela Mega Mall, Kandivali West, MUMBAI, MAHARASHTRA, 400067","63, 1st Floor, Raghuleela Mega Mall, Kandivali West, MUMBAI, MAHARASHTRA, 400067",,,MAHARASHTRA,MUMBAI
Corporate Debt Market Development Fund,IN/AIFC/23-24/1317,"Jul 28, 2023 - Perpetual",Vinaya.Datar@sbimf.com,Vinaya Datar,"9th Floor, Crescenzo, C-38 & 39, G Block, Bandra Kurla Complex, MUMBAI, MAHARASHTRA, 400051","9th Floor, Crescenzo, C-38 & 39, G Block, Bandra Kurla Complex, MUMBAI, MAHARASHTRA, 400051",,,MAHARASHTRA,MUMBAI
Cosmea Quantamental CAT III AIF Master Trust,IN/AIF3/24-25/1704,"Jan 23, 2025 - Perpetual",aifservices@cosmeaim.com,Nadia Daredia,"2nd floor ICC Chambers II, Saki Vihar Road Near MTNL office Powai, MUMBAI, MAHARASHTRA, 400072","2nd floor ICC Chambers II, Saki Vihar Road Near MTNL office Powai, MUMBAI, MAHARASHTRA, 400072",,,MAHARASHTRA,MUMBAI
Craving Alpha Wealth Fund,IN/AIF3/24-25/1646,"Nov 29, 2024 - Perpetual",compliance@aif.cravingalpha.com,Mayank Mehra,"Room 419, 1 RN Mukherjee Road, KOLKATA, WEST BENGAL, 700001","Room 419, 1 RN Mukherjee Road, KOLKATA, WEST BENGAL, 700001",,,WEST BENGAL,KOLKATA
Creaegis Transformations Fund Trust,IN/AIF3/25-26/1778,"Apr 07, 2025 - Perpetual",pramila@creaegis.in,Pramila Venkat,"776, 3rd Floor, 100 feet road, HAL 2 Stage, Bengaluru 560038, BANGALORE, KARNATAKA, 560038","776, 3rd Floor, 100 feet road, HAL 2 Stage, Bengaluru 560038, BANGALORE, KARNATAKA, 560038",9110000000000.0,9110000000000.0,KARNATAKA,BANGALORE
CREDBERG INVESTMENT MANAGEMENT TRUST,IN/AIF2/21-22/0961,"Dec 14, 2021 - Perpetual",RIDHAM.KAKRANIA@CREDBERG.COM,RIDHAM KAKRANIA,"503A C Wing 5th Floor Fortune 2000 G Block, Bandra Kurla Complex Bandra East, MUMBAI, MAHARASHTRA, 400051","503A C Wing 5th Floor Fortune 2000 G Block, Bandra Kurla Complex Bandra East, MUMBAI, MAHARASHTRA, 400051",,,MAHARASHTRA,MUMBAI
Credential Alternative Investment Trust,IN/AIF2/25-26/1872,"Aug 06, 2025 - Perpetual",vijay@credentialadvisory.com,Vijay Kumar Darak,"Unit No. 506, 5th Floor, 41A, AJC Bose Road, Diamond Prestige, KOLKATA, WEST BENGAL, 700017","Unit No. 506, 5th Floor, 41A, AJC Bose Road, Diamond Prestige, KOLKATA, WEST BENGAL, 700017",,,WEST BENGAL,KOLKATA
Credicon Trust,IN/AIF2/22-23/1059,"May 09, 2022 - Perpetual",varun.ponduru@credicon.com,Varun Ponduru,"House No. 386, Road No. 10, Banjarahills, HYDERABAD, TELANGANA, 500034","Flat No 502, Aditya Court, 8-2-334, Road No.3, Banjara Hills, HYDERABAD, TELANGANA, 500034",,,TELANGANA,HYDERABAD
Credit Solutions India Trust,IN/AIF2/19-20/0733,"Oct 24, 2019 - Perpetual",rkapadia@varde.com,Reshma Kapadia,"7 A and B,Siddhivinayak Chambers,Gandhi Nagar, Opp MIG Cricket Club, Bandra East, MUMBAI, MAHARASHTRA, 400051","4C,Siddhivinayak Chambers,Gandhi Nagar, Opposite MIG Cricket Club, Bandra (East), MUMBAI, MAHARASHTRA, 400051",,,MAHARASHTRA,MUMBAI
CSIM India AIF,IN/AIF3/23-24/1477,"Mar 27, 2024 - Perpetual",govind@csim.co.in,Govindarajan Chellappa,"Unit No. 1107 Supreme Headquarters, Floor 11,Near Link Square Mall, , Junction of 14th and 33rd Road, Off Linking Road, Bandra West, MUMBAI, MAHARASHTRA, 400050","Unit No. 1107 Supreme Headquarters, Floor 11,Near Link Square Mall, , Junction of 14th and 33rd Road, Off Linking Road, Bandra West, MUMBAI, MAHARASHTRA, 400050",,,MAHARASHTRA,MUMBAI
CSquare Venture Partners Fund I,IN/AIF1/21-22/0965,"Dec 20, 2021 - Perpetual",javacapital.nda@nishithdesai.com,Vinod Shankar,"No 1637 Dikshit Enclave, Aecs Layout E block 6th Main Kundanahalli, BANGALORE, KARNATAKA, 560037","No 1637 Dikshit Enclave, Aecs Layout E block 6th Main Kundanahalli, BANGALORE, KARNATAKA, 560037",9110000000000.0,9110000000000.0,KARNATAKA,BANGALORE
Custos Ventures AIF,IN/AIF3/25-26/1957,"Nov 11, 2025 - Perpetual",reach@custos.in,Lokesh Gupta,"801, AGGARWAL CORPORATE HEIGHTS,, NSP, PITAMPURA,, NEW DELHI, NATIONAL CAPITAL TERRITORY OF DELHI, 110034","801, AGGARWAL CORPORATE HEIGHTS, NSP, PITAMPURA, NEW DELHI, NATIONAL CAPITAL TERRITORY OF DELHI, 110034",,,NATIONAL CAPITAL TERRITORY OF DELHI,NEW DELHI
CX Alternative Investment Fund,IN/AIF2/17-18/0369,"Sep 18, 2017 - Perpetual",,,"Atelier Level 1, Suite No 3, Worldmark 2, Aerocity, NEW DELHI, NATIONAL CAPITAL TERRITORY OF DELHI, 110037",,,,NATIONAL CAPITAL TERRITORY OF DELHI,NEW DELHI
CX Alternative Investment Fund 3,IN/AIF2/22-23/1171,"Nov 17, 2022 - Perpetual",jayanta@cxpartners.in,Jayanta Basu,"Atelier Level 2, Suite No 7, Worldmark 2, Aerocity, Mahipalpur, NEW DELHI, NATIONAL CAPITAL TERRITORY OF DELHI, 110037","Atelier Level 2, Suite No 7, Worldmark 2, Aerocity, Mahipalpur, NEW DELHI, NATIONAL CAPITAL TERRITORY OF DELHI, 110037",,,NATIONAL CAPITAL TERRITORY OF DELHI,NEW DELHI
D&B India Opportunities Multicap Fund,IN/AIF3/19-20/0726,"Aug 30, 2019 - Perpetual",hriday.dalal@dalal-broacha.com,Hriday Dalal,"83 7 Ground Floor, Soundarya Paramount 5th Cross, BANGALORE, KARNATAKA, 560003","83 7 Ground Floor, Soundarya Paramount 5th Cross, BANGALORE, KARNATAKA, 560003",,,KARNATAKA,BANGALORE
Daksfirst India Special Situations Trust,IN/AIF2/21-22/0955,"Nov 26, 2021 - Perpetual",sk@daksfirst.com,Sumit Kanthed,"603 A Wing, Prathamesh Tower, Raghuvanshi Mill Compound, Senapati Bapat Marg, Lower Parel West, MUMBAI, MAHARASHTRA, 400013","603 A Wing, Prathamesh Tower, Raghuvanshi Mill Compound, Senapati Bapat Marg, Lower Parel West, MUMBAI, MAHARASHTRA, 400013",,,MAHARASHTRA,MUMBAI
Dalmia Nisus Finance Credit Opportunities Trust,IN/AIF2/18-19/0647,"Mar 12, 2019 - Perpetual",info@nisusfin.com,Amit Goenka,"201 D, Poonam Chambers, A Wing, Dr Annie Besant Road, Worli, MUMBAI, MAHARASHTRA, 400018","201 D, Poonam Chambers, A Wing, Dr Annie Besant Road, Worli, MUMBAI, MAHARASHTRA, 400018",,,MAHARASHTRA,MUMBAI
Dalmus Investment Trust,IN/AIF3/21-22/0937,"Oct 12, 2021 - Perpetual",pulkit@dalmuscapital.com,Pulkit Singhal,"B 1302 Meera CHS Plot 15 S. No. 41 Off. LK Road Near Oshiwara Police Station Jogeshwari West Mumbai, MUMBAI, MAHARASHTRA, 4000102","B 1302 Meera CHS Plot 15 S. No. 41 Off. LK Road Near Oshiwara Police Station Jogeshwari West Mumbai, MUMBAI, MAHARASHTRA, 4000102",,,MAHARASHTRA,MUMBAI
Dalton India AIF Trust,IN/AIF3/22-23/1251,"Mar 24, 2023 - Perpetual",siva@daltonadvisory.in,Siva Thiravidamony,"3rd floor, Prudential Building, Prudential IT Park,, Hiranandani Gardens, Powai, Mumbai, Maharashtra, 400076, India, MUMBAI, MAHARASHTRA, 400076","3rd floor, Prudential Building, Prudential IT Park, Hiranandani Gardens, Powai, Mumbai, Maharashtra, 400076, India, MUMBAI, MAHARASHTRA, 400076",,,MAHARASHTRA,MUMBAI
Danazir Capital GravityX,IN/AIF2/23-24/1370,"Oct 19, 2023 - Perpetual",ram@velupillai.in,Sivaram Mathevanpillai,"No.37/2, 13th Main, 7th Cross BSK 1st Stage, Bank Colony Srinivasnagar, BANGALORE, KARNATAKA, 560050","4th Floor, L-151, 5th Main, 14th Cross, 6th Sector, HSR Layout, BANGALORE, KARNATAKA, 560102",,,KARNATAKA,BANGALORE
DAR MENTORCAP FILM FUND,IN/AIF2/12-13/0011,"Oct 16, 2012 - Perpetual",,,,,,,,
Darjeeling Capital Trust,IN/AIF2/21-22/1012,"Mar 14, 2022 - Perpetual",naveen.bhather@malabarinvest.com,Naveen Bhather,"2nd Floor, the Point, 30th Road, Bandra West, MUMBAI, MAHARASHTRA, 400050","2nd Floor, the Point, 30th Road, Bandra West, MUMBAI, MAHARASHTRA, 400050",9100000000000.0,9100000000000.0,MAHARASHTRA,MUMBAI
DARWIN EVOLUTION TRUST,IN/AIF3/25-26/1977,"Dec 09, 2025 - Perpetual",tanay.chandaliya@darwingroup.in,TANAY CHANDALIYA,"G6, Amit Industrial Estate, Plot 61, Dr S S Rao Road, Parel, Mumbai, Maharashtra, MUMBAI, MAHARASHTRA, 400012","G6, Amit Industrial Estate, Plot 61, Dr S S Rao Road, Parel, Mumbai, Maharashtra, MUMBAI, MAHARASHTRA, 400012",,,MAHARASHTRA,MUMBAI
Deep Science India Fund Trust,IN/AIF2/18-19/0528,"Apr 09, 2018 - Perpetual",sid.pai@deepsciencefund.com,Siddharth Pai,"Axis House, Bombay Dyeing Mills Compound, Pandhurang Budhkar Marg, Worli, MUMBAI, MAHARASHTRA, 400025","10 South End Street, Kumara Park East Bangalore, BANGALORE, KARNATAKA, 560001",,,MAHARASHTRA,MUMBAI
DeVC India I Trust,IN/AIF2/22-23/1131,"Sep 06, 2022 - Perpetual",MatrixDeVCAIF@matrixpartners.in,Priyank Shrivastava,"603, 6th floor, Ceejay House,, Dr. Annie Besant Road, Worli, MUMBAI, MAHARASHTRA, 400018","603, 6th floor, Ceejay House, Dr. Annie Besant Road, Worli, MUMBAI, MAHARASHTRA, 400018",,,MAHARASHTRA,MUMBAI
Dezerv Alpha Equity Trust,IN/AIF3/23-24/1467,"Mar 22, 2024 - Perpetual",legal-compliance@dezerv.in,Kavita Khatri,"Unit No 301 Trade Centre Bandra East, MUMBAI, MAHARASHTRA, 400051","Unit No 301 Trade Centre Bandra East, MUMBAI, MAHARASHTRA, 400051",,,MAHARASHTRA,MUMBAI
DEZERV ALTERNATIVES TRUST,IN/AIF2/23-24/1345,"Sep 11, 2023 - Perpetual",venkatesh@mitconcredentia.in,Venkatesh Prabhu,"Unit No. 301, Trade Centre, Bandra East, MUMBAI, MAHARASHTRA, 400051","Unit No. 301, Trade Centre, Bandra East, MUMBAI, MAHARASHTRA, 400051",,,MAHARASHTRA,MUMBAI
Dezerv Innovation Fund,IN/AIF1/22-23/1066,"May 12, 2022 - Perpetual",meetali@dezerv.in,Meetali Gandhi,"Unit no 301, Trade Centre, Bandra East, MUMBAI, MAHARASHTRA, 400051","Unit no 301, Trade Centre, Bandra East, MUMBAI, MAHARASHTRA, 400051",,,MAHARASHTRA,MUMBAI
Dezerv Private Equity Fund,IN/AIF2/23-24/1331,"Aug 14, 2023 - Perpetual",kavita.khatri@dezerv.in,Kavita Khatri,"Unit No. 301, Trade Centre, Bandra East, MUMBAI, MAHARASHTRA, 400051","Unit No. 301, Trade Centre, Bandra East, MUMBAI, MAHARASHTRA, 400051",,,MAHARASHTRA,MUMBAI
DHAMMA INVESTMENT TRUST,IN/AIF3/24-25/1606,"Sep 30, 2024 - Perpetual",raghav@dhammainvest.com,Raghav Mittal,"WeWork Enam Sambhav, Plot no. C20, G Block, Bandra East, MUMBAI, MAHARASHTRA, 400051","WeWork Enam Sambhav, Plot no. C20, G Block, Bandra East, MUMBAI, MAHARASHTRA, 400051",,,MAHARASHTRA,MUMBAI
Dhanvallabh Ventures Fund,IN/AIF2/22-23/1081,"Jun 08, 2022 - Perpetual",rajendra.mhatre@aarti-industries.com,Rajendra Mhatre,"2nd Floor, Udyog Kshetra, 71, Mulund Goregaon Link Road, Mulund West, MUMBAI, MAHARASHTRA, 400080","2nd Floor, Udyog Kshetra, 71, Mulund Goregaon Link Road, Mulund West, MUMBAI, MAHARASHTRA, 400080",,,MAHARASHTRA,MUMBAI
Dhruva Investment Partners,IN/AIF2/25-26/1939,"Oct 29, 2025 - Perpetual",ceo@dhruvapartners.com,Dhruv Jhunjhunwala,"Constantia office 8th Flr, Dr. UN Brahmachari Street , Shakespeare Sarani, KOLKATA, WEST BENGAL, 700017","Constantia office 8th Flr, Dr. UN Brahmachari Street , Shakespeare Sarani, KOLKATA, WEST BENGAL, 700017",,,WEST BENGAL,KOLKATA
Dhyana Capital,IN/AIF3/20-21/0856,"Feb 05, 2021 - Perpetual",abhimanyu@dhyanacapital.com,Abhimanyu Sanghi,"D-3/3118, Vasant Kunj, NEW DELHI, NATIONAL CAPITAL TERRITORY OF DELHI, 110070","D-3/3118, Vasant Kunj, NEW DELHI, NATIONAL CAPITAL TERRITORY OF DELHI, 110070",9100000000000.0,9100000000000.0,NATIONAL CAPITAL TERRITORY OF DELHI,NEW DELHI
DICKEY ALTERNATIVE INVESTMENT TRUST,IN/AIF2/20-21/0813,"Jun 16, 2020 - Perpetual",yogesh@dickeyamc.com,Yogesh Gupta,"1105, Indraprakash Building, Barakhamba Road Connaught Place, NEW DELHI, NATIONAL CAPITAL TERRITORY OF DELHI, 110001","1105, Indraprakash Building, Barakhamba Road Connaught Place, NEW DELHI, NATIONAL CAPITAL TERRITORY OF DELHI, 110001",,,NATIONAL CAPITAL TERRITORY OF DELHI,NEW DELHI
DICKEY CAPITAL TRUST,IN/AIF3/23-24/1340,"Sep 01, 2023 - Perpetual",care@dhfin.in,VINEET GUPTA,"1105 Indraprakash Building Barakhamba road, New Delhi Central Delhi, NEW DELHI, NATIONAL CAPITAL TERRITORY OF DELHI, 110001","1105 Indraprakash Building Barakhamba road, New Delhi Central Delhi, NEW DELHI, NATIONAL CAPITAL TERRITORY OF DELHI, 110001",,,NATIONAL CAPITAL TERRITORY OF DELHI,NEW DELHI
DICKEY MULTIPLE ASSETS TRUST,IN/AIF2/25-26/1818,"Jun 04, 2025 - Perpetual",info@dhfin.in,YOGESH GUPTA,"1106 Indraprakash Building Barakhamba Road New Delhi Central Delhi, NEW DELHI, NATIONAL CAPITAL TERRITORY OF DELHI, 110001","Ground Floor Block B Building No 5 DLF Cyber City DLF Phase III, GURGAON, HARYANA, 122002",,,NATIONAL CAPITAL TERRITORY OF DELHI,NEW DELHI
DICKEY SPECIAL SITUATION INVESTMENT TRUST,IN/AIF1/23-24/1388,"Nov 22, 2023 - Perpetual",ssf@dhfin.in,YOGESH GUPTA,"1105 Indraprakash Building Barakhamba Road New Delhi Central Delhi, NEW DELHI, NATIONAL CAPITAL TERRITORY OF DELHI, 110001","1105 Indraprakash Building Barakhamba Road New Delhi Central Delhi, NEW DELHI, NATIONAL CAPITAL TERRITORY OF DELHI, 110001",,,NATIONAL CAPITAL TERRITORY OF DELHI,NEW DELHI
DIGITAL INDIA FUND PRIVATE LIMITED,IN/AIF2/14-15/0134,"Feb 18, 2015 - Perpetual",,,"202, Nilgiri, Barakhamba Road, NEW DELHI, NATIONAL CAPITAL TERRITORY OF DELHI, 110001",,,,NATIONAL CAPITAL TERRITORY OF DELHI,NEW DELHI
Digital Opportunities Fund,IN/AIF2/17-18/0318,"Apr 11, 2017 - Perpetual",,,"Continental Bldg, 135, Dr. A B Road Worli, Mumbai City, Mumbai, Maharashtra, India, MUMBAI, MAHARASHTRA, 400018",,,,MAHARASHTRA,MUMBAI
Discovery Trust,IN/AIF2/25-26/1956,"Nov 11, 2025 - Perpetual",alternativescompliance@eaaa.in,Deepak Mukhija,"Edelweiss House, Off. C.S.T. Road,, Kalina,, MUMBAI, MAHARASHTRA, 400098","Edelweiss House, Off. C.S.T. Road, Kalina, MUMBAI, MAHARASHTRA, 400098",9100000000000.0,9100000000000.0,MAHARASHTRA,MUMBAI
Disruption Fund,IN/AIF1/24-25/1570,"Aug 05, 2024 - Perpetual",rathnakar@disruption.fund,Rathnakar Samavedam,"7A and 7B, Siddhivinayak Chambers, Gandhi Nagar,, Opposite MIG Cricket Club, Bandra East, MUMBAI, MAHARASHTRA, 400051","D.No. 8 2 293 82 JIII 6, Ramanaidu Studio, Film Nagar, Hyderabad, Shaikpet, HYDERABAD, TELANGANA, 500096",,,MAHARASHTRA,MUMBAI
Disruptors Capital,IN/AIF1/21-22/0986,"Jan 31, 2022 - Perpetual",stj@disruptors.capital,Shivadarshan TJ,"Vaswani Centropolis, 2nd Floor Langford Rd, , Shanti Nagar,, BANGALORE, KARNATAKA, 560027","Vaswani Centropolis, 2nd Floor Langford Rd, , Shanti Nagar, BANGALORE, KARNATAKA, 560027",,,KARNATAKA,BANGALORE
DISTRESSED REAL ESTATE FUND LLP,IN/AIF2/13-14/0088,"Nov 27, 2013 - Perpetual",,,"AN 12D, Shalimar Bagh, NEW DELHI, NATIONAL CAPITAL TERRITORY OF DELHI, 110088",,,,NATIONAL CAPITAL TERRITORY OF DELHI,NEW DELHI
DIVERSIFIED CAPITAL GROWTH TRUST,IN/AIF2/25-26/1860,"Jul 28, 2025 - Perpetual",funds@dhfin.in,DIVYANSH UPADHYAY,"1105 Indraprakash Building Barakhamba Road New Delhi Central Delhi, NEW DELHI, NATIONAL CAPITAL TERRITORY OF DELHI, 110001","Ground Floor BlockB Building No 5 DLF Cyber City DLF Phase III, GURGAON, HARYANA, 122002",,,NATIONAL CAPITAL TERRITORY OF DELHI,NEW DELHI
DIVERSIFIED INDIA GROWTH TRUST,IN/AIF2/25-26/1819,"Jun 04, 2025 - Perpetual",care@dhfin.in,DIVYANSH UPADHYAY,"1106 Indraprakash Building Barakhamba Road New Delhi Central Delhi, NEW DELHI, NATIONAL CAPITAL TERRITORY OF DELHI, 110001","Ground Floor Block B Building No 5 DLF Cyber City DLF Phase III, GURGAON, HARYANA, 122002",,,NATIONAL CAPITAL TERRITORY OF DELHI,NEW DELHI
DIVINE AIF TRUST,IN/AIF3/23-24/1436,"Jan 24, 2024 - Perpetual",operations@midascap.in,Daksh Agarwal,"508 Arunachal Building, Barakhamba Road, NEW DELHI, NATIONAL CAPITAL TERRITORY OF DELHI, 110001","508 Arunachal Building, Barakhamba Road, NEW DELHI, NATIONAL CAPITAL TERRITORY OF DELHI, 110001",,,NATIONAL CAPITAL TERRITORY OF DELHI,NEW DELHI
Divinion Alternative India Fund,IN/AIF3/21-22/0968,"Dec 29, 2021 - Perpetual",shreemoyee@divinion.in,Shreemoyee Mukhopadhyay,"1408, MAKER CHAMBER V,, NARIMAN POINT, MUMBAI, MAHARASHTRA, 400021","3rd Floor, Marshall Building, 20 Vallabhdas Marg, Ballard Estate, MUMBAI, MAHARASHTRA, 400038",,,MAHARASHTRA,MUMBAI
DIVINUS AIF TRUST,IN/AIF2/23-24/1440,"Jan 30, 2024 - Perpetual",operations@midascap.in,Daksh Agarwal,"508 Arunachal Building, Barakhamba Road, NEW DELHI, NATIONAL CAPITAL TERRITORY OF DELHI, 110001","508 Arunachal Building, Barakhamba Road, NEW DELHI, NATIONAL CAPITAL TERRITORY OF DELHI, 110001",,,NATIONAL CAPITAL TERRITORY OF DELHI,NEW DELHI
DJAX Ventures Trust,IN/AIF2/23-24/1287,"May 29, 2023 - Perpetual",djaxvc@gmail.com,Ram Rajagopal,"1402, 1403, Dalamal Tower, Free Press Journal Marg, Nariman Point, MUMBAI, MAHARASHTRA, 400021","Djax Ventures, 114 E4, 4TH Floor, S M Towers, , Race Course Road, Coimbatore, COIMBATORE, TAMIL NADU, 641018",,,MAHARASHTRA,MUMBAI
DKP INDIA LVF,IN/AIF2/22-23/1203,"Feb 06, 2023 - Perpetual",richa.mukherjee@azbpartners.com,Richa Mukherjee,"Unit No. 61, 6th Floor, North Avenue Building, Maker Max City, Bandra Kurla Complex, Bandra,, MUMBAI, MAHARASHTRA, 400051","Unit No. 61, 6th Floor, North Avenue Building, Maker Max City, Bandra Kurla Complex, Bandra, MUMBAI, MAHARASHTRA, 400051",,,MAHARASHTRA,MUMBAI
DMI Alternative Investment Fund,IN/AIF2/16-17/0306,"Mar 10, 2017 - Perpetual",dmi@dmialternatives.in,Purva Dutta,"Express Building, 3rd Floor, 9 10, Bahadur Shah Zafar Marg, New Delhi, DELHI, NATIONAL CAPITAL TERRITORY OF DELHI, 110002",,,,NATIONAL CAPITAL TERRITORY OF DELHI,NEW DELHI
Dolat Absolute Return LLP,IN/AIF3/20-21/0832,"Oct 15, 2020 - Perpetual",amit.saxena@dolatcapital.com,Amit Saxena,"Office No 1203, 12th Floor, Naman Midtown, A Wing, Senapati Bapat Marg, Elphinstone Road, Prabhadevi, MUMBAI, MAHARASHTRA, 400013","Office No 1203, 12th Floor, Naman Midtown, A Wing, Senapati Bapat Marg, Elphinstone Road, Prabhadevi, MUMBAI, MAHARASHTRA, 400013",,,MAHARASHTRA,MUMBAI
Dolat Multi Strategy Long Short LLP,IN/AIF3/23-24/1346,"Sep 11, 2023 - Perpetual",amit.saxena@dolatcapital.com,Amit Saxena,"Office no 1203, 12th Floor, Naman Midtown, A Wing, Senapati Bapat Marg, Elphinstone Road, Prabhadevi, Delisle Road, MUMBAI, MAHARASHTRA, 400013","Office no 1203, 12th Floor, Naman Midtown, A Wing, Senapati Bapat Marg, Elphinstone Road, Prabhadevi, Delisle Road, MUMBAI, MAHARASHTRA, 400013",,,MAHARASHTRA,MUMBAI
DOMUS CAPITAL LLP,IN/AIF2/14-15/0128,"Dec 05, 2014 - Perpetual",,,,,,,,
DSG Consumer Partners Trust,IN/AIF2/25-26/2058,"Feb 20, 2026 - Perpetual",vaidehi.balvally@bombaylawchambers.com,Vaidehi Balvally,"C 5, Block C, Defence Colony, New Delhi, Delhi 110024, DELHI, NATIONAL CAPITAL TERRITORY OF DELHI, 110024","One World Center, 16th Floor, Tower 2A, Senapati Bapat Marg, Mumbai 400013, MUMBAI, MAHARASHTRA, 400013",,,NATIONAL CAPITAL TERRITORY OF DELHI,NEW DELHI
DSIF II Trust,IN/AIF2/22-23/1082,"Jun 09, 2022 - Perpetual",mansi.patel@sianacapital.com,Mansi Patel,"12A, Jeevan Dhara, Dr. Ambedkar Road, Bandra, MUMBAI, MAHARASHTRA, 400050","10 South End Street, Kumara Park East, BANGALORE, KARNATAKA, 560001",,,MAHARASHTRA,MUMBAI
DSP Alternative Investment Fund - Category II,IN/AIF2/25-26/2063,"Feb 24, 2026 - Perpetual",pritesh.majmudar@dspim.com,Pritesh Majmudar,"The Ruby, 25th Floor, 29, Senapati Bapat Marg, Dadar West, Mumbai 400028, MUMBAI, MAHARASHTRA, 400028",,,,MAHARASHTRA,MUMBAI
DSP BLACKROCK ALTERNATIVE INVESTMENT FUND CATEGORY III,IN/AIF3/13-14/0059,"Jun 13, 2013 - Perpetual",,,"Mafatlal Centre, 10th Floor, , Nariman Point,, MUMBAI, MAHARASHTRA, 400021",,,,MAHARASHTRA,MUMBAI
DURO OPPORTUNITIES FUND,IN/AIF3/24-25/1765,"Mar 21, 2025 - Perpetual",COMPLIANCE_DCM@DUROCAPITAL.COM,NISHCHAY GOEL,"01B109, Wework, Enam Sambhav, C 20 Gblock,, Bandra East, BKC, Mumbai, MUMBAI, MAHARASHTRA, 400051","01B109, Wework, Enam Sambhav, C 20 Gblock, Bandra East, BKC, Mumbai, MUMBAI, MAHARASHTRA, 400051",,,MAHARASHTRA,MUMBAI
Dynamis Ventures Fund,IN/AIF2/24-25/1613,"Oct 16, 2024 - Perpetual",pankaj@strideventures.in,Pankaj Kwatra,"5th Floor Two Horizon Center, DLF Phase 5 Golf Course Road Sector 43, GURGAON, HARYANA, 122002","5th Floor Two Horizon Center, DLF Phase 5 Golf Course Road Sector 43, GURGAON, HARYANA, 122002",,,HARYANA,
EagleGenus Trust,IN/AIF2/25-26/2003,"Dec 30, 2025 - Perpetual",sreedhar@eaglegenus.com,Sreedhar Prasad,"08 201, Shriram Chirpingwoods Villaments, 12th Main, Shubh Enclave, Haralur Road, HSR Layout, BANGALORE, KARNATAKA, 560102","08 201, Shriram Chirpingwoods Villaments, 12th Main, Shubh Enclave, Haralur Road, HSR Layout, BANGALORE, KARNATAKA, 560102",,,KARNATAKA,BANGALORE
Eaglewings Rise Fund,IN/AIF1/23-24/1310,"Jul 18, 2023 - Perpetual",aif@eaglewingsventures.com,Atul Javeri,"B 4604 Alpine Tower 2 Samta Nagar, NR Thakur College Kandivali East Mumbai, MUMBAI, MAHARASHTRA, 400101","B 4604 Alpine Tower 2 Samta Nagar, NR Thakur College Kandivali East Mumbai, MUMBAI, MAHARASHTRA, 400101",,,MAHARASHTRA,MUMBAI
Early Spring Fund,IN/AIF2/22-23/1132,"Sep 09, 2022 - Perpetual",vineet@springmarketingcapital.com,Vineet Gupta,"Cowrks, 3rd Floor, Birla Centurion, Pandurang Budhkar Marg, Century Mills, Worli, MUMBAI, MAHARASHTRA, 400030","Cowrks, 3rd Floor, Birla Centurion, Pandurang Budhkar Marg, Century Mills, Worli, MUMBAI, MAHARASHTRA, 400030",,,MAHARASHTRA,MUMBAI
Earth Fund,IN/AIF2/23-24/1322,"Aug 08, 2023 - Perpetual",mohan.parvatikar7@gmail.com,Mohan Parvatikar,"29th and 30th Floor, World Trade Center, 26 1, Brigade Gateway Dr. Rajkumar Road, Malleswaram Rajajinagar, BANGALORE, KARNATAKA, 560055","29th and 30th Floor, World Trade Center, 26 1, Brigade Gateway Dr. Rajkumar Road, Malleswaram Rajajinagar, BANGALORE, KARNATAKA, 560055",,,KARNATAKA,BANGALORE
EAST72 CAPITAL TRUST,IN/AIF3/24-25/1695,"Jan 09, 2025 - Perpetual",nandan@east72capital.com,NANDAN MADHIWALLA,"D1005 The First BS Keshavbaug Party Plot BH ITC Hotel, Vastrapur Azad Society Ahmedabad Gujarat India, AHMEDABAD, GUJARAT, 380015","D1005 The First BS Keshavbaug Party Plot BH ITC Hotel, Vastrapur Azad Society Ahmedabad Gujarat India, AHMEDABAD, GUJARAT, 380015",,,GUJARAT,
EASTGATE SECONDARIES FUND,IN/AIF2/25-26/1928,"Oct 17, 2025 - Perpetual",ABHINAV.JAIN@GAJACAPITAL.COM,ABHINAV JAIN,"302, 3rd Floor, Kanchenjunga Building, , 18, Barakhamba Road, New Delhi -110001, NEW DELHI, NATIONAL CAPITAL TERRITORY OF DELHI, 110001","1402 Tower 2B, One World Centre, SB Marg, , Lower Parel (W), Mumbai, MUMBAI, MAHARASHTRA, 400013",,,NATIONAL CAPITAL TERRITORY OF DELHI,NEW DELHI
EC Special Situations Fund,IN/AIF2/17-18/0509,"Jan 02, 2018 - Perpetual",niranjan.risbood@edelweissfin.com,Niranjan Risbood,"Edelweiss House, Off CST Road, Kalina, MUMBAI, MAHARASHTRA, 400098","Edelweiss House, Off CST Road, Kalina, MUMBAI, MAHARASHTRA, 400098",,,MAHARASHTRA,MUMBAI
Edelweiss Alpha Fund,IN/AIF3/13-14/0047,"Apr 17, 2013 - Perpetual",,,"Edelweiss House, Off C.S.T. Road, Kalina,, MUMBAI, MAHARASHTRA, 400098",,,,MAHARASHTRA,MUMBAI
Edelweiss Alternative Equity Trust,IN/AIF2/21-22/1021,"Mar 24, 2022 - Perpetual",msf.compliance@edelweissfin.com,Prannav Shah,"Edelweiss House Off CST Road Kalina Mumbai 400098 India, MUMBAI, MAHARASHTRA, 400098","Edelweiss House Off CST Road Kalina Mumbai 400098 India, MUMBAI, MAHARASHTRA, 400098",,,MAHARASHTRA,MUMBAI
Edelweiss Alternative Investment Opportunities Trust,IN/AIF2/17-18/0502,"Nov 15, 2017 - Perpetual",msf.compliance@edelweissfin.com,Dishita Visaria,"Edelweiss House, 3rd Floor, Off C.S.T. Road, Kalina, MUMBAI, MAHARASHTRA, 400098","Edelweiss House, 3rd Floor, Off C.S.T. Road, Kalina, MUMBAI, MAHARASHTRA, 400098",9100000000000.0,9100000000000.0,MAHARASHTRA,MUMBAI
EDELWEISS ALTERNATIVE SOLUTIONS TRUST,IN/AIF2/16-17/0281,"Nov 28, 2016 - Perpetual",niranjan.risbood@edelweissfin.com,Niranjan Risbood,,,,,,
Edelweiss Commercial Advantage Fund,IN/AIF2/16-17/0266,"Sep 30, 2016 - Perpetual",,,"Edelweiss House, Off CST Road, Kalina, Mumbai, MUMBAI, MAHARASHTRA, 400098",,,,MAHARASHTRA,MUMBAI
Edelweiss Credit Opportunities Trust,IN/AIF2/21-22/0873,"Apr 08, 2021 - Perpetual",pdcompliance@edelweissfin.com,Deepak Mukhija,"Edelweiss House, Off CST Road, Kalina, MUMBAI, MAHARASHTRA, 400098","Edelweiss House, Off CST Road, Kalina, MUMBAI, MAHARASHTRA, 400098",,,MAHARASHTRA,MUMBAI
Edelweiss India Real Estate Fund,IN/AIF2/16-17/0300,"Feb 09, 2017 - Perpetual",,,,,,,,
Edelweiss India Special Situations Fund,IN/AIF2/17-18/0330,"May 18, 2017 - Perpetual",,,,,,,,
Edelweiss Infrastructure Yield Plus,IN/AIF1/17-18/0511,"Jan 09, 2018 - Perpetual",niranjan.risbood@edelweissfin.com,Niranjan Risbood,"Edelweiss House, Off CST Road, Kalina, MUMBAI, MAHARASHTRA, 400098","Edelweiss House, Off CST Road, Kalina, MUMBAI, MAHARASHTRA, 400098",,,MAHARASHTRA,MUMBAI
Edelweiss Multi Strategy Investment Trust,IN/AIF3/12-13/0004,"Aug 14, 2012 - Perpetual",Prannav.Shah@edelweissfin.com,Prannav Shah,,,,,,
EDELWEISS PRIVATE ALTERNATIVE INVESTMENT TRUST,IN/AIF2/20-21/0782,"Apr 22, 2020 - Perpetual",deepak.mukhija@edelweissfin.com,Deepak Mukhija,"Edelweiss House, Off CST Road, Kalina, MUMBAI, MAHARASHTRA, 400098","Edelweiss House, Off CST Road, Kalina, MUMBAI, MAHARASHTRA, 400098",,,MAHARASHTRA,MUMBAI
Edelweiss Real Estate Opportunities Fund,IN/AIF2/16-17/0229,"Jun 01, 2016 - Perpetual",,,,,,,,
Edelweiss Special Opportunities Fund,IN/AIF2/16-17/0288,"Dec 26, 2016 - Perpetual",,,"Edelweiss House, Off CST Road,, Kalina, MUMBAI, MAHARASHTRA, 400098",,,,MAHARASHTRA,MUMBAI
Edelweiss Value & Growth Fund Trust,IN/AIF2/16-17/0226,"May 20, 2016 - Perpetual",,,"Edelweiss House, Off CST Road, Kalina, MUMBAI, MAHARASHTRA, 400098",,,,MAHARASHTRA,MUMBAI
Edge Investments Trust,IN/AIF2/18-19/0592,"Oct 03, 2018 - Perpetual",compliance@capeview.co.in,Samir Sheikh,"603, 6TH FLOOR, WINDSOR,, OFF CST ROAD, KALINA, SANTACRUZ EAST, MUMBAI, MAHARASHTRA, 400098","603, 6th Floor, Windsor, Off CST Road, , Kalina, Santacruz (East), MUMBAI, MAHARASHTRA, 400098",,,MAHARASHTRA,MUMBAI
Edgewater Capital Trust,IN/AIF2/25-26/1902,"Sep 15, 2025 - Perpetual",bharat@edgewater.in,Bharat Bakhshi,"D907 Rustomjee Seasons Nanasaheb Dharmadhikari Marg, Kalanagar Bandra East, MUMBAI, MAHARASHTRA, 400051","73 Sahil KC Marg , Reclamation Bandra W, MUMBAI, MAHARASHTRA, 400050",,,MAHARASHTRA,MUMBAI
EDUCATION CATALYST TRUST,IN/AIF2/17-18/0322,"Apr 25, 2017 - Perpetual",,,"4C & D Siddhivinayak Chambers, Gandhi Nagar, Opp MIG Cricket Club, Bandra East , Bandra East, MUMBAI, MAHARASHTRA, 4000511",,,,MAHARASHTRA,MUMBAI
EE-Fi AIF,IN/AIF2/21-22/0927,"Sep 02, 2021 - Perpetual",shobha@elevarequity.com,Shobha Venkataraman,"10th Floor, Prestige Summit, No 6 St. Johns Road, Sivanchetti Gardens, Ulsoor, BANGALORE, KARNATAKA, 560042","10th Floor, Prestige Summit, No 6 St. Johns Road, Sivanchetti Gardens, Ulsoor, BANGALORE, KARNATAKA, 560042",,,KARNATAKA,BANGALORE
EIF,IN/AIF1/17-18/0326,"May 04, 2017 - Perpetual",,,,,,,,
Eight Distressed Investment Trust I,IN/AIF2/18-19/0607,"Oct 19, 2018 - Perpetual",indranil@eightcapital.com,Indranil Das,"702, Lodha Supremus, Senapati Bapat Marg, Opp. Kamala Mills Compound, , Lower Parel, MUMBAI, MAHARASHTRA, 400013","702, Lodha Supremus, Senapati Bapat Marg, Opp. Kamala Mills Compound, , Lower Parel, MUMBAI, MAHARASHTRA, 400013",,,MAHARASHTRA,MUMBAI
Eight Innovate Investment Trust I,IN/AIF2/18-19/0584,"Sep 06, 2018 - Perpetual",vikram@8i.vc,Vikram Chachra,"1108, 11th Floor, One Lodha Place, Senapati Bapat Marg, Lower Parel, MUMBAI, MAHARASHTRA, 400013","1108, 11th Floor, One Lodha Place, Senapati Bapat Marg, Lower Parel, MUMBAI, MAHARASHTRA, 400013",,,MAHARASHTRA,MUMBAI
Ekamya Pragati Fund,IN/AIF1/24-25/1768,"Mar 26, 2025 - Perpetual",aif@ekamya.com,Gaurav Kapoor,"Unit No. 1604 and 1605, Magnum Global Park, Sector 58, GURGAON, HARYANA, 122011","Unit No. 1604 and 1605, Magnum Global Park, Sector 58, GURGAON, HARYANA, 122011",,,HARYANA,
EKKUM TIH EMERGING OPPORTUNITIES FUND,IN/AIF2/20-21/0866,"Mar 05, 2021 - Perpetual",kavita@ingaventures.com,KAVITA SHAH,"1228, Hubtown Solaris, N.S. Phadke Marg, Opposite Telli Galli, Andheri East, MUMBAI, MAHARASHTRA, 400069","1228, Hubtown Solaris, N.S. Phadke Marg, Opposite Telli Galli, Andheri East, MUMBAI, MAHARASHTRA, 400069",,,MAHARASHTRA,MUMBAI
Electrum Portfolio Trust,IN/AIF3/24-25/1753,"Mar 06, 2025 - Perpetual",aif@electrumcapital.in,RAKESH GARG,"1301, Morya Grand, Opp Infinity Mall,, Off New Link Road, Andheri West,, MUMBAI, MAHARASHTRA, 400053","1301, Morya Grand, Opp Infinity Mall, Off New Link Road, Andheri West, MUMBAI, MAHARASHTRA, 400053",,,MAHARASHTRA,MUMBAI
ELEMENTONE GROWTH ALTERNATIVES TRUST,IN/AIF2/25-26/1859,"Jul 25, 2025 - Perpetual",roopal@singhania.com,Puneet Aggarwal,"601 6th Floor Suncity Business Tower, Golf Course Road Sector 54, GURUGRAM, HARYANA, 122011","601 6th Floor Suncity Business Tower, Golf Course Road Sector 54, GURUGRAM, HARYANA, 122011",,,HARYANA,
Elements AIF Trust I,IN/AIF2/24-25/1547,"Jun 24, 2024 - Perpetual",vishal.goyal@elementsamc.com,Vishal Goyal,"M 3,2, Heeramani Ratan CHS Link Road, Bangur Nagar,, Goregaon West, Mumbai, MUMBAI, MAHARASHTRA, 400104","M 3,2, Heeramani Ratan CHS Link Road, Bangur Nagar, Goregaon West, Mumbai, MUMBAI, MAHARASHTRA, 400104",,,MAHARASHTRA,MUMBAI
ELEV8 -CAPITAL AIF,IN/AIF2/22-23/1123,"Sep 01, 2022 - Perpetual",mohit.rakhecha@venturecatalysts.in,NAVIN HONAGUDI,"9th Floor, B Wing, Unit No. 1, Times Square , Marol, Mumbai, MUMBAI, MAHARASHTRA, 400059","9th Floor, B Wing, Unit No. 1, Times Square , Marol, Mumbai, MUMBAI, MAHARASHTRA, 400059",,,MAHARASHTRA,MUMBAI
Elevar I-IV AIF,IN/AIF2/18-19/0545,"May 21, 2018 - Perpetual",dir@elevarequity.com,Yamini Dwarakanath,"10th Floor, Prestige Summit, No 6 St. Johns Road, Sivanchetti Gardens, Ulsoor, BANGALORE, KARNATAKA, 560042","21/8, Craig Park Layout, Off MG Road, BANGALORE, KARNATAKA, 560001",,,KARNATAKA,BANGALORE
Ellora Capital Trust,IN/AIF2/22-23/1196,"Jan 23, 2023 - Perpetual",am@elloracap.com,Avnish Misra,"M 575 Guru Harkishan Nagar, Paschim Vihar, DELHI, NATIONAL CAPITAL TERRITORY OF DELHI, 110087","M 575 Guru Harkishan Nagar, Paschim Vihar, DELHI, NATIONAL CAPITAL TERRITORY OF DELHI, 110087",,,NATIONAL CAPITAL TERRITORY OF DELHI,
Embassy Office Opportunities Fund,IN/AIF2/21-22/0894,"Jun 22, 2021 - Perpetual",cs.aif@embassyindia.com,Aditya Virwani,"1st Floor, 150 Infantry Road, Embassy Point, BANGALORE, KARNATAKA, 560001","1st Floor, 150 Infantry Road, Embassy Point, BANGALORE, KARNATAKA, 560001",8033222222.0,8033222222.0,KARNATAKA,BANGALORE
Emerald Altus Capital Trust,IN/AIF2/25-26/1990,"Dec 17, 2025 - Perpetual",swati.jain0307@gmail.com,Swati Jain,"5W, 5th Floor, The Metropolitan, Bandra Kurla Complex, Bandra East, MUMBAI, MAHARASHTRA, 400051","5W, 5th Floor, The Metropolitan, Bandra Kurla Complex, Bandra East, MUMBAI, MAHARASHTRA, 400051",,,MAHARASHTRA,MUMBAI
EMERGE CAPITAL TRUST,IN/AIF3/19-20/0696,"May 21, 2019 - Perpetual",sahil@advisorscx.in,Sahil Jain,"Naman Midtown, B802, Senapati Bapat Marg, Elphinstone, MUMBAI, MAHARASHTRA, 400013","Naman Midtown, B802, Senapati Bapat Marg, Elphinstone, MUMBAI, MAHARASHTRA, 400013",,,MAHARASHTRA,MUMBAI
Emerge Private Opportunities Trust,IN/AIF2/25-26/1968,"Dec 02, 2025 - Perpetual",Saurabhsharma@legacygrowth.com,Sudhir Jain,"301 Plot No 5 Local Shopping Centre, Derawal Nagar Gujrawala Town Phase 4, DELHI, NATIONAL CAPITAL TERRITORY OF DELHI, 110009","301 Plot No 5 Local Shopping Centre, Derawal Nagar Gujrawala Town Phase 4, DELHI, NATIONAL CAPITAL TERRITORY OF DELHI, 110009",,,NATIONAL CAPITAL TERRITORY OF DELHI,
EMERGING CREDIT ALTERNATIVE INVESTMENT TRUST,IN/AIF2/23-24/1327,"Aug 09, 2023 - Perpetual",cs.esipl@edelweissalts.com,Aishwarya Bowalekar,"Edelweiss House, Off C.S.T. Road,, Kalina, MUMBAI, MAHARASHTRA, 400098","Edelweiss House, Off C.S.T. Road, Kalina, MUMBAI, MAHARASHTRA, 400098",,,MAHARASHTRA,MUMBAI
EMERGING CREDIT INVESTMENT TRUST,IN/AIF2/23-24/1354,"Sep 21, 2023 - Perpetual",alternativescompliance@edelweissalts.com,Deepak Mukhija,"Edelweiss House, Off C.S.T. Road, Kalina,, MUMBAI, MAHARASHTRA, 400098","Edelweiss House, Off C.S.T. Road, Kalina, MUMBAI, MAHARASHTRA, 400098",,,MAHARASHTRA,MUMBAI
Emerging India Credit Opportunities Fund,IN/AIF2/20-21/0869,"Mar 25, 2021 - Perpetual",aif_eicof@investec.co.in,Kaillash Sharma,"Parinee Crescenzo, C 38 & 39, G Block, 11th floor, B Wing, Unit No 1103 &1104, , Bandra Kurla Comp, Mumbai, MUMBAI, MAHARASHTRA, 400051","Parinee Crescenzo, C 38 & 39, G Block, 11th floor, B Wing, Unit No 1103 &1104, , Bandra Kurla Comp, Mumbai, MUMBAI, MAHARASHTRA, 400051",,,MAHARASHTRA,MUMBAI
Emerging India Credit Opportunities Trust II,IN/AIF2/23-24/1366,"Oct 10, 2023 - Perpetual",Aif_eicof_II@investec.co.in,Supriya Kumar,"1103 and 1104 Parinee Cresenzo 11th Floor, B wing Bandra Kurla Complex Mumbai, MUMBAI, MAHARASHTRA, 400051","1103 and 1104 Parinee Cresenzo 11th Floor, B wing Bandra Kurla Complex Mumbai, MUMBAI, MAHARASHTRA, 400051",,,MAHARASHTRA,MUMBAI
Emerging Star Fund Trust,IN/AIF1/18-19/0600,"Oct 08, 2018 - Perpetual",deepak.sharmaa@sarthiwm.in,Deepak Sharma,"159/11, AMAR BRASS COMPOUND,, VIDYANAGARI MARG, KALINA, SANTACRUZ E, MUMBAI, MAHARASHTRA, 400098","401, 4th Floor, Manek Plaza, 167, Vidya Nagari Marg, Kalina, Santacruz East, MUMBAI, MAHARASHTRA, 400098",,,MAHARASHTRA,MUMBAI
Emkay Emerging Stars Trust,IN/AIF3/17-18/0375,"Oct 04, 2017 - Perpetual",sachin.shah@emkayim.com,Sachin Shah,"The Ruby, 7th Floor,, Senapati Bapat Marg, Dadar West,, MUMBAI, MAHARASHTRA, 400028",,,,MAHARASHTRA,MUMBAI
Emkay Investment Managers Trust,IN/AIF3/24-25/1499,"Apr 18, 2024 - Perpetual",compliance@emkayglobal.com,Dimple Kesaria,"The Ruby, 7th floor, Senapati Bapat Marg,, Dadar West, MUMBAI, MAHARASHTRA, 400028","The Ruby, 7th floor, Senapati Bapat Marg, Dadar West, MUMBAI, MAHARASHTRA, 400028",,,MAHARASHTRA,MUMBAI
Enam Asset Management Trust,IN/AIF3/22-23/1201,"Feb 01, 2023 - Perpetual",rajesh.khona@enamamc.com,Rajesh Khona,"810, Raheja Chambers,, Free Press Journal Marg, Nariman Point, MUMBAI, MAHARASHTRA, 400021","810, Raheja Chambers, Free Press Journal Marg, Nariman Point, MUMBAI, MAHARASHTRA, 400021",,,MAHARASHTRA,MUMBAI
Endiya Partners Trust,IN/AIF2/18-19/0618,"Nov 22, 2018 - Perpetual",sateesh.andra@endiya.com,Sateesh Andra,"Phoenix Primea, Tower A, 1st Floor,, Road No.2, Financial District, Nanakramguda, HYDERABAD, TELANGANA, 500034","Phoenix Primea, Tower A, 1st Floor, Road No.2, Financial District, Nanakramguda, HYDERABAD, TELANGANA, 500034",,,TELANGANA,HYDERABAD
Endiya Partners Trust III,IN/AIF2/23-24/1344,"Sep 11, 2023 - Perpetual",ramesh.byrapaneni@endiya.com,Ramesh Byrapaneni,"Phoenix Primea, Tower A, 1st Floor, Road No. 2, Financial District, Nanakramguda, HYDERABAD, TELANGANA, 500032","Phoenix Primea, Tower A, 1st Floor, Road No. 2, Financial District, Nanakramguda, HYDERABAD, TELANGANA, 500032",,,TELANGANA,HYDERABAD
Endiya Trust,IN/AIF1/13-14/0101,"Mar 20, 2014 - Perpetual",,,"Plot No 40 and 41, 1st Floor, Tower A, Phoenix Primea, Road No.2, Financial District, Nanakramguda, HYDERABAD, TELANGANA, 500032",,,,TELANGANA,HYDERABAD
Endurance Capital Trust,IN/AIF1/23-24/1373,"Nov 02, 2023 - Perpetual",endurancevc@gmail.com,Siddharth Sirigeri,"4 C & D Siddhivinayak Chambers, Gandhi Nagar,, Opp. MIG Club, Bandra East Mumbai, MUMBAI, MAHARASHTRA, 400051","4 C & D Siddhivinayak Chambers, Gandhi Nagar, Opp. MIG Club, Bandra East Mumbai, MUMBAI, MAHARASHTRA, 400051",,,MAHARASHTRA,MUMBAI
ENIGMA INVESTMENT PARTNERS,IN/AIF3/24-25/1573,"Aug 07, 2024 - Perpetual",Dhaval.dama@enigmainvestments.co.in,Dhaval Dama,"Sur No 154 1 Beside Shaishya Kids Campus , Opp Aryavrat 4 Lane Opp YMCA Club, AHMEDABAD, GUJARAT, 380058","Sur No 154 1 Beside Shaishya Kids Campus , Opp Aryavrat 4 Lane Opp YMCA Club, AHMEDABAD, GUJARAT, 380058",,,GUJARAT,
Entelechy Impact Fund Trust,IN/AIF2/22-23/1232,"Mar 13, 2023 - Perpetual",megha.goel@entelechyfund.com,MEGHA GOEL,"Flat 2004 Tower T2 Crescent Bay Jerbai Wadia Road Bhoiwada Parel Mumbai Maharashtra 400012 India, MUMBAI, MAHARASHTRA, 400012","Flat 2004 Tower T2 Crescent Bay Jerbai Wadia Road Bhoiwada Parel Mumbai Maharashtra 400012 India, MUMBAI, MAHARASHTRA, 400012",,,MAHARASHTRA,MUMBAI
Enzia Investment Trust,IN/AIF1/21-22/0917,"Aug 04, 2021 - Perpetual",karuna@enzia.vc,Karuna Jain,"B/1202, Gundecha Altura, L.B.S. Marg, , Kanjurmarg West, Mumbai 400078, Maharashtra, MUMBAI, MAHARASHTRA, 400078","B/1202, Gundecha Altura, L.B.S. Marg, , Kanjurmarg West, Mumbai 400078, Maharashtra, MUMBAI, MAHARASHTRA, 400078",,,MAHARASHTRA,MUMBAI
Epiq Capital,IN/AIF2/21-22/0930,"Sep 30, 2021 - Perpetual",comp@epiqcapital.com,Kamlesh Patre,"Birla Aurora 15th floor, Dr Annie Besant Road Worli, MUMBAI, MAHARASHTRA, 400030","Birla Aurora 15th floor, Dr Annie Besant Road Worli, MUMBAI, MAHARASHTRA, 400030",,,MAHARASHTRA,MUMBAI
Equanimity Ventures Trust,IN/AIF1/17-18/0337,"Jun 05, 2017 - Perpetual",,,"408, ATL Corporate Park,, Saki Vihar Road,Powai, MUMBAI, MAHARASHTRA, 400072",,,,MAHARASHTRA,MUMBAI
Equanimity Ventures Trust II,IN/AIF2/21-22/0993,"Feb 14, 2022 - Perpetual",rajesh@equanimity.vc,Rajesh Sehgal,"408 ATL Corporate Park, Saki Vihar Road Powai, MUMBAI, MAHARASHTRA, 400072","408 ATL Corporate Park, Saki Vihar Road Powai, MUMBAI, MAHARASHTRA, 400072",,,MAHARASHTRA,MUMBAI
Equanimity Ventures Trust III,IN/AIF2/25-26/2019,"Jan 19, 2026 - Perpetual",rajesh@equanimity.vc,Rajesh Sehgal,"408, ATL Corporate Park, Saki Vihar Road, Powai, MUMBAI, MAHARASHTRA, 400072","408, ATL Corporate Park, Saki Vihar Road, Powai, MUMBAI, MAHARASHTRA, 400072",,,MAHARASHTRA,MUMBAI
Equentis Alternative Growth Fund,IN/AIF2/25-26/1838,"Jul 04, 2025 - Perpetual",aifgrowthfund@equentis.com,Hitesh Parmar,"A603, Marathon Futurex, Mafatlal Mills Compound, N.M. Joshi Marg, Lower Parel, Mumbai 400013., MUMBAI, MAHARASHTRA, 400013","B602, Marathon Futurex, Mafatlal Mills Compound, N M Joshi Marg, Lower Parel, MUMBAI, MAHARASHTRA, 400013",9100000000000.0,9100000000000.0,MAHARASHTRA,MUMBAI
Equentis Angel Fund,IN/AIF1/23-24/1419,"Dec 29, 2023 - Perpetual",aifcompliance@equentis.com,Rakesh Gupta,"A 603, Marathon Futurex, Mafatlal Mills Compound,, N. M. Joshi Marg, Lower Parel,, MUMBAI, MAHARASHTRA, 400013","A 603, Marathon Futurex, Mafatlal Mills Compound, N. M. Joshi Marg, Lower Parel, MUMBAI, MAHARASHTRA, 400013",,,MAHARASHTRA,MUMBAI
Eques Capital Trust,IN/AIF2/22-23/1084,"Jun 13, 2022 - Perpetual",darshan.p@equescapital.in,Darshan Patel,"Parinee Crescenzo, 10th Floor, G Block, Bandra Kurla Complex, Bandra East, MUMBAI, MAHARASHTRA, 400051","12, Abhishree Corporate Park, Ambli Road, Ambli, AHMEDABAD, GUJARAT, 380058",,,MAHARASHTRA,MUMBAI
Equinova Growth Investment Trust,IN/AIF2/25-26/1969,"Dec 04, 2025 - Perpetual",rahul@equinova.co.in,Rahul Agarwal,"603, A Wing, Samrudhi Premises Co op. Society Ltd. Formerly known as INS Tower,, CTS. No. 4207, Bandra Kurla Complex,, MUMBAI, MAHARASHTRA, 400051","603, A Wing, Samrudhi Premises Co op. Society Ltd. Formerly known as INS Tower, CTS. No. 4207, Bandra Kurla Complex, MUMBAI, MAHARASHTRA, 400051",,,MAHARASHTRA,MUMBAI
Equinova Investment Trust,IN/AIF3/25-26/1930,"Oct 17, 2025 - Perpetual",rahul@equinova.co.in,Rahul Agarwal,"603, A Wing, Samrudhi Premises Co op. Society Ltd. Formerly known as INS Tower, CTS. No. 4207, Bandra Kurla Complex, G Block, Bandra East, MUMBAI, MAHARASHTRA, 400051","603, A Wing, Samrudhi Premises Co op. Society Ltd. Formerly known as INS Tower, CTS. No. 4207, Bandra Kurla Complex, G Block, Bandra East, MUMBAI, MAHARASHTRA, 400051",,,MAHARASHTRA,MUMBAI
Equirus Alternative Fund Trust,IN/AIF1/23-24/1398,"Dec 05, 2023 - Perpetual",contact@equirus.vc,SUNDER NOOKALA,"A 2102 B A wing 21st floor Marathon Futurex, N M Joshi Marg Lower Parel, MUMBAI, MAHARASHTRA, 400013","529 5th Floor G Wing, Kanakia Zillion BKC Annexe Kurla West, MUMBAI, MAHARASHTRA, 400070",,,MAHARASHTRA,MUMBAI
Equity Intelligence AIF Trust,IN/AIF3/17-18/0334,"May 24, 2017 - Perpetual",,,"5th Floor, Areekal Mansion, , Manorama Junction, Panampilly Nagar, KOCHI, KERALA, 682036",,,,KERALA,
EQUIWIS ALTERNATIVE INVESTMENT TRUST,IN/AIF3/24-25/1760,"Mar 13, 2025 - Perpetual",aif@equiwis.com,NIKUNJ KANODIA,"G 007, Ground Floor, The Summit Business Park Omkar, Andheri Kurla Road, Andheri East, MUMBAI, MAHARASHTRA, 400093","G 007, Ground Floor, The Summit Business Park Omkar, Andheri Kurla Road, Andheri East, MUMBAI, MAHARASHTRA, 400093",,,MAHARASHTRA,MUMBAI
ERAYA CAPITAL TRUST,IN/AIF2/25-26/1955,"Nov 10, 2025 - Perpetual",info@erayacapital.com,Ankit Mahnot,"Thapar House 124, Janpath, Central Delhi, New Delhi, NEW DELHI, NATIONAL CAPITAL TERRITORY OF DELHI, 110001","Thapar House 124, Janpath, Central Delhi, New Delhi, NEW DELHI, NATIONAL CAPITAL TERRITORY OF DELHI, 110001",,,NATIONAL CAPITAL TERRITORY OF DELHI,NEW DELHI
EscapeVelocity Trust,IN/AIF2/22-23/1231,"Mar 13, 2023 - Perpetual",madhav@escp.vc,Madhav Tandan,"401, Krystal Building, Waterfield Road, Bandra West, MUMBAI, MAHARASHTRA, 400050","401, Krystal Building, Waterfield Road, Bandra West, MUMBAI, MAHARASHTRA, 400050",,,MAHARASHTRA,MUMBAI
Estee Alternatives Investment Trust,IN/AIF3/21-22/0973,"Jan 20, 2022 - Perpetual",Investor.Relations@esteeadvisors.com,Kartik Sehrawat,"5th Floor Unit no. PO5 01A PO5 01B PO5 01C Building No 51 Tower A WTC Gift City Village Ratanpur Gan, GANDHINAGAR, GUJARAT, 382355","8th Floor Block 1 Vatika Business Park Sohna Road Sector 49 Gurgaon, GURGAON, HARYANA, 122001",9100000000000.0,9100000000000.0,GUJARAT,GANDHINAGAR
ESV - ARTHYA ANGEL FUND,IN/AIF1/25-26/1906,"Sep 19, 2025 - Perpetual",FINANCE@ECOSYSTEMVENTURES.IN,ROHAN SWAMY,"712, The Summit Business Bay, Off Andheri Kurla Road, Andheri East,, MUMBAI, MAHARASHTRA, 400069","712, The Summit Business Bay, Off Andheri Kurla Road, Andheri East, MUMBAI, MAHARASHTRA, 400069",,,MAHARASHTRA,MUMBAI
Eterna Investments I,IN/AIF3/25-26/2107,"Mar 24, 2026 - Perpetual",harshita@eternainvestments.com,Harshita Jain,"Sunder Bhanwar, 70 Hatkesh Society, North South Road no 8, JVPD Scheme, Juhu, Vile Parle West, MUMBAI, MAHARASHTRA, 400049",,,,MAHARASHTRA,MUMBAI
Eterna Investments II,IN/AIF2/25-26/2052,"Feb 17, 2026 - Perpetual",harshita@eternainvestments.com,Harshita Jain,"Sunder Bhanwar, 70 Hatkesh Society, North South Road no 8, JVPD Scheme, Juhu, Vile Parle West, MUMBAI, MAHARASHTRA, 400049","Sunder Bhanwar, 70 Hatkesh Society, North South Road no 8, JVPD Scheme, Juhu, Vile Parle West, MUMBAI, MAHARASHTRA, 400049",,,MAHARASHTRA,MUMBAI
Eternal Emerging Enterprises Trust,IN/AIF2/22-23/1164,"Nov 02, 2022 - Perpetual",piyush@prathventures.com,Piyush Goenka,"2803, 28th Floor, Tower No 5 Crescent Bay,, Jerbai Wadia Road, Nr Mahatma Phule, Educational Society, Parel, MUMBAI, MAHARASHTRA, 400012","2803, 28th Floor, Tower No 5 Crescent Bay, Jerbai Wadia Road, Nr Mahatma Phule, Educational Society, Parel, MUMBAI, MAHARASHTRA, 400012",,,MAHARASHTRA,MUMBAI
Eternalis Capital Trust,IN/AIF3/25-26/2041,"Feb 13, 2026 - Perpetual",eternalis.aif@gmail.com,Suchita Goenka,"A 604 Krishna Regency Sunder Nagar Malad West, MUMBAI, MAHARASHTRA, 400064","A 604 Krishna Regency Sunder Nagar Malad West, MUMBAI, MAHARASHTRA, 400064",,,MAHARASHTRA,MUMBAI
Eternity Capital Fund,IN/AIF3/19-20/0703,"Jun 07, 2019 - Perpetual",sreelekshmi.pillai@pwc.com,Sanjeev Vaidyanathan,"Tower B, Floor 10, Prestige Shantiniketan, Whitefield Main Rd, BANGALORE, KARNATAKA, 560048","Tower B, Floor 10, Prestige Shantiniketan, Whitefield Main Rd, BANGALORE, KARNATAKA, 560048",,,KARNATAKA,BANGALORE
Etonhurst Real Estate Opportunities Fund,IN/AIF2/23-24/1478,"Mar 27, 2024 - Perpetual",tushar@etonhurst.com,Tushar Bose,"6th Floor 602 C66 G Block B C Wing One BKC Opp Bank of Baroda Bandra E Mumbai 400051, MUMBAI, MAHARASHTRA, 400051","311 A Wing INS Towers G Block Bandra Kurla Complex , Bandra East Mumbai, MUMBAI, MAHARASHTRA, 400051",,,MAHARASHTRA,MUMBAI
EverCred Real Estate Credit Plus,IN/AIF2/20-21/0825,"Sep 04, 2020 - Perpetual",evercred.compliance@everstonecapital.com,VIMAL SOTA,"C-5, Block C, Defence Colony, NEW DELHI, NATIONAL CAPITAL TERRITORY OF DELHI, 110024","One Indiabulls Centre,16th floor, Tower 2A, Senapati Bapat Marg, MUMBAI, MAHARASHTRA, 400013",9100000000000.0,9100000000000.0,NATIONAL CAPITAL TERRITORY OF DELHI,NEW DELHI
Evergreen Investment Trust,IN/AIF2/25-26/1847,"Jul 15, 2025 - Perpetual",ashish@evergreenfinvest.com,Ashish Shah,"6th Floor, Sterling Apts, Near Jubilee Baug Chowk, Jawahar Road, RAJKOT, GUJARAT, 360001","A 604, Imperial Heights, 150 Feet Ring Road, Opposite Big Bazar, RAJKOT, GUJARAT, 360005",,,GUJARAT,
Evergrow Alternatives Investment Fund,IN/AIF2/24-25/1580,"Aug 19, 2024 - Perpetual",sunil@southhandlooms.com,Sunil Kumar Dharmichand,"56 G N Chetty Road T Nagar Thygarayanagar, CHENNAI, TAMIL NADU, 600017","56 G N Chetty Road T Nagar Thygarayanagar, CHENNAI, TAMIL NADU, 600017",,,TAMIL NADU,CHENNAI
EVERMOUNT CAPITAL FUND,IN/AIF2/25-26/2099,"Mar 23, 2026 - Perpetual",jatin@superlatives.in,Jatin Dewan,"4E IV Floor Kautilya Amrutha Estates , Somajiguda Hyderabad 500 082, HYDERABAD, TELANGANA, 500082",,,,TELANGANA,HYDERABAD
EverSource Climate Investment Partners,IN/AIF2/24-25/1553,"Jul 02, 2024 - Perpetual",ecipII.nda@nishithdesai.com,Anooshree Sinha,"1 Floor, C 5 Defence Colony, New Delhi 110024, NEW DELHI, NATIONAL CAPITAL TERRITORY OF DELHI, 110024","1 Floor, C 5 Defence Colony, New Delhi 110024, NEW DELHI, NATIONAL CAPITAL TERRITORY OF DELHI, 110024",,,NATIONAL CAPITAL TERRITORY OF DELHI,NEW DELHI
Everstone Capital Partners Trust,IN/AIF2/25-26/2051,"Feb 16, 2026 - Perpetual",sanyukta.srivastav@bombaylawchambers.com,Sanyukta Srivastav,"C5, Block C,, Defence Colony, DELHI, NATIONAL CAPITAL TERRITORY OF DELHI, 110024","One World Center, 16th Floor, Tower 2A, Senapati Bapat Marg, MUMBAI, MAHARASHTRA, 400013",,,NATIONAL CAPITAL TERRITORY OF DELHI,MUMBAI
Everstone Private Equity,IN/AIF2/24-25/1545,"Jun 24, 2024 - Perpetual",eipe.compliance@everstonecapital.com,Vimal Sota,"C5 Block C Defence Colony, NEW DELHI, NATIONAL CAPITAL TERRITORY OF DELHI, 110024","C5 Block C Defence Colony, NEW DELHI, NATIONAL CAPITAL TERRITORY OF DELHI, 110024",,,NATIONAL CAPITAL TERRITORY OF DELHI,NEW DELHI
Everstone Special Situations Trust,IN/AIF2/25-26/2073,"Mar 04, 2026 - Perpetual",vaidehi.balvally@bombaylawchambers.com,Vaidehi Balvally,"C5, Block C,, Defence Colony, NEW DELHI, NATIONAL CAPITAL TERRITORY OF DELHI, 110024",,,,NATIONAL CAPITAL TERRITORY OF DELHI,NEW DELHI
EvolutionX Debt Capital India AIF Trust,IN/AIF2/23-24/1389,"Nov 22, 2023 - Perpetual",rahul@evolutionx.com.sg,Rahul Shah,"1712, One BKC, Wing B and C, Lane 3, Plot No. C 66, G Block, Bandra Kurla Complex, Bandra East, MUMBAI, MAHARASHTRA, 400051","1712, One BKC, Wing B and C, Lane 3, Plot No. C 66, G Block, Bandra Kurla Complex, Bandra East, MUMBAI, MAHARASHTRA, 400051",,,MAHARASHTRA,MUMBAI
Evolvence India Trust I,IN/AIF2/25-26/1953,"Nov 10, 2025 - Perpetual",anil@evolvenceindia.com,Anil Talreja,"Suite F9/I, Grand Hyatt Plaza , Santacruz - E, Mumbai, Maharashtra 400055, MUMBAI, MAHARASHTRA, 400055","Suite F9/I, Grand Hyatt Plaza , Santacruz - E, Mumbai, Maharashtra 400055, MUMBAI, MAHARASHTRA, 400055",,,MAHARASHTRA,MUMBAI
Evyavan Investment Trust,IN/AIF2/20-21/0816,"Jul 17, 2020 - Perpetual",priyank.govila@evyavancapital.com,Priyank Govila,"414, Manish Chamber, CTC 87 A, Sonawala Road, Goregaon (east), MUMBAI, MAHARASHTRA, 400063","414, Manish Chamber, CTC 87 A, Sonawala Road, Goregaon (east), MUMBAI, MAHARASHTRA, 400063",,,MAHARASHTRA,MUMBAI
EXCEDO REALTY FUND I,IN/AIF2/12-13/0005,"Aug 14, 2012 - Perpetual",,,,,,,,
EXFINITY INDIA FUND,IN/AIF2/25-26/2093,"Mar 12, 2026 - Perpetual",COMPLIANCE@EXFINITYVENTURES.COM,JESPER LUDOLPH,"GROUND FLOOR, PRIDE ELITE, , 10, MUSEUM ROAD, BANGALORE, KARNATAKA, 560001",,,,KARNATAKA,BANGALORE
EXFINITY TECHNOLOGY FUND,IN/AIF1/13-14/0094,"Feb 07, 2014 - Perpetual",,,"Ground Floor, Pride Elite, 10, Museum Road, BANGALORE, KARNATAKA, 560001",,,,KARNATAKA,BANGALORE
Eximius Fund,IN/AIF2/24-25/1566,"Jul 24, 2024 - Perpetual",pearl@eximiusvc.com,Pearl Agarwal,"F 101, First Floor, The Solitaire Plaza, Sector 26, Sikandarpur, GURGAON, HARYANA, 122002","F 101, First Floor, The Solitaire Plaza, Sector 26, Sikandarpur, GURGAON, HARYANA, 122002",,,HARYANA,
Eximius Trust I,IN/AIF1/20-21/0855,"Jan 14, 2021 - Perpetual",pearl@eximiusvc.com,Pearl Agarwal,"Unit No. 1081, 10th Floor, Aggarwal Millenium Tower II, NSP, Pitampura, NEW DELHI, NATIONAL CAPITAL TERRITORY OF DELHI, 110034","1st Floor, F 101, The Solitaire Plaza, Sector 26, Sikandarpur, GURGAON, HARYANA, 122002",,,NATIONAL CAPITAL TERRITORY OF DELHI,NEW DELHI
Exponential Innovation Fund,IN/AIF1/17-18/0350,"Jul 14, 2017 - Perpetual",,,,,,,,
F9 Capital,IN/AIF2/25-26/2067,"Feb 25, 2026 - Perpetual",vineet.gupta@avapaisa.com,Vineet Gupta,"B 904, 9th Floor, Kanakia Wall Street, Andheri Kurla Road, Chakala, MUMBAI, MAHARASHTRA, 400093",,,,MAHARASHTRA,MUMBAI
FAAD CAPITAL TRUST,IN/AIF1/22-23/1175,"Nov 28, 2022 - Perpetual",Capital@faad.in,KARAN VERMA,"115 F, Pocket 1, Mayur Vihar Phase I, New Delhi, East Delhi, DELHI, NATIONAL CAPITAL TERRITORY OF DELHI, 110091","115 F, Pocket 1, Mayur Vihar Phase I, New Delhi, East Delhi, DELHI, NATIONAL CAPITAL TERRITORY OF DELHI, 110091",,,NATIONAL CAPITAL TERRITORY OF DELHI,NEW DELHI
Faering Capital Growth Fund III,IN/AIF2/21-22/0906,"Jul 12, 2021 - Perpetual",tarak@faeringcapital.com,Tarak Shah,"OFFICE NO.01A125, WEWORK PRESTIGE CUBE, SITE NO.26,, LASKAR HOSUR ROAD, ADUGODI, KORAMANGALA, BENGALURU, BANGALORE, KARNATAKA, 560029","1004, Ceejay House, Dr. Annie Besant Road, Worli, MUMBAI, MAHARASHTRA, 400018",,,KARNATAKA,BANGALORE
FAERING CAPITAL INDIA EVOLVING FUND,IN/AIF1/25-26/1886,"Aug 28, 2025 - Perpetual",tarak@faeringcapital.com,TARAK SHAH,"9TH FLOOR, VAYUDOOTH CHAMBERS,, 15-16 M.G. ROAD, BANGALORE, KARNATAKA, 560001","1004, CEEJAY HOUSE, DR. ANNIE BESANT ROAD, WORLI, MUMBAI, MAHARASHTRA, 400018",,,KARNATAKA,BANGALORE
FAERING CAPITAL INDIA EVOLVING FUND II,IN/AIF2/14-15/0138,"Mar 25, 2015 - Perpetual",,,,,,,,
Faering Capital India Evolving Fund III,IN/AIF2/17-18/0314,"Apr 06, 2017 - Perpetual",,,,,,,,
Faering Capital International Growth Fund III,IN/AIF2/21-22/0921,"Aug 23, 2021 - Perpetual",tarak@faeringcapital.com,Tarak Shah,"OFFICE NO.01A125, WEWORK PRESTIGE CUBE, SITE NO.26,, LASKAR HOSUR ROAD, ADUGODI, KORAMANGALA, BENGALURU, BANGALORE, KARNATAKA, 560029","1004, Ceejay House, Dr. Annie Besant Road, Worli, MUMBAI, MAHARASHTRA, 400018",,,KARNATAKA,BANGALORE
FAIRWELL ALTERNATE ASSET MANAGERS TRUST,IN/AIF2/25-26/1962,"Nov 19, 2025 - Perpetual",saransh.dey@mantraproperties.in,SARANSH DEY,"OFFICE T4 T5 METROPOLE BUILDING, NEXT TO INOX CTS 11 11 1 TO 4 BUND GARDEN ROAD, PUNE, MAHARASHTRA, 411001","OFFICE T4 T5 METROPOLE BUILDING, NEXT TO INOX CTS 11 11 1 TO 4 BUND GARDEN ROAD, PUNE, MAHARASHTRA, 411001",,,MAHARASHTRA,
FBC Fund,IN/AIF1/21-22/0954,"Nov 26, 2021 - Perpetual",operations@fbcfund.com,Piyush Jain,"34 Floor 3 Plot No. 85 Arti Building Pandit Madan Mohan Marg Tardeo Mumbai 400034 Maharashtra India, MUMBAI, MAHARASHTRA, 400034","34 Floor 3 Plot No. 85 Arti Building Pandit Madan Mohan Marg Tardeo Mumbai 400034 Maharashtra India, MUMBAI, MAHARASHTRA, 400034",9100000000000.0,9100000000000.0,MAHARASHTRA,MUMBAI
FGP I AIF LLP,IN/AIF2/23-24/1271,"May 09, 2023 - Perpetual",nikhil@fractalgp.com,Nikhil Balaraman,"20th floor, 2004, Omkar 1973 Tower B, Pandurang Budhkar Marg, Near Shani Mandir, Worli Colony, MUMBAI, MAHARASHTRA, 400030","20th floor, 2004, Omkar 1973 Tower B, Pandurang Budhkar Marg, Near Shani Mandir, Worli Colony, MUMBAI, MAHARASHTRA, 400030",,,MAHARASHTRA,MUMBAI
FGP I AIF TRUST,IN/AIF2/23-24/1312,"Jul 21, 2023 - Perpetual",nikhil@fractalgp.com,Nikhil Balaraman,"2004, Tower B, Omkar, 1973, Pandurang Budhkar Marg, Worli, MUMBAI, MAHARASHTRA, 400030","No. 506, 3rd Cross, 9th Main, HAL 2nd Stage, Indiranagar, BANGALORE, KARNATAKA, 560038",,,MAHARASHTRA,MUMBAI
Fiedlin India Productivity Fund,IN/AIF2/24-25/1703,"Jan 23, 2025 - Perpetual",y.kundra@Fiedlin.com,Yatin Kundra,"630 6th Floor Le Meridien Commercial Towers, Raisina Road New Delhi, NEW DELHI, NATIONAL CAPITAL TERRITORY OF DELHI, 110001","630 6th Floor Le Meridien Commercial Towers, Raisina Road New Delhi, NEW DELHI, NATIONAL CAPITAL TERRITORY OF DELHI, 110001",,,NATIONAL CAPITAL TERRITORY OF DELHI,NEW DELHI
FILTER CAPITAL INDIA FUND I,IN/AIF2/22-23/1064,"May 12, 2022 - Perpetual",ssinha@filtercapital.com,Sumit Sinha,"31, Floor - 3, 240/242, Ajay Deep,, Perin Nariman Street, Fort,, MUMBAI, MAHARASHTRA, 400001","31, Floor - 3, 240/242, Ajay Deep, Perin Nariman Street, Fort, MUMBAI, MAHARASHTRA, 400001",,,MAHARASHTRA,MUMBAI
Finavenue Capital Trust,IN/AIF3/23-24/1293,"Jun 13, 2023 - Perpetual",a9finsight@gmail.com,Rajkumar Damani,"Unit No. 305 A, Marathon Icon, Marathon Nextgen Campus, Off. G. K. Marg, Lower Parel, MUMBAI, MAHARASHTRA, 400013","Unit No. 305 A, Marathon Icon, Marathon Nextgen Campus, Off. G. K. Marg, Lower Parel, MUMBAI, MAHARASHTRA, 400013",,,MAHARASHTRA,MUMBAI
Finavenue Legacy Trust,IN/AIF2/25-26/1985,"Dec 11, 2025 - Perpetual",a9finsight@gmail.com,Aditya Parakh,"Unit No. 305 A, Marathon Icon, Marathon Nextgen Campus, Off. G. K. Marg, Lower Parel, MUMBAI, MAHARASHTRA, 400013","Unit No. 305 A, Marathon Icon, Marathon Nextgen Campus, Off. G. K. Marg, Lower Parel, MUMBAI, MAHARASHTRA, 400013",,,MAHARASHTRA,MUMBAI
Finbridgeventures Real Estate Investment Trust,IN/AIF2/23-24/1427,"Jan 15, 2024 - Perpetual",vijay@finbridgeventures.com,Vijay Mohta,"A-903 SUNTECK CITY AVENUE II, RAM MANDIR ROAD GOREGAON W, MUMBAI, MAHARASHTRA, 400104","A-903 SUNTECK CITY AVENUE II, RAM MANDIR ROAD GOREGAON W, MUMBAI, MAHARASHTRA, 400104",,,MAHARASHTRA,MUMBAI
Findoc Alternative Investment Trust,IN/AIF3/24-25/1552,"Jul 02, 2024 - Perpetual",ns@myfindoc.com,Nitin Shahi,"4A Ground Floor Building 9A, DLF Cyber City Phase III, GURGAON, HARYANA, 122022","B XIX 347, Near Omaxe Mall, Ferozepur Road, LUDHIANA, PUNJAB, 141001",,,HARYANA,
FINIDEAS GROWTH FUND,IN/AIF3/22-23/1206,"Feb 09, 2023 - Perpetual",govind.jhawar@finideas.com,Govind Jhawar,"1002, Luxuria Business Hub, Dumas Road, New Magdalla,, SURAT, GUJARAT, 395007","1002, Luxuria Business Hub, Dumas Road, New Magdalla, SURAT, GUJARAT, 395007",,,GUJARAT,
Finlabh Trust,IN/AIF2/23-24/1459,"Mar 22, 2024 - Perpetual",vibhumfinlabh@gmail.com,Sushant Soni,"Unit 411, 4th Floor, Swastik Chambers, Mumbai, Maharashtra, MUMBAI, MAHARASHTRA, 400071","Unit 411, 4th Floor, Swastik Chambers, Mumbai, Maharashtra, MUMBAI, MAHARASHTRA, 400071",,,MAHARASHTRA,MUMBAI
FinScape Special Opportunities Fund,IN/AIF2/25-26/1870,"Aug 04, 2025 - Perpetual",bhavik.mehta@finscapefund.com,Bhavik Mehta,"407 Hind Rajasthan Building D S Phalke Road Dadar East, MUMBAI, MAHARASHTRA, 400014","1602 Wing B One BKC, MUMBAI, MAHARASHTRA, 400051",,,MAHARASHTRA,MUMBAI
Finvesta opportunities fund,IN/AIF3/24-25/1679,"Jan 02, 2025 - Perpetual",kalps21@yahoo.com,Kalpesh Shah,"B 121 Swati Trinity Applewood Township Shela Ahmedabad, Sanand Ahmedabad 380058, AHMEDABAD, GUJARAT, 380058","4th floor Nar Narayan Complex A Wing, Near Swastik Cross Road CG road Navrangpura, AHMEDABAD, GUJARAT, 380009",,,GUJARAT,
FINVOLVE ANGEL TRUST,IN/AIF1/24-25/1537,"Jun 18, 2024 - Perpetual",ashish.bhatia@indiaaccelerator.co,Ashish Bhatia,"India Accelerator UG 06, Ground Floor MGF Metropolis Mall MG Road, GURGAON, HARYANA, 122002","India Accelerator UG 06, Ground Floor MGF Metropolis Mall MG Road, GURGAON, HARYANA, 122002",,,HARYANA,
Finwave Investment Trust,IN/AIF3/25-26/1794,"Apr 22, 2025 - Perpetual",indresh@finwave.co,Indresh Shah,"1214 1215 1216 12 Floor DSCCL Road 5E Block 53, Near Grand Mercure Hotel Zone 5 DTA Gift City Gandhinagar, GANDHINAGAR, GUJARAT, 382355","407 The Grand Mall Opposite SBI Zonal Office, Ambawadi Ahmedabad 380015 Gujarat, AHMEDABAD, GUJARAT, 380015",,,GUJARAT,GANDHINAGAR
Finwave Wealth Trust,IN/AIF2/25-26/1791,"Apr 21, 2025 - Perpetual",indresh@finwave.co,Indresh Shah,"1214 1215 1216 12 Floor DSCCL 53E Block 53 Road 5E, Near Grand Mercure Hotel Zone 5 DTA Gift City Gandhinagar 382355 Gujarat, GANDHINAGAR, GUJARAT, 382355","407 The Grand Mall Opposite SBI Zonal Office, Ambawadi 380015 Ahmedabad Gujarat, AHMEDABAD, GUJARAT, 380015",,,GUJARAT,GANDHINAGAR
FIREBIRDST VENTURE LLP,IN/AIF3/24-25/1505,"Apr 30, 2024 - Perpetual",firebirdstventure@gmail.com,DEEPAK THAKUR,"X 2219A, Mahila Colony, Geeta Colony, Gandhi Nagar, East Delhi, NEW DELHI, NATIONAL CAPITAL TERRITORY OF DELHI, 110031","X 2219A, Mahila Colony, Geeta Colony, Gandhi Nagar, East Delhi, NEW DELHI, NATIONAL CAPITAL TERRITORY OF DELHI, 110031",,,NATIONAL CAPITAL TERRITORY OF DELHI,NEW DELHI
Fireside Ventures Investment Trust,IN/AIF1/16-17/0299,"Feb 06, 2017 - Perpetual",,,,,,,,
FIRESIDE VENTURES INVESTMENT TRUST II,IN/AIF1/18-19/0645,"Mar 09, 2019 - Perpetual",kanwal@firesideventures.com,Kanwaljit Singh,"1st Floor, Miraya Rose, Varthur Hobli, BANGALORE, KARNATAKA, 560066","1st Floor, Miraya Rose, Varthur Hobli, BANGALORE, KARNATAKA, 560066",,,KARNATAKA,BANGALORE
FIRESIDE VENTURES INVESTMENT TRUST III,IN/AIF2/21-22/1018,"Mar 22, 2022 - Perpetual",finance@firesideventures.com,DIPANJAN BASU,"1st Floor, Miraya Rose, Varthur Hobli, BANGALORE, KARNATAKA, 560066","1st Floor, Miraya Rose, Varthur Hobli, BANGALORE, KARNATAKA, 560066",,,KARNATAKA,BANGALORE
Fireside Ventures Investment Trust IV,IN/AIF2/25-26/1804,"May 05, 2025 - Perpetual",finance@firesideventures.com,Kanwaljit Singh,"1st Floor, Miraya Rose, Varthur Hobli, BANGALORE, KARNATAKA, 560066","1st Floor, Miraya Rose, Varthur Hobli, BANGALORE, KARNATAKA, 560066",,,KARNATAKA,BANGALORE
First Bridge Capital Trust,IN/AIF2/21-22/0987,"Feb 02, 2022 - Perpetual",shashwat.goyal@firstbridgefund.com,Shashwat Goyal,"802-C, One BKC, B-Wing, Bandra Kurla Complex, Bandra East, MUMBAI, MAHARASHTRA, 400051","802-C, One BKC, B-Wing, Bandra Kurla Complex, Bandra East, MUMBAI, MAHARASHTRA, 400051",,,MAHARASHTRA,MUMBAI
FIRST FOUNDER INVESTMENT TRUST,IN/AIF1/19-20/0715,"Jul 05, 2019 - Perpetual",mehtasanjay@gmail.com,SANJAY MEHTA,"203, Jhalawar, E. S. Patanwala Estate,, L.B.S. Marg, Opp. Shreyas Talkies, Ghatkopar West, MUMBAI, MAHARASHTRA, 400086","203, Jhalawar, E. S. Patanwala Estate, L.B.S. Marg, Opp. Shreyas Talkies, Ghatkopar West, MUMBAI, MAHARASHTRA, 400086",,,MAHARASHTRA,MUMBAI
FIRST GLOBAL AIF TRUST,IN/AIF3/22-23/1095,"Jun 24, 2022 - Perpetual",aifcompliance@firstglobalsec.com,Neeraj Khanna,"Ratnam Square First Floor Plot No 38 39, Sector 19A Vashi Navi Mumbai, MUMBAI, MAHARASHTRA, 400703","Ratnam Square First Floor Plot No 38 39, Sector 19A Vashi Navi Mumbai, MUMBAI, MAHARASHTRA, 400703",,,MAHARASHTRA,MUMBAI
First Harvest Realty Trust,IN/AIF2/25-26/2039,"Feb 10, 2026 - Perpetual",info@harvestcap.in,Abhishek Aggarwal,"Bunglow No. 38, Bharat Tirtha CHS Ltd, Chembur E, Mumbai, 400071, Maharashtra, India, MUMBAI, MAHARASHTRA, 400071","Ador House, 2nd floor, K Dubash Marg, Lion Gate, Fort, Mumbai, Maharashtra 400001, MUMBAI, MAHARASHTRA, 400001",,,MAHARASHTRA,MUMBAI
FIRST VOYAGER AIF,IN/AIF3/22-23/1183,"Dec 21, 2022 - Perpetual",accounts@firstvoyadv.com,VIJAY JAIN,"105 Free Press House, 10th Floor, 215, Nariman Point, MUMBAI, MAHARASHTRA, 400021","105 Free Press House, 10th Floor, 215, Nariman Point, MUMBAI, MAHARASHTRA, 400021",9100000000000.0,9100000000000.0,MAHARASHTRA,MUMBAI
FIRST WATER TRUST,IN/AIF3/19-20/0710,"Jun 25, 2019 - Perpetual",kunal@firstwatercap.com,Kunal Bhakta,"2908, The Prestige Turf Tower,, Shakti Mills Lane, Mahalaxmi, MUMBAI, MAHARASHTRA, 400011","203 Gateway Plaza, Central Avenue Road, Hiranandani Gardens, Powai, MUMBAI, MAHARASHTRA, 400076",,,MAHARASHTRA,MUMBAI
FIRSTCAPITAL ALTERNATE INVESTMENT TRUST,IN/AIF2/15-16/0181,"Nov 02, 2015 - Perpetual",,,,,,,,
FirstPort Capital,IN/AIF1/21-22/0874,"Apr 12, 2021 - Perpetual",minal@ipventures.in,Minal Shah,"239, 2nd Floor, Tower A, JMD Megapolis, Sector 48, Sohna Road, GURGAON, HARYANA, 122018","239, 2nd Floor, Tower A, JMD Megapolis, Sector 48, Sohna Road, GURGAON, HARYANA, 122018",,,HARYANA,
FirstPort Capital Fund B,IN/AIF1/24-25/1684,"Jan 07, 2025 - Perpetual",complianceFPCB@firstport.vc,Srishty Chaudhary,"239, 2nd Floor, Tower A, JMD Megapolis, Sector 48, Sohna Road, GURGAON, HARYANA, 122018","239, 2nd Floor, Tower A, JMD Megapolis, Sector 48, Sohna Road, GURGAON, HARYANA, 122018",,,HARYANA,
FirstPort Growth Capital Trust,IN/AIF2/22-23/1065,"May 12, 2022 - Perpetual",srishty.chaudhari@ipventures.in,Mitesh Shah,"239, 2nd Floor Tower A, JMD Megapolis, Sector 48, Sohna Road, GURGAON, HARYANA, 122018","239, 2nd Floor Tower A, JMD Megapolis, Sector 48, Sohna Road, GURGAON, HARYANA, 122018",,,HARYANA,
Florintree India Flexi Advantage Trust,IN/AIF3/18-19/0620,"Dec 10, 2018 - Perpetual",aifoperations@florintree.com,Chidambaram Palaniappan,"B1, 6th Floor, Cnergy, Appasaheb Marathe Marg,, Prabhadevi,, MUMBAI, MAHARASHTRA, 400025","B1, 6th Floor, Cnergy, Appasaheb Marathe Marg, Prabhadevi, MUMBAI, MAHARASHTRA, 400025",,,MAHARASHTRA,MUMBAI
FLUID VENTURES TRUST,IN/AIF1/19-20/0780,"Mar 11, 2020 - Perpetual",amit@fluidvc.in,Amit Singal,"House No C1 2797 A, Sushant Lok 1, GURGAON, HARYANA, 122002","House No C1 2797 A, Sushant Lok 1, GURGAON, HARYANA, 122002",,,HARYANA,
Flumen Investment Trust,IN/AIF2/25-26/1936,"Oct 28, 2025 - Perpetual",flumenadvisors1@gmail.com,Manish Lalwani,"B 1001, 10th Floor, Peninsula Heights Apartment, , 7th Main, JP Nagar, BANGALORE, KARNATAKA, 560078","B 1001, 10th Floor, Peninsula Heights Apartment, , 7th Main, JP Nagar, BANGALORE, KARNATAKA, 560078",,,KARNATAKA,BANGALORE
Folks Funds,IN/AIF2/25-26/2100,"Mar 23, 2026 - Perpetual",nikhil.khurana@folksmotor.com,Nikhil Khurana,"163, Upper Ground Floor, Vigyan Vihar, Delhi 110092, DELHI, NATIONAL CAPITAL TERRITORY OF DELHI, 110092",,,,NATIONAL CAPITAL TERRITORY OF DELHI,
Force Ventures Trust,IN/AIF1/23-24/1334,"Aug 23, 2023 - Perpetual",karthik@forceventures.in,Karthik Bhat,"B5 1303, Elita Promenade, JP Nagar, 6th Phase Bengaluru 560078, India, BANGALORE, KARNATAKA, 560078","54 3, K.R. Road, Basavanagudi, Bangalore 560004, Karnataka, BANGALORE, KARNATAKA, 560004",,,KARNATAKA,BANGALORE
Fortius Trust,IN/AIF1/17-18/0500,"Oct 31, 2017 - Perpetual",rutvik@inventusindia.com,Rutvik Doshi,"1st Floor GR Primus, 69/1 1st Cross, Domlur, Bangalore, BANGALORE, KARNATAKA, 560071","1st Floor GR Primus, 69/1 1st Cross, Domlur, Bangalore, BANGALORE, KARNATAKA, 560071",,,KARNATAKA,BANGALORE
FORTUNE 100 EQUITY FUND TRUST,IN/AIF1/25-26/1912,"Oct 09, 2025 - Perpetual",invest_fortune100@yahoo.com,YUDHISHTHIR HALDAR,"201 Juliana Heritage, Uthalsar Oppthakkar House Thane, THANE, MAHARASHTRA, 400601","201 Juliana Heritage, Uthalsar Oppthakkar House Thane, THANE, MAHARASHTRA, 400601",,,MAHARASHTRA,
Fortune Hands Growth Fund,IN/AIF2/24-25/1639,"Nov 25, 2024 - Perpetual",fcapawangarg@gmail.com,Pawan Garg,"708, Savera Apartment,, Sector 13, Rohini,, DELHI, NATIONAL CAPITAL TERRITORY OF DELHI, 110085","House No. 180,Block KD Pitampura, Rani Bagh,North West Delhi, DELHI, NATIONAL CAPITAL TERRITORY OF DELHI, 110034",,,NATIONAL CAPITAL TERRITORY OF DELHI,
Forward Breakout Fund,IN/AIF2/24-25/1634,"Nov 12, 2024 - Perpetual",divij@forwardcapital.in,Divij Uppal,"CorporatEdge, Two Horizon Centre, Level 6 Wing B, Golf Course Road, DLF 5 Sector 43, GURGAON, HARYANA, 122002","CorporatEdge, Two Horizon Centre, Level 6 Wing B, Golf Course Road, DLF 5 Sector 43, GURGAON, HARYANA, 122002",,,HARYANA,
Foundation Private Equity India Opportunities Trust,IN/AIF2/24-25/1667,"Dec 12, 2024 - Perpetual",alok.gupta@foundationpe.sg,Alok Gupta,"Ananta Karma Tattva AKT, 2001, A Wing, 20th Floor, Parinee Crescenzo PL, Bandra Kurla Complex, Bandra East, MUMBAI, MAHARASHTRA, 400051","Plot No. C, Level 7, The Capital, 70, G Block Rd, Bandra Kurla Complex, Bandra East, Mumbai, Maharashtra 400051, MUMBAI, MAHARASHTRA, 400051",,,MAHARASHTRA,MUMBAI
FounderLink Asset Trust,IN/AIF2/24-25/1502,"Apr 19, 2024 - Perpetual",legal@founderlink.ai,Eklavya Gupta,"3rd floor JMD Regent Arcade Mall A block DLF Phase 1 Sector 28 Gurgaon Haryana 122002, GURGAON, HARYANA, 122002","124 First Floor Paras Trade Centre Gwal Pahari Section 45 Gurgaon 122003, GURGAON, HARYANA, 122003",,,HARYANA,
Four U Fund,IN/AIF1/25-26/1841,"Jul 07, 2025 - Perpetual",amit@4uvc.com,Amit Patel,"710, 7th Floor, Gateway Plaza, Hiranandani Gardens, A S Marg, Powai, Mumbai, Maharashtra, India, MUMBAI, MAHARASHTRA, 400076","710, 7th Floor, Gateway Plaza, Hiranandani Gardens, A S Marg, Powai, Mumbai, Maharashtra, India, MUMBAI, MAHARASHTRA, 400076",,,MAHARASHTRA,MUMBAI
Franklin Templeton Alternative Investments Fund- Cat III OE,IN/AIF3/18-19/0567,"Jul 27, 2018 - Perpetual",saurabh.gangrade@franklintempleton.com,Saurabh Gangrade,"Indiabulls Finance Centre, Tower 2, 13th Floor, Senapati Bapat Marg, Elphistone Road, West, MUMBAI, MAHARASHTRA, 400013","Indiabulls Finance Centre, Tower 2, 13th Floor, Senapati Bapat Marg, Elphistone Road, West, MUMBAI, MAHARASHTRA, 400013",,,MAHARASHTRA,MUMBAI
Franklin Templeton Category II Alternative Investment Fund Trust,IN/AIF2/24-25/1592,"Sep 09, 2024 - Perpetual",AIF@FRANKLINTEMPLETON.COM,Swati Duggar,"13th Floor, One International Center, Tower 2, Senapati Bapat Marg, Elphinstone West, Mumbai 400013, MUMBAI, MAHARASHTRA, 400013","13th Floor, One International Center, Tower 2, Senapati Bapat Marg, Elphinstone West, Mumbai 400013, MUMBAI, MAHARASHTRA, 400013",,,MAHARASHTRA,MUMBAI
Fulcrum Fund III,IN/AIF2/16-17/0277,"Nov 17, 2016 - Perpetual",,,"14, 2nd floor, kalakshetra road, Thiruvanmiyur, CHENNAI, TAMIL NADU, 600041",,,,TAMIL NADU,CHENNAI
FULCRUM VENTURE INDIA TRUST,IN/AIF2/12-13/0019,"Nov 26, 2012 - Perpetual",,,"No 14, 2nd Floor, Kalakshetra Road, Thiruvanmiyur, CHENNAI, TAMIL NADU, 600041",,,,TAMIL NADU,CHENNAI
Fundalogical Ventures Investment Trust,IN/AIF2/23-24/1356,"Sep 25, 2023 - Perpetual",compliance@fundalogical.com,Ratna Mehta Nair,"2 B 1, Godrej Coliseum Everard Nagar Chunabhatti Sion Police Station, MUMBAI, MAHARASHTRA, 400052","Godrej Coliseum 10th Floor, 1001 A Wing, Everard Nagar Sion East, MUMBAI, MAHARASHTRA, 400022",,,MAHARASHTRA,MUMBAI
Fundamental Ventures Trust,IN/AIF1/21-22/1019,"Mar 23, 2022 - Perpetual",abhishek@fundamentalvc.in,Abhishek Rathi,"A3, 2nd Floor, Casa Lavelle 2, Lavelle Road, BANGALORE, KARNATAKA, 560001","A3, 2nd Floor, Casa Lavelle 2, Lavelle Road, BANGALORE, KARNATAKA, 560001",,,KARNATAKA,BANGALORE
FuturePulse Capital Trust,IN/AIF2/25-26/2031,"Feb 03, 2026 - Perpetual",sarthak.shah@futurepulsecapital.com,Sarthak Shah,"102, Shiv Smriti Chambers,, Dr. Annie Besant Road, Worli Naka, Mumbai, MUMBAI, MAHARASHTRA, 400018","102, Shiv Smriti Chambers, Dr. Annie Besant Road, Worli Naka, Mumbai, MUMBAI, MAHARASHTRA, 400018",,,MAHARASHTRA,MUMBAI
GAJA CAPITAL INDIA AIF TRUST,IN/AIF2/13-14/0093,"Jan 29, 2014 - Perpetual",,,"1402 Tower 2B One Indiabulls Centre, Senapati Bapat Marg Lower Parel W, MUMBAI, MAHARASHTRA, 400013",,,,MAHARASHTRA,MUMBAI
GAJA CAPITAL INDIA FUND 2020 LLP,IN/AIF2/20-21/0860,"Feb 08, 2021 - Perpetual",abhinav.jain@gajacapital.com,Abhinav Jain,"G 133, SFS Flats, Sarita Vihar, New Delhi, NEW DELHI, NATIONAL CAPITAL TERRITORY OF DELHI, 110076","G 133, SFS Flats, Sarita Vihar, New Delhi, NEW DELHI, NATIONAL CAPITAL TERRITORY OF DELHI, 110076",,,NATIONAL CAPITAL TERRITORY OF DELHI,NEW DELHI
Gaja Capital India Fund 2021,IN/AIF2/20-21/0861,"Feb 08, 2021 - Perpetual",,,"G 133, SFS FLATS, SARITA VIHAR, NEW DELHI, NATIONAL CAPITAL TERRITORY OF DELHI, 110044",,,,NATIONAL CAPITAL TERRITORY OF DELHI,NEW DELHI
GAJA CAPITAL INDIA FUND I,IN/AIF1/25-26/1904,"Sep 18, 2025 - Perpetual",abhinav.jain@gajacapital.com,Abhinav Jain,"302 3rd Floor Kanchenjunga Building, 18 Barakhamba Road, NEW DELHI, NATIONAL CAPITAL TERRITORY OF DELHI, 110001","1402 Tower 2B One World Centre, Senapati Bapat Marg Lower Parel W Mumbai 400013, MUMBAI, MAHARASHTRA, 400013",9100000000000.0,9100000000000.0,NATIONAL CAPITAL TERRITORY OF DELHI,NEW DELHI
Garud Investment Trust,IN/AIF3/25-26/1825,"Jun 09, 2025 - Perpetual",garudllp19@gmail.com,Prateek Neema,"15Green Villa, Himalaya Society, Ghatkopar west, MUMBAI, MAHARASHTRA, 400077","15Green Villa, Himalaya Society, Ghatkopar west, MUMBAI, MAHARASHTRA, 400077",,,MAHARASHTRA,MUMBAI
GAV Investment Trust,IN/AIF2/22-23/1115,"Aug 18, 2022 - Perpetual",vanshika.anand@jkorg.co.in,SANJAY JAIN,"7th Floor, JK Building, A 2, LSC, Masjid Moth, Greater Kailash II, NEW DELHI, NATIONAL CAPITAL TERRITORY OF DELHI, 110048","7th Floor, JK Building, A 2, LSC, Masjid Moth, Greater Kailash II, NEW DELHI, NATIONAL CAPITAL TERRITORY OF DELHI, 110048",,,NATIONAL CAPITAL TERRITORY OF DELHI,NEW DELHI
GEMBA CAPITAL - TRUST II,IN/AIF1/24-25/1579,"Aug 19, 2024 - Perpetual",adith@gembacapital.in,ADITH PODHAR,"1113, Prestige Jade Pavilion, Gear School Road, Bhoganhalli Bellandur, BANGALORE, KARNATAKA, 560103","1113, Prestige Jade Pavilion, Gear School Road, Bhoganhalli Bellandur, BANGALORE, KARNATAKA, 560103",,,KARNATAKA,BANGALORE
Gemba Capital Fund I,IN/AIF1/21-22/0884,"May 18, 2021 - Perpetual",adith@gembacapital.in,Adith Podhar,"802, Alka Apartment, Andheri Kurla Rd, Chakala, Andheri East, MUMBAI, MAHARASHTRA, 400099","2142, Prestige Jade Pavilion, Gear School Road, Bhoganhalli Bellandur, BANGALORE, KARNATAKA, 560103",,,MAHARASHTRA,MUMBAI
gener8tor India Fund I Trust,IN/AIF2/24-25/1657,"Dec 06, 2024 - Perpetual",arush@gener8tor.com,Arush Dhawan,"No 473 25, 2nd Floor, 12th Cross, Wilson Garden, Bangalore 560 027, BANGALORE, KARNATAKA, 560027","No 473 25, 2nd Floor, 12th Cross, Wilson Garden, Bangalore 560 027, BANGALORE, KARNATAKA, 560027",,,KARNATAKA,BANGALORE
Generational Capital Breakout Trust,IN/AIF3/23-24/1426,"Jan 08, 2024 - Perpetual",aif@generationalcapital.in,Vinayak Sood,"D 0506 l, Godrej Aria, Sector 79,, GURGAON, HARYANA, 122051","Berger Delhi One, Floor 19, C 001 A2, Sector 16B, NOIDA, UTTAR PRADESH, 201301",,,HARYANA,
Genuity Capital,IN/AIF3/25-26/1836,"Jul 03, 2025 - Perpetual",compliance@genuitycapital.in,Ankur Gulati,"F 2604, Oberoi Splendor, JVLR, Jogeshwari East,, MUMBAI, MAHARASHTRA, 400060","F 2604, Oberoi Splendor, JVLR, Jogeshwari East, MUMBAI, MAHARASHTRA, 400060",,,MAHARASHTRA,MUMBAI
GEOJIT ALTERNATES,IN/AIF3/24-25/1738,"Mar 03, 2025 - Perpetual",aifcompliance@geojit.com,Suhas Ghadge,"788, Rukmani Buildings, 1st Floor, 9th A Main, BANGALORE, KARNATAKA, 560038","5E, The Metropolitan, Bandra Kurla Complex, MUMBAI, MAHARASHTRA, 400051",,,KARNATAKA,BANGALORE
Getfive Opportunity Fund,IN/AIF1/24-25/1668,"Dec 13, 2024 - Perpetual",aifdesk@getfive.in,Shrikant Goyal,"502 Abhishree Avenue,Opp Hanumanji Mandir, Nehrungr Ambawadi Ahmedabad Ahmadabad City Gujarat, AHMEDABAD, GUJARAT, 380006","502 Abhishree Avenue,Opp Hanumanji Mandir, Nehrungr Ambawadi Ahmedabad Ahmadabad City Gujarat, AHMEDABAD, GUJARAT, 380006",,,GUJARAT,
GHL India Ventures Trust,IN/AIF2/24-25/1517,"May 10, 2024 - Perpetual",padmanabhan@watermountventures.com,Padmanabhan Narayanan,"Plot No.1, 2nd Street Extn, Ricky Garden, Selaiyur, Rajakilpakkam, Kanchipuram, Tambaram, CHENNAI, TAMIL NADU, 600073","Plot No.1, 2nd Street Extn, Ricky Garden, Selaiyur, Rajakilpakkam, Kanchipuram, Tambaram, CHENNAI, TAMIL NADU, 600073",,,TAMIL NADU,CHENNAI
Girik Capital Fund,IN/AIF3/18-19/0562,"Jul 05, 2018 - Perpetual",csingh@girikcap.com,Charandeep Singh,"THE ESTATE, 8TH FLOOR, , DICKENSON ROAD, BANGALORE, KARNATAKA, 560042","THE ESTATE, 8TH FLOOR, , DICKENSON ROAD, BANGALORE, KARNATAKA, 560042",,,KARNATAKA,BANGALORE
Global South Capital Fund,IN/AIF2/25-26/1829,"Jun 12, 2025 - Perpetual",mragank.jain@globalsouthcap.com,Mragank Jain,"12th Floor, Building No. 9B, DLF Cyber City, DLF Phase III, DLF QE, Gurgaon, GURGAON, HARYANA, 122002","12th Floor, Building No. 9B, DLF Cyber City, DLF Phase III, DLF QE, Gurgaon, GURGAON, HARYANA, 122002",,,HARYANA,
Global Ventures Fund,IN/AIF2/16-17/0240,"Jun 29, 2016 - Perpetual",,,"C 31, NAMAN CENTRE, G BLOCK, BANDRA KURLA COMPLEX, BANDRA EAST, MUMBAI, MAHARASHTRA, 400051",,,,MAHARASHTRA,MUMBAI
GMO-Z.com Payment Gateway India Credit Fund,IN/AIF2/20-21/0870,"Mar 26, 2021 - Perpetual",shyam.ramakrishnan@cci.in,Shyam Ramakrishnan,"4A, Ocus Technopolis, Sector 54, Golf Club Road, GURGAON, HARYANA, 122002","68, Filmcenter, C-34, 3rd Floor, J Dadaji Road, Tardeo, MUMBAI, MAHARASHTRA, 400034",,,HARYANA,MUMBAI
GMR Real Estate Trust,IN/AIF2/24-25/1711,"Feb 05, 2025 - Perpetual",info@dhfin.in,VINOY KUMAR,"25 1 Ground Floor Skip House Museum Road Bengaluru Karnataka, BANGALORE, KARNATAKA, 560025","25 1 Ground Floor Skip House Museum Road Bengaluru Karnataka, BANGALORE, KARNATAKA, 560025",,,KARNATAKA,BANGALORE
GMR WEALTH MANAGEMENT TRUST,IN/AIF2/23-24/1472,"Mar 22, 2024 - Perpetual",info@dhfin.in,Vinoy Kumar,"25 1, Skip House, Museum Road,, BANGALORE, KARNATAKA, 560025","25 1, Skip House, Museum Road, BANGALORE, KARNATAKA, 560025",,,KARNATAKA,BANGALORE
Gnancircle Investment Trust,IN/AIF1/25-26/2090,"Mar 12, 2026 - Perpetual",saketh@gnancircle.com,Saketh Manikanta,"5W, 5th Floor, The Metropolitan, Bandra Kurla Complex, Bandra East, MUMBAI, MAHARASHTRA, 400051",,,,MAHARASHTRA,MUMBAI
Golden Bird AIF,IN/AIF3/18-19/0543,"May 17, 2018 - Perpetual",amit.gbaif@gmail.com,Amit Sharma,"S07, 70 Haware Centurion Complex, Plot 88 91, Sector 19, Seawoods east, Nerul, Navi Mumbai, NAVI MUMBAI, MAHARASHTRA, 400706","S07, 70 Haware Centurion Complex, Plot 88 91, Sector 19, Seawoods east, Nerul, Navi Mumbai, NAVI MUMBAI, MAHARASHTRA, 400706",,,MAHARASHTRA,MUMBAI
Golden Growth Fund,IN/AIF2/23-24/1453,"Feb 14, 2024 - Perpetual",goldengrowthaif@gmail.com,Ankur Jalan,"121 122 Second Floor Vinobapuri, Lajpat Nagar , New Delhi 110024, DELHI, NATIONAL CAPITAL TERRITORY OF DELHI, 110024","121 122 Second Floor Vinobapuri, Lajpat Nagar , New Delhi 110024, DELHI, NATIONAL CAPITAL TERRITORY OF DELHI, 110024",,,NATIONAL CAPITAL TERRITORY OF DELHI,NEW DELHI
Golden Sparrow Growth India Trust,IN/AIF1/24-25/1754,"Mar 10, 2025 - Perpetual",madhusudan.sarda@orim.in,Madhusudan Sarda,"812, 8th Floor, B Wing, 215 Atrium,, Andheri Kurla Road, Hanuman Nagar, Andheri E, MUMBAI, MAHARASHTRA, 400059","812, 8th Floor, B Wing, 215 Atrium, Andheri Kurla Road, Hanuman Nagar, Andheri E, MUMBAI, MAHARASHTRA, 400059",,,MAHARASHTRA,MUMBAI
Goldman Sachs India Alternative Investment Trust,IN/AIF2/19-20/0718,"Jul 10, 2019 - Perpetual",Anil.M.Rajput@gs.com,Anil Rajput,"9th and 10th Floor Ascent Worli, Sudam Kalu Ahire Marg Worli, MUMBAI, MAHARASHTRA, 400025","9th and 10th Floor Ascent Worli, Sudam Kalu Ahire Marg Worli, MUMBAI, MAHARASHTRA, 400025",9100000000000.0,9100000000000.0,MAHARASHTRA,MUMBAI
GRAND ANICUT ANGEL FUND,IN/AIF1/19-20/0738,"Oct 30, 2019 - Perpetual",,,,,,,,
GRAND ANICUT TRUST 1,IN/AIF2/15-16/0196,"Jan 07, 2016 - Perpetual",,,"Venkataramana, No.11, 2nd Main Road, CIT Colony, Mylapore, CHENNAI, TAMIL NADU, 600004",,,,TAMIL NADU,CHENNAI
Grand Anicut Trust 2,IN/AIF2/18-19/0613,"Oct 31, 2018 - Perpetual",venkatesh@anicutcapital.com,Venkatesh Parthasarathy,"Co UTPL Corporate Trustees Private Limited, D 214, Kanakia Zillion, BKC Annexe, Kurla West, LBS Marg, MUMBAI, MAHARASHTRA, 400070","Venkataramana No.11, 2nd Main Road, CIT Colony, Mylapore, CHENNAI, TAMIL NADU, 600004",,,MAHARASHTRA,MUMBAI
Grand Anicut Trust 3,IN/AIF1/22-23/1048,"Apr 13, 2022 - Perpetual",venkatesh@anicutcapital.com,Venkatesh Parthasarathi,"Office No 8, Scindia House, Atma Ram Mansion, K G Marg, Connaught Place, DELHI, NATIONAL CAPITAL TERRITORY OF DELHI, 110001","No.4 1, 9th Street, Dr. Radhakrishnan Salai, Mylapore, Chennai, CHENNAI, TAMIL NADU, 600004",,,NATIONAL CAPITAL TERRITORY OF DELHI,CHENNAI
Grand Anicut Trust 4,IN/AIF2/22-23/1173,"Nov 21, 2022 - Perpetual",venkatesh@anicutcapital.com,Venkatesh Parthasarathi,"Office No 8, Scindia House Atma Ram Mansion, K G Marg, Connaught Place, Delhi, National Capital Territory of Delhi, 110001, DELHI, NATIONAL CAPITAL TERRITORY OF DELHI, 110001","No.4 1, 9th Street, Dr. Radhakrishnan Salai, Mylapore, Chennai 600004, Tamil Nadu, India, CHENNAI, TAMIL NADU, 600004",,,NATIONAL CAPITAL TERRITORY OF DELHI,CHENNAI
GRAND ANICUT TRUST 5,IN/AIF2/25-26/2016,"Jan 09, 2026 - Perpetual",venkatesh@anicutcapital.com,VENKATESH PARTHASARATHY,"8, Block 134, Scindia House, NEW DELHI, NATIONAL CAPITAL TERRITORY OF DELHI, 110001","8, Block 134, Scindia House, NEW DELHI, NATIONAL CAPITAL TERRITORY OF DELHI, 110001",,,NATIONAL CAPITAL TERRITORY OF DELHI,NEW DELHI
GRAND ANICUT TRUST 7,IN/AIF1/25-26/2017,"Jan 09, 2026 - Perpetual",venkatesh@anicutcapital.com,Venkatesh Parthasarathy,"8, Block 134, Scindia House, NEW DELHI, NATIONAL CAPITAL TERRITORY OF DELHI, 110001","8, Block 134, Scindia House, NEW DELHI, NATIONAL CAPITAL TERRITORY OF DELHI, 110001",,,NATIONAL CAPITAL TERRITORY OF DELHI,NEW DELHI
Gray Matters Alternative Investment Fund,IN/AIF2/16-17/0246,"Jul 22, 2016 - Perpetual",,,"No 99/100,Prestige Towers,2nd Floor , Residency Road, BANGALORE, KARNATAKA, 560025",,,,KARNATAKA,BANGALORE
GreatValue Capital Trust,IN/AIF2/22-23/1218,"Feb 27, 2023 - Perpetual",capital@greatvalueindia.com,Payas Agarwal,"DSC 319 DLF SOUTH COURT SAKET NEW DELHI, DELHI, NATIONAL CAPITAL TERRITORY OF DELHI, 110017","DSC 319 DLF SOUTH COURT SAKET NEW DELHI, DELHI, NATIONAL CAPITAL TERRITORY OF DELHI, 110017",,,NATIONAL CAPITAL TERRITORY OF DELHI,NEW DELHI
GREEN ENERGY TRUST,IN/AIF2/24-25/1739,"Mar 03, 2025 - Perpetual",alternativescompliance@eaaa.in,Deepak Mukhija,"Edelweiss House, Off C.S.T Road,, Kalina,, MUMBAI, MAHARASHTRA, 400098","Edelweiss House, Off C.S.T Road, Kalina, MUMBAI, MAHARASHTRA, 400098",,,MAHARASHTRA,MUMBAI
Green Frontier Capital India Climate Opportunities Fund,IN/AIF2/24-25/1628,"Nov 11, 2024 - Perpetual",greenfrontier.nda@nishithdesai.com,Karan Mehta,"Premises No. 1002, 10th Floor, Embassy Centre, 207, Jamnalal Bajaj Marg, Nariman Point, Mumbai, Mumb, MUMBAI, MAHARASHTRA, 400021","Premises No. 1002, 10th Floor, Embassy Centre, 207, Jamnalal Bajaj Marg, Nariman Point, Mumbai, Mumb, MUMBAI, MAHARASHTRA, 400021",,,MAHARASHTRA,MUMBAI
Green Growth Equity Fund,IN/AIF2/18-19/0529,"Apr 11, 2018 - Perpetual",eversource.nda@nishithdesai.com,Nandini Pathak,"1st Floor, C 5 Defence Colony, NEW DELHI, NATIONAL CAPITAL TERRITORY OF DELHI, 110024","One Indiabulls Centre,16th floor, Tower 2A, , Senapati Bapat Marg, MUMBAI, MAHARASHTRA, 400013",,,NATIONAL CAPITAL TERRITORY OF DELHI,NEW DELHI
GREEN INDIA VENTURE FUND - II,IN/AIF2/15-16/0180,"Oct 23, 2016 - Perpetual",,,,,,,,
Green Marble Venture Capital Fund,IN/AIF2/25-26/2071,"Mar 04, 2026 - Perpetual",ruchira@greenmarble.vc,Ruchira Shukla,"E49, Ground floor, Panchsheel Park, NEW DELHI, NATIONAL CAPITAL TERRITORY OF DELHI, 110017",,,,NATIONAL CAPITAL TERRITORY OF DELHI,NEW DELHI
Green Portfolio AIF Trust,IN/AIF3/25-26/1774,"Apr 01, 2025 - Perpetual",aif@greenportfolio.co,Vaibhav Ravat,"3 rd floor 10 Poorvi Marg DLF Phase 2, Sector 25 Gurugram Haryana, GURUGRAM, HARYANA, 122008","3 rd floor 10 Poorvi Marg DLF Phase 2, Sector 25 Gurugram Haryana, GURUGRAM, HARYANA, 122022",,,HARYANA,
GREENSTONE FUND,IN/AIF2/23-24/1437,"Jan 24, 2024 - Perpetual",deepaksogani1977@gmail.com,RAHUL GOSWAMI,"11th Floor, Mafatlal Centre, Nariman Point, MUMBAI, MAHARASHTRA, 400021","11th Floor, Mafatlal Centre, Nariman Point, MUMBAI, MAHARASHTRA, 400021",,,MAHARASHTRA,MUMBAI
GREENX WEALTH EMPIRE,IN/AIF3/25-26/1846,"Jul 11, 2025 - Perpetual",INFO@GREENXWEALTH.COM,CHIRAG BHALALA,"611, 6th Floor, Rajhans Montessa, Dumas Road, SURAT, GUJARAT, 395007","611, 6th Floor, Rajhans Montessa, Dumas Road, SURAT, GUJARAT, 395007",,,GUJARAT,
GRIP FIXED INCOME OPPORTUNITIES TRUST,IN/AIF2/23-24/1284,"May 18, 2023 - Perpetual",gfiocompliance@gripinvest.in,Raman Chandna,"4C and D, Siddhivinayak Chambers, Gandhi Nagar, Opp. MIG Cricket Club, Bandra East, Mumbai, MUMBAI, MAHARASHTRA, 400051","H106, 1st floor, HBlock, Connaught Circus, NEW DELHI, NATIONAL CAPITAL TERRITORY OF DELHI, 110001",,,MAHARASHTRA,MUMBAI
Grow India Capital Trust,IN/AIF1/16-17/0297,"Feb 02, 2017 - Perpetual",,,"1, Business Embassy, 1205 by 3 by 3 J M Road, Shivajinagar, PUNE, MAHARASHTRA, 411004",,,,MAHARASHTRA,
GrowMo360 Capital Management Trust,IN/AIF2/25-26/1783,"Apr 07, 2025 - Perpetual",info@growmo360.com,Nikunj Newatia,"801, 8th Floor T19 Towers, MG Road, Ranigunj, Secunderabad, HYDERABAD, TELANGANA, 500003","801, 8th Floor T19 Towers, MG Road, Ranigunj, Secunderabad, HYDERABAD, TELANGANA, 500003",,,TELANGANA,HYDERABAD
Growth Sense Venture Fund,IN/AIF1/24-25/1617,"Oct 29, 2024 - Perpetual",roopal@singhania.com,Sanjay Sarda,"Shakun 87 Toshniwal Layout , Akola Maharashtra, AKOLA, MAHARASHTRA, 444001","Shakun 87 Toshniwal Layout , Akola Maharashtra, AKOLA, MAHARASHTRA, 444001",,,MAHARASHTRA,
Growthally Capital Trust,IN/AIF1/25-26/1984,"Dec 11, 2025 - Perpetual",Compliance@growthally.org,Shekhar Bhuwania,"21A Vasudev Chambers, 2nd Floor, Old Nagardas Road Andheri East Mumbai, MUMBAI, MAHARASHTRA, 400069","21A Vasudev Chambers, 2nd Floor, Old Nagardas Road Andheri East Mumbai, MUMBAI, MAHARASHTRA, 400069",,,MAHARASHTRA,MUMBAI
GrowthCap Ventures AIF Trust,IN/AIF2/23-24/1301,"Jun 27, 2023 - Perpetual",hello@growthcap.vc,Pratekk Agarwaal,"D 103 Satellite Gardens CHS Ltd, Film City Rd Goregaon East Near Vagheshwari Mandir, MUMBAI, MAHARASHTRA, 400063","D 103 Satellite Gardens CHS Ltd, Film City Rd Goregaon East Near Vagheshwari Mandir, MUMBAI, MAHARASHTRA, 400063",,,MAHARASHTRA,MUMBAI
GROWX VENTURES FUND I,IN/AIF2/18-19/0587,"Sep 14, 2018 - Perpetual",ashish.taneja@growxventures.com,Ashish Taneja,"C 19 Nizamuddin West New Delhi 110013, NEW DELHI, NATIONAL CAPITAL TERRITORY OF DELHI, 110013","C 19 Nizamuddin West New Delhi 110013, NEW DELHI, NATIONAL CAPITAL TERRITORY OF DELHI, 110013",,,NATIONAL CAPITAL TERRITORY OF DELHI,NEW DELHI
GrowX Ventures Fund II,IN/AIF2/23-24/1456,"Mar 21, 2024 - Perpetual",growxAIF.nda@nishithdesai.com,Ashish Taneja,"C19 Nizamuddin West, NEW DELHI, NATIONAL CAPITAL TERRITORY OF DELHI, 110013","C19 Nizamuddin West, NEW DELHI, NATIONAL CAPITAL TERRITORY OF DELHI, 110013",,,NATIONAL CAPITAL TERRITORY OF DELHI,NEW DELHI
Gruhas Collective Consumer Fund,IN/AIF2/23-24/1400,"Dec 05, 2023 - Perpetual",fund@collectiveartists.com,Amit Banka,"The Museum No 1, 3rd Floor Office, Museum Road,, Mahatma Gandhi Road, Bangalore North, Bangalore 560001, Karnataka, India, BANGALORE, KARNATAKA, 560001","The Museum No 1, 3rd Floor Office, Museum Road, Mahatma Gandhi Road, Bangalore North, Bangalore 560001, Karnataka, India, BANGALORE, KARNATAKA, 560001",,,KARNATAKA,BANGALORE
Gruhas Proptech Opportunities Fund I,IN/AIF2/23-24/1407,"Dec 11, 2023 - Perpetual",rahul@gruhas.com,Rahul Joshi,"The Museum, No. 1, 3rd Floor Office, Museum Road, M.G. Road, BANGALORE, KARNATAKA, 560001","The Museum, No. 1, 3rd Floor Office, Museum Road, M.G. Road, BANGALORE, KARNATAKA, 560001",,,KARNATAKA,BANGALORE
GSF VENTURE CAPITAL FUND,IN/AIF1/15-16/0152,"Jun 01, 2015 - Perpetual",,,,,,,,
GSS India Opportunities AIF,IN/AIF2/24-25/1506,"Apr 30, 2024 - Perpetual",gbahl@baincapital.com,Gunjan Bahl,"Unit 2201,22nd floor,Express Towers,Nariman Point,Mumbai 400021, Maharashtra,India, MUMBAI, MAHARASHTRA, 400021","Unit 2201,22nd floor,Express Towers,Nariman Point,Mumbai 400021, Maharashtra,India, MUMBAI, MAHARASHTRA, 400021",,,MAHARASHTRA,MUMBAI
Guardian Capital Partners Fund,IN/AIF3/21-22/0918,"Aug 06, 2021 - Perpetual",kk@guardiancappartners.com,Kabir Kewalramani,"9, Sita Niwas, Plot No 150, 14th Road, Near Ambedkar Garden, Chembur (East), MUMBAI, MAHARASHTRA, 400071","9, Sita Niwas, Plot No 150, 14th Road, Near Ambedkar Garden, Chembur (East), MUMBAI, MAHARASHTRA, 400071",,,MAHARASHTRA,MUMBAI
GUJARAT BIOTECHNOLOGY VENTURE FUND,IN/AIF1/25-26/2009,"Jan 02, 2026 - Perpetual",cs@gvfl.com,Lekha Sharma,"C 1221 1222 Stratum Venus Ground Satellite Road, Nehrunagar, AHMEDABAD, GUJARAT, 380015","C 1221 1222 Stratum Venus Ground Satellite Road, Nehrunagar, AHMEDABAD, GUJARAT, 380015",,,GUJARAT,
GUJARAT INFORMATION TECHNOLOGY FUND,IN/AIF1/25-26/2018,"Jan 14, 2026 - Perpetual",cs@gvfl.com,Lekha Sharma,"C 1221, 1222 Stratum Venus Ground, Satellite Road, Nehrunagar, AHMEDABAD, GUJARAT, 380015","C 1221, 1222 Stratum Venus Ground, Satellite Road, Nehrunagar, AHMEDABAD, GUJARAT, 380015",,,GUJARAT,
GVFL Emerging Enterprise Venture Trust,IN/AIF2/19-20/0765,"Jan 15, 2020 - Perpetual",CS@gvfl.com,Deep Vaghela,"C-1221,1222 Stratum Venus Ground, Satellite Road, Nehrunagar, AHMEDABAD, GUJARAT, 380015","C-1221,1222 Stratum Venus Ground, Satellite Road, Nehrunagar, AHMEDABAD, GUJARAT, 380015",,,GUJARAT,
GVFL Prarambh Fund Trust,IN/AIF1/23-24/1425,"Jan 08, 2024 - Perpetual",mihir@gvfl.com,Mihir Joshi,"C 1221,1222 Stratum Venus Ground, Satellite Road, Nehrunagar, AHMEDABAD, GUJARAT, 380015","C 1221,1222 Stratum Venus Ground, Satellite Road, Nehrunagar, AHMEDABAD, GUJARAT, 380015",,,GUJARAT,
GVFL STARTUP FUND TRUST,IN/AIF1/15-16/0190,"Dec 03, 2015 - Perpetual",,,"C 1221,1222 Stratum Venus Ground, Satellite Road, Nehrunagar, AHMEDABAD, GUJARAT, 380015",,,,GUJARAT,
GVFL VENTURE CAPITAL FUND,IN/AIF1/25-26/2005,"Jan 01, 2026 - Perpetual",cs@gvfl.com,Lekha Sharma,"C 1221 1222 Stratum Venus Ground, Nehrunagar Satellite, AHMEDABAD, GUJARAT, 380015","C 1221 1222 Stratum Venus Ground, Nehrunagar Satellite, AHMEDABAD, GUJARAT, 380015",,,GUJARAT,
HARBOURFRONT INDIA TRUST,IN/AIF2/20-21/0845,"Dec 15, 2020 - Perpetual",aif@harbourfront.io,Rohit Chokhani,"602C and 17D Savoy Chamber, VP Road Datattraya Road Santacruz, MUMBAI, MAHARASHTRA, 400054","602C and 17D Savoy Chamber, VP Road Datattraya Road Santacruz, MUMBAI, MAHARASHTRA, 400054",,,MAHARASHTRA,MUMBAI
HARMONY ALTERNATIVE INVESTMENT FUND,IN/AIF3/12-13/0023,"Dec 13, 2012 - Perpetual",,,,,,,,
HCAPS REAL ESTATE FUND,IN/AIF2/23-24/1282,"May 18, 2023 - Perpetual",priyal@hbitsamc.co,Priyal Kothari,"Ground Floor, G 4, Court Chambers, 35, Sir Vithaldas Thackersey Marg, New Marine Lines, MUMBAI, MAHARASHTRA, 400020","Ground Floor, G 4, Court Chambers, 35, Sir Vithaldas Thackersey Marg, New Marine Lines, MUMBAI, MAHARASHTRA, 400020",,,MAHARASHTRA,MUMBAI
HDFC AMC AIF II,IN/AIF2/12-13/0038,"Mar 12, 2013 - Perpetual",,,"HDFC House, 2nd Floor, H.T.Parekh Marg, 165 166, , Backbay Reclamation, Churchgate,, MUMBAI, MAHARASHTRA, 400020",,,,MAHARASHTRA,MUMBAI
HDFC AMC STRUCTURED CREDIT AIF-I,IN/AIF2/24-25/1705,"Jan 28, 2025 - Perpetual",SupriyaS@hdfcfund.com,Supriya Sapre,"HDFC House, 2nd Floor, H.T. Parekh Marg,, 165 and 166, Backbay Reclamation, Churchgate, MUMBAI, MAHARASHTRA, 400020","HDFC House, 2nd Floor, H.T. Parekh Marg, 165 and 166, Backbay Reclamation, Churchgate, MUMBAI, MAHARASHTRA, 400020",,,MAHARASHTRA,MUMBAI
HDFC Capital Affordable Real Estate Fund -2,IN/AIF2/17-18/0499,"Oct 31, 2017 - Perpetual",abhayg@hdfccapital.com,Abhay Goyal,"Ramon House, H.T. Parekh Marg, 169, , Backbay Reclamation, Churchgate,, MUMBAI, MAHARASHTRA, 400020","Ramon House, H.T. Parekh Marg, 169, , Backbay Reclamation, Churchgate, MUMBAI, MAHARASHTRA, 400020",,,MAHARASHTRA,MUMBAI
HDFC CAPITAL AFFORDABLE REAL ESTATE FUND-1,IN/AIF2/15-16/0160,"Jun 25, 2015 - Perpetual",,,"HUL House , H.T.Parekh Marg, 165166 Backbay Reclamation, Churchgate, MUMBAI, MAHARASHTRA, 400020",,,,MAHARASHTRA,MUMBAI
HDFC CAPITAL AIF - 3,IN/AIF2/21-22/0909,"Jul 20, 2021 - Perpetual",vrishalin@hdfccapital.com,Vrishali Nayak,"6th Floor, Ramon House, H.T.Parekh Marg, 169 Backbay Reclamation, Churchgate, MUMBAI, MAHARASHTRA, 400020","6th Floor, Ramon House, H.T.Parekh Marg, 169 Backbay Reclamation, Churchgate, MUMBAI, MAHARASHTRA, 400020",,,MAHARASHTRA,MUMBAI
HDFC CAPITAL AIF - 4,IN/AIF2/24-25/1626,"Nov 11, 2024 - Perpetual",compliance@hdfccapital.com,Vrishali Nayak,"6TH FLOOR, RAMON HOUSE, H.T.PAREKH MARG, 169, BACKBAY RECLAMATION, CHURCHGATE, MUMBAI, MAHARASHTRA, 400020","6TH FLOOR, RAMON HOUSE, H.T.PAREKH MARG, 169, BACKBAY RECLAMATION, CHURCHGATE, MUMBAI, MAHARASHTRA, 400020",,,MAHARASHTRA,MUMBAI
HEALTHKOIS Fund I,IN/AIF2/24-25/1678,"Dec 31, 2024 - Perpetual",parag.vaidya@koisinvest.com,Parag Vaidya,"Unit 12B07 and Unit 12B09, WeWork C, , 20, G Block BKC, Bandra Kurla Complex, Bandra East, MUMBAI, MAHARASHTRA, 400051","Unit 12B07 and Unit 12B09, WeWork C, , 20, G Block BKC, Bandra Kurla Complex, Bandra East, MUMBAI, MAHARASHTRA, 400051",,,MAHARASHTRA,MUMBAI
HEALTHQUAD FUND,IN/AIF1/16-17/0216,"Apr 05, 2016 - Perpetual",,,"Level 3, The Crescent, Lado Sarai, Mehrauli, New Delhi, DELHI, NATIONAL CAPITAL TERRITORY OF DELHI, 110030",,,,NATIONAL CAPITAL TERRITORY OF DELHI,NEW DELHI
HEALTHQUAD TRUST II,IN/AIF2/19-20/0684,"Apr 23, 2019 - Perpetual",devendra.sharma@healthquad.in,Devendra Sharma,"Level 3, The Crescent, Lado Sarai, Mehrauli, NEW DELHI, NATIONAL CAPITAL TERRITORY OF DELHI, 110030","Level 3, The Crescent, Lado Sarai, Mehrauli, NEW DELHI, NATIONAL CAPITAL TERRITORY OF DELHI, 110030",9100000000000.0,9100000000000.0,NATIONAL CAPITAL TERRITORY OF DELHI,NEW DELHI
HealthQuad Trust III,IN/AIF2/23-24/1445,"Feb 06, 2024 - Perpetual",hqfinance@healthquad.in,Manali Rajgaria,"Level 3, The Crescent, Lado Sarai, Mehrauli, NEW DELHI, NATIONAL CAPITAL TERRITORY OF DELHI, 110030","Level 3, The Crescent, Lado Sarai, Mehrauli, NEW DELHI, NATIONAL CAPITAL TERRITORY OF DELHI, 110030",,,NATIONAL CAPITAL TERRITORY OF DELHI,NEW DELHI
HEDGEMATRIX CAPITAL TRUST,IN/AIF3/25-26/2056,"Feb 18, 2026 - Perpetual",hedgematrixcapitaltrust@gmail.com,PENIEL ABRAHAM,"174 B1 2 HB SECTOR ANNA NAGAR MADURAI TAMIL NADU INDIA, MADURAI, TAMIL NADU, 625020","174 B1 2 HB SECTOR ANNA NAGAR MADURAI TAMIL NADU INDIA, MADURAI, TAMIL NADU, 625020",,,TAMIL NADU,
HEGD GROWTH EQUITY FUND,IN/AIF2/25-26/2032,"Feb 03, 2026 - Perpetual",niyati@hegdinvst.com,Niyati Sanghvi,"The Capital, 3053, Z Block, 4th Street, 13th Main Road, 3rd floor, Anna Nagar, CHENNAI, TAMIL NADU, 600040","The Capital, 3053, Z Block, 4th Street, 13th Main Road, 3rd floor, Anna Nagar, CHENNAI, TAMIL NADU, 600040",,,TAMIL NADU,CHENNAI
Helios India Alternate Fund,IN/AIF3/19-20/0773,"Feb 11, 2020 - Perpetual",dinshaw_irani@helioscapital.in,Dinshaw Irani,"515A, 5th Floor, The Capital, Plot C 70, Bandra Kurla Complex, Bandra East, MUMBAI, MAHARASHTRA, 400051","515A, 5th Floor, The Capital, Plot C 70, Bandra Kurla Complex, Bandra East, MUMBAI, MAHARASHTRA, 400051",,,MAHARASHTRA,MUMBAI
Hem Alternative Investments Trust,IN/AIF3/25-26/1909,"Sep 25, 2025 - Perpetual",compliance.aif@hemsecurities.com,Prarthna Mehta,"203, Jaipur Tower, Opp AIR M.I. Road, JAIPUR, RAJASTHAN, 302001","203, Jaipur Tower, Opp AIR M.I. Road, JAIPUR, RAJASTHAN, 302001",,,RAJASTHAN,JAIPUR
HEM ANGEL FUND,IN/AIF1/24-25/1528,"May 30, 2024 - Perpetual",compliance.hsl@hemsecurities.com,PALAK BHATIA,"203, Jaipur Tower 2nd Floor, M. I. Road, JAIPUR, RAJASTHAN, 302001","203, Jaipur Tower 2nd Floor, M. I. Road, JAIPUR, RAJASTHAN, 302001",,,RAJASTHAN,JAIPUR
HERO VENTURE TRUST,IN/AIF3/20-21/0828,"Oct 06, 2020 - Perpetual",nj.nehajha@gmail.com,Neha Jha,"503, Rectangle-1, D-4 Saket District Centre, New Delhi South Delhi DL 110017 India, NEW DELHI, NATIONAL CAPITAL TERRITORY OF DELHI, 110017","503, Rectangle-1, D-4 Saket District Centre, New Delhi South Delhi DL 110017 India, NEW DELHI, NATIONAL CAPITAL TERRITORY OF DELHI, 110017",,,NATIONAL CAPITAL TERRITORY OF DELHI,NEW DELHI
Hill Fort Investment Trust,IN/AIF3/21-22/0977,"Jan 25, 2022 - Perpetual",vareena@hillfortcapital.in,Vareena Dsilva,"76-A, 7th Floor, Building No. 3, North Avenue, Maker Maxity, Bandra East, MUMBAI, MAHARASHTRA, 400051","76-A, 7th Floor, Building No. 3, North Avenue, Maker Maxity, Bandra East, MUMBAI, MAHARASHTRA, 400051",,,MAHARASHTRA,MUMBAI
Himalaya Investment Trust,IN/AIF3/22-23/1186,"Jan 09, 2023 - Perpetual",rahul@himalayacapital.in,Rahul Agrawal,"R 1102, Tower 7, Adarsh Palm Retreat, Bellandur, Near Ecoworld, Devarabeesanahalli, Bellandur, BANGALORE, KARNATAKA, 560103","R 1102, Tower 7, Adarsh Palm Retreat, Bellandur, Near Ecoworld, Devarabeesanahalli, Bellandur, BANGALORE, KARNATAKA, 560103",,,KARNATAKA,BANGALORE
Himalaya Wealth Management Fund,IN/AIF1/25-26/2046,"Feb 16, 2026 - Perpetual",deenamehta18@gmail.com,Deena Mehta,"828, 8th Floor, Tower A2, Spaze I-Tech Park, Sector 49, Sohna Road,, GURUGRAM, HARYANA, 122018","828, 8th Floor, Tower A2, Spaze I-Tech Park, Sector 49, Sohna Road, GURUGRAM, HARYANA, 122018",,,HARYANA,
Hissa Trust,IN/AIF2/23-24/1439,"Jan 29, 2024 - Perpetual",compliance@hissa.fund,Satish Mugulavalli,"101, 1st Floor, Embassy Classic, 11, Vittal Mallya Road, BANGALORE, KARNATAKA, 560001","101, 1st Floor, Embassy Classic, 11, Vittal Mallya Road, BANGALORE, KARNATAKA, 560001",,,KARNATAKA,BANGALORE
Holani Venture Capital Fund,IN/AIF1/24-25/1489,"Apr 03, 2024 - Perpetual",holanicapital@gmail.com,Ashok Holani,"415 4 th Floor Soni Paris Point A 26 A , Sawai Jai Singh Highway Bani Park Jaipur, JAIPUR, RAJASTHAN, 302016","415 4 th Floor Soni Paris Point A 26 A , Sawai Jai Singh Highway Bani Park Jaipur, JAIPUR, RAJASTHAN, 302016",,,RAJASTHAN,JAIPUR
Holystone Hospitality Fund,IN/AIF2/25-26/2091,"Mar 12, 2026 - Perpetual",mail2lalit79@gmail.com,Lalit Sharma,"Flat No 82 3 Sadh Nagar II, Palam Colony New Delhi, NEW DELHI, NATIONAL CAPITAL TERRITORY OF DELHI, 110045",,,,NATIONAL CAPITAL TERRITORY OF DELHI,NEW DELHI
HPCL Startup Fund,IN/AIF1/25-26/1822,"Jun 04, 2025 - Perpetual",hpclstartupfund@hpcl.in,Kushal Banerjee,"Petroleum House 17 Jamshedji Tata Road Churchgate Mumbai 400020, MUMBAI, MAHARASHTRA, 400020","Petroleum House 17 Jamshedji Tata Road Churchgate Mumbai 400020, MUMBAI, MAHARASHTRA, 400020",,,MAHARASHTRA,MUMBAI
HSS EMERGING INDIA TRUST,IN/AIF3/25-26/2029,"Jan 30, 2026 - Perpetual",ADMIN@HSSAMC.COM,HARDIK JAIN,"Room 3, Floor 3, Plot 209, Arya Building, P DMello Road,, Opp. George Hospital, Fort, MUMBAI, MAHARASHTRA, 400001","Room 3, Floor 3, Plot 209, Arya Building, P DMello Road, Opp. George Hospital, Fort, MUMBAI, MAHARASHTRA, 400001",,,MAHARASHTRA,MUMBAI
Huddle Venture Fund,IN/AIF1/22-23/1195,"Jan 23, 2023 - Perpetual",huddle.nda@nishithdesai.com,Sanil Sachar,"A-19 New Friends Colony, New Delhi, NEW DELHI, NATIONAL CAPITAL TERRITORY OF DELHI, 110065","A-19 New Friends Colony, New Delhi, NEW DELHI, NATIONAL CAPITAL TERRITORY OF DELHI, 110065",,,NATIONAL CAPITAL TERRITORY OF DELHI,NEW DELHI
Huddle Ventures VC Fund,IN/AIF2/25-26/1995,"Dec 18, 2025 - Perpetual",sanil@huddleventures.vc,Sanil Sachar,"D 12/1 D 14 Infocity, Phase II Sector 33, GURUGRAM, HARYANA, 122001","D 12/1 D 14 Infocity, Phase II Sector 33, GURUGRAM, HARYANA, 122001",,,HARYANA,
Hyderabad Angels Trust,IN/AIF1/23-24/1325,"Aug 09, 2023 - Perpetual",rathnakar.s@hyderabadangels.in,Rathnakar Samavedam,"H No 1 62 2 18 PNO 1 , Guttala Begumpet, HYDERABAD, TELANGANA, 500081","Plot no 18 iLabs Centre, Ground Floor Building 3 Software Units Layout, HYDERABAD, TELANGANA, 500081",,,TELANGANA,HYDERABAD
Hyperion Capital Fund,IN/AIF2/25-26/1924,"Oct 15, 2025 - Perpetual",investmentfunds@elp-in.com,Manish Patel,"Flat no. 202/203-AT-76, , S/F, Vijay Block, Laxmi Nagar, NEW DELHI, NATIONAL CAPITAL TERRITORY OF DELHI, 110092","Flat no. 202/203-AT-76, , S/F, Vijay Block, Laxmi Nagar, NEW DELHI, NATIONAL CAPITAL TERRITORY OF DELHI, 110092",,,NATIONAL CAPITAL TERRITORY OF DELHI,NEW DELHI
I-Wealth Trust,IN/AIF3/18-19/0531,"Apr 16, 2018 - Perpetual",bharat@iwealthindia.com,Bharat Jain,"822 Tulsiani Chambers, Free Press Journal Marg, Nariman Point, Mumbai, MUMBAI, MAHARASHTRA, 400021","822 Tulsiani Chambers, Free Press Journal Marg, Nariman Point, Mumbai, MUMBAI, MAHARASHTRA, 400021",,,MAHARASHTRA,MUMBAI
IA Growth Opportunities Fund I,IN/AIF1/22-23/1130,"Sep 06, 2022 - Perpetual",mona.singh@indiaaccelerator.co,Mona Singh,"UG-006, GF, MGF Metropolis Mall, GURGAON, HARYANA, 122002","UG-006, GF, MGF Metropolis Mall, GURGAON, HARYANA, 122002",,,HARYANA,
IA Growth Opportunities Fund II,IN/AIF2/22-23/1145,"Sep 30, 2022 - Perpetual",abhay.chawla@indiaaccelerator.co,Abhay Chawla,"UG 006, UG Floor, MGF Metropolis Mall, MG Road, GURGAON, HARYANA, 1220002","UG 006, UG Floor, MGF Metropolis Mall, MG Road, GURGAON, HARYANA, 1220002",,,HARYANA,
IAN Alpha Trust,IN/AIF2/22-23/1127,"Sep 02, 2022 - Perpetual",borun@indianangelnetwork.com,Borun Ghorai,"E-6, The Edenpark Hotel, Shaheed Jeet Singh Marg, Qutab Institutional Area, NEW DELHI, NATIONAL CAPITAL TERRITORY OF DELHI, 110016","E-6, The Edenpark Hotel, Shaheed Jeet Singh Marg, Qutab Institutional Area, NEW DELHI, NATIONAL CAPITAL TERRITORY OF DELHI, 110016",,,NATIONAL CAPITAL TERRITORY OF DELHI,NEW DELHI
IAN CAPITAL,IN/AIF1/20-21/0862,"Feb 08, 2021 - Perpetual",padmaja@indianangelnetwork.com,PADMAJA RUPAREL,"C 482, Defence Colony, NEW DELHI, NATIONAL CAPITAL TERRITORY OF DELHI, 110024","C 482, Defence Colony, NEW DELHI, NATIONAL CAPITAL TERRITORY OF DELHI, 110024",1142630892.0,1142630892.0,NATIONAL CAPITAL TERRITORY OF DELHI,NEW DELHI
IAN Fund I,IN/AIF1/16-17/0220,"May 05, 2016 - Perpetual",,,"IAN Consultancy LLP, B1 by 108, Vasant Kunj, New Delhi, DELHI, NATIONAL CAPITAL TERRITORY OF DELHI, 110070",,,,NATIONAL CAPITAL TERRITORY OF DELHI,NEW DELHI
IBL INVESTMENTS TRUST,IN/AIF2/25-26/1900,"Sep 15, 2025 - Perpetual",aifm@indrayani.com,SWAMINATHAN GOVINDARAJAN,"Block I, 3rd Floor, Module No. 32 and 33, Thiru Vi Ka Industrial Estate, SIDCO Electronic Complex, Guindy, CHENNAI, TAMIL NADU, 600032","Block I, 3rd Floor, Module No. 32 and 33, Thiru Vi Ka Industrial Estate, SIDCO Electronic Complex, Guindy, CHENNAI, TAMIL NADU, 600032",,,TAMIL NADU,CHENNAI
ICICI PRUDENTIAL DEBT FUND,IN/AIF2/14-15/0105,"May 05, 2014 - Perpetual",,,"2nd Floor, Block B 2, Nirlon Knowledge Park, Off Western Express Highway, Goregaon East, MUMBAI, MAHARASHTRA, 400063",,,,MAHARASHTRA,MUMBAI
ICICI Prudential Private Capital Fund,IN/AIF2/21-22/0926,"Sep 02, 2021 - Perpetual",Rakesh_Shetty@icicipruamc.com,Rakesh Shetty,"ICICI Prudential Mutual Fund Tower, Vakola Santacruz East Mumbai 400055, MUMBAI, MAHARASHTRA, 400055","2nd Floor, Block B2, Nirlon Knowledge Park, Western Express Highway, Goregaon East, MUMBAI, MAHARASHTRA, 400063",9100000000000.0,9100000000000.0,MAHARASHTRA,MUMBAI
ICICI PRUDENTIAL REAL ESTATE AIF,IN/AIF2/14-15/0112,"Jun 25, 2014 - Perpetual",Rakesh_Shetty@icicipruamc.com,Rakesh Shetty,"2nd Floor, Block B 2, NirlonKnowledge Park, Off Western Express Highway, Goregaon East ,, MUMBAI, MAHARASHTRA, 400063",,,,MAHARASHTRA,MUMBAI
ICICI Prudential Strategic Alpha Fund,IN/AIF3/16-17/0310,"Mar 30, 2017 - Perpetual",Rakesh_Shetty@icicipruamc.com,Rakesh Shetty,"2nd Floor, Block B 2, Nirlon Knowledge Park, Off Western Express Highway, Goregaon East, MUMBAI, MAHARASHTRA, 400063",,,,MAHARASHTRA,MUMBAI
ICICI SECURITIES AIF TRUST,IN/AIF3/23-24/1292,"Jun 13, 2023 - Perpetual",iseccompliance@icicisecurities.com,ANUPAM GUHA,"ICICI Venture House, Appasaheb Marg, Prabhadevi, MUMBAI, MAHARASHTRA, 400025","ICICI Venture House, Appasaheb Marg, Prabhadevi, MUMBAI, MAHARASHTRA, 400025",,,MAHARASHTRA,MUMBAI
ICON CAPITAL TRUST,IN/AIF1/25-26/1880,"Aug 20, 2025 - Perpetual",mehra.santosh@gmail.com,Santosh Mehra K N V,"305, 11 LH, Lanco Hills, Manikonda, HYDERABAD, TELANGANA, 500089","8 2 277 36, U.B Colony Road No 3, Banjara Hills, HYDERABAD, TELANGANA, 500034",,,TELANGANA,HYDERABAD
iCreate Angel Fund Trust,IN/AIF1/24-25/1491,"Apr 03, 2024 - Perpetual",cs@gvfl.com,Lekha Sharma,"C 1221, 1222, Stratum at Venus Ground, Satellite Road, Nehrunagar, AHMEDABAD, GUJARAT, 380015","C 1221, 1222, Stratum at Venus Ground, Satellite Road, Nehrunagar, AHMEDABAD, GUJARAT, 380015",,,GUJARAT,
IDBI CAPITAL IPOPPORTUNITIES TRUST,IN/AIF3/24-25/1730,"Feb 20, 2025 - Perpetual",icipo@idbicapital.com,Vikram Jain,"6th Floor IDBI Tower , WTC Complex Cuffe Parade, MUMBAI, MAHARASHTRA, 400005","6th Floor IDBI Tower , WTC Complex Cuffe Parade, MUMBAI, MAHARASHTRA, 400005",,,MAHARASHTRA,MUMBAI
IDEASPRING CAPITAL FUND,IN/AIF1/15-16/0213,"Mar 02, 2016 - Perpetual",,,"C/o IDEASPRING ADVISORS LLP, UNIT NO. F-101, 1ST FLOOR, SURAJ GANGA ARCADE,, NO. 332/7, 14TH CROSS, 2ND BLOCK, JAYANAGAR,, BANGALORE, KARNATAKA, 560011",,,,KARNATAKA,BANGALORE
IDEASPRING CAPITAL FUND II,IN/AIF2/21-22/0898,"Jul 01, 2021 - Perpetual",ACCOUNTS@IDEASPRINGCAP.COM,NAGANAND DORASWAMY,"C/O IDEASPRING CAPITAL ADVISORS LLP, UNIT NO. F-101, 1ST FLOOR, SURAJ GANGA ARCADE,, NO. 332/7, 14TH CROSS, 2ND BLOCK, JAYANAGAR,, BANGALORE, KARNATAKA, 560011","C/O IDEASPRING CAPITAL ADVISORS LLP, UNIT NO. F-101, 1ST FLOOR, SURAJ GANGA ARCADE, NO. 332/7, 14TH CROSS, 2ND BLOCK, JAYANAGAR, BANGALORE, KARNATAKA, 560011",,,KARNATAKA,BANGALORE
IDEASPRING CAPITAL FUND III,IN/AIF2/25-26/1814,"May 29, 2025 - Perpetual",naresh@ideaspringcap.com,NARESH PANDIGUNTA,"Unit No. F101, 1st Floor, Suraj Ganga Arcade, No. 332.7, 14th Cross, 2nd Block, Jayanagar,, BANGALORE, KARNATAKA, 560011","Unit No. F101, 1st Floor, Suraj Ganga Arcade, No. 332.7, 14th Cross, 2nd Block, Jayanagar, BANGALORE, KARNATAKA, 560011",,,KARNATAKA,BANGALORE
IFMR FINANCE FOR FREEDOM FUND,IN/AIF2/15-16/0192,"Dec 16, 2015 - Perpetual",,,"10th Floor, Phase I, IIT Madras Research Park, , Kanagam Village, Taramani, Chennai 600 113, CHENNAI, TAMIL NADU, 600030",,,,TAMIL NADU,CHENNAI
IFMR Finance for Freedom Fund III,IN/AIF2/16-17/0296,"Jan 23, 2017 - Perpetual",,,"10th Floor, Phase I, IIT Madras Research Park, , Kanagam Village, Taramani, Chennai 600 113, CHENNAI, TAMIL NADU, 600030",,,,TAMIL NADU,CHENNAI
IFMR Finance for Freedom Fund IV,IN/AIF2/16-17/0311,"Mar 30, 2017 - Perpetual",,,"10th Floor, Phase I, IIT Madras Research Park, , Kanagam Village, Taramani, Chennai 600 113, CHENNAI, TAMIL NADU, 600030",,,,TAMIL NADU,CHENNAI
IFMR FINANCE FOR FREEDOM FUND V,IN/AIF2/17-18/0510,"Jan 05, 2018 - Perpetual",IMcompliance@ifmr.co.in,KSHAMA FERNANDES,"Ground Floor, Axis House,Bombay Dyeing Mills Compound,, Pandurang Budhkar Marg,Worli, MUMBAI, MAHARASHTRA, 400025","IITM RESEARCH PARK, PHASE I, 10th FLOOR, 1 KANAGAM VILLAGE (BEHIND TIDEL PARK), TARAMANI, CHENNAI, TAMIL NADU, 600113",,,MAHARASHTRA,MUMBAI
IGI INDIA TRUST,IN/AIF2/14-15/0108,"May 20, 2014 - Perpetual",,,,,,,,
IGNIS CAPITAL TRUST,IN/AIF2/22-23/1074,"May 31, 2022 - Perpetual",bhumika.jani@centrum.co.in,Bhumika Jani,"Centrum House CST Road Vidyanagari Marg Kalina, Santacruz East, MUMBAI, MAHARASHTRA, 400098","Centrum House CST Road Vidyanagari Marg Kalina, Santacruz East, MUMBAI, MAHARASHTRA, 400098",,,MAHARASHTRA,MUMBAI
IIDEA FUND,IN/AIF1/25-26/1780,"Apr 07, 2025 - Perpetual",SIDDARTH@3ONE4CAPITAL.COM,SIDDARTH PAI,"OFFICE NO. 01, 5th FLOOR, 1 SOBHA, 50 ST. MARKS ROAD, BANGALORE, KARNATAKA, 560001","OFFICE NO. 01, 5th FLOOR, 1 SOBHA, 50 ST. MARKS ROAD, BANGALORE, KARNATAKA, 560001",,,KARNATAKA,BANGALORE
IIFL Alternative PE Fund,IN/AIF2/16-17/0289,"Jan 02, 2016 - Perpetual",,,"IIFL Centre, Kamala City, Senapati Bapat Marg, lower parel, MUMBAI, MAHARASHTRA, 400013",,,,MAHARASHTRA,MUMBAI
IIFL SECURITIES CAPITAL ENHANCER FUND,IN/AIF2/21-22/0888,"May 24, 2021 - Perpetual",compliance_aif@iifl.com,Prashant Parmar,"Hub Town Solaris, Ground Floor, Office no 1, N S Phadke Marg, Near East West flyover, Andheri East, MUMBAI, MAHARASHTRA, 400069","Hub Town Solaris, Ground Floor, Office no 1, N S Phadke Marg, Near East West flyover, Andheri East, MUMBAI, MAHARASHTRA, 400069",,,MAHARASHTRA,MUMBAI
IIFL Securities Dynamic Fund,IN/AIF3/19-20/0770,"Feb 05, 2020 - Perpetual",aifops@iifl.com,Prasad Umarale,"Hubtown Solaris, Ground Floor, Office No. 1, N.S.Phadke Marg, Near East West Flyover, Andheri (E), MUMBAI, MAHARASHTRA, 400069","Hubtown Solaris, Ground Floor, Office No. 1, N.S.Phadke Marg, Near East West Flyover, Andheri (E), MUMBAI, MAHARASHTRA, 400069",,,MAHARASHTRA,MUMBAI
IIFL VENTURE FUND,IN/AIF1/12-13/0017,"Nov 19, 2012 - Perpetual",,,,,,,,
III Realty Trust,IN/AIF2/19-20/0708,"Jun 21, 2019 - Perpetual",sreyansh@iiimf.com,Sreyansh Mehta,"No. 98/99, Habibullah Road, T. Nagar, CHENNAI, TAMIL NADU, 600017","No. 98/99, Habibullah Road, T. Nagar, CHENNAI, TAMIL NADU, 600017",,,TAMIL NADU,CHENNAI
IKIGAI Asset Holdings Investment Trust,IN/AIF3/23-24/1461,"Mar 22, 2024 - Perpetual",pankaj.tibrewal@ikigaiasset.com,Pankaj Tibrewal,"HD040,Wework Enam Sambhav, C20, G Block, Bandra East, MUMBAI, MAHARASHTRA, 400051","1008, INS Tower, G Block, CTS No 4207, Bandra Kurla Complex, MUMBAI, MAHARASHTRA, 400051",,,MAHARASHTRA,MUMBAI
IKP VENTURE TRUST - I,IN/AIF1/18-19/0632,"Jan 29, 2019 - Perpetual",ACCOUNTS@IKPIMC.IN,KEERTHY S,"IKP, Genome Valley, Turkapally, Shamirpet, HYDERABAD, TELANGANA, 500101","IKP Trust, 10th Floor, Phase I IIT Madras Research Park, Kanagam Village Road, Taramani, CHENNAI, TAMIL NADU, 600113",,,TELANGANA,HYDERABAD
IL&FS INFRASTRUCTURE INVESTMENT TRUST,IN/AIF1/15-16/0176,"Oct 13, 2015 - Perpetual",,,"IL&FS Financial Centre, Plot c-22, G-Block, Bandra Kurla Complex , Bandra east, MUMBAI, MAHARASHTRA, 400051",,,,MAHARASHTRA,MUMBAI
IL&FS INFRASTRUCTURE INVESTMENT TRUST-II,IN/AIF1/15-16/0178,"Oct 23, 2015 - Perpetual",,,,,,,,
iLabs Investment Trust,IN/AIF2/18-19/0606,"Oct 19, 2018 - Perpetual",trustee@ilabsgroup.com,Jyothi Chintalapati,"iLabs Centre, Building-3, Plot No.18, Software Units Layout, Madhapur,, HYDERABAD, TELANGANA, 500081","iLabs Centre, Building-3, Plot No.18, Software Units Layout, Madhapur, HYDERABAD, TELANGANA, 500081",,,TELANGANA,HYDERABAD
IMAP India Capital Investment Trust,IN/AIF2/23-24/1364,"Oct 06, 2023 - Perpetual",paresh@catalystfin.com,Paresh Raja,"6th Floor Tower 2 South Annex One World Centre Senapati Bapat Marg Lower Parel Mumbai 400 013, MUMBAI, MAHARASHTRA, 400013","6th Floor Tower 2 South Annex One World Centre Senapati Bapat Marg Lower Parel Mumbai 400 013, MUMBAI, MAHARASHTRA, 400013",,,MAHARASHTRA,MUMBAI
IMPRINTS VC FUND,IN/AIF1/16-17/0233,"Jun 10, 2017 - Perpetual",,,,,,,,
IMVESTA ALTERNATIVE FUNDS,IN/AIF1/23-24/1479,"Mar 27, 2024 - Perpetual",imvestaaif@gmail.com,Nikhil Bansal,"516, Arunachal Building,19, Barakhamba Road,Connaught Place, NEW DELHI, NATIONAL CAPITAL TERRITORY OF DELHI, 110001","516, Arunachal Building,19, Barakhamba Road,Connaught Place, NEW DELHI, NATIONAL CAPITAL TERRITORY OF DELHI, 110001",,,NATIONAL CAPITAL TERRITORY OF DELHI,NEW DELHI
Incofin India Progress Fund,IN/AIF2/19-20/0725,"Aug 20, 2019 - Perpetual",sanjay.kumar@incofin.com,SANJAY KUMAR,"THE CAPITAL, 3053, Z Block, 4th STREET,, 13th MAIN ROAD, ANNA NAGAR,, CHENNAI, TAMIL NADU, 600040","THE CAPITAL, 3053, Z Block, 4th STREET, 13th MAIN ROAD, ANNA NAGAR, CHENNAI, TAMIL NADU, 600040",,,TAMIL NADU,CHENNAI
Incofin India Progress Fund - II,IN/AIF2/24-25/1728,"Feb 20, 2025 - Perpetual",piyush.bafna@incofin.com,Piyush Bafna,"The Capital, 3053, Z Block, 4th Street,, 13th Main Road, Anna Nagar, CHENNAI, TAMIL NADU, 600040","The Capital, 3053, Z Block, 4th Street, 13th Main Road, Anna Nagar, CHENNAI, TAMIL NADU, 600040",,,TAMIL NADU,CHENNAI
Incred Alternative Investments Trust,IN/AIF3/22-23/1253,"Mar 27, 2023 - Perpetual",gaurav.ahuja@incred.com,Gaurav Ahuja,"Unit no 1203 12th Floor The Capital , Bandra Kurla Complex Bandra East, MUMBAI, MAHARASHTRA, 400051","Unit no 1203 12th Floor The Capital , Bandra Kurla Complex Bandra East, MUMBAI, MAHARASHTRA, 400051",,,MAHARASHTRA,MUMBAI
Incred Alternative Opportunities Trust,IN/AIF2/22-23/1111,"Aug 01, 2022 - Perpetual",gaurav.ahuja@incred.com,Gaurav Ahuja,"Unit no 1203 12th Floor The Capital , Bandra Kurla Complex Bandra East, MUMBAI, MAHARASHTRA, 400051","Unit no 1203 12th Floor The Capital , Bandra Kurla Complex Bandra East, MUMBAI, MAHARASHTRA, 400051",,,MAHARASHTRA,MUMBAI
InCred Equity Opportunities Trust,IN/AIF3/23-24/1414,"Dec 18, 2023 - Perpetual",aif.compliance@incred.com,Dhawal Mehta,"Unit no 1203 12th Floor The Capital , Bandra Kurla Complex Bandra East, MUMBAI, MAHARASHTRA, 400051","Unit no 1203 12th Floor The Capital , Bandra Kurla Complex Bandra East, MUMBAI, MAHARASHTRA, 400051",,,MAHARASHTRA,MUMBAI
INCRED VENTURES INDIA ANGEL FUND,IN/AIF1/23-24/1261,"Apr 19, 2023 - Perpetual",aif.compliance@incred.com,Gaurav Ahuja,"1203,12th Floor, B Wing, The Capital, Bandra Kurla Complex, Bandra East, MUMBAI, MAHARASHTRA, 400051","1203,12th Floor, B Wing, The Capital, Bandra Kurla Complex, Bandra East, MUMBAI, MAHARASHTRA, 400051",,,MAHARASHTRA,MUMBAI
INCUBE CONNECT FUND,IN/AIF1/12-13/0025,"Jan 23, 2013 - Perpetual",,,,,,,,
INDGROWTH CAPITAL FUND I,IN/AIF3/17-18/0315,"Apr 10, 2017 - Perpetual",,,"C 302,Lakshchandi Heights, Gokuldham, , Goregaon East, MUMBAI, MAHARASHTRA, 400063",,,,MAHARASHTRA,MUMBAI
INDGROWTH CAPITAL TRUST,IN/AIF3/24-25/1670,"Dec 18, 2024 - Perpetual",RAJESH.SINGHAL@INDGROWTH.COM,Rajesh Singhal,"C302, Lakshchandi Heights Gokuldham, Goregaon East, MUMBAI, MAHARASHTRA, 400063","C302, Lakshchandi Heights Gokuldham, Goregaon East, MUMBAI, MAHARASHTRA, 400063",,,MAHARASHTRA,MUMBAI
India - Ahead Private Equity Trust,IN/AIF2/21-22/0980,"Jan 27, 2022 - Perpetual",,,"Abakkus Corporate Centre, 6th Floor, Param House, Shanti Nagar Santacruz Chembur Link Road, Santacruz East, MUMBAI, MAHARASHTRA, 400055","Abakkus Corporate Centre, 6th Floor, Param House, Shanti Nagar Santacruz Chembur Link Road, Santacruz East, MUMBAI, MAHARASHTRA, 400055",,,MAHARASHTRA,MUMBAI
India - Ahead Venture Trust,IN/AIF1/21-22/0976,"Jan 25, 2022 - Perpetual",,,"Abakkus Corporate Centre, 6th Floor, Param House, Shanti Nagar, Santacruz Chembur Link Road, Santacruz East, MUMBAI, MAHARASHTRA, 400055","Abakkus Corporate Centre, 6th Floor, Param House, Shanti Nagar, Santacruz Chembur Link Road, Santacruz East, MUMBAI, MAHARASHTRA, 400055",,,MAHARASHTRA,MUMBAI
INDIA ADVANTAGE FUND S3 I,IN/AIF1/25-26/1893,"Sep 03, 2025 - Perpetual",ivenlegal@iciciventure.com,Pooja Basu,"ICICI Venture House, Ground Floor, Appasaheb Marathe Marg, Prabhadevi, MUMBAI, MAHARASHTRA, 400025","ICICI Venture House, Ground Floor, Appasaheb Marathe Marg, Prabhadevi, MUMBAI, MAHARASHTRA, 400025",2266175386.0,2266175386.0,MAHARASHTRA,MUMBAI
INDIA ADVANTAGE FUND S4 I,IN/AIF2/15-16/0170,"Aug 20, 2015 - Perpetual",,,"C by O ICICI Venture Funds Management Company Limited, Ground Floor, ICICI Venture House,, Appasaheb Marathe Marg, Prabhadevi, MUMBAI, MAHARASHTRA, 400025",,,,MAHARASHTRA,MUMBAI
India Advantage Fund S5 I,IN/AIF2/21-22/0939,"Oct 20, 2021 - Perpetual",ivenlegal@iciciventure.com,Shweta Agrawal,"ICICI Venture House, Appasaheb Marathe Marg, Prabhadevi, MUMBAI, MAHARASHTRA, 400025","ICICI Venture House, Appasaheb Marathe Marg, Prabhadevi, MUMBAI, MAHARASHTRA, 400025",9100000000000.0,9100000000000.0,MAHARASHTRA,MUMBAI
India Advantage Fund S5 II,IN/AIF2/21-22/0998,"Feb 24, 2022 - Perpetual",ivenlegal@iciciventure.com,Pooja Basu,"ICICI Venture House, Appasaheb Marathe Marg, Prabhadevi, MUMBAI, MAHARASHTRA, 400025","ICICI Venture House, Appasaheb Marathe Marg, Prabhadevi, MUMBAI, MAHARASHTRA, 400025",,,MAHARASHTRA,MUMBAI
INDIA AGRICULTURE TRUST,IN/AIF1/12-13/0024,"Jan 21, 2013 - Perpetual",,,,,,,,
INDIA ALTERNATIVE ENERGY TRUST,IN/AIF1/13-14/0082,"Oct 29, 2013 - Perpetual",,,"Suite 1806, Hotel Four Seasons, 114, Dr. E Moses Road, Worli, MUMBAI, MAHARASHTRA, 400018",,,,MAHARASHTRA,MUMBAI
India Alternatives Private Equity Trust,IN/AIF2/16-17/0256,"Aug 30, 2016 - Perpetual",,,"3rd Floor, Pinnacle House,, Corner of P D Hinduja Road & 15th Road, Bandra West, MUMBAI, MAHARASHTRA, 400050",,,,MAHARASHTRA,MUMBAI
INDIA ALTERNATIVES PRIVATE EQUITY TRUST III,IN/AIF2/24-25/1658,"Dec 06, 2024 - Perpetual",rinette.amanna@india-alt.com,RINETTE AMANNA,"3rd floor Pinnacle House corner of 15th Road and P D Hinduja Road, Bandra West Mumbai, MUMBAI, MAHARASHTRA, 400050","3rd floor Pinnacle House corner of 15th Road and P D Hinduja Road, Bandra West Mumbai, MUMBAI, MAHARASHTRA, 400050",,,MAHARASHTRA,MUMBAI
INDIA ASSET GROWTH FUND,IN/AIF2/12-13/0037,"Mar 11, 2013 - Perpetual",,,"Tower 3, 11th Floor, India Bulls Finance Centre, Senapati Bapat Marg, Elphinstone Road, MUMBAI, MAHARASHTRA, 400013",,,,MAHARASHTRA,MUMBAI
India Asset Growth Fund II,IN/AIF2/15-16/0212,"Mar 01, 2016 - Perpetual",,,"A Wing, 18th Floor, Marathon Future X, N.M. Joshi Marg, Lower Parel East, MUMBAI, MAHARASHTRA, 400013",,,,MAHARASHTRA,MUMBAI
India Credit Excellence Trust - I,IN/AIF2/25-26/1997,"Dec 22, 2025 - Perpetual",Bhavesh.Pandya@motilaloswal.com,Bhavesh Pandya,"12th Floor, Motilal Oswal Tower, Rahimtullah Sayani Road, Opposite Parel ST Depot, Prabhadevi, MUMBAI, MAHARASHTRA, 400025","12th Floor, Motilal Oswal Tower, Rahimtullah Sayani Road, Opposite Parel ST Depot, Prabhadevi, MUMBAI, MAHARASHTRA, 400025",,,MAHARASHTRA,MUMBAI
India Credit Opportunities Trust,IN/AIF2/22-23/1220,"Mar 01, 2023 - Perpetual",rutu.dave@centrum.co.in,Rutu Dave,"Centrum House 5445 A C.S.T. Road Vidyanagari Marg Kalina Santacruz East, MUMBAI, MAHARASHTRA, 400098","Centrum House 5445 A C.S.T. Road Vidyanagari Marg Kalina Santacruz East, MUMBAI, MAHARASHTRA, 400098",,,MAHARASHTRA,MUMBAI
India Credit Opportunities Trust III,IN/AIF2/25-26/1973,"Dec 08, 2025 - Perpetual",indranil.das@modulusalternatives.co.in,Indranil Das,"Centrum House, 5445 A CST Road, Vidyanagari Marg, Kalina, Santacruz East, MUMBAI, MAHARASHTRA, 400098","Centrum House, 5445 A CST Road, Vidyanagari Marg, Kalina, Santacruz East, MUMBAI, MAHARASHTRA, 400098",,,MAHARASHTRA,MUMBAI
India Customer Insight Fund,IN/AIF2/16-17/0308,"Mar 24, 2017 - Perpetual",,,,,,,,
India Discovery Fund,IN/AIF1/20-21/0848,"Jan 05, 2021 - Perpetual",ashwani.singh@35northventures.com,Ashwani Singh,"Level 7 B Wing The Capital Plot C 70 G Block, Bandra Kurla Complex BKC Bandra East Mumbai 400051, MUMBAI, MAHARASHTRA, 400051","Level 7 B Wing The Capital Plot C 70 G Block, Bandra Kurla Complex BKC Bandra East Mumbai 400051, MUMBAI, MAHARASHTRA, 400051",,,MAHARASHTRA,MUMBAI
INDIA DISCOVERY FUND - II,IN/AIF1/24-25/1510,"May 03, 2024 - Perpetual",ASHWANI.SINGH@35NORTHVENTURES.COM,ASHWANI SINGH,"Level 7, B Wing, The Capital, Bandra Kurla Complex, MUMBAI, MAHARASHTRA, 400051","Level 7, B Wing, The Capital, Bandra Kurla Complex, MUMBAI, MAHARASHTRA, 400051",,,MAHARASHTRA,MUMBAI
India Electronic Development Fund,IN/AIF1/16-17/0305,"Mar 08, 2017 - Perpetual",sbhanuchandran@hotmail.com,bhanuchandran srinivasan,"NO. 42, C BLOCK, ANANDANAGARA, MYSORE, KARNATAKA, 570022",,,,KARNATAKA,
India Food Fund Investment Trust,IN/AIF2/25-26/1779,"Apr 07, 2025 - Perpetual",yohaan@indiafoodfund.com,Yohaan Dattoobhai,"2A Rashid Mansion Dr Annie Besant Road, MUMBAI, MAHARASHTRA, 400018","2A Rashid Mansion Dr Annie Besant Road, MUMBAI, MAHARASHTRA, 400018",,,MAHARASHTRA,MUMBAI
INDIA FOUNDERS TRUST,IN/AIF2/22-23/1031,"Apr 01, 2022 - Perpetual",nitish@nazara.com,NITISH MITTERSAIN,"601, 6th Floor, Plot No. 206, Dalamal House, Jamnalal Balaji Marg, Nariman Point, MUMBAI, MAHARASHTRA, 400021","601, 6th Floor, Plot No. 206, Dalamal House, Jamnalal Balaji Marg, Nariman Point, MUMBAI, MAHARASHTRA, 400021",,,MAHARASHTRA,MUMBAI
INDIA HOSPITALITY RESITEL FUND,IN/AIF2/19-20/0735,"Oct 24, 2019 - Perpetual",V.JATIA@BLUETRIANGLECAPITAL.COM,VAIBHAV JATIA,"3, Krishna Mahal, Gr. Floor, 63, Marine Drive, D Road, MUMBAI, MAHARASHTRA, 400020","3, Krishna Mahal, Gr. Floor, 63, Marine Drive, D Road, MUMBAI, MAHARASHTRA, 400020",,,MAHARASHTRA,MUMBAI
INDIA HOUSING FOR ALL,IN/AIF2/20-21/0790,"Apr 24, 2020 - Perpetual",ganesh_shankar@indiahousingforall.com,GANESH SHANKAR,"C-20 G Block WeWork, Bandra-Kurla Complex Bandra (East), MUMBAI, MAHARASHTRA, 400051","C-20 G Block WeWork, Bandra-Kurla Complex Bandra (East), MUMBAI, MAHARASHTRA, 400051",,,MAHARASHTRA,MUMBAI
INDIA INFRASTRUCTURE FUND II,IN/AIF1/13-14/0084,"Oct 29, 2013 - Perpetual",,,"C 32, G BLOCK, NAMAN CHAMBERS, BANDRA KURLA COMPLEX, BANDRA EAST, MUMBAI, MAHARASHTRA, 400051",,,,MAHARASHTRA,MUMBAI
India Investment Opportunities Fund,IN/AIF2/18-19/0560,"Jul 03, 2018 - Perpetual",vipul.jain@brookfield.com,Vipul Jain,"Godrej BKC, 4th Floor, Unit 1,, Bandra Kurla Complex, Bandra East, Mumbai 400051, MUMBAI, MAHARASHTRA, 400051","Godrej BKC, 4th Floor, Unit 1, Bandra Kurla Complex, Bandra East, Mumbai 400051, MUMBAI, MAHARASHTRA, 400051",,,MAHARASHTRA,MUMBAI
India Japan Fund,IN/AIF2/23-24/1324,"Aug 08, 2023 - Perpetual",jitender.tanikella@niifindia.in,Jitender Tanikella,"C/o National Investment and Infrastructure Fund Limited, UTI Tower, GN Block,, 4th Floor, Bandra Kurla Complex,, MUMBAI, MAHARASHTRA, 400051","C/o National Investment and Infrastructure Fund Limited, UTI Tower, GN Block, 4th Floor, Bandra Kurla Complex, MUMBAI, MAHARASHTRA, 400051",,,MAHARASHTRA,MUMBAI
INDIA LIFE SCIENCES FUND IV DOMESTIC,IN/AIF2/23-24/1403,"Dec 08, 2023 - Perpetual",nithya.govind@invascent.com,Nithya Govind,"Plot No 1174-A, Road No 36, Jubilee Hills, Hyderabad, HYDERABAD, TELANGANA, 500033","Plot No 1174-A, Road No 36, Jubilee Hills, Hyderabad, HYDERABAD, TELANGANA, 500033",,,TELANGANA,HYDERABAD
INDIA MEDIA AND ENTERTAINMENT TRUST,IN/AIF2/21-22/0932,"Sep 30, 2021 - Perpetual",compliance@imef.in,Nipa Savla,"The Capital Awing No 603 606 6th Floor , Plot No C70 G Block BKC, MUMBAI, MAHARASHTRA, 400051","The Capital Awing No 603 606 6th Floor , Plot No C70 G Block BKC, MUMBAI, MAHARASHTRA, 400051",,,MAHARASHTRA,MUMBAI
India Office Assets Fund I,IN/AIF2/18-19/0646,"Mar 11, 2019 - Perpetual",compliance.kial@kotak.com,Rajeev Saptarshi,"Co. Kotak Investment Advisors Limited 27 BKC, 7th Floor, Plot No. C 27, G Block,, Bandra Kurla Complex, Bandra East, MUMBAI, MAHARASHTRA, 400051","Co. Kotak Investment Advisors Limited 27 BKC, 7th Floor, Plot No. C 27, G Block, Bandra Kurla Complex, Bandra East, MUMBAI, MAHARASHTRA, 400051",,,MAHARASHTRA,MUMBAI
India Opportunities Fund SSA,IN/AIF2/21-22/0922,"Aug 27, 2021 - Perpetual",snangia@BainCapital.com,Suruchi Nangia,"215 Free Press House 2nd Floor, Unit 23 24 and 26 28 Nariman Point, MUMBAI, MAHARASHTRA, 400021","215 Free Press House 2nd Floor, Unit 23 24 and 26 28 Nariman Point, MUMBAI, MAHARASHTRA, 400021",,,MAHARASHTRA,MUMBAI
India Real Estate Investment Fund,IN/AIF2/16-17/0271,"Oct 28, 2016 - Perpetual",,,,,,,,
India Real Estate Investment Fund,IN/AIF1/17-18/0354,"Oct 28, 2016 - Perpetual",,,,,,,,
India Real Estate Investment Fund Series 2,IN/AIF2/22-23/1144,"Sep 30, 2022 - Perpetual",ivenlegal@iciciventure.com,Pooja Basu,"ICICI Venture House, Appasaheb Marathe Marg, Prabhadevi, MUMBAI, MAHARASHTRA, 400025","ICICI Venture House, Appasaheb Marathe Marg, Prabhadevi, MUMBAI, MAHARASHTRA, 400025",,,MAHARASHTRA,MUMBAI
INDIA REAL ESTATE OPPORTUNITIES TRUST,IN/AIF2/23-24/1384,"Nov 17, 2023 - Perpetual",alternativescompliance@edelweissalts.com,Deepak Mukhija,"Edelweiss House, Off C.S.T. Road,, Mumbai, MUMBAI, MAHARASHTRA, 400098","Edelweiss House, Off C.S.T. Road, Mumbai, MUMBAI, MAHARASHTRA, 400098",,,MAHARASHTRA,MUMBAI
INDIA REALTY EXCELLENCE FUND II LLP,IN/AIF2/13-14/0085,"Nov 18, 2013 - Perpetual",,,"12th Floor, Motilal Oswal Tower, Rahimtullah Sayani Road, Opp. Parel S.T. Depot,, Prabhadevi, MUMBAI, MAHARASHTRA, 400025",,,,MAHARASHTRA,MUMBAI
India Renewables Opportunities Fund,IN/AIF2/21-22/0920,"Aug 13, 2021 - Perpetual",contact.pentacap@brookfieldrenewable.in,Varun Gupta,"Godrej BKC, 4th Floor, Unit 1, Bandra Kurla Complex, Bandra East, MUMBAI, MAHARASHTRA, 400051","Godrej BKC, 4th Floor, Unit 1, Bandra Kurla Complex, Bandra East, MUMBAI, MAHARASHTRA, 400051",,,MAHARASHTRA,MUMBAI
India Resurgence Fund,IN/AIF2/17-18/0346,"Jun 28, 2017 - Perpetual",Anand.Kashikar@Indiarf.com,Anand Kashikar,"7th Floor, Piramal Tower, Peninsula Corporate Park, Ganpatrao Kadam Marg, Lower Parel, Mumbai, MUMBAI, MAHARASHTRA",,22700000000000.0,22700000000000.0,MAHARASHTRA,MUMBAI
India Resurgence Fund 2,IN/AIF2/23-24/1376,"Nov 02, 2023 - Perpetual",anand.kashikar@Indiarf.com,Anand Kashikar,"304, Piramal Tower, Peninsula Corporate Park,, Piramal Tower, Lower Parel, MUMBAI, MAHARASHTRA, 400013","304, Piramal Tower, Peninsula Corporate Park, Piramal Tower, Lower Parel, MUMBAI, MAHARASHTRA, 400013",,,MAHARASHTRA,MUMBAI
INDIA SME GROWTH FUND,IN/AIF1/18-19/0608,"Oct 19, 2018 - Perpetual",compliance@systematixgroup.in,RAKESH MEHTA,"The Capital A wing No 603 to 606 6th Floor Plot No C 70, G Block Bandra Kurla Complex Bandra East, MUMBAI, MAHARASHTRA, 400051","The Capital A wing No 603 to 606 6th Floor Plot No C 70, G Block Bandra Kurla Complex Bandra East, MUMBAI, MAHARASHTRA, 400051",,,MAHARASHTRA,MUMBAI
India SME Investments AIF Trust II,IN/AIF2/23-24/1433,"Jan 23, 2024 - Perpetual",mitin@indiasmeinvestments.com,Mitin Jain,"Kingston Tower, 8th Floor, Flat No. 802, G.D. Ambekar Marg, Tank Road, Mumbai, MUMBAI, MAHARASHTRA, 400012","1302, B Wing, Naman Midtown Building, Senapati Bapat Marg, Mumbai, MUMBAI, MAHARASHTRA, 400013",,,MAHARASHTRA,MUMBAI
India SME Investments Trust,IN/AIF2/18-19/0664,"Mar 30, 2019 - Perpetual",adit@indiasmeinvestments.com,Adit Dawda,"Birla Centurion, 2nd Floor, PB Marg, Worli, MUMBAI, MAHARASHTRA, 400030","Birla Centurion, 2nd Floor, PB Marg, Worli, MUMBAI, MAHARASHTRA, 400030",,,MAHARASHTRA,MUMBAI
India Special Situations Trust,IN/AIF2/18-19/0561,"Jul 05, 2018 - Perpetual",nmodi@ssgadvisors.in,Nilesh Modi,"1009, 1010, 1011 and 1013, C Wing, ONE BKC, , Bandra Kurla Complex, Bandra East, MUMBAI, MAHARASHTRA, 400051","1009, 1010, 1011 and 1013, C Wing, ONE BKC, , Bandra Kurla Complex, Bandra East, MUMBAI, MAHARASHTRA, 400051",,,MAHARASHTRA,MUMBAI
INDIA TECHNOLOGY FUND,IN/AIF2/15-16/0173,"Sep 29, 2015 - Perpetual",,,"A 268, First Floor, Bishm Pitamah Marg, Defence Colony, New Delhi, DELHI, NATIONAL CAPITAL TERRITORY OF DELHI",,,,NATIONAL CAPITAL TERRITORY OF DELHI,NEW DELHI
India Value and Growth Trust,IN/AIF3/18-19/0652,"Mar 19, 2019 - Perpetual",adityasood81@gmail.com,Aditya Sood,"2102, Tower A, Ashok Towers, SS Rao Road, Parel East, MUMBAI, MAHARASHTRA, 400012","2102, Tower A, Ashok Towers, SS Rao Road, Parel East, MUMBAI, MAHARASHTRA, 400012",,,MAHARASHTRA,MUMBAI
India Whizdom Fund,IN/AIF3/16-17/0217,"Apr 06, 2016 - Perpetual",,,"27 BKC, 7TH FLOOR, PLOT NO C 27, G BLOCK, , BANDRA KURLA COMPLEX, BANDRA EAST, MUMBAI, MAHARASHTRA, 400051",,,,MAHARASHTRA,MUMBAI
INDIABULLS AIF,IN/AIF2/14-15/0133,"Feb 18, 2015 - Perpetual",uday.d@indiabulls.com,Uday Diwale,,,,,,
INDIABULLS INDIA ALTERNATIVES TRUST,IN/AIF2/16-17/0252,"Aug 18, 2016 - Perpetual",swapnil.chikne@indiabulls.com,Swapnil Chikne,"M 62&63, First Floor , Connaught Place, NEW DELHI, NATIONAL CAPITAL TERRITORY OF DELHI, 110001",,,,NATIONAL CAPITAL TERRITORY OF DELHI,NEW DELHI
INDIAN PROPERTY TRUST,IN/AIF2/12-13/0034,"Mar 04, 2013 - Perpetual",,,,,,,,
Indian Tech for the World Fund,IN/AIF2/20-21/0807,"Jun 02, 2020 - Perpetual",pontaq.nda@nishithdesai.com,Mahesh Ramachandran,"Software Technology Parks of India, Technest Incubation Facility, Cabin No.23, 2nd Floor, CHENNAI, TAMIL NADU, 600113","Software Technology Parks of India, Technest Incubation Facility, Cabin No.23, 2nd Floor, CHENNAI, TAMIL NADU, 600113",,,TAMIL NADU,CHENNAI
IndiaNivesh Renaissance Trust,IN/AIF2/17-18/0374,"Sep 29, 2017 - Perpetual",,,"1701, Lodha Supremus,, Senapati Bapat Marg, Lower Parel,, MUMBAI, MAHARASHTRA, 400069",,,,MAHARASHTRA,MUMBAI
INDIANIVESH VENTURE CAPITAL FUND,IN/AIF1/25-26/1856,"Jul 23, 2025 - Perpetual",kkrathi@firstbridgefund.com,Krishan Rathi,"ILFS Financial Centre Plot C22 G Block Bandra Kurla Complex Bandra East, MUMBAI, MAHARASHTRA, 400051","1106 One Lodha Place Near Kamala Mills SB Marg Lower Parel, MUMBAI, MAHARASHTRA, 400013",,,MAHARASHTRA,MUMBAI
INDIAQUOTIENT INVESTMENT TRUST,IN/AIF1/12-13/0003,"Aug 13, 2012 - Perpetual",,,"3rd floor, No. 788, J.K. Plaza, 12th Main Road, Indiranagar, BANGALORE, KARNATAKA, 560038",,,,KARNATAKA,BANGALORE
INDIAREIT ALTERNATIVE INVESTMENT TRUST,IN/AIF2/13-14/0080,"Oct 21, 2013 - Perpetual",,,"GROUND FLOOR, A WING, PIRAMAL TOWER, PENINSULA CORPORATE PARK, G.K.MARG, LOWER PAREL, MUMBAI, MAHARASHTRA, 400013",,,,MAHARASHTRA,MUMBAI
INDIAVENTURE ADVISORS TRUST,IN/AIF2/12-13/0036,"Mar 08, 2013 - Perpetual",,,"PIRAMAL TOWERS, G.K. MARG, LOWER PAREL, MUMBAI, MAHARASHTRA, 400013",,,,MAHARASHTRA,MUMBAI
IndoEdge India Fund,IN/AIF2/22-23/1094,"Jun 23, 2022 - Perpetual",,,"C5 First Floor Defence Colony , New Delhi, NEW DELHI, NATIONAL CAPITAL TERRITORY OF DELHI, 110024","One World Center 16th floor Tower 2A Senapati Bapat Marg, Mumbai 400013, MUMBAI, MAHARASHTRA, 400013",,,NATIONAL CAPITAL TERRITORY OF DELHI,NEW DELHI
INDOSTAR RECURRING RETURN CREDIT FUND,IN/AIF2/13-14/0060,"Jun 25, 2013 - Perpetual",,,,,,,,
INDOSTAR CREDIT FUND,IN/AIF2/15-16/0147,"Apr 29, 2015 - Perpetual",,,,,,,,
INDUCKT VISION ONE TRUST,IN/AIF1/23-24/1320,"Aug 03, 2023 - Perpetual",ayush@inducktvc.com,Ayush Goyal,"Unit no. 703 and 704, 7th Floor, Pearl Best Heights 1, Plot No A5, Netaji Subhash Place, Pitampura, DELHI, NATIONAL CAPITAL TERRITORY OF DELHI, 110034","X/1387, ST 4 RAJGARH COLONY GANDHI NAGAR, DELHI, NATIONAL CAPITAL TERRITORY OF DELHI, 110031",,,NATIONAL CAPITAL TERRITORY OF DELHI,
Indus India Trust,IN/AIF2/19-20/0737,"Oct 25, 2019 - Perpetual",rajiv@indusequitypartners.com,Rajiv Bhatia,"604B Arcadia 6th Floor South City II Sector 49 Gurgaon, GURGAON, HARYANA, 122018","604B Arcadia 6th Floor South City II Sector 49 Gurgaon, GURGAON, HARYANA, 122018",,,HARYANA,
INDUS OPPORTUNITIES TRUST,IN/AIF3/25-26/2096,"Mar 13, 2026 - Perpetual",spapartnersllp@gmail.com,AMISHI SHAH,"504A, Shikhar Complex, Nr. Vadilal House, Mithakhali, Navrangpura, AHMEDABAD, GUJARAT, 380009",,,,GUJARAT,
Indus Tech Edge Fund Trust,IN/AIF2/24-25/1716,"Feb 07, 2025 - Perpetual",anurag@industechedge.com,Anurag Kumar,"Avanta Solutions Business Centre Pvt Ltd, D2, First Floor, Office No. 11, Southern Park, District Centre, Saket, NEW DELHI, NATIONAL CAPITAL TERRITORY OF DELHI, 110017","Avanta Solutions Business Centre Pvt Ltd, D2, First Floor, Office No. 11, Southern Park, District Centre, Saket, NEW DELHI, NATIONAL CAPITAL TERRITORY OF DELHI, 110017",,,NATIONAL CAPITAL TERRITORY OF DELHI,NEW DELHI
INDUS WAY EMERGING MARKET FUND SERIES ALPHA RETURNS,IN/AIF2/20-21/0795,"May 09, 2020 - Perpetual",vikas.talwar@tiwpe.com,Mohit Ralhan,"C2/169, FF Janakpuri, NEW DELHI, NATIONAL CAPITAL TERRITORY OF DELHI, 110058","C2/169, FF Janakpuri, NEW DELHI, NATIONAL CAPITAL TERRITORY OF DELHI, 110058",,,NATIONAL CAPITAL TERRITORY OF DELHI,NEW DELHI
INDUS WAY EMERGING MARKET FUND SERIES II,IN/AIF1/14-15/0124,"Nov 11, 2014 - Perpetual",,,"Flat No. 212, Mahatta Tower, B Block Community Centre, Janakpuri, DELHI, NATIONAL CAPITAL TERRITORY OF DELHI, 110058",,,,NATIONAL CAPITAL TERRITORY OF DELHI,
Indus Way Emerging Market Fund Series IIA,IN/AIF2/17-18/0362,"Sep 01, 2017 - Perpetual",,,"501, GREEN BLAZE CHS, PLOT NO. 1, JUHU VERSOVA LINK ROAD, ANDHERI WEST, MUMBAI, MAHARASHTRA, 400053",,,,MAHARASHTRA,MUMBAI
IndusAge Global Technology Venture Fund II- India,IN/AIF2/17-18/0323,"Apr 25, 2017 - Perpetual",,,"No 9/1 Madras Bank Road, Off St Marks Road, BANGALORE, KARNATAKA, 560001",,,,KARNATAKA,BANGALORE
INDUSAGE TECHNOLOGY VENTURE FUND I,IN/AIF1/13-14/0064,"Jul 29, 2013 - Perpetual",,,"No 9/1 Madras Bank Road, Off St Marks Road, BANGALORE, KARNATAKA, 560001",,,,KARNATAKA,BANGALORE
INDUSBRIDGE VENTURES TRUST,IN/AIF2/24-25/1682,"Jan 06, 2025 - Perpetual",rahul@indusbridgeventures.com,Rahul Devjani,"TBQ 509 5th Floor Tower 2A North Annex One World Center Senapati Bapat Marg Lower Parel Mumbai, Maharashtra, MUMBAI, MAHARASHTRA, 400013","TBQ 509 5th Floor Tower 2A North Annex One World Center Senapati Bapat Marg Lower Parel Mumbai, Maharashtra, MUMBAI, MAHARASHTRA, 400013",,,MAHARASHTRA,MUMBAI
Industrial 47,IN/AIF2/25-26/1868,"Jul 30, 2025 - Perpetual",rahul@industrial47.com,Rahul Seth,"801 Pampess Heights Model Town Society, Gulmohar Cross road no 8 Juhu, MUMBAI, MAHARASHTRA, 400049","801 Pampess Heights Model Town Society, Gulmohar Cross road no 8 Juhu, MUMBAI, MAHARASHTRA, 400049",,,MAHARASHTRA,MUMBAI
IndValue Opportunities Fund,IN/AIF2/22-23/1128,"Sep 02, 2022 - Perpetual",vivek@indvaluehomes.com,VIVEK MISHRA,"Unit No. 1 DDA Commercial Complex Geetanjali Enclave, NEW DELHI, NATIONAL CAPITAL TERRITORY OF DELHI, 110017","Unit No. 1 DDA Commercial Complex Geetanjali Enclave, NEW DELHI, NATIONAL CAPITAL TERRITORY OF DELHI, 110017",,,NATIONAL CAPITAL TERRITORY OF DELHI,NEW DELHI
Infinite Circles Investment Trust,IN/AIF3/25-26/2002,"Dec 30, 2025 - Perpetual",debashish@infinitecircles.in,Debashish Bose,"442 Abhinav Apartments B12 Vasundhara Enclave Delhi 110096 India., DELHI, NATIONAL CAPITAL TERRITORY OF DELHI, 110096","442 Abhinav Apartments B12 Vasundhara Enclave Delhi 110096 India., DELHI, NATIONAL CAPITAL TERRITORY OF DELHI, 110096",,,NATIONAL CAPITAL TERRITORY OF DELHI,
INFINITI REALTY OPPORTUNITIES TRUST,IN/AIF2/15-16/0155,"Jun 18, 2015 - Perpetual",,,"201D, Poonam Chambers, A Wing, Dr Annie Besant Rd, Worli, MUMBAI, MAHARASHTRA, 400018",,,,MAHARASHTRA,MUMBAI
Infinity Alternatives Growth Fund,IN/AIF2/16-17/0247,"Jul 22, 2016 - Perpetual",,,"B 402, VIVAREA, , M A ROAD, JACOB CIRCLE,, MUMBAI, MAHARASHTRA, 400011",,,,MAHARASHTRA,MUMBAI
Infinyte Club Angel Fund,IN/AIF1/23-24/1458,"Mar 21, 2024 - Perpetual",vipul@infinyte.club,Vipul Jain,"No. 372, 100 Feet Road, Indiranagar, HAL 2nd Stage, BANGALORE, KARNATAKA, 560038","No. 372, 100 Feet Road, Indiranagar, HAL 2nd Stage, BANGALORE, KARNATAKA, 560038",,,KARNATAKA,BANGALORE
INFIPLY SME Growth Fund,IN/AIF1/24-25/1676,"Dec 31, 2024 - Perpetual",jigneshjl2005@gmail.com,Jignesh Lakhani,"604 605 Nathubhai Tower , Udhna Main Road, SURAT, GUJARAT, 394210","604 605 Nathubhai Tower , Udhna Main Road, SURAT, GUJARAT, 394210",,,GUJARAT,
Inflexor Opportunities Trust,IN/AIF1/24-25/1487,"Apr 01, 2024 - Perpetual",murali@inflexor.vc,Murali Gunturu,"WeWork India,Cherry Hills,Embassy Golflinks Business Park,, Domlur,Bengaluru,Karnataka,, BANGALORE, KARNATAKA, 560071","Inflexor Ventures,Vatika Business Centre,7b Supreme Business Park, Powai,Mumbai, MUMBAI, MAHARASHTRA, 400076",,,KARNATAKA,BANGALORE
Inflexor Technology Discovery Fund,IN/AIF2/24-25/1488,"Apr 02, 2024 - Perpetual",murali@inflexor.vc,Murali Gunturu,"WeWork India,Cherry Hills,Embassy Golflinks Business Park,, Domlur,Bengaluru,Karnataka, BANGALORE, KARNATAKA, 560071","Inflexor Ventures,Vatika Business Centre,7b Supreme Business Park, Powai,Mumbai, MUMBAI, MAHARASHTRA, 400076",,,KARNATAKA,BANGALORE
Inflexor Ventures Trust,IN/AIF1/19-20/0763,"Jan 13, 2020 - Perpetual",murali@inflexor.vc,Murali Krishna Gunturu,"Villa 62, Orchids, Indu Fortune Fields, , KPHB13th Phase, Kukatpally, Hyderabad, HYDERABAD, TELANGANA, 500072","Villa 62, Orchids, Indu Fortune Fields, , KPHB13th Phase, Kukatpally, Hyderabad, HYDERABAD, TELANGANA, 500072",,,TELANGANA,HYDERABAD
Info Edge Capital,IN/AIF2/22-23/1043,"Apr 05, 2022 - Perpetual",nitin.gupta@infoedgeventures.com,Nitin Gupta,"Ground Floor 12A 94 Mehgdoot, Nehru Place, NEW DELHI, NATIONAL CAPITAL TERRITORY OF DELHI, 110019","Ground Floor 12A 94 Mehgdoot, Nehru Place, NEW DELHI, NATIONAL CAPITAL TERRITORY OF DELHI, 110019",,,NATIONAL CAPITAL TERRITORY OF DELHI,NEW DELHI
INFO EDGE VENTURE FUND,IN/AIF2/19-20/0761,"Jan 09, 2020 - Perpetual",kitty.agarwal@naukri.com,Kitty Agarwal,"Ground floor 12A 94 Meghdoot Building, Nehru Place, NEW DELHI, NATIONAL CAPITAL TERRITORY OF DELHI, 110019","Ground floor 12A 94 Meghdoot Building, Nehru Place, NEW DELHI, NATIONAL CAPITAL TERRITORY OF DELHI, 110019",,,NATIONAL CAPITAL TERRITORY OF DELHI,NEW DELHI
INFOWISE STARTUP CATALYSTS TRUST,IN/AIF1/19-20/0740,"Oct 30, 2019 - Perpetual",,,"332, 14th Cross, 4th Main , Sadashivanagar, Bangalore, BANGALORE, KARNATAKA, 560080","382/30,4th floor, 13th cross, Upper Palace Orchards , Sadashiva Nagar, Bangalore-560080, BANGALORE, KARNATAKA, 560080",,,KARNATAKA,BANGALORE
Infradawn Capital AIF,IN/AIF2/24-25/1692,"Jan 07, 2025 - Perpetual",vinit.sarawgi@infradawn.in,Vinit Sarawgi,"7th Floor, B707, Plot No. 46, NC Kelkar Marg, Shivaji Park, MUMBAI, MAHARASHTRA, 400028","7th Floor, B707, Plot No. 46, NC Kelkar Marg, Shivaji Park, MUMBAI, MAHARASHTRA, 400028",,,MAHARASHTRA,MUMBAI
INFRASTRUCTURE YIELD TRUST,IN/AIF1/21-22/0975,"Jan 24, 2022 - Perpetual",alternativescompliance@edelweissalts.com,Deepak Mukhija,"Edelweiss House, Off C.S.T. Road, Kalina, MUMBAI, MAHARASHTRA, 400098","Edelweiss House, Off C.S.T. Road, Kalina, MUMBAI, MAHARASHTRA, 400098",,,MAHARASHTRA,MUMBAI
Inliv Real Estate Trust,IN/AIF2/22-23/1235,"Mar 14, 2023 - Perpetual",mohit.malhotra@outlook.com,Mohit Malhotra,"403, 4th Floor, Tower B, The Capital, G Block, Bandra Kurla Complex, Bandra East, MUMBAI, MAHARASHTRA, 400051","403, 4th Floor, Tower B, The Capital, G Block, Bandra Kurla Complex, Bandra East, MUMBAI, MAHARASHTRA, 400051",,,MAHARASHTRA,MUMBAI
Innopark Ventures Trust,IN/AIF2/21-22/0889,"Jun 07, 2021 - Perpetual",Reddy.vanga@gmail.com,Sreeram Vanga,"5th Floor Unit 2A/1, Octave Block at Parcel 4 Salarpuria Sattva Knowledge City, HYDERABAD, TELANGANA, 500081","5th Floor Unit 2A/1, Octave Block at Parcel 4 Salarpuria Sattva Knowledge City, HYDERABAD, TELANGANA, 500081",9100000000000.0,9100000000000.0,TELANGANA,HYDERABAD
Innovative Vision Trust,IN/AIF3/24-25/1665,"Dec 11, 2024 - Perpetual",innovisfund2024@gmail.com,Pravin Pawar,"602 B Wing Umarji House Teli Lane, Opp Criticare Hospital Andheri East, MUMBAI, MAHARASHTRA, 400069","602 B Wing Umarji House Teli Lane, Opp. Criticare Hospital Andheri East, MUMBAI, MAHARASHTRA, 400069",,,MAHARASHTRA,MUMBAI
Innoven Capital India Fund,IN/AIF2/18-19/0648,"Mar 12, 2019 - Perpetual",ashish@innovencapital.com,Ashish Sharma,"805 A The Capital G Block, Bandra Kurla Complex Behind ICICI Bank Plot C 70 Bandra East, MUMBAI, MAHARASHTRA, 400051","805 A The Capital G Block, Bandra Kurla Complex Behind ICICI Bank Plot C 70 Bandra East, MUMBAI, MAHARASHTRA, 400051",,,MAHARASHTRA,MUMBAI
InnoVen Capital India Trust,IN/AIF2/22-23/1233,"Mar 14, 2023 - Perpetual",ashish@innovencapital.com,Ashish Sharma,"A 805A The Capital G Block Bandra Kurla Complex Behind ICICI Bank Plot C 70 Bandra East Mumbai 40005, MUMBAI, MAHARASHTRA, 400051","A 805A The Capital G Block Bandra Kurla Complex Behind ICICI Bank Plot C 70 Bandra East Mumbai 40005, MUMBAI, MAHARASHTRA, 400051",,,MAHARASHTRA,MUMBAI
Innovex Capital,IN/AIF2/22-23/1090,"Jun 17, 2022 - Perpetual",Vishalkumar.Sinha@gmrgroup.in,Vishal Sinha,"25/1 Ground floor, Skip House,, Museum Road,, BANGALORE, KARNATAKA, 560025","25/1 Ground floor, Skip House, Museum Road, BANGALORE, KARNATAKA, 560025",,,KARNATAKA,BANGALORE
Inquant Alternative Investment Trust,IN/AIF3/21-22/1024,"Mar 24, 2022 - Perpetual",saurabh.saraswat@inquant.in,Saurabh Saraswat,"Unit 001, Ground Floor, Mayuransh Elanza,, Shyamal Crossroad, 132 Feet Ring Road, Satellite,, AHMEDABAD, GUJARAT, 380015","Co Inquant Systematic Investment Managers LLP , 175 Kagalwala House 2nd Floor Vidhyanagari Marg Kalina Santacruz E, MUMBAI, MAHARASHTRA, 400098",,,GUJARAT,MUMBAI
INRE INVESTMENTS TRUST,IN/AIF2/22-23/1152,"Oct 19, 2022 - Perpetual",vithal.suryavanshi@brookfieldproperties.com,Vithal Suryavanshi,"Unit 1, 4th Floor, Godrej BKC, , Bandra Kurla Complex, Bandra East, Mumbai, MUMBAI, MAHARASHTRA, 400051","Unit 1, 4th Floor, Godrej BKC, , Bandra Kurla Complex, Bandra East, Mumbai, MUMBAI, MAHARASHTRA, 400051",,,MAHARASHTRA,MUMBAI
Insightful Investment Trust,IN/AIF3/24-25/1511,"May 03, 2024 - Perpetual",anilbshah19@gmail.com,Anil Shah,"Unit No B808, 8th Floor, B Wing, Kohinoor Square, Final Plot No. 46 at the junction of Lady Jamshetji Road and N.C.Kelkar Road, Dadar W, MUMBAI, MAHARASHTRA, 400028","Unit No B808, 8th Floor, B Wing, Kohinoor Square, Final Plot No. 46 at the junction of Lady Jamshetji Road and N.C.Kelkar Road, Dadar W, MUMBAI, MAHARASHTRA, 400028",,,MAHARASHTRA,MUMBAI
INTEGROW CRE TRUST,IN/AIF2/23-24/1260,"Apr 18, 2023 - Perpetual",ICRET@integrowamc.com,Kiran Loke,"Unit No 102 1st Floor First International Financial Centre, Plot Nos C 54 and C 55 G Block Bandra Kurla Complex Bandra East Mumbai, MUMBAI, MAHARASHTRA, 400051","Unit No 102 1st Floor First International Financial Centre, Plot Nos C 54 and C 55 G Block Bandra Kurla Complex Bandra East Mumbai, MUMBAI, MAHARASHTRA, 400051",,,MAHARASHTRA,MUMBAI
Integrow Real Estate Trust,IN/AIF2/21-22/0892,"Jun 17, 2021 - Perpetual",ram.yadav@integrowamc.com,Ramashrya Yadav,"Unit No. 102, 1st Floor, First International Financial Centre, Plot Nos. C-54 and C-55, G-Block, Bandra-Kurla Complex, Bandra East, MUMBAI, MAHARASHTRA, 400051","Unit No. 102, 1st Floor, First International Financial Centre, Plot Nos. C-54 and C-55, G-Block, Bandra-Kurla Complex, Bandra East, MUMBAI, MAHARASHTRA, 400051",,,MAHARASHTRA,MUMBAI
InterGlobe Aviation Ventures,IN/AIF2/24-25/1569,"Aug 02, 2024 - Perpetual",ventures@goindigo.in,Ankit Sharma,"Upper Ground Floor, Thapar House, Gate No. 2, Western Wing,, 124 Janpath, New Delhi, Central Delhi- 110001, NEW DELHI, NATIONAL CAPITAL TERRITORY OF DELHI, 110001","Level 2, Emaar Capital Tower 1, Sector 26, MG Road, Level 3, Emaar Capital Tower 2, Sector 26, MG Road, GURGAON, HARYANA, 122002",,,NATIONAL CAPITAL TERRITORY OF DELHI,NEW DELHI
Intrinsic Value Opportunities Trust,IN/AIF3/25-26/1800,"May 05, 2025 - Perpetual",chandhok.jasmit@gmail.com,Jasmit Chandhok,"MR1, 5th Floor, Wing A Statesman House, 148, Barakhamba House, New Delhi, DELHI, NATIONAL CAPITAL TERRITORY OF DELHI, 110001","MR1, 5th Floor, Wing A Statesman House, 148, Barakhamba House, New Delhi, DELHI, NATIONAL CAPITAL TERRITORY OF DELHI, 110001",,,NATIONAL CAPITAL TERRITORY OF DELHI,NEW DELHI
Investcorp India Alternatives Fund,IN/AIF2/20-21/0834,"Oct 21, 2020 - Perpetual",akumar@investcorp.com,Ajay Kumar,"93-B Mittal Court, Nariman Point, MUMBAI, MAHARASHTRA, 400021","93-B Mittal Court, Nariman Point, MUMBAI, MAHARASHTRA, 400021",,,MAHARASHTRA,MUMBAI
INVESTCORP PRIVATE EQUITY FUND II,IN/AIF2/15-16/0209,"Feb 24, 2016 - Perpetual",,,"C 32, G BLOCK, NAMAN CHAMBERS, BANDRA KURLA COMPLEX, MUMBAI, MAHARASHTRA, 400051",,,,MAHARASHTRA,MUMBAI
Investcorp Private Equity Fund III,IN/AIF2/22-23/1038,"Apr 04, 2022 - Perpetual",asinha@investcorp.com,Anjana Sinha,"Unit No. 02, 6th Floor, Godrej BKC, C68, G Block, Bandra Kurla Complex, Bandra East, MUMBAI, MAHARASHTRA, 400051","Unit No. 02, 6th Floor, Godrej BKC, C68, G Block, Bandra Kurla Complex, Bandra East, MUMBAI, MAHARASHTRA, 400051",,,MAHARASHTRA,MUMBAI
INVESTCORP REAL ESTATE YIELD FUND,IN/AIF2/13-14/0091,"Dec 26, 2013 - Perpetual",,,"C 32, G BLOCK,NAMAN CHAMBERS, BANDRA KURLA COMPLEX, BANDRA EAST, MUMBAI, MAHARASHTRA, 400051",,,,MAHARASHTRA,MUMBAI
INVESTCORP SCORE FUND,IN/AIF2/15-16/0183,"Nov 06, 2015 - Perpetual",,,"C 32, G BLOCK, NAMAN CHAMBERS, BANDRA KURLA COMPLEX, BANDRA EAST, MUMBAI, MAHARASHTRA, 400051",,,,MAHARASHTRA,MUMBAI
Investec India Equity Fund Trust,IN/AIF3/25-26/1781,"Apr 07, 2025 - Perpetual",isaif-i.regulatory@investec.com,Kaillash Sharma,"1103 1104 Parinee Crescenzo, 11th floor, B Wing, , Bandra Kurla Complex Mumbai 400 051, India, MUMBAI, MAHARASHTRA, 400051","1103 1104 Parinee Crescenzo, 11th floor, B Wing, , Bandra Kurla Complex Mumbai 400 051, India, MUMBAI, MAHARASHTRA, 400051",,,MAHARASHTRA,MUMBAI
Investmaxima Trust,IN/AIF2/18-19/0532,"Apr 19, 2018 - Perpetual",psp@goodluckfinsolutions.com,Perur Prasad,"D-214, Kanakia Zillion, BKC Annexe, LBS Road, Kurla (West), MUMBAI, MAHARASHTRA, 400070","504, The Summit Business Bay, Behind Guru Nanak Petrol Pump, , Near Western Express Highway, Andheri, MUMBAI, MAHARASHTRA, 400069",,,MAHARASHTRA,MUMBAI
Invicta Continuum Trust,IN/AIF2/24-25/1542,"Jun 18, 2024 - Perpetual",hemant@invictacap.in,Hemant Gadodia,"901, A-Wing, Rustomjee Central Business Park, Andheri Kurla Road, Chakala, Andheri East, MUMBAI, MAHARASHTRA, 400093","901, A-Wing, Rustomjee Central Business Park, Andheri Kurla Road, Chakala, Andheri East, MUMBAI, MAHARASHTRA, 400093",,,MAHARASHTRA,MUMBAI
Invicto Trust,IN/AIF2/22-23/1069,"May 23, 2022 - Perpetual",nakshita@credentglobal.com,Aditya Kanoria,"One BKC, G Block, C Wing, Unit 609, Bandra Kurla Complex, Bandra East, MUMBAI, MAHARASHTRA, 400051","One BKC, G Block, C Wing, Unit 609, Bandra Kurla Complex, Bandra East, MUMBAI, MAHARASHTRA, 400051",,,MAHARASHTRA,MUMBAI
INVIGA TRUST,IN/AIF2/22-23/1227,"Mar 09, 2023 - Perpetual",rakshith.rangarajan@inviga.in,RAKSHITH RANGARAJAN,"We Work, Galaxy 43, Residency Rd, Shanthala Nagar Ashok Nagar,, Richmond Town, Bangalore North, BANGALORE, KARNATAKA, 560025","We Work, Galaxy 43, Residency Rd, Shanthala Nagar Ashok Nagar, Richmond Town, Bangalore North, BANGALORE, KARNATAKA, 560025",,,KARNATAKA,BANGALORE
INVISAGE INDIA CAPITAL TRUST,IN/AIF3/25-26/1915,"Oct 10, 2025 - Perpetual",shedjaleabhijeet@gmail.com,ABHIJEET SHEDJALE,"NPV House D Chanakya Mahavir Nagar Link Road Kandivali West, MUMBAI, MAHARASHTRA, 400067","Unit 1107 Level 11 Platina C59 GBlock BKC Bandra East, MUMBAI, MAHARASHTRA, 400051",,,MAHARASHTRA,MUMBAI
Invstt Trust,IN/AIF1/22-23/1126,"Sep 02, 2022 - Perpetual",LEGAL@WEFOUNDERSCIRCLE.COM,GAURAV SINGHVI,"H No 2886, B,1 and 2. 4th floor, F S Tower,, Ring Road, B H Trividh Building, SURAT, GUJARAT, 395002","H No 2886, B,1 and 2. 4th floor, F S Tower, Ring Road, B H Trividh Building, SURAT, GUJARAT, 395002",,,GUJARAT,
IONIC INVESTMENT OPPORTUNITIES FUND,IN/AIF3/25-26/2068,"Feb 27, 2026 - Perpetual",compliance.assets@ionic.in,NIPUN DOSHI,"601 6th Floor Ackruti Star Chakala MIDC Central Road Andheri East, MUMBAI, MAHARASHTRA, 400093",,,,MAHARASHTRA,MUMBAI
IQ ALPHA V,IN/AIF2/24-25/1651,"Dec 02, 2024 - Perpetual",ACCOUNTS@INDIAQUOTIENT.IN,MADHUKAR SINHA,"3rd Floor, No. 788, J.K. Plaza, 12th Main Road, Indiranagar, BANGALORE, KARNATAKA, 560038","3rd Floor, No. 788, J.K. Plaza, 12th Main Road, Indiranagar, BANGALORE, KARNATAKA, 560038",,,KARNATAKA,BANGALORE
IQ STARTUP FUND,IN/AIF1/17-18/0347,"Jun 28, 2017 - Perpetual",,,"202, Delta Building, Chemtex Lane , Hiranandani, Powai, MUMBAI, MAHARASHTRA, 400076",,,,MAHARASHTRA,MUMBAI
IQ Startup Fund II,IN/AIF2/21-22/0882,"May 04, 2021 - Perpetual",madhukar@indiaquotient.in,Madhukar Sinha,"3rd Floor, No. 788, J.K. Plaza, 12th Main Road, Indiranagar, BANGALORE, KARNATAKA, 560038","3rd Floor, No. 788, J.K. Plaza, 12th Main Road, Indiranagar, BANGALORE, KARNATAKA, 560038",,,KARNATAKA,BANGALORE
IQ Startup Fund III,IN/AIF2/23-24/1371,"Oct 25, 2023 - Perpetual",sharad@indiaquotient.in,MADHUKAR SINHA,"3rd Floor, No. 788, J.K. Plaza, 12th Main Road, Indiranagar, BANGALORE, KARNATAKA, 560038","3rd Floor, No. 788, J.K. Plaza, 12th Main Road, Indiranagar, BANGALORE, KARNATAKA, 560038",,,KARNATAKA,BANGALORE
IREO ADVANTAGE FUND I,IN/AIF2/13-14/0050,"May 06, 2013 - Perpetual",,,,,,,,
Iroha Emerging India Fund,IN/AIF3/19-20/0756,"Dec 13, 2019 - Perpetual",nl@iroha.co.in,Naveen Lohiya,"Iroha Investment Management Private Limited,1710, B Wing, One BKC,, C 66, G Block, Bandra Kurla Complex,, MUMBAI, MAHARASHTRA, 400051","Iroha Investment Management Private Limited,1710, B Wing, One BKC, C 66, G Block, Bandra Kurla Complex, MUMBAI, MAHARASHTRA, 400051",,,MAHARASHTRA,MUMBAI
IRON PILLAR INDIA FUND I,IN/AIF2/16-17/0265,"Sep 29, 2016 - Perpetual",,,"Milestone Trusteeship Services Pvt. Ltd, CoWrks Worli, PS56, 3rd Floor,Birla Centurion, Century Mills Compound,Pandurang Budhkar Marg, MUMBAI, MAHARASHTRA",,,,MAHARASHTRA,MUMBAI
Iron Pillar India Trust,IN/AIF2/21-22/0989,"Feb 03, 2022 - Perpetual",sunil@ironpillarfund.com,Sunil Mehta,"c/o AMA Capital Advisors Private Limited , 2/B 3rd floor Hayes Road Richmond Town, BANGALORE, KARNATAKA, 560025","c/o AMA Capital Advisors Private Limited , 2/B 3rd floor Hayes Road Richmond Town, BANGALORE, KARNATAKA, 560025",,,KARNATAKA,BANGALORE
IRONCLAD VENTURES AF TRUST,IN/AIF1/25-26/1899,"Sep 15, 2025 - Perpetual",info@ironcladamc.com,Krishna Killa,"3rd Floor C175 Sector 100, GB Nagar Noida, NOIDA, UTTAR PRADESH, 201301","3rd Floor C175 Sector 100, GB Nagar Noida, NOIDA, UTTAR PRADESH, 201301",,,UTTAR PRADESH,
ISAF III,IN/AIF2/21-22/0978,"Jan 25, 2022 - Perpetual",Deepak.Mukhija@edelweissfin.com,Deepak Mukhija,"Edelweiss House, Off C.S.T. Road, Kalina,, MUMBAI, MAHARASHTRA, 400098","Edelweiss House, Off C.S.T. Road, Kalina, MUMBAI, MAHARASHTRA, 400098",,,MAHARASHTRA,MUMBAI
ISF Special Opportunity Fund,IN/AIF1/18-19/0575,"Aug 24, 2018 - Perpetual",kapil@indianstartupfactory.com,Kapil Kaul,"C9 FIRST FLOOR PAMPOSH ENCLAVE, GREATER KAILASH 1, DELHI, NATIONAL CAPITAL TERRITORY OF DELHI, 110048","C9 BASEMENT PAMPOSH ENCLAVE, GREATER KAILASH 1, DELHI, NATIONAL CAPITAL TERRITORY OF DELHI, 110048",,,NATIONAL CAPITAL TERRITORY OF DELHI,
ISF Trust,IN/AIF2/24-25/1726,"Feb 13, 2025 - Perpetual",gane.sankar@gmail.com,Ganesh Sankar T S,"4A, Ocus Technopolis, Golf Club, Sector 54, Gurgaon, Haryana 122002., GURGAON, HARYANA, 122002","4A, Ocus Technopolis, Golf Club, Sector 54, Gurgaon, Haryana 122002., GURGAON, HARYANA, 122002",,,HARYANA,
Ishti Wealth Builder Fund,IN/AIF3/20-21/0823,"Aug 20, 2020 - Perpetual",aditya@ishtifunds.com,Aditya Shrimankar,"F-Office 103 Plot-85 F, Maker Tower, GD Somani Marg, Cuffe Parade, MUMBAI, MAHARASHTRA, 400005","F-Office 103 Plot-85 F, Maker Tower, GD Somani Marg, Cuffe Parade, MUMBAI, MAHARASHTRA, 400005",,,MAHARASHTRA,MUMBAI
ITI Growth Opportunities Fund,IN/AIF2/18-19/0597,"Oct 04, 2018 - Perpetual",mg@itigo.in,Mohit Gulati,"2104 Naman Midtown A wing, 21st Floor Senapati Bapat Marg Elphinstone Road, MUMBAI, MAHARASHTRA, 400013","2104 Naman Midtown A wing, 21st Floor Senapati Bapat Marg Elphinstone Road, MUMBAI, MAHARASHTRA, 400013",,,MAHARASHTRA,MUMBAI
ITI INFRASTRUCTURE FUND,IN/AIF1/16-17/0292,"Jan 13, 2017 - Perpetual",,,,,,,,
ITI Long-Short Equity Fund,IN/AIF3/17-18/0524,"Mar 05, 2018 - Perpetual",haroon@ffsil.com,Haroon Mansuri,"ITI House 36 Dr. R. K. Shirodkar Marg, Opp HDFC house Parel, MUMBAI, MAHARASHTRA, 400012","ITI House 36 Dr. R. K. Shirodkar Marg, Opp HDFC house Parel, MUMBAI, MAHARASHTRA, 400012",,,MAHARASHTRA,MUMBAI
Itus Capital All-Weather Equity Opportunities Fund,IN/AIF3/25-26/1881,"Aug 21, 2025 - Perpetual",compliance@ituscapital.com,Naveen Chandramohan,"II Floor 40, 2nd Main Road R.A. Puram, CHENNAI, TAMIL NADU, 600028","II Floor 40, 2nd Main Road R.A. Puram, CHENNAI, TAMIL NADU, 600028",,,TAMIL NADU,CHENNAI
IVen Amplifi Fund,IN/AIF2/23-24/1341,"Sep 04, 2023 - Perpetual",,,"ICICI Venture House, Ground Floor, Appasaheb Marathe Marg, Prabhadevi, MUMBAI, MAHARASHTRA, 400025","ICICI Venture House, Ground Floor, Appasaheb Marathe Marg, Prabhadevi, MUMBAI, MAHARASHTRA, 400025",,,MAHARASHTRA,MUMBAI
IvyCap Ventures Angel Fund 1,IN/AIF1/19-20/0709,"Jun 24, 2019 - Perpetual",ivycapangel.nda@nishithdesai.com,Nandini Pathak,"IvyCap Ventures Advisors Private Limited, A 601, Delphi, Orchard Avenue, Hiranandani Gardens, Powai, MUMBAI, MAHARASHTRA, 400076","IvyCap Ventures Advisors Private Limited, A 601, Delphi, Orchard Avenue, Hiranandani Gardens, Powai, MUMBAI, MAHARASHTRA, 400076",,,MAHARASHTRA,MUMBAI
IvyCap Ventures Trust,IN/AIF1/25-26/1852,"Jul 21, 2025 - Perpetual",,,"A 601, Delphi, Orchard Avenue, Hiranandani Gardens, Powai, Mumbai, Maharashtra, MUMBAI, MAHARASHTRA, 400076","A 601, Delphi, Orchard Avenue, Hiranandani Gardens, Powai, Mumbai, Maharashtra, MUMBAI, MAHARASHTRA, 400076",,,MAHARASHTRA,MUMBAI
IVYCAP VENTURES TRUST FUND II,IN/AIF1/15-16/0142,"Apr 17, 2015 - Perpetual",,,"601, A Wing, Delphi, Orchard Avenue, Hiranandani Gardens, Powai, MUMBAI, MAHARASHTRA, 400076",,,,MAHARASHTRA,MUMBAI
Ivycap Ventures Trust Fund III,IN/AIF2/18-19/0564,"Jul 12, 2018 - Perpetual",madhuri@ivycapventures.com,Madhuri Sawant,"IvyCap Ventures Advisors Private Limited, 601, A-Wing, Delphi, Hiranandani Business Park, Powai, MUMBAI, MAHARASHTRA, 400076","IvyCap Ventures Advisors Private Limited, 601, A-Wing, Delphi, Hiranandani Business Park, Powai, MUMBAI, MAHARASHTRA, 400076",,,MAHARASHTRA,MUMBAI
IXP Lifesciences Catalyst Fund,IN/AIF1/24-25/1664,"Dec 11, 2024 - Perpetual",ketki.tulpule@ixplifesciences.com,Ketki Tulpule,"Niharika Jubilee One, 4th Floor, P No 1355 H and 1355 I Sy No 120, Road No. 1, Jubilee Hills, Hyderabad, Telangana, 500033, HYDERABAD, TELANGANA, 500033","Unit L24 02, 24th Floor, One West, Sy. No 88 AA and 88 E ,Nanakramguda Village, Seringampali Mandal, Ranga Reddy District, HYDERABAD, TELANGANA, 500008",,,TELANGANA,HYDERABAD
J1 Capital Trust,IN/AIF2/22-23/1238,"Mar 15, 2023 - Perpetual",im@j1capital.in,Ravi Sharma,"No.54 Richmond Rd Craig Park Layout Ashok Nagar Bengaluru Karnataka 560025 India, BANGALORE, KARNATAKA, 560025","No.54 Richmond Rd Craig Park Layout Ashok Nagar Bengaluru Karnataka 560025 India, BANGALORE, KARNATAKA, 560025",,,KARNATAKA,BANGALORE
J4S Venture Fund,IN/AIF1/24-25/1533,"Jun 03, 2024 - Perpetual",compliance@j4salliance.com,Simar Kapoor,"7A and B Siddhivinayak Chambers, Gandhi Nagar Opposite MIG Cricket Club Bandra East, MUMBAI, MAHARASHTRA, 400051","7A and B Siddhivinayak Chambers, Gandhi Nagar Opposite MIG Cricket Club Bandra East, MUMBAI, MAHARASHTRA, 400051",,,MAHARASHTRA,MUMBAI
Jai Ho Investment,IN/AIF1/24-25/1748,"Mar 04, 2025 - Perpetual",jaihoaif12@gmail.com,Gauri Singhal,"First Floor Right Side A 31 Mohan Co operative , Industrial Area Delhi, DELHI, NATIONAL CAPITAL TERRITORY OF DELHI, 110044","First Floor Right Side A 31 Mohan Co operative , Industrial Area Delhi, DELHI, NATIONAL CAPITAL TERRITORY OF DELHI, 110044",,,NATIONAL CAPITAL TERRITORY OF DELHI,
Jain Investment Advisors Trust,IN/AIF3/19-20/0772,"Feb 11, 2020 - Perpetual",hussain@jaininvestment.com,Huseain Bharuchwala,"01 Andheri Anurag CHS, Bhardawadi near ICICI Colony Andheri West, MUMBAI, MAHARASHTRA, 400058","01 Andheri Anurag CHS, Bhardawadi near ICICI Colony Andheri West, MUMBAI, MAHARASHTRA, 400058",,,MAHARASHTRA,MUMBAI
Jamwant Ventures Angel Fund,IN/AIF1/23-24/1474,"Mar 26, 2024 - Perpetual",jamwantventures@gmail.com,Navneet Kaushik,"2247 B 2 Green Glade Apartments , Vasant Kunj, DELHI, NATIONAL CAPITAL TERRITORY OF DELHI, 110070","2247 B 2 Green Glade Apartments , Vasant Kunj, DELHI, NATIONAL CAPITAL TERRITORY OF DELHI, 110070",,,NATIONAL CAPITAL TERRITORY OF DELHI,
JASHVIK CAPITAL AIF TRUST,IN/AIF2/22-23/1047,"Apr 11, 2022 - Perpetual",naresh.patwari@gmail.com,NARESH PATWARI,"Unit No. 3503 and 3504 , 35th Floor, B Wing, Kohinoor Square Building, Shivaji Park, MUMBAI, MAHARASHTRA, 400028","Unit No. 3503 and 3504 , 35th Floor, B Wing, Kohinoor Square Building, Shivaji Park, MUMBAI, MAHARASHTRA, 400028",,,MAHARASHTRA,MUMBAI
JINDAGI LIVE ANGEL FUND,IN/AIF1/24-25/1576,"Aug 12, 2024 - Perpetual",roopal@singhania.com,SUNITA MAHESHWARI,"Unit No. 443 4th Floor Tower A2 Spaze ITech Park, Sohna Road, GURGAON, HARYANA, 122001","Unit No. 443 4th Floor Tower A2 Spaze ITech Park, Sohna Road, GURGAON, HARYANA, 122001",,,HARYANA,
JIRAAF AU INDIA REAL ESTATE FUND,IN/AIF2/23-24/1394,"Nov 29, 2023 - Perpetual",ritesh@unitern.com,Ritesh Singhal,"11th Floor, 137,34, HMG Ambassador, Residency Road, Bangalore, Karnataka, BANGALORE, KARNATAKA, 560025","HMG Ambassador, 1003, 10th floor, Residency Rd, Bengaluru, Karnataka 560025, BANGALORE, KARNATAKA, 560025",,,KARNATAKA,BANGALORE
JM Financial Credit Opportunities Fund,IN/AIF2/22-23/1193,"Jan 18, 2023 - Perpetual",mrituanjay.singh@jmfl.com,Mrituanjay Singh,"7th Floor, Cnergy, Appasaheb Marathe Marg, Prabhadevi, MUMBAI, MAHARASHTRA, 400025","8th Floor, Cnergy, Appasaheb Marathe Marg, Prabhadevi, MUMBAI, MAHARASHTRA, 400025",,,MAHARASHTRA,MUMBAI
JM Financial India Growth Trust III,IN/AIF2/21-22/0949,"Nov 08, 2021 - Perpetual",rajkumar.agrawal@jmfl.com,Raj Agrawal,"7 floor cnergy appasaheb marathe marg, prabhadevi mumbai, MUMBAI, MAHARASHTRA, 400025","7 floor cnergy appasaheb marathe marg, prabhadevi mumbai, MUMBAI, MAHARASHTRA, 400025",,,MAHARASHTRA,MUMBAI
JM Financial India Real Estate Trust,IN/AIF2/25-26/1813,"May 28, 2025 - Perpetual",mrituanjay.singh@jmfl.com,Mrituanjay Singh,"7th Floor, Cnergy, Appasaheb Marathe Marg, Prabhadevi, MUMBAI, MAHARASHTRA, 400025","7th Floor, Cnergy, Appasaheb Marathe Marg, Prabhadevi, MUMBAI, MAHARASHTRA, 400025",,,MAHARASHTRA,MUMBAI
JM Financial India Trust II,IN/AIF2/16-17/0309,"Mar 30, 2017 - Perpetual",,,,,,,,
JM Financial Pre IPO Trust,IN/AIF2/25-26/2047,"Feb 16, 2026 - Perpetual",,,"7th Floor, Cnergy, Appasaheb Marathe Marg, Prabhadevi, MUMBAI, MAHARASHTRA, 400025","7th Floor, Cnergy, Appasaheb Marathe Marg, Prabhadevi, MUMBAI, MAHARASHTRA, 400025",,,MAHARASHTRA,MUMBAI
JM Financial Select Credit Fund,IN/AIF2/25-26/2059,"Feb 20, 2026 - Perpetual",mrituanjay.singh@jmfl.com,Mrituanjay Singh,"7th Floor Cnergy Appasaheb Marathe Marg Prabhadevi Mumbai 400025 Maharashtra India, MUMBAI, MAHARASHTRA, 400025","7th Floor Cnergy Appasaheb Marathe Marg Prabhadevi Mumbai 400025 Maharashtra India, MUMBAI, MAHARASHTRA, 400025",,,MAHARASHTRA,MUMBAI
JM Financial Yield Enhancer Distressed Opportunity Fund I,IN/AIF2/19-20/0719,"Jul 11, 2019 - Perpetual",mrituanjay.singh@jmfl.com,Mrituanjay Singh,"7th Floor Cnergy, Appasaheb Marathe Marg Prabhadevi, MUMBAI, MAHARASHTRA, 400025","4th Floor Cnergy, Appasaheb Marathe Marg Prabhadevi, MUMBAI, MAHARASHTRA, 400025",,,MAHARASHTRA,MUMBAI
Jove Trust,IN/AIF3/16-17/0302,"Feb 27, 2017 - Perpetual",,,"Jove Trust, 2nd Floor, TK House, Plot 11, Silpa Hills Layout, Khanamet,, Hitex Road, Hitech city, HYDERABAD, TELANGANA, 500084",,,,TELANGANA,HYDERABAD
JSW Ventures,IN/AIF2/16-17/0239,"Jun 22, 2016 - Perpetual",,,,,,,,
JSW Ventures Trust,IN/AIF2/19-20/0714,"Jul 05, 2019 - Perpetual",jsw.ventures@jsw.in,Gaurav Sachdeva,"JSW Centre, Bandra Kurla Complex, Bandra (E), MUMBAI, MAHARASHTRA, 400051","JSW Centre, Bandra Kurla Complex, Bandra (E), MUMBAI, MAHARASHTRA, 400051",,,MAHARASHTRA,MUMBAI
Julius Baer India Alternate Opportunities AIF,IN/AIF2/23-24/1347,"Sep 11, 2023 - Perpetual",IN.corporatesecretary@juliusbaer.com,Purva Joshi,"2501, 25th Level, Altimus,, Pandurang Budhkar Marg, Worli, Mumbai, MUMBAI, MAHARASHTRA, 400018","2501, 25th Level, Altimus, Pandurang Budhkar Marg, Worli, Mumbai, MUMBAI, MAHARASHTRA, 400018",,,MAHARASHTRA,MUMBAI
Julius Baer India Equity AIF,IN/AIF3/23-24/1328,"Aug 09, 2023 - Perpetual",IN.corporatesecretary@juliusbaer.com,Purva Joshi,"2501, 25th Level, Altimus, Pandurang Budhkar Marg, Worli, MUmbai, MUMBAI, MAHARASHTRA, 400018","2501, 25th Level, Altimus, Pandurang Budhkar Marg, Worli, MUmbai, MUMBAI, MAHARASHTRA, 400018",,,MAHARASHTRA,MUMBAI
JULY VENTURES FUND,IN/AIF1/20-21/0865,"Feb 16, 2021 - Perpetual",suresh.tr@julyventures.com,Tirnellai Suresh,"First Floor, Shantala Plaza,, No. 146, 14th Cross, 8th Main, Malleswaram,, BANGALORE, KARNATAKA, 560003","First Floor, Shantala Plaza, No. 146, 14th Cross, 8th Main, Malleswaram, BANGALORE, KARNATAKA, 560003",,,KARNATAKA,BANGALORE
JULY VENTURES GROWTH FUND,IN/AIF2/23-24/1387,"Nov 22, 2023 - Perpetual",suresh.tr@julyventures.com,Tirnellai Suresh,"No 1464 14th Main West of Chord Road Stage 2 Mahalaxmi Puram PO, BANGALORE, KARNATAKA, 560086","No 1464 14th Main West of Chord Road Stage 2 Mahalaxmi Puram PO, BANGALORE, KARNATAKA, 560086",,,KARNATAKA,BANGALORE
K-Three Alternative Investment Trust,IN/AIF3/24-25/1697,"Jan 10, 2025 - Perpetual",a.mor@alphagfr.com,Anil Bang,"4002 Aqua tower 2 Planet Godrej, near Jacob circle K K Marg Mahalaxmi, MUMBAI, MAHARASHTRA, 400011","4002 Aqua tower 2 Planet Godrej, near Jacob circle K K Marg Mahalaxmi, MUMBAI, MAHARASHTRA, 400011",,,MAHARASHTRA,MUMBAI
KAE CAPITAL FUND II,IN/AIF1/15-16/0141,"Apr 16, 2015 - Perpetual",,,NATIONAL CAPITAL TERRITORY OF DELHI,,,,NATIONAL CAPITAL TERRITORY OF DELHI,
Kae Capital Fund III,IN/AIF2/20-21/0796,"May 11, 2020 - Perpetual",nitadempo@kae-capital.com,Nita Mirchandani,"74 A and B, 7th Floor, Jolly Maker Chambers II, Nariman Point, MUMBAI, MAHARASHTRA, 400021","74 A and B, 7th Floor, Jolly Maker Chambers II, Nariman Point, MUMBAI, MAHARASHTRA, 400021",,,MAHARASHTRA,MUMBAI
Kae Capital Fund IV,IN/AIF2/25-26/2101,"Mar 24, 2026 - Perpetual",sucheta@kae-capital.com,Sucheta Damle,"74 A and B 7th Floor Jolly Maker Chambers II , Nariman Point, MUMBAI, MAHARASHTRA, 400021",,,,MAHARASHTRA,MUMBAI
Kael Opportunities Fund,IN/AIF2/20-21/0809,"Jun 07, 2020 - Perpetual",sasha@kae-capital.com,Sasha Mirchandani,"74 A and B, 7th Floor, Jolly Maker Chambers II, Nariman Point, MUMBAI, MAHARASHTRA, 400021","74 A and B, 7th Floor, Jolly Maker Chambers II, Nariman Point, MUMBAI, MAHARASHTRA, 400021",,,MAHARASHTRA,MUMBAI
Kairon Capital Trust,IN/AIF2/25-26/1934,"Oct 23, 2025 - Perpetual",deepankur@kaironcapital.com,Deepankur Malhotra,"D12 First Floor Mansarover Garden New Delhi 110015 India, NEW DELHI, NATIONAL CAPITAL TERRITORY OF DELHI, 110015","D12 First Floor Mansarover Garden New Delhi 110015 India, NEW DELHI, NATIONAL CAPITAL TERRITORY OF DELHI, 110015",,,NATIONAL CAPITAL TERRITORY OF DELHI,NEW DELHI
Kalaari Capital Partners India IV,IN/AIF2/19-20/0695,"May 16, 2019 - Perpetual",abhinav@kalaari.com,Abhinav Shukla,"Ground Floor, Unit 2, Navigator ITPB, Whitefiled Road, BANGALORE, KARNATAKA, 560066","Ground Floor, Unit 2, Navigator ITPB, Whitefiled Road, BANGALORE, KARNATAKA, 560066",,,KARNATAKA,BANGALORE
Kalaari Capital Partners India Opportunities Fund,IN/AIF2/19-20/0731,"Sep 25, 2019 - Perpetual",abhinav@kalaari.com,Abhinav Shukla,"Ground Floor, Unit 2, Navigator ITPB, Whitefiled Road, BANGALORE, KARNATAKA, 560066","Ground Floor, Unit 2, Navigator ITPB, Whitefiled Road, BANGALORE, KARNATAKA, 560066",,,KARNATAKA,BANGALORE
KALPAVRIKSH TRUST,IN/AIF2/15-16/0202,"Feb 01, 2016 - Perpetual",,,"LEVEL 6, CENTRUM HOUSE, CST ROAD, , NEAR MUMBAI UNIVERSITY, KALINA, MUMBAI, MAHARASHTRA, 400098",,,,MAHARASHTRA,MUMBAI
Karkardooma Trust,IN/AIF2/24-25/1712,"Feb 05, 2025 - Perpetual",,,"Ground Floor, 12A, 94,, Meghdoot Building, Nehru Place, New Delhi, NEW DELHI, NATIONAL CAPITAL TERRITORY OF DELHI, 110019","Ground Floor, 12A, 94, Meghdoot Building, Nehru Place, New Delhi, NEW DELHI, NATIONAL CAPITAL TERRITORY OF DELHI, 110019",,,NATIONAL CAPITAL TERRITORY OF DELHI,NEW DELHI
KARMA CAPITAL AIF,IN/AIF3/23-24/1283,"May 18, 2023 - Perpetual",reachus@karmacapitalaif.in,Aasif Hirani,"Tradebulls House, Sindhubhavan Road, AHMEDABAD, GUJARAT, 380054","Tradebulls House, Sindhubhavan Road, AHMEDABAD, GUJARAT, 380054",,,GUJARAT,
Karma Capital India Fund,IN/AIF3/18-19/0598,"Oct 04, 2018 - Perpetual",Shardul.Singh@karmainvest.com,Shardul Singh,"Floor 12U Suite I Remi Commercio , Off Veera Desai Road Andheri West, MUMBAI, MAHARASHTRA, 400053","Floor 12U Suite I Remi Commercio , Off Veera Desai Road Andheri West, MUMBAI, MAHARASHTRA, 400053",,,MAHARASHTRA,MUMBAI
KARNATAKA INFORMATION TECHNOLOGY VENTURE CAPITAL FUND 2,IN/AIF1/25-26/1883,"Aug 25, 2025 - Perpetual",info@kitven.in,P V HARIKRISHNAN,"KHANIJA BHAVAN 4TH FLOOR, EAST WING 49 RACE COURSE ROAD, BANGALORE, KARNATAKA, 560001","KHANIJA BHAVAN 4TH FLOOR, EAST WING 49 RACE COURSE ROAD, BANGALORE, KARNATAKA, 560001",,,KARNATAKA,BANGALORE
KARNATAKA INFORMATION TECHNOLOGY VENTURE CAPITAL FUND-3 (BIOTECH),IN/AIF1/15-16/0195,"Dec 31, 2015 - Perpetual",,,"KHANIJA BHAVAN, 4TH FLOOR, EAST WING, 49, RACE COURSE ROAD, BANGALORE, KARNATAKA, 560001",,,,KARNATAKA,BANGALORE
KARNATAKA SEMICONDUCTOR VENTURE CAPITAL FUND,IN/AIF1/13-14/0049,"Apr 30, 2013 - Perpetual",,,"KHANIJA BHAVAN, 4TH FLOOR, EAST WING, 49, RACE COURSE ROAD, BANGALORE, KARNATAKA, 560001",,,,KARNATAKA,BANGALORE
Karnation,IN/AIF2/21-22/0951,"Nov 09, 2021 - Perpetual",ishita@klubworks.com,Ishita Verma,"X1002, Tower 1, Adarsh Palm Retreat,, Outer Ring Road, Devara Beesana Halli,, BANGALORE, KARNATAKA, 560103","X1002, Tower 1, Adarsh Palm Retreat, Outer Ring Road, Devara Beesana Halli, BANGALORE, KARNATAKA, 560103",,,KARNATAKA,BANGALORE
KARVY CAPITAL ALTERNATIVE INVESTMENT TRUST,IN/AIF3/13-14/0045,"Apr 10, 2013 - Perpetual",,,,,,,,
Kautilya Real Estate Fund,IN/AIF2/18-19/0574,"Aug 13, 2018 - Perpetual",ishaan.vyas@nishithdesai.com,Ishaan Vyas,"520, 5th Floor, E block, International Trade Towers, Nehru Place, NEW DELHI, NATIONAL CAPITAL TERRITORY OF DELHI, 110019","Kautilya Real Estate Fund, C/O Vistra (ITCL) India Limited, IL&FS Financial Centre, Plot C-22, G Block, Bandra-Kurla Complex, Bandra (East), MUMBAI, MAHARASHTRA, 400051",,,NATIONAL CAPITAL TERRITORY OF DELHI,NEW DELHI
KCAP Alternative Investment Fund,IN/AIF2/19-20/0751,"Nov 26, 2019 - Perpetual",aif@karvy.com,Punita Sood,"702 Hallmark Business Plaza Sant Dnyaneshwar Marg, Bandra Kurla Complex Bandra East, MUMBAI, MAHARASHTRA, 400051","702 Hallmark Business Plaza Sant Dnyaneshwar Marg, Bandra Kurla Complex Bandra East, MUMBAI, MAHARASHTRA, 400051",,,MAHARASHTRA,MUMBAI
KEDAARA CAPITAL,IN/AIF2/12-13/0020,"Nov 26, 2012 - Perpetual",,,"Sunshine Tower, Parel, MUMBAI, MAHARASHTRA, 400013",,,,MAHARASHTRA,MUMBAI
Kedaara Capital Alternative Investment Fund II,IN/AIF2/17-18/0368,"Sep 18, 2017 - Perpetual",,,"Sunshine Tower, Parel, MUMBAI, MAHARASHTRA, 400013",,,,MAHARASHTRA,MUMBAI
Kedaara Capital Fund II LLP,IN/AIF2/17-18/0365,"Sep 14, 2017 - Perpetual",,,"2301 23rd floor Altimus Pandurang Budhkar Marg, Worli Mumbai, MUMBAI, MAHARASHTRA, 400018",,,,MAHARASHTRA,MUMBAI
Kedaara Capital Fund III LLP,IN/AIF2/21-22/0914,"Jul 26, 2021 - Perpetual",rishiraj.khajanchi@kedaara.com,Rishiraj Khajanchi,"2301 23rd Floor Altimus Pandurang Budhkar Marg, Worli Mumbai, MUMBAI, MAHARASHTRA, 400018","2301 23rd Floor Altimus Pandurang Budhkar Marg, Worli Mumbai, MUMBAI, MAHARASHTRA, 400018",,,MAHARASHTRA,MUMBAI
Kedaara Capital Fund IV,IN/AIF2/24-25/1530,"May 30, 2024 - Perpetual",rishiraj.khajanchi@kedaara.com,Rishiraj Khajanchi,"2301 23rd Floor Altimus Opposite Mahindra Tower, Worli Mumbai Maharashtra 400018, MUMBAI, MAHARASHTRA, 400018","2301 23rd Floor Altimus Opposite Mahindra Tower, Worli Mumbai Maharashtra 400018, MUMBAI, MAHARASHTRA, 400018",,,MAHARASHTRA,MUMBAI
Kedaara Capital Fund IV AIF,IN/AIF2/24-25/1526,"May 30, 2024 - Perpetual",rishiraj.khajanchi@kedaara.com,Rishiraj Khajanchi,"2301 23rd Floor Altimus Opposite Mahindra Towers Dr GM Bhosale Marg Worli , Mumbai Maharashtra 400018, MUMBAI, MAHARASHTRA, 400011","Unit No 2301 23rd Floor Altimus Pandurang Budhkar Marg Worli , Mumbai Maharashtra 400018, MUMBAI, MAHARASHTRA, 400018",,,MAHARASHTRA,MUMBAI
Kedaara Capital Public Markets Fund I,IN/AIF3/24-25/1671,"Dec 18, 2024 - Perpetual",pratik.ajmera@kedaaragiftcity.com,Pratik Ajmera,"Unit No 2301 23rd Floor Altimus Pandurang Budhkar Marg, Worli Mumbai, MUMBAI, MAHARASHTRA, 400018","Unit No 2301 23rd Floor Altimus Pandurang Budhkar Marg, Worli Mumbai, MUMBAI, MAHARASHTRA, 400018",,,MAHARASHTRA,MUMBAI
KELLY GAMMA FUND,IN/AIF3/15-16/0185,"Nov 13, 2015 - Perpetual",,,,,,,,
Ken Capital Trust,IN/AIF2/23-24/1421,"Jan 03, 2024 - Perpetual",Nishali@klubworks.com,Nishali Chand,"IndiQube Ashford Park View, 80 Feet Road, Next to Wipro House Building, Koramangala, BANGALORE, KARNATAKA, 560034","IndiQube Ashford Park View, 80 Feet Road, Next to Wipro House Building, Koramangala, BANGALORE, KARNATAKA, 560034",,,KARNATAKA,BANGALORE
Kenro Capital Trust,IN/AIF2/25-26/2012,"Jan 07, 2026 - Perpetual",norbert@kenrocap.com,Norbert Fernandes,"C801 Oberoi Splendor Jogeshwari Vikhroli Link Road, Jogeshwari East Mumbai 400060, MUMBAI, MAHARASHTRA, 400060","WeWork C 20 G Block Bandra Kurla Complex, Mumbai Maharashtra, MUMBAI, MAHARASHTRA, 400051",,,MAHARASHTRA,MUMBAI
Keppel India Office Fund,IN/AIF2/23-24/1288,"May 31, 2023 - Perpetual",abhijit.k@keppelland.com,Abhijit Kukade,"The CUBE, Karle Town Center, 2nd Floor, 100 Ft Road, Nada Prabhu Kempe Gowda Main Road, Adjacent to Nagavara Lake, Bengaluru 560045, BANGALORE, KARNATAKA, 560045","The CUBE, Karle Town Center, 2nd Floor, 100 Ft Road, Nada Prabhu Kempe Gowda Main Road, Adjacent to Nagavara Lake, Bengaluru 560045, BANGALORE, KARNATAKA, 560045",,,KARNATAKA,BANGALORE
Kerala Infrastructure Fund,IN/AIF2/19-20/0672,"Apr 08, 2019 - Perpetual",agm1.ifg@kiifb.org,DEEPU THOMAS,"02nd Floor Felicity Square,, Statue, M.G. Road,, THIRUVANANTHAPURAM, KERALA, 695001","02nd Floor Felicity Square, Statue, M.G. Road, THIRUVANANTHAPURAM, KERALA, 695001",,,KERALA,THIRUVANANTHAPURAM
Kerala Innovation Fund,IN/AIF2/24-25/1522,"May 24, 2024 - Perpetual",coordinator@kifml.com,Akhil G Nair,"Vellayambalam, Thiruvananthapuram 695 033, THIRUVANANTHAPURAM, KERALA, 695033","KEK Towers 4th Floor, Opposite TRIDA Vazhuthacaud Sasthamangalam PO Trivandrum 695010, THIRUVANANTHAPURAM, KERALA, 695010",,,KERALA,THIRUVANANTHAPURAM
Kettleborough VC Fund,IN/AIF1/20-21/0805,"May 28, 2020 - Perpetual",NTECHS.2020@GMAIL.COM,NISARG SHAH,"14, Panchvati Society, Near Jai Hind Cross Roads, Maninagar, AHMEDABAD, GUJARAT, 380008","14, Panchvati Society, Near Jai Hind Cross Roads, Maninagar, AHMEDABAD, GUJARAT, 380008",,,GUJARAT,
Kettleborough VC Fund 2024,IN/AIF1/25-26/1776,"Apr 03, 2025 - Perpetual",ntechs.2020@gmail.com,Nisarg Shah,"Anugrah 8 1 Rajhans Society Beside Nabard Vihar HL Commerce College Road Navrangpura, AHMEDABAD, GUJARAT, 380009","Anugrah 8 1 Rajhans Society Beside Nabard Vihar HL Commerce College Road Navrangpura, AHMEDABAD, GUJARAT, 380009",,,GUJARAT,
KITVEN 4 AVGC,IN/AIF1/18-19/0555,"Jun 14, 2018 - Perpetual",manish@kitven.com,Manish Belmannu,"Khanija Bhavan, 4th floor, east wing,, 49, Race Course Road, BANGALORE, KARNATAKA, 560001","Khanija Bhavan, 4th floor, east wing, 49, Race Course Road, BANGALORE, KARNATAKA, 560001",,,KARNATAKA,BANGALORE
KITVEN FUND-5,IN/AIF1/22-23/1237,"Mar 15, 2023 - Perpetual",manish@kitven.in,Manish Kumar,"KHANIJA BHAVAN 4TH FLOOR, 49 RACE COURSE ROAD, BANGALORE, KARNATAKA, 560001","KHANIJA BHAVAN 4TH FLOOR, 49 RACE COURSE ROAD, BANGALORE, KARNATAKA, 560001",,,KARNATAKA,BANGALORE
KKR INDIA DEBT OPPORTUNITIES FUND II,IN/AIF2/16-17/0219,"Apr 20, 2016 - Perpetual",,,"2nd Floor, Piramal Tower, Peninsula Corporate Park, Ganpatrao Kadam Marg, Lower Parel, MUMBAI, MAHARASHTRA, 400013",,,,MAHARASHTRA,MUMBAI
KLARUS CAPITAL FUND - I,IN/AIF1/25-26/1959,"Nov 12, 2025 - Perpetual",rattan@krystalvs.com,Rattandeep Singh,"No. 267, 1st Floor 8th Main Road, KSRTC Layout, JP Nagar, 2nd Phase, BANGALORE, KARNATAKA, 560078","No. 267, 1st Floor 8th Main Road, KSRTC Layout, JP Nagar, 2nd Phase, BANGALORE, KARNATAKA, 560078",,,KARNATAKA,BANGALORE
Klay Funds AIF,IN/AIF3/19-20/0753,"Dec 10, 2019 - Perpetual",compliance@klaycapital.in,Ian Dsouza,"1402, ONE BKC, B-Wing, , G - Block, Bandra Kurla Complex, MUMBAI, MAHARASHTRA, 400051","1402, ONE BKC, B-Wing, , G - Block, Bandra Kurla Complex, MUMBAI, MAHARASHTRA, 400051",,,MAHARASHTRA,MUMBAI
Knightstone Capital LLP,IN/AIF3/21-22/0912,"Jul 23, 2021 - Perpetual",parag@knightstonecap.com,Parag Jhawar,"922, Unit No. 9, Corporate Park II, 9th floor, VN Purav Marg, near Swastik Chambers, Chembur, MUMBAI, MAHARASHTRA, 400071","922, Unit No. 9, Corporate Park II, 9th floor, VN Purav Marg, near Swastik Chambers, Chembur, MUMBAI, MAHARASHTRA, 400071",,,MAHARASHTRA,MUMBAI
Kotak Alternate Assets Fund II,IN/AIF2/18-19/0605,"Oct 17, 2018 - Perpetual",compliance.kial@kotak.com,Rajeev Saptarshi,"Co. Kotak Investment Advisors Limited 27 BKC, 7th Floor, Plot No. C 27, G Block,, Bandra Kurla Complex, Bandra East, MUMBAI, MAHARASHTRA, 400051","Co. Kotak Investment Advisors Limited 27 BKC, 7th Floor, Plot No. C 27, G Block, Bandra Kurla Complex, Bandra East, MUMBAI, MAHARASHTRA, 400051",,,MAHARASHTRA,MUMBAI
Kotak Alternate Assets Fund III,IN/AIF3/18-19/0604,"Oct 17, 2018 - Perpetual",compliance.kial@kotak.com,Rajeev Saptarshi,"Co. Kotak Investment Advisors Limited 27 BKC, 7th Floor, Plot No. C 27, G Block,, Bandra Kurla Complex, Bandra East, MUMBAI, MAHARASHTRA, 400051","Co. Kotak Investment Advisors Limited 27 BKC, 7th Floor, Plot No. C 27, G Block, Bandra Kurla Complex, Bandra East, MUMBAI, MAHARASHTRA, 400051",,,MAHARASHTRA,MUMBAI
Kotak Alternate Assets Fund IV,IN/AIF2/22-23/1088,"Jun 17, 2022 - Perpetual",compliance.kial@kotak.com,Rajeev Saptarshi,"27 BKC 7th floor plot no c 27, g block, MUMBAI, MAHARASHTRA, 400051","27 BKC 7th floor plot no c 27, g block, MUMBAI, MAHARASHTRA, 400051",,,MAHARASHTRA,MUMBAI
Kotak Credit Opportunities Fund Trust,IN/AIF2/23-24/1268,"May 02, 2023 - Perpetual",jolly.bhatt@kotak.com,Jolly Bhatt,"27 BKC, C 27, G Block, Bandra Kurla Complex, Bandra (E), MUMBAI, MAHARASHTRA, 400051","Kotak Mahindra Asset Management Company Limited, Kotak Towers 6th Floor Building No 21 Infinity Park Gen A K Vaidya Marg Malad East, MUMBAI, MAHARASHTRA, 400097",,,MAHARASHTRA,MUMBAI
KOTAK DATA CENTER FUND,IN/AIF2/22-23/1189,"Jan 13, 2023 - Perpetual",compliance.kial@kotak.com,RAJEEV SAPTARSHI,"7th Floor 27 BKC Plot No. C 27 G Block, Bandra Kurla Complex Bandra East, MUMBAI, MAHARASHTRA, 400051","7th Floor 27 BKC Plot No. C 27 G Block, Bandra Kurla Complex Bandra East, MUMBAI, MAHARASHTRA, 400051",,,MAHARASHTRA,MUMBAI
Kotak India Affordable Housing Fund - I,IN/AIF2/18-19/0568,"Jul 27, 2018 - Perpetual",compliance.kial@kotak.com,Rajeev Saptarshi,"Co. Kotak Investment Advisors Limited 27 BKC, 7th Floor, Plot No. C 27, G Block, , Bandra Kurla Complex, Bandra East, MUMBAI, MAHARASHTRA, 400051","Co. Kotak Investment Advisors Limited 27 BKC, 7th Floor, Plot No. C 27, G Block, , Bandra Kurla Complex, Bandra East, MUMBAI, MAHARASHTRA, 400051",,,MAHARASHTRA,MUMBAI
Kotak India Real Estate Fund - IX,IN/AIF2/18-19/0537,"May 07, 2018 - Perpetual",compliance.kial@kotak.com,Rajeev Saptarshi,"Co. Kotak Investment Advisors Limited 27 BKC, 7th Floor, Plot No. C 27, G Block, Bandra Kurla Complex, Bandra East, MUMBAI, MAHARASHTRA, 400051","Co. Kotak Investment Advisors Limited 27 BKC, 7th Floor, Plot No. C 27, G Block, Bandra Kurla Complex, Bandra East, MUMBAI, MAHARASHTRA, 400051",,,MAHARASHTRA,MUMBAI
KOTAK INDIA REAL ESTATE FUND VIII,IN/AIF2/15-16/0214,"Mar 30, 2016 - Perpetual",,,"27 BKC, 7TH FLOOR, PLOT NO C 27, G BLOCK, , BANDRA KURLA COMPLEX, BANDRA EAST, MUMBAI, MAHARASHTRA, 400051",,,,MAHARASHTRA,MUMBAI
KOTAK INDIA RENAISSANCE FUND 1 TRUST,IN/AIF3/21-22/0967,"Dec 25, 2021 - Perpetual",Jolly.Bhatt@kotak.com,Jolly Bhatt,"27 BKC C 27 G Block , bandra kurla complex, MUMBAI, MAHARASHTRA, 400051","kotak towers 6th floor building no 21, infinity park malad, MUMBAI, MAHARASHTRA, 400097",,,MAHARASHTRA,MUMBAI
KOTAK INDIA VENTURE FUND I,IN/AIF1/25-26/1884,"Aug 25, 2025 - Perpetual",compliance.kial@kotak.com,Sanjay Mitra,"7th floor 27 BKC Plot no C 27, G Block Bandra Kurla Complex Bandra East, MUMBAI, MAHARASHTRA, 400051","7th floor 27 BKC plot no C 27, G Block Bandra Kurla Complex Bandra East, MUMBAI, MAHARASHTRA, 400051",,,MAHARASHTRA,MUMBAI
Kotak India Venture Fund II,IN/AIF2/17-18/0370,"Sep 19, 2017 - Perpetual",,,,,,,,
KOTAK INFRASTRUCTURE INVESTMENT FUND,IN/AIF2/21-22/0875,"Apr 12, 2021 - Perpetual",compliance.kial@kotak.com,Rajeev Saptarshi,"27BKC, 7TH FLOOR, PLOT NO.C-27, BANDRA KURLA COMPLEX, MUMBAI, MAHARASHTRA, 400051","27BKC, 7TH FLOOR, PLOT NO.C-27, BANDRA KURLA COMPLEX, MUMBAI, MAHARASHTRA, 400051",,,MAHARASHTRA,MUMBAI
Kotak Performing RE Credit Strategy Fund,IN/AIF2/19-20/0758,"Dec 13, 2019 - Perpetual",compliance.kial@kotak.com,Rajeev Saptarshi,"PLOT NO. C 27, G BLOCK, BANDRA KURLA COMPLEX, BANDRA EAST, MUMBAI, MAHARASHTRA, 400051","PLOT NO. C 27, G BLOCK, BANDRA KURLA COMPLEX, BANDRA EAST, MUMBAI, MAHARASHTRA, 400051",,,MAHARASHTRA,MUMBAI
KOTAK PERFORMING RE CREDIT STRATEGY FUND - II,IN/AIF2/22-23/1151,"Oct 19, 2022 - Perpetual",compliance.kial@kotak.com,RAJEEV SAPTARSHI,"7th Floor 27 BKC , Plot No. C 27 G Block Bandra Kurla Complex Bandra East, MUMBAI, MAHARASHTRA, 400051","7th Floor 27 BKC , Plot No. C 27 G Block Bandra Kurla Complex Bandra East, MUMBAI, MAHARASHTRA, 400051",,,MAHARASHTRA,MUMBAI
Kotak Real Estate Fund - XI,IN/AIF2/23-24/1454,"Feb 20, 2024 - Perpetual",compliance.kial@kotak.com,Rajeev Saptarshi,"7th Floor, 27 BKC, Plot no C 27, G Block, Bandra Kurla Complex, Bandra East, MUMBAI, MAHARASHTRA, 400051","7th Floor, 27 BKC, Plot no C 27, G Block, Bandra Kurla Complex, Bandra East, MUMBAI, MAHARASHTRA, 400051",,,MAHARASHTRA,MUMBAI
Kotak Real Estate Fund XII,IN/AIF2/24-25/1627,"Nov 11, 2024 - Perpetual",compliance.kial@kotak.com,Rajeev Saptarshi,"27 BKC 7th Floor Plot no C 27 , G Block Bandra Kurla Complex Bandra East, MUMBAI, MAHARASHTRA, 400051","27 BKC 7th Floor Plot no C 27 , G Block Bandra Kurla Complex Bandra East, MUMBAI, MAHARASHTRA, 400051",,,MAHARASHTRA,MUMBAI
KOTAK REAL ESTATE FUND-X,IN/AIF2/22-23/1159,"Oct 21, 2022 - Perpetual",compliance.kial@kotak.com,RAJEEV SAPTARSHI,"27 BKC 7th Floor Plot No. C 27 G Block, Bandra Kurla Complex Bandra East, MUMBAI, MAHARASHTRA, 400051","27 BKC 7th Floor Plot No. C 27 G Block, Bandra Kurla Complex Bandra East, MUMBAI, MAHARASHTRA, 400051",9100000000000.0,9100000000000.0,MAHARASHTRA,MUMBAI
Kotak Real Estate Investment Fund II,IN/AIF2/24-25/1621,"Oct 31, 2024 - Perpetual",compliance.kial@kotak.com,Rajeev Saptarshi,"7th Floor, 27 BKC, Plot no C 27, G Block, Bandra Kurla Complex, Bandra East, MUMBAI, MAHARASHTRA, 400051","7th Floor, 27 BKC, Plot no C 27, G Block, Bandra Kurla Complex, Bandra East, MUMBAI, MAHARASHTRA, 400051",,,MAHARASHTRA,MUMBAI
Kotak Special Situations Fund,IN/AIF2/18-19/0633,"Feb 15, 2019 - Perpetual",compliance.kial@kotak.com,Rajeev Saptarshi,"Co. Kotak Investment Advisors Limited 27 BKC, 7th Floor, Plot No. C 27, G Block,, Bandra Kurla Complex, Bandra East, MUMBAI, MAHARASHTRA, 400051","Co. Kotak Investment Advisors Limited 27 BKC, 7th Floor, Plot No. C 27, G Block, Bandra Kurla Complex, Bandra East, MUMBAI, MAHARASHTRA, 400051",,,MAHARASHTRA,MUMBAI
KOTAK STRATEGIC SITUATIONS TRUST,IN/AIF2/22-23/1167,"Nov 02, 2022 - Perpetual",compliance.kial@kotak.com,Rajeev Saptarshi,"7th Floor 27 BKC Plot No. C 27 G Block , Bandra Kurla Complex Bandra East, MUMBAI, MAHARASHTRA, 400051","7th Floor 27 BKC Plot No. C 27 G Block , Bandra Kurla Complex Bandra East, MUMBAI, MAHARASHTRA, 400051",,,MAHARASHTRA,MUMBAI
KOTAK STRATEGIC SOLUTIONS FUND III,IN/AIF2/25-26/2076,"Mar 06, 2026 - Perpetual",compliance.kial@kotak.com,SANJAY MITRA,"7th Floor, 27 BKC, Plot no C 27, G Block, Bandra Kurla Complex, Bandra East, MUMBAI, MAHARASHTRA, 400051",,,,MAHARASHTRA,MUMBAI
Kredstone AIF Trust,IN/AIF2/24-25/1752,"Mar 06, 2025 - Perpetual",finance@kredstone.com,Ashish Singla,"1507, 15th Floor, B Wing, One BKC, C 66, G Block, Opposite Bank of Baroda, Bandra East, MUMBAI, MAHARASHTRA, 400051","1507, 15th Floor, B Wing, One BKC, C 66, G Block, Opposite Bank of Baroda, Bandra East, MUMBAI, MAHARASHTRA, 400051",,,MAHARASHTRA,MUMBAI
Kriscore Capital Trust,IN/AIF2/24-25/1605,"Sep 27, 2024 - Perpetual",nilesh@kriscore.com,Nilesh Balakrishnan,"B17, Ahuja Towers, Rajabhau Anant Desai Marg, Prabhadevi, MUMBAI, MAHARASHTRA, 400025","Studio 4, 7th Floor, Tower 2A North Annex, India Bulls One World Centre, Lower Parel, MUMBAI, MAHARASHTRA, 400013",,,MAHARASHTRA,MUMBAI
Kroyana Special Situations Fund,IN/AIF2/20-21/0789,"Apr 24, 2020 - Perpetual",fahmed@anacapitaladvisors.com,Faisal Ahmed,"299 Amarjyothi Layout, Domlur, BANGALORE, KARNATAKA, 560071","299 Amarjyothi Layout, Domlur, BANGALORE, KARNATAKA, 560071",,,KARNATAKA,BANGALORE
Krushnam Nexus Capital Trust,IN/AIF3/24-25/1758,"Mar 12, 2025 - Perpetual",bnt6690@outlook.com,BHUMIKA THAKKAR,"Office No. B -1010, 10th Floor, Empire Business Hub, , Science City Road Sola,, AHMEDABAD, GUJARAT, 380060","Shree Ranchhodnagar 8, Behind Maruti Dairy, , Rajkot, Gujarat, RAJKOT, GUJARAT, 360003",,,GUJARAT,
KUBER CAPITAL FUND,IN/AIF3/25-26/2030,"Feb 03, 2026 - Perpetual",vismay.shah@kuberfund.com,Vismay Shah,"SF 8, Narayan Chambers, , Nr. Patang Hotel, Ashram Road,, AHMEDABAD, GUJARAT, 380009","SF 8, Narayan Chambers, , Nr. Patang Hotel, Ashram Road, AHMEDABAD, GUJARAT, 380009",,,GUJARAT,
KumKutch Finance Trust,IN/AIF2/22-23/1150,"Oct 19, 2022 - Perpetual",ajay@ruh.finance,Ajay Attibele Vijaykumar,"2A, Ascot Apartments, 6th Main, Defence Colony, Indiranagar, BANGALORE, KARNATAKA, 560038","Unit no E303 304, Third Floor, East Wing, Sunrise Chambers, No. 22, Ulsoor Road, BANGALORE, KARNATAKA, 560042",,,KARNATAKA,BANGALORE
KUNVARJI TRANSGRAPH COMMODITIES FUND,IN/AIF3/19-20/0746,"Nov 15, 2019 - Perpetual",himanjal.brahmbhatt@kunvarji.com,Himanjal Brahmbhatt,"Office No 05 Ground Floor Summit Business Bay, Nr Cinemax Cinema Andheri Kurla Road Andheri E, MUMBAI, MAHARASHTRA, 400093","Office No 05 Ground Floor Summit Business Bay, Nr Cinemax Cinema Andheri Kurla Road Andheri E, MUMBAI, MAHARASHTRA, 400093",,,MAHARASHTRA,MUMBAI
L & T INFRA INVESTMENT PARTNERS,IN/AIF1/12-13/0027,"Feb 06, 2013 - Perpetual",,,"Brindavan Plot No 177 CST Road, Kalina Santacruz West, MUMBAI, MAHARASHTRA, 400098",,,,MAHARASHTRA,MUMBAI
L Catterton India Trust,IN/AIF2/24-25/1588,"Sep 04, 2024 - Perpetual",anjana.sasidharan@lcatterton.com,Anjana Sasidharan,"Unit No 902 9th Floor TCG Financial Centre G block, Bandra Kurla Complex Bandra East Mumbai Maharashtra India 400098, MUMBAI, MAHARASHTRA, 400098","Unit No. 902 9 Floor TCG Financial Centre, G block Bandra Kurla Complex Bandra East, MUMBAI, MAHARASHTRA, 400098",,,MAHARASHTRA,MUMBAI
Labdhi Nivesh Inflection Fund,IN/AIF2/20-21/0812,"Jun 14, 2020 - Perpetual",vikas@labdhilife.com,Vikas Jain,"Labdhi Plaza S No 67 1B 67 1C 1D 67 1F 68 3A Dahivali Neral Raigad Karjat Raigarh, MUMBAI, MAHARASHTRA, 410101","Labdhi Plaza S No 67 1B 67 1C 1D 67 1F 68 3A Dahivali Neral Raigad Karjat Raigarh, MUMBAI, MAHARASHTRA, 410101",,,MAHARASHTRA,MUMBAI
LAGHU VIKAS TRUST,IN/AIF1/14-15/0109,"Jun 09, 2014 - Perpetual",,,"C by o SIDBI, Atmaram House, Tolstoy Marg, New Delhi, NEW DELHI, NATIONAL CAPITAL TERRITORY OF DELHI, 110001",,,,NATIONAL CAPITAL TERRITORY OF DELHI,NEW DELHI
Lake Shore India Retail Venture Fund,IN/AIF2/16-17/0293,"Jan 19, 2017 - Perpetual",,,"Unit No. 1611 12, 16th Floor, C Wing, G Block, One BKC, Bandra Kurla Complex, Bandra East, MUMBAI, MAHARASHTRA, 400051",,,,MAHARASHTRA,MUMBAI
Lakshya Capital Investment Trust,IN/AIF3/25-26/2084,"Mar 10, 2026 - Perpetual",gagraniniitb@gmail.com,Nisarg Gagrani,"3106, Prestige Liberty, Tower D, DR D E Moses Rd, Jacob Circle, Haji Ali Police Station, Mumbai 400011, MUMBAI, MAHARASHTRA, 400011",,,,MAHARASHTRA,MUMBAI
Landmark Multiplier Fund,IN/AIF2/21-22/0928,"Sep 03, 2021 - Perpetual",ashish@landmarkcapital.in,Ashish Joshi,"608 B Wing, Express Zone, Off Western Express Highway, Goregaon East, MUMBAI, MAHARASHTRA, 400097","608 B Wing, Express Zone, Off Western Express Highway, Goregaon East, MUMBAI, MAHARASHTRA, 400097",,,MAHARASHTRA,MUMBAI
LANDMARK OPPORTUNITY FUND,IN/AIF2/13-14/0068,"Jul 29, 2013 - Perpetual",,,"377, Solitaire Corporate Park, 151 M.V Road. Andheri East Mumbai, MUMBAI, MAHARASHTRA, 400093",,,,MAHARASHTRA,MUMBAI
LARES ALPHA SCHEME,IN/AIF3/13-14/0103,"Mar 26, 2014 - Perpetual",,,,,,,,
LAUNCH CAPITAL ANGEL FUND,IN/AIF1/24-25/1629,"Nov 11, 2024 - Perpetual",roopal@singhania.com,MILIND GARUD,"201 Sai Smruti 2nd floor Vazira Naka Ganesh Mandir Lane L.T. Road, Borivali West, MUMBAI, MAHARASHTRA, 400091","201 Sai Smruti 2nd floor Vazira Naka Ganesh Mandir Lane L.T. Road, Borivali West, MUMBAI, MAHARASHTRA, 400091",,,MAHARASHTRA,MUMBAI
Lavni Ventures Trust,IN/AIF2/24-25/1623,"Oct 31, 2024 - Perpetual",vasu.guruswamy@lavni.co.in,Vasudevan Guruswamy,"No 110 Prestige Dorchester 103 2 Jakkur Village, BANGALORE, KARNATAKA, 560064","No 110 Prestige Dorchester 103 2 Jakkur Village, BANGALORE, KARNATAKA, 560064",,,KARNATAKA,BANGALORE
LB CIRCLE INVESTMENT FUND,IN/AIF2/24-25/1544,"Jun 20, 2024 - Perpetual",secretarial0803@gmail.com,SANDEEP SINGHAL,"12 Local Shopping Centre, Kalkaji, DELHI, NATIONAL CAPITAL TERRITORY OF DELHI, 110019","12 Local Shopping Centre, Kalkaji, DELHI, NATIONAL CAPITAL TERRITORY OF DELHI, 110019",,,NATIONAL CAPITAL TERRITORY OF DELHI,
LC Luminere Alternatives Trust,IN/AIF2/25-26/2078,"Mar 06, 2026 - Perpetual",ankit.surana@lighthouse-canton.com,Ankitkumar Surana,"794, Padma Nagar Phase II, Balreddy Nagar, Chintal, 500054, Hyderabad, Telangana, India, HYDERABAD, TELANGANA, 500054",,,,TELANGANA,HYDERABAD
LC VENTURE FUND,IN/AIF2/22-23/1110,"Jul 27, 2022 - Perpetual",rajesh@lc-reit.com,Rajesh Begwani,"Suite No. 502, Central Plaza, Building No 450, Genome Valley, Shamirpet, HYDERABAD, TELANGANA, 500078","Suite No. 502, Central Plaza, Building No 450, Genome Valley, Shamirpet, HYDERABAD, TELANGANA, 500078",,,TELANGANA,HYDERABAD
Lead Angels Fund,IN/AIF1/21-22/0936,"Oct 05, 2021 - Perpetual",sushanto@leadangels.in,Sushanto Mitra,"A 102, Neelam Centre, SK Ahire Marg, Worli, MUMBAI, MAHARASHTRA, 400030","A 102, Neelam Centre, SK Ahire Marg, Worli, MUMBAI, MAHARASHTRA, 400030",,,MAHARASHTRA,MUMBAI
LICHFL Fund,IN/AIF1/25-26/1941,"Oct 30, 2025 - Perpetual",cs@lichflamc.com,Aakanchha Vyas,"Bombay life building II floor, , 45 47 Veer Nariman Road, Fort Mumbai, MUMBAI, MAHARASHTRA, 400001","Unit No. 211 212, A Wing, 2nd Floor, The Capital, G Block, Bandra Kurla Complex, MUMBAI, MAHARASHTRA, 400051",2242065023.0,2242065023.0,MAHARASHTRA,MUMBAI
LICHFL Housing & Infrastructure Trust,IN/AIF1/17-18/0376,"Oct 04, 2017 - Perpetual",,,"304, 3rd Floor, Vibgyor Tower, , Opp Trident Hotel, Bandra Kurla Complex., MUMBAI, MAHARASHTRA, 400051",,,,MAHARASHTRA,MUMBAI
LICHFL Opportunities Trust,IN/AIF2/21-22/0963,"Dec 14, 2021 - Perpetual",ggs@lichflamc.com,Guruputrayya Sambayyanamath,"211 and 212, A Wing, 2nd Floor, The Capital, Bandra Kurla Complex, Mumbai 400051, MUMBAI, MAHARASHTRA, 400051","211 and 212, A Wing, 2nd Floor, The Capital, Bandra Kurla Complex, Mumbai 400051, MUMBAI, MAHARASHTRA, 400051",,,MAHARASHTRA,MUMBAI
LIFE FUND,IN/AIF1/14-15/0117,"Aug 21, 2014 - Perpetual",,,,,,,,
Lighthouse Canton Special Opportunities Fund,IN/AIF3/25-26/1831,"Jun 23, 2025 - Perpetual",lcv.im@lighthouse-canton.in,Manas Chadha,"Unit number 104A First Floor Worldmark 2 Asset Area no 8, Hospitality District Delhi Aerocity Near Indira Gandhi International Airport, NEW DELHI, NATIONAL CAPITAL TERRITORY OF DELHI, 110037","Unit number 104A First Floor Worldmark 2 Asset Area no 8, Hospitality District Delhi Aerocity Near Indira Gandhi International Airport, NEW DELHI, NATIONAL CAPITAL TERRITORY OF DELHI, 110037",,,NATIONAL CAPITAL TERRITORY OF DELHI,NEW DELHI
Lighthouse India Investment Trust,IN/AIF2/22-23/1161,"Oct 29, 2022 - Perpetual",tarun@lhfunds.com,Tarun Pande,"1904, Raheja Altimus, Dr GM Bhosale Marg, Worli, Opp. Mahindra Tower, MUMBAI, MAHARASHTRA, 400018","1904, Raheja Altimus, Dr GM Bhosale Marg, Worli, Opp. Mahindra Tower, MUMBAI, MAHARASHTRA, 400018",,,MAHARASHTRA,MUMBAI
LILKIS CAPITAL AIF TRUST,IN/AIF2/23-24/1450,"Feb 14, 2024 - Perpetual",agarwalladeepak@gmail.com,Deepak Agarwalla,"Unit 241, Tower A, Emaar Digital Greens, Sector 61, Golf Course Extn Road, GURGAON, HARYANA, 122001","Unit 241, Tower A, Emaar Digital Greens, Sector 61, Golf Course Extn Road, GURGAON, HARYANA, 122001",,,HARYANA,
LOGOS INDIA LOGISTICS VENTURE FUND,IN/AIF2/17-18/0523,"Mar 05, 2018 - Perpetual",mehul.shah@assetzproperty.com,Mehul Shah,"905, 9th Floor, Hallmark Business Plaza, Sant Dyaneshwar Marg, Bandra East Mumbai, MUMBAI, MAHARASHTRA, 400051","905, 9th Floor, Hallmark Business Plaza, Sant Dyaneshwar Marg, Bandra East Mumbai, MUMBAI, MAHARASHTRA, 400051",,,MAHARASHTRA,MUMBAI
Lok Capital Growth Fund,IN/AIF2/16-17/0231,"Jun 07, 2016 - Perpetual",,,,,,,,
Lok Capital Growth Fund IV,IN/AIF2/19-20/0762,"Jan 10, 2020 - Perpetual",vmehta@lokcapital.com,Vishal Mehta,"Basement, S11 09 , Dlf Phase 3, GURGAON, HARYANA, 122002","Basement, S11 09 , Dlf Phase 3, GURGAON, HARYANA, 122002",,,HARYANA,
LONG ARC BUSINESS OWNER TRUST,IN/AIF3/25-26/1803,"May 05, 2025 - Perpetual",varun@longarcinvest.com,Varun Balachandran,"New No. 17 Lynwood Avenue, Mahalingapuram, CHENNAI, TAMIL NADU, 600034","New No. 17 Lynwood Avenue, Mahalingapuram, CHENNAI, TAMIL NADU, 600034",,,TAMIL NADU,CHENNAI
Long View Ventures,IN/AIF1/23-24/1412,"Dec 18, 2023 - Perpetual",akshat@longview-ventures.com,Akshat Poddar,"6th Floor 602 A Niranjan Bldg, 99 Marine Drive S. C. Court, MUMBAI, MAHARASHTRA, 400002","6th Floor 602 A Niranjan Bldg, 99 Marine Drive S. C. Court, MUMBAI, MAHARASHTRA, 400002",,,MAHARASHTRA,MUMBAI
LOTUS VALUE TRUST,IN/AIF3/24-25/1519,"May 13, 2024 - Perpetual",PROPLUS@BASANTGLOBAL.COM,Komal Maheshwari,"104, Basant house, Nr Jain Temple, B H Post Office, Navrangpura, AHMEDABAD, GUJARAT, 380009","104, Basant house, Nr Jain Temple, B H Post Office, Navrangpura, AHMEDABAD, GUJARAT, 380009",,,GUJARAT,
Lumikai Fund II,IN/AIF2/23-24/1289,"May 31, 2023 - Perpetual",salone@lumikai.com,Salone Sehgal,"Second Floor, Ocus Technopolis, Golf Course Road, Sector - 54, GURUGRAM, HARYANA, 122002","Second Floor, Ocus Technopolis, Golf Course Road, Sector - 54, GURUGRAM, HARYANA, 122002",,,HARYANA,
LUMINERE INVESTMENT TRUST,IN/AIF2/20-21/0783,"Apr 22, 2020 - Perpetual",RAJESH.BEGWANI@LIGHTHOUSE-CANTON.COM,RAJESH BEGWANI,"Building No. 2700, Plot No. 11, Sy No. 101,, Lalgadi Malakpet V, Shamirpet Mandal, HYDERABAD, TELANGANA, 500078","Building No. 2700, Plot No. 11, Sy No. 101, Lalgadi Malakpet V, Shamirpet Mandal, HYDERABAD, TELANGANA, 500078",,,TELANGANA,HYDERABAD
Lumis Labs Fund,IN/AIF2/21-22/0952,"Nov 09, 2021 - Perpetual",Lalit.Aggarwal@LumisPartners.com,Lalit Aggarwal,"Two Horizon Centre, Suite 628 629, Level 6 Wing B, Golf Course Road, DLF Phase V, Sector 43, GURGAON, HARYANA, 122002","Two Horizon Centre, Suite 628 629, Level 6 Wing B, Golf Course Road, DLF Phase V, Sector 43, GURGAON, HARYANA, 122002",,,HARYANA,
lumos reality trust,IN/AIF2/24-25/1687,"Jan 07, 2025 - Perpetual",anuranjan.mohnot@lumosaif.com,Anuranjan Mohnot,"A 105, Oberoi Exquisite, Oberoi Garden City, Goregaon East, Mumbai, 400063, Same as above, MUMBAI, MAHARASHTRA, 400063","A 105, Oberoi Exquisite, Oberoi Garden City, Goregaon East, Mumbai, 400063, Same as above, MUMBAI, MAHARASHTRA, 400063",,,MAHARASHTRA,MUMBAI
LV Angel Fund,IN/AIF1/18-19/0585,"Sep 06, 2018 - Perpetual",sanjay@letsventure.com,Sanjay Kumar Jha,"M303, Purva Fairmont, 24th Main,, 25th Cross, Sector 2, HSR Layout, BANGALORE, KARNATAKA, 560102","2nd Floor, SNC House, No 7 Residency Road, BANGALORE, KARNATAKA, 560025",,,KARNATAKA,BANGALORE
Lycka's Daybreak Trust,IN/AIF2/24-25/1531,"May 31, 2024 - Perpetual",roopal@singhania.com,Devarshi Patel,"B307 Times Square Arcade II, Besides Avalon Hotel Bodakdev, AHMEDABAD, GUJARAT, 380054","26 Shyam Vihar Bunglows, Thaltej Shilaj Road, AHMEDABAD, GUJARAT, 380059",,,GUJARAT,
Mach Technology Fund,IN/AIF2/17-18/0361,"Aug 24, 2017 - Perpetual",shivam@dolcevitatrustees.com,Shivam Gera,"135, Continental Building, Dr. A. B. Road, Worli, MUMBAI, MAHARASHTRA, 400018",,,,MAHARASHTRA,MUMBAI
MACM India Trust,IN/AIF2/19-20/0768,"Feb 05, 2020 - Perpetual",info@2point2capital.com,Savi Jain,"The IL and FS Financial Centre Plot No C 22 G Block 7th Floor , Bandra Kurla Complex Bandra East, MUMBAI, MAHARASHTRA, 400051","721 The Summit Business Bay Nr WEH Metro Station, Andheri East, MUMBAI, MAHARASHTRA, 400093",,,MAHARASHTRA,MUMBAI
Madhya Pradesh MSME Fund Trust,IN/AIF1/17-18/0312,"Apr 03, 2017 - Perpetual",,,,,,,,
Madison India opportunities Trust Fund,IN/AIF2/16-17/0257,"Aug 30, 2016 - Perpetual",,,"3 SARDAR PATEL MARG, CHANAKYAPURI, NEW DELHI, NATIONAL CAPITAL TERRITORY OF DELHI, 110021",,,,NATIONAL CAPITAL TERRITORY OF DELHI,NEW DELHI
Madison Investment Trust,IN/AIF2/23-24/1422,"Jan 03, 2024 - Perpetual",vikash@cerestra.in,Vikash Malpani,"Sy. No 403 1 Old, 120 New, 4th Floor, Niharika Jubilee One, Road No 1, Jubilee Hills, HYDERABAD, TELANGANA, 500033","Sy. No 403 1 Old, 120 New, 4th Floor, Niharika Jubilee One, Road No 1, Jubilee Hills, HYDERABAD, TELANGANA, 500033",,,TELANGANA,HYDERABAD
Magadh Capital,IN/AIF3/16-17/0279,"Nov 24, 2016 - Perpetual",,,"801, Floor 8, Tower 1, Terra, Planet Godrej, Keshavrao Khadye Marg, Saat Rasta, Jacob Circle, MUMBAI, MAHARASHTRA, 400011",,,,MAHARASHTRA,MUMBAI
MAGNIFIQ CAPITAL TRUST,IN/AIF1/22-23/1240,"Mar 16, 2023 - Perpetual",sridhar@magnifiqsecurities.com,SRIDHAR G,"8 3 976 69 G 2 JSR Residency Shalivahana nagar , Srinagar Colony, HYDERABAD, TELANGANA, 500073","8 3 976 69 G 2 JSR Residency Shalivahana nagar , Srinagar Colony, HYDERABAD, TELANGANA, 500073",,,TELANGANA,HYDERABAD
MAHAPREIT Alternative Investment Fund,IN/AIF2/22-23/1109,"Jul 26, 2022 - Perpetual",cfo@mahapreit.in,Dattraj Shinde,"1-N, Juhu Supreme Shopping Centre, Gulmohar Cross Road No.9, JVPD Scheme, MUMBAI, MAHARASHTRA, 400049","1-N, Juhu Supreme Shopping Centre, Gulmohar Cross Road No.9, JVPD Scheme, MUMBAI, MAHARASHTRA, 400049",,,MAHARASHTRA,MUMBAI
Maharashtra Defence and Aerospace Venture Fund,IN/AIF2/18-19/0578,"Sep 05, 2018 - Perpetual",defenceaif@idbicapital.com,Ananta Sarma,"Asian Builidng, Ground Floor, 17, R. Kamani Marg, Ballard Estate, Mumbai, MUMBAI, MAHARASHTRA, 400001","3rd Floor, Mafatlal Centre, Nariman Point, Mumbai, Maharashtra, MUMBAI, MAHARASHTRA, 400021",,,MAHARASHTRA,MUMBAI
MAHARASHTRA INNOVATION AND TECHNOLOGICAL DEVELOPMENT FUND,IN/AIF1/22-23/1118,"Aug 25, 2022 - Perpetual",mitdf@idbicapital.com,Amey Belorkar,"6th Floor IDBI Tower , WTC Complex Cuffe Parade, MUMBAI, MAHARASHTRA, 400005","6th Floor IDBI Tower , WTC Complex Cuffe Parade, MUMBAI, MAHARASHTRA, 400005",,,MAHARASHTRA,MUMBAI
MAHARASHTRA LAGHU VIKAS TRUST,IN/AIF1/15-16/0191,"Dec 10, 2015 - Perpetual",,,"C by O SIDBI TRUSTEE COMPANY LIMITED, 1001, 10TH FLOOR, NAMAN CENTRE, , C31, G BLOCK, BANDRA KURLA COMPLEX, BANDRA EAST, MUMBAI, MAHARASHTRA, 400051",,,,MAHARASHTRA,MUMBAI
Mahaveer Special Situations Trust,IN/AIF1/25-26/2034,"Feb 05, 2026 - Perpetual",mahaveerventure.solutions@gmail.com,Anav Jain,"D 255, Ground Floor,, Defence Colony,, DELHI, NATIONAL CAPITAL TERRITORY OF DELHI, 110024","D 255, Ground Floor, Defence Colony, DELHI, NATIONAL CAPITAL TERRITORY OF DELHI, 110024",,,NATIONAL CAPITAL TERRITORY OF DELHI,
MAIQ CAPITAL TRUST,IN/AIF3/22-23/1108,"Jul 19, 2022 - Perpetual",compliance@maiqcap.com,Rajeev Chaturvedi,"714, Floor 7, Plot 212, West Wing ,Tulsiani Chambers, Free Press Journal Marg, Nariman Point, MUMBAI, MAHARASHTRA, 400021","714, Floor 7, Plot 212, West Wing ,Tulsiani Chambers, Free Press Journal Marg, Nariman Point, MUMBAI, MAHARASHTRA, 400021",,,MAHARASHTRA,MUMBAI
MAITREYI DIGITAL INDIA FUND,IN/AIF2/15-16/0205,"Feb 04, 2016 - Perpetual",,,,,,,,
MAKIA CAPITAL TRUST,IN/AIF1/24-25/1666,"Dec 12, 2024 - Perpetual",sanchit@makiacapital.com,Sanchit Vijay,"907, K.P. AURUM, MAROL, MAROSHI ROAD, MAROL, ANDHERI EAST, MUMBAI, MAHARASHTRA, 400069","D38, SECOND FLOOR, SOUTH EXTENTION 1, ANDREWSGANJ, SOUTH DELHI, DELHI, NATIONAL CAPITAL TERRITORY OF DELHI, 110049",,,MAHARASHTRA,MUMBAI
Malabar Investment Trust,IN/AIF3/16-17/0255,"Aug 29, 2016 - Perpetual",,,"Vistra ITCL India Ltd The IL&FS Financial Centre, lot C 22, G Block,Bandra Kurla Complex, Bandra East, MUMBAI, MAHARASHTRA",,,,MAHARASHTRA,MUMBAI
Malabar Perpetual Trust,IN/AIF3/24-25/1649,"Dec 02, 2024 - Perpetual",Ketan.shah@malabarinvest.com,Ketan Shah,"The Point, 2nd Floor, 30th cross road, Bandra West, MUMBAI, MAHARASHTRA, 400050","The Point, 2nd Floor, 30th cross road, Bandra West, MUMBAI, MAHARASHTRA, 400050",,,MAHARASHTRA,MUMBAI
MANGAL KESHAV AIF TRUST,IN/AIF2/25-26/1840,"Jul 07, 2025 - Perpetual",AIF@MANGALKESHAV.COM,SUJAY SHAH,"501, Heritage Plaza, J P Road, Opp. Indian Oil Colony, Andheri West, MUMBAI, MAHARASHTRA, 500053","501, Heritage Plaza, J P Road, Opp. Indian Oil Colony, Andheri West, MUMBAI, MAHARASHTRA, 500053",,,MAHARASHTRA,MUMBAI
Mangalkari Asset Investment AIF,IN/AIF2/22-23/1096,"Jun 28, 2022 - Perpetual",srishtymehra@gmail.com,SRISHTY MEHRA,"HB-170,, SECTOR-III, SALT LAKE,, KOLKATA, WEST BENGAL, 700106","HB-170, SECTOR-III, SALT LAKE, KOLKATA, WEST BENGAL, 700106",,,WEST BENGAL,KOLKATA
Manifested Wealth Creation Fund,IN/AIF3/25-26/1806,"May 07, 2025 - Perpetual",manifestedllp@gmail.com,Dhirender Gupta,"509, 5th Floor, Jaksons Crown Heights, Sector 10, Rohini, North West Delhi, DELHI, NATIONAL CAPITAL TERRITORY OF DELHI, 110085","509, 5th Floor, Jaksons Crown Heights, Sector 10, Rohini, North West Delhi, DELHI, NATIONAL CAPITAL TERRITORY OF DELHI, 110085",,,NATIONAL CAPITAL TERRITORY OF DELHI,
Manipur Startup Venture Trust,IN/AIF1/23-24/1464,"Mar 22, 2024 - Perpetual",roopal@singhania.com,Prasanta Talukdar,"NEDFi, Babupara, IMPHAL, MANIPUR, 795001","NEDFi, Babupara, IMPHAL, MANIPUR, 795001",,,MANIPUR,IMPHAL
Manjushree Capital-A Investment Trust,IN/AIF2/24-25/1686,"Jan 07, 2025 - Perpetual",aswani@capital-a.in,Aswani Kumar Nadakuduru,"No 1 Shobha 5th Floor Plot no 50 St Marks Road, Bangalore, BANGALORE, KARNATAKA, 560001","No 1 Shobha 5th Floor Plot no 50 St Marks Road, Bangalore, BANGALORE, KARNATAKA, 560001",,,KARNATAKA,BANGALORE
MANUFACTURING VALUE ADDITION FUND,IN/AIF1/12-13/0022,"Dec 13, 2012 - Perpetual",,,"Vishwakarma, 86C Topsia Road, KOLKATA, WEST BENGAL, 700046",,,,WEST BENGAL,KOLKATA
MARATHON EDGE INDIA FUND I LVF,IN/AIF2/18-19/0582,"Sep 06, 2018 - Perpetual",nikhil@marathon-edge.com,Nikhil Raghavan,"1703, Lodha Supremus, Dr. Elijah Moses Road, Worli Naka, Worli, Mumbai, MUMBAI, MAHARASHTRA, 400018","606 Maker Chambers V, Jamnalal Bajaj Road, Nariman Point, MUMBAI, MAHARASHTRA, 400021",,,MAHARASHTRA,MUMBAI
Marcellus Capital Trust,IN/AIF3/21-22/0910,"Jul 20, 2021 - Perpetual",parimal@marcellus.in,Parimal Deuskar,"369, Prakruthi,, 4th Main, Vijayanagar, BANGALORE, KARNATAKA, 560040","929 DBS Business Centre, Kanakia Wall street, Chakala, Andheri Kurla road, Andheri (East), MUMBAI, MAHARASHTRA, 400093",,,KARNATAKA,BANGALORE
Master Trust iRage Investment Trust,IN/AIF3/18-19/0552,"Jun 11, 2018 - Perpetual",puneetsinghania@mastertrust.co.in,Puneet Singhania,"A-852-A, Basement,, Sushant Lok, Phase -I,, GURGAON, HARYANA, 122002","A-852-A, Basement, Sushant Lok, Phase -I, GURGAON, HARYANA, 122002",,,HARYANA,
Mastergrowth 369 Alternate Investment Trust,IN/AIF3/24-25/1764,"Mar 21, 2025 - Perpetual",ashutosh@mastergrowth369.com,Ashutosh Kejriwal,"316, The Summit Business Park, Near Western Express Highway Metro Station, Andheri Kurla Road, Andheri E,, MUMBAI, MAHARASHTRA, 400093","316, The Summit Business Park, Near Western Express Highway Metro Station, Andheri Kurla Road, Andheri E, MUMBAI, MAHARASHTRA, 400093",,,MAHARASHTRA,MUMBAI
MASTERMIND JPIN CAPITAL PARTNERS FUND,IN/AIF1/21-22/0931,"Sep 30, 2021 - Perpetual",manish@mastermindfinance.com,MANISH LADAGE,"1003,04 Centrum, Wagle Industrial Estate, next to Hotel Satkar Grande, Thane West, THANE, MAHARASHTRA, 400604","1003,04 Centrum, Wagle Industrial Estate, next to Hotel Satkar Grande, Thane West, THANE, MAHARASHTRA, 400604",,,MAHARASHTRA,
Matrix Partners India III AIF,IN/AIF2/18-19/0614,"Nov 01, 2018 - Perpetual",,,,,,,,
Matrix Partners India IV AIF Trust,IN/AIF2/22-23/1124,"Sep 01, 2022 - Perpetual",matrixaif@matrixpartners.in,Priyank Shrivastava,"603, 6th floor, Ceejay House, Dr. Annie Besant Road, Worli, MUMBAI, MAHARASHTRA, 400018","603, 6th floor, Ceejay House, Dr. Annie Besant Road, Worli, MUMBAI, MAHARASHTRA, 400018",,,MAHARASHTRA,MUMBAI
Matterhorn capital Trust,IN/AIF3/23-24/1323,"Aug 08, 2023 - Perpetual",sushilagarwal.jaipur@gmail.com,Sushil Agarwal,"19, Jagdamba Colony, Naya Kheda, Ambabari, JAIPUR, RAJASTHAN, 302023","19, Jagdamba Colony, Naya Kheda, Ambabari, JAIPUR, RAJASTHAN, 302023",,,RAJASTHAN,JAIPUR
Matterhorn Investment Trust,IN/AIF2/23-24/1482,"Mar 27, 2024 - Perpetual",sushilagarwal.jaipur@gmail.com,Sushil Kumar Agarwal,"Office No 307, Horizon Tower, Jewel of India, JLN Marg, Opp Jaipur Stock Exchange, JAIPUR, RAJASTHAN, 302018","Office No 307, Horizon Tower, Jewel of India, JLN Marg, Opp Jaipur Stock Exchange, JAIPUR, RAJASTHAN, 302018",,,RAJASTHAN,JAIPUR
Mauryan First,IN/AIF3/16-17/0228,"May 27, 2016 - Perpetual",,,"2nd floor, Trade Point Building, Utopia City,, PANDURANG BUDHKAR MARG, LOWER PAREL WEST, MUMBAI, MAHARASHTRA, 400013",,,,MAHARASHTRA,MUMBAI
Mauryan India Trust,IN/AIF3/24-25/1689,"Jan 07, 2025 - Perpetual",gautam.bahal@mauryancapital.com,Gautam Bahal,"Unit No. 1 to 8, 2nd Floor, Trade Point Building, , Utopia City, Pandurang Budhkar Marg, Lower Parel West, MUMBAI, MAHARASHTRA, 400013","Unit No. 1 to 8, 2nd Floor, Trade Point Building, Utopia City, Pandurang Budhkar Marg, Lower Parel West, MUMBAI, MAHARASHTRA, 400013",,,MAHARASHTRA,MUMBAI
Mavenark Credit and Growth Fund,IN/AIF2/24-25/1699,"Jan 21, 2025 - Perpetual",sumit.jain@mavenark.co.in,Sumit Jain,"FF A 03 Art Guild House Phoenix Market City , LBS Marg Kurla West, MUMBAI, MAHARASHTRA, 400070","FF A 03 Art Guild House Phoenix Market City , LBS Marg Kurla West, MUMBAI, MAHARASHTRA, 400070",9100000000000.0,9100000000000.0,MAHARASHTRA,MUMBAI
MAVENVEST ABSOLUTE RETURN FUND,IN/AIF3/13-14/0074,"Sep 02, 2013 - Perpetual",,,"78 by B, MITTAL TOWER, NARIMAN POINT, MUMBAI, MAHARASHTRA, 400021",,,,MAHARASHTRA,MUMBAI
MAVIN VENTURES,IN/AIF2/25-26/1834,"Jul 03, 2025 - Perpetual",bhawnathairani11@gmail.com,Bhawna Thairani,"S 273, Greater Kailash 2, Greater Kailash, New Delhi, South Delhi, DELHI, NATIONAL CAPITAL TERRITORY OF DELHI, 110048","S 273, Greater Kailash 2, Greater Kailash, New Delhi, South Delhi, DELHI, NATIONAL CAPITAL TERRITORY OF DELHI, 110048",,,NATIONAL CAPITAL TERRITORY OF DELHI,NEW DELHI
Mavira Investments AIF Trust,IN/AIF3/24-25/1559,"Jul 15, 2024 - Perpetual",office@maviraamc.com,Mayank Mamania,"15 B First Floor 5B Royal Industrial Estate Wadala Road No 26 Sewree, Wadala, MUMBAI, MAHARASHTRA, 400031","15 B First Floor 5B Royal Industrial Estate Wadala Road No 26 Sewree, Wadala, MUMBAI, MAHARASHTRA, 400031",,,MAHARASHTRA,MUMBAI
MAXIZO TRUST,IN/AIF3/25-26/1925,"Oct 15, 2025 - Perpetual",Abhisheksharma@maxizotrading.com,ABHISHEK SHARMA,"803, 8th Floor, Ring Road Mall, Sector 3, Rohini, Delhi, NEW DELHI, NATIONAL CAPITAL TERRITORY OF DELHI, 110085","803, 8th Floor, Ring Road Mall, Sector 3, Rohini, Delhi, NEW DELHI, NATIONAL CAPITAL TERRITORY OF DELHI, 110085",,,NATIONAL CAPITAL TERRITORY OF DELHI,NEW DELHI
Maybak Trust,IN/AIF2/21-22/0960,"Dec 13, 2021 - Perpetual",ashokgrover9057@gmail.com,Ashok Grover,"90/57, Malviya Nagar, NEW DELHI, NATIONAL CAPITAL TERRITORY OF DELHI, 110017","90/57, Malviya Nagar, NEW DELHI, NATIONAL CAPITAL TERRITORY OF DELHI, 110017",,,NATIONAL CAPITAL TERRITORY OF DELHI,NEW DELHI
MCATS TRUST,IN/AIF1/23-24/1476,"Mar 26, 2024 - Perpetual",sushil@marwaricatalysts.com,Sushil Sharma,"Cyb5, Cyber Park, Heavy Industrial Area, Jodhpur, JODHPUR, RAJASTHAN, 342003","Cyb5, Cyber Park, Heavy Industrial Area, Jodhpur, JODHPUR, RAJASTHAN, 342003",,,RAJASTHAN,
MD MULTITRADE CAPITAL TRUST,IN/AIF3/25-26/2072,"Mar 04, 2026 - Perpetual",djthakkar89@gmail.com,Darshnaben Boriya,"Office No. 402, Pride Empire, Nr. Union Bank Of India, RAJKOT, GUJARAT, 360001",,,,GUJARAT,
MedArtha Capital Fund,IN/AIF2/25-26/2021,"Jan 19, 2026 - Perpetual",ganesh@medarthacapital.com,Ganesh Sabat,"28th Floor, Unit No. 2801, Building No. 4, Maxima, , JVLR Road, CTS NO 1 B of Village Majas, Jogeshwari, MUMBAI, MAHARASHTRA, 400060","28th Floor, Unit No. 2801, Building No. 4, Maxima, , JVLR Road, CTS NO 1 B of Village Majas, Jogeshwari, MUMBAI, MAHARASHTRA, 400060",,,MAHARASHTRA,MUMBAI
Meenakshi Alternates Fund,IN/AIF2/25-26/1802,"May 05, 2025 - Perpetual",karthik@m-alts.com,Karthik Katragadda,"119, Road No 10, Jubilee Hills, Hyderabad 500033, Telangana, India, HYDERABAD, TELANGANA, 500033","119, Road No 10, Jubilee Hills, Hyderabad 500033, Telangana, India, HYDERABAD, TELANGANA, 500033",,,TELANGANA,HYDERABAD
MegaDelta Fund Il,IN/AIF2/17-18/0343,"Jun 22, 2017 - Perpetual",ruchir@megadeltacapital.com,Ruchir Lahoty,"606 610, Madhava Building, Bandra Kurla Complex,, Behind Family Court, Bandra (East),, DELHI, MUMBAI, 400051",,,,,MUMBAI
Mehta Alternate Investment Fund,IN/AIF2/22-23/1252,"Mar 24, 2023 - Perpetual",rajat@mehtagroup.in,Rajat Mehta,"903, Lodha Supremus, Dr. E. Moses Road, Worli Naka, MUMBAI, MAHARASHTRA, 400018","903, Lodha Supremus, Dr. E. Moses Road, Worli Naka, MUMBAI, MAHARASHTRA, 400018",,,MAHARASHTRA,MUMBAI
Mela Ventures Trust,IN/AIF2/20-21/0801,"May 21, 2020 - Perpetual",nkk@melaventures.in,Krishnakumar Natarajan,"2297 24th Main, 16th Cross HSR Sector 1, BANGALORE, KARNATAKA, 560102","2297 24th Main, 16th Cross HSR Sector 1, BANGALORE, KARNATAKA, 560102",,,KARNATAKA,BANGALORE
Mela Ventures Trust II,IN/AIF2/25-26/1948,"Nov 04, 2025 - Perpetual",kalyan.sundar@melaventures.in,R Kalyan Sundar,"2297, 24th Main 16th Cross, HSR Sector 1, Bengaluru 560102, Karnataka, India, BANGALORE, KARNATAKA, 560102","2297, 24th Main 16th Cross, HSR Sector 1, Bengaluru 560102, Karnataka, India, BANGALORE, KARNATAKA, 560102",,,KARNATAKA,BANGALORE
MENTERRA SOCIAL IMPACT FUND,IN/AIF1/15-16/0187,"Nov 20, 2015 - Perpetual",,,"602 Hall Mark Business Plaza, Sant Dyaneshwar Marg, Bandra East, MUMBAI, MAHARASHTRA, 400051",,,,MAHARASHTRA,MUMBAI
Menterra Social Impact Fund 3 Trust,IN/AIF1/25-26/1980,"Dec 09, 2025 - Perpetual",mukesh@menterra.com,Mukesh Sharma,"216 Alfa Center 2nd Floor Indiranagar, 2nd Stage, BANGALORE, KARNATAKA, 560038","216 Alfa Center 2nd Floor Indiranagar, 2nd Stage, BANGALORE, KARNATAKA, 560038",,,KARNATAKA,BANGALORE
Menterra Social Impact Fund II Trust,IN/AIF1/19-20/0694,"May 07, 2019 - Perpetual",vikas@menterra.com,Vikas Kabra,"638, 7th Cross, 11th Main, HAL Stage II, Indiranagar, BANGALORE, KARNATAKA, 560038","638, 7th Cross, 11th Main, HAL Stage II, Indiranagar, BANGALORE, KARNATAKA, 560038",,,KARNATAKA,BANGALORE
Merak Ventures Fund 1,IN/AIF1/23-24/1262,"Apr 25, 2023 - Perpetual",srishti.dhir@growxventures.com,SRISHTI DHIR,"HNO-MN02 Hub and Oak, LGF E 14 Defence Colony, NEW DELHI, NATIONAL CAPITAL TERRITORY OF DELHI, 110024","HNO-MN02 Hub and Oak, LGF E 14 Defence Colony, NEW DELHI, NATIONAL CAPITAL TERRITORY OF DELHI, 110024",,,NATIONAL CAPITAL TERRITORY OF DELHI,NEW DELHI
Meridian Health Care Fund,IN/AIF1/25-26/1991,"Dec 17, 2025 - Perpetual",sameer@gabgd.com,Sameer Dashputre,"202 Anmol Prestige SV Road, MUMBAI, MAHARASHTRA, 400104","202 Anmol Prestige SV Road, MUMBAI, MAHARASHTRA, 400104",,,MAHARASHTRA,MUMBAI
Merisis Venture Partners Fund,IN/AIF1/21-22/0902,"Jul 01, 2021 - Perpetual",sumir@merisis.in,Sumir Verma,"106 & 107 Balarama CHS Ltd Opp Sales Tax Office , Bandra Kurla Complex, MUMBAI, MAHARASHTRA, 400051","11 A 19th Main Service Road Sector 3 HSR Layout Bangalore, BANGALORE, KARNATAKA, 560102",,,MAHARASHTRA,MUMBAI
Meritus Capital Trust,IN/AIF3/24-25/1654,"Dec 05, 2024 - Perpetual",,,"1201 Chaurang Sunshine, Deonar, MUMBAI, MAHARASHTRA, 400088","1201 Chaurang Sunshine, Deonar, MUMBAI, MAHARASHTRA, 400088",,,MAHARASHTRA,MUMBAI
METAARTH CAPITAL,IN/AIF3/24-25/1761,"Mar 13, 2025 - Perpetual",aif@ultiwise.in,AMBRISH TIWARI,"Office Space No, Part 8 and 9, Saran Chamber II,, LUCKNOW, UTTAR PRADESH, 226001","Office Space No, Part 8 and 9, Saran Chamber II, LUCKNOW, UTTAR PRADESH, 226001",,,UTTAR PRADESH,LUCKNOW
Micelio Investment Trust,IN/AIF1/19-20/0748,"Nov 22, 2019 - Perpetual",vg@axilor.com,Subramanian Venugopal,"58, 15th Cross Road, 2nd Phase, JP Nagar, BANGALORE, KARNATAKA, 560078","58, 15th Cross Road, 2nd Phase, JP Nagar, BANGALORE, KARNATAKA, 560078",,,KARNATAKA,BANGALORE
Mili Capital Investment Trust,IN/AIF3/24-25/1622,"Oct 31, 2024 - Perpetual",ops@milicapital.com,Bachh Nahar,"204 Shreepal Complex Suren Road , Andheri East, MUMBAI, MAHARASHTRA, 400093","204 Shreepal Complex Suren Road , Andheri East, MUMBAI, MAHARASHTRA, 400093",,,MAHARASHTRA,MUMBAI
Millenia WB Trust,IN/AIF2/24-25/1598,"Sep 23, 2024 - Perpetual",anchit.lakhotiya@wbfam.com,Anchit Lakhotiya,"706A B wing 7th floor Kanakia Wall Street, Andheri Kurla Road Andheri East, MUMBAI, MAHARASHTRA, 400093","706A B wing 7th floor Kanakia Wall Street, Andheri Kurla Road Andheri East, MUMBAI, MAHARASHTRA, 400093",,,MAHARASHTRA,MUMBAI
Mirae Asset AIF,IN/AIF2/18-19/0541,"May 09, 2018 - Perpetual",patel.ritesh@miraeasset.com,Ritesh Patel,"Unit No. 606, 6th Floor, Windsor Building, Off CST , Road, Kalina, Santacruz East, MUMBAI, MAHARASHTRA, 400098","Unit No. 606, 6th Floor, Windsor Building, Off CST , Road, Kalina, Santacruz East, MUMBAI, MAHARASHTRA, 400098",,,MAHARASHTRA,MUMBAI
Mirae Asset Venture Opportunity Trust,IN/AIF2/19-20/0764,"Jan 14, 2020 - Perpetual",patel.ritesh@miraeasset.com,Ritesh Patel,"Unit No. 606, Windsor, Off CST Road, Vidyanagari Marg, Kalina, Santacruz East, MUMBAI, MAHARASHTRA, 400098","Unit No. 606, Windsor, Off CST Road, Vidyanagari Marg, Kalina, Santacruz East, MUMBAI, MAHARASHTRA, 400098",,,MAHARASHTRA,MUMBAI
MITCON IMPACT INVESTMENT TRUST,IN/AIF2/21-22/0903,"Jul 01, 2021 - Perpetual",cs@mitconindia.com,ANKITA AGARWAL,"First Floor Kubera Chambers, Shivajinagar, PUNE, MAHARASHTRA, 411005","1402 1403 14th Floor, Dalamal Tower B Wing Free Press Journal Marg Nariman Point, MUMBAI, MAHARASHTRA, 400021",,,MAHARASHTRA,MUMBAI
Monarch AIF,IN/AIF3/20-21/0787,"Apr 23, 2020 - Perpetual",abhisar.jain@mnclgroup.com,Abhisar Jain,"Laxmi Tower, B Wing, 4th Floor,, G Block, Bandra Kurla Complex, Bandra East,, MUMBAI, MAHARASHTRA, 400051","Laxmi Tower, B Wing, 4th Floor, G Block, Bandra Kurla Complex, Bandra East, MUMBAI, MAHARASHTRA, 400051",,,MAHARASHTRA,MUMBAI
monarch ssar investment trust,IN/AIF1/22-23/1179,"Dec 02, 2022 - Perpetual",ssaradvisory@gmail.com,prashant jain,"Office no 610, Plot no 39.5A, BSEL Tech Park, Sector 30A, Vashi, NAVI MUMBAI, MAHARASHTRA, 400703","Office no 610, Plot no 39.5A, BSEL Tech Park, Sector 30A, Vashi, NAVI MUMBAI, MAHARASHTRA, 400703",,,MAHARASHTRA,MUMBAI
Money Stories Alternate Investment Fund CAT III,IN/AIF3/25-26/1897,"Sep 11, 2025 - Perpetual",compliance@moneystories.in,Aryamaan Agarwal,"Brigade Triumph Unit 4 Third Floor Incubex Workspaces Dasarahalli Main Road Sector B Hebbal, BANGALORE, KARNATAKA, 560092","Brigade Triumph Unit 4 Third Floor Incubex Workspaces Dasarahalli Main Road Sector B Hebbal, BANGALORE, KARNATAKA, 560092",,,KARNATAKA,BANGALORE
Moneybee Investment Trust,IN/AIF3/24-25/1709,"Feb 05, 2025 - Perpetual",shreyams@moneybee.in,Shreyam Shah,"3rd Floor, 303 Tower A, Peninsula Business Park,, G.K. Marg, Lower Parel,, MUMBAI, MAHARASHTRA, 400013","3rd Floor, 303 Tower A, Peninsula Business Park, G.K. Marg, Lower Parel, MUMBAI, MAHARASHTRA, 400013",,,MAHARASHTRA,MUMBAI
MONEYGROW AIF TRUST,IN/AIF3/24-25/1677,"Dec 31, 2024 - Perpetual",manish.gupta@moneygrowindia.com,Manish Gupta,"804 Lodha Supremus 2 Senapati Bapat Marg, Lower Parel, MUMBAI, MAHARASHTRA, 400013","804 Lodha Supremus 2 Senapati Bapat Marg, Lower Parel, MUMBAI, MAHARASHTRA, 400013",,,MAHARASHTRA,MUMBAI
MONEYPLANTS CAPITAL TRUST,IN/AIF1/23-24/1443,"Feb 01, 2024 - Perpetual",ceo@artharich.in,Pankaj Khetan,"K37A, Basement, Kailash Colony, NEW DELHI, NATIONAL CAPITAL TERRITORY OF DELHI, 110048","K37A, Basement, Kailash Colony, NEW DELHI, NATIONAL CAPITAL TERRITORY OF DELHI, 110048",,,NATIONAL CAPITAL TERRITORY OF DELHI,NEW DELHI
MONOMER CAPITAL,IN/AIF3/25-26/1951,"Nov 07, 2025 - Perpetual",monomerresearch@gmail.com,Nilesh Sharma,"A10, First Floor, Janta Colony, Jaipur, Rajasthan, JAIPUR, RAJASTHAN, 302004","A10, First Floor, Janta Colony, Jaipur, Rajasthan, JAIPUR, RAJASTHAN, 302004",,,RAJASTHAN,JAIPUR
MONTANE VENTURES,IN/AIF1/15-16/0197,"Jan 14, 2016 - Perpetual",,,"IL AND FS Centre Plot C 22, G Block Bandra Kurla Complex,Bandra EAST, MUMBAI, MAHARASHTRA, 400051",,,,MAHARASHTRA,MUMBAI
Montgomery Capital Trust,IN/AIF3/25-26/1916,"Oct 10, 2025 - Perpetual",ronitkapoor1995@gmail.com,Ronit Kapoor,"607 Sunshine Building No. T 39, Shastri Nagar, Lokhandwala, Opposite Mercedes Showroom, Andheri West, MUMBAI, MAHARASHTRA, 400053","Parinee I, 2412, 24th Floor, Shah Industrial Estate, Andheri West, MUMBAI, MAHARASHTRA, 400053",,,MAHARASHTRA,MUMBAI
Morning Glory Trust,IN/AIF1/17-18/0393,"Dec 06, 2017 - Perpetual",,,,,,,,
Morphosis Venture Capital Trust,IN/AIF1/23-24/1395,"Dec 01, 2023 - Perpetual",narayanan@morphosisvc.in,Narayanan Muralidharan,"HD057 WeWork Prestige Cube Site No 26 Laskar Hosur Road Adugodi Koramangala, Bengaluru Karnataka, BANGALORE, KARNATAKA, 560030","HD057 WeWork Prestige Cube Site No 26 Laskar Hosur Road Adugodi Koramangala, Bengaluru Karnataka, BANGALORE, KARNATAKA, 560030",,,KARNATAKA,BANGALORE
Mosaic Asset Management MultiYield Fund,IN/AIF2/24-25/1597,"Sep 13, 2024 - Perpetual",maneeshdangi@macromosaic.in,Maneesh Dangi,"44th Floor, Flat no. B4404, Celestia Spaces, Tower B, TJ Road, Sewri, Mumbai, Maharashtra, India 400, MUMBAI, MAHARASHTRA, 400015","44th Floor, Flat no. B4404, Celestia Spaces, Tower B, TJ Road, Sewri, Mumbai, Maharashtra, India 400, MUMBAI, MAHARASHTRA, 400015",,,MAHARASHTRA,MUMBAI
MOTILAL OSWAL ALTERNATIVE INVESTMENT TRUST,IN/AIF3/13-14/0044,"Apr 10, 2013 - Perpetual",amccompliance@motilaloswal.com,Aparna Karmase,,,,,,
Motilal Oswal Alternative Investment Trust-I,IN/AIF3/19-20/0779,"Mar 11, 2020 - Perpetual",amccompliance@motilaloswal.com,Aparna Karmase,"Motilal Oswal Tower, Rahimtullah Sayani Road, Prabhadevi, MUMBAI, MAHARASHTRA, 400025","Motilal Oswal Tower, Rahimtullah Sayani Road, Prabhadevi, MUMBAI, MAHARASHTRA, 400025",,,MAHARASHTRA,MUMBAI
MOTILAL OSWAL WEALTH AIF,IN/AIF3/22-23/1142,"Sep 26, 2022 - Perpetual",mowlaif@motilaloswal.com,Nitin Shanbhag,"Motilal Oswal Tower, 6th Floor, Rahimtullah Sayani Road, Opposite Parel ST Depot, Prabhadevi, MUMBAI, MAHARASHTRA, 400025","Motilal Oswal Tower, 6th Floor, Rahimtullah Sayani Road, Opposite Parel ST Depot, Prabhadevi, MUMBAI, MAHARASHTRA, 400025",,,MAHARASHTRA,MUMBAI
MOTILAL OSWAL WEALTH ALTERNATES TRUST,IN/AIF2/25-26/2095,"Mar 12, 2026 - Perpetual",nitin.shanbhag@motilaloswal.com,Nitin Shanbhag,"Motilal Oswal Tower, Gokhale Sayani Road, Prabhadevi, MUMBAI, MAHARASHTRA, 400025",,,,MAHARASHTRA,MUMBAI
Motwani Investment Fund,IN/AIF2/25-26/1967,"Dec 01, 2025 - Perpetual",prerna@motwaniconstructions.com,Prerna Narula,"Plot N3 B10 IRC Village Nayapalli, Khorda, BHUBANESWAR, ODISHA, 751015","Plot N3 B10 IRC Village Nayapalli, Khorda, BHUBANESWAR, ODISHA, 751015",,,ODISHA,BHUBANESWAR
MOUNT JUDI,IN/AIF2/18-19/0536,"May 07, 2018 - Perpetual",mudassar@mountjudi.com,MUDASSAR BAIG,"Plot 1/10, Sheriff Presidency,1, St. Marks Road,, BANGALORE, KARNATAKA, 560001","Plot 1/10, Sheriff Presidency,1, St. Marks Road, BANGALORE, KARNATAKA, 560001",,,KARNATAKA,BANGALORE
Mount Judi India Micro Fund,IN/AIF1/22-23/1068,"May 19, 2022 - Perpetual",ebaadmomin@mountjudi.com,EBAAD MOMIN,"1/1, The Presidency, No. 1, St. Marks Road, BANGALORE, KARNATAKA, 560001","1/1, The Presidency, No. 1, St. Marks Road, BANGALORE, KARNATAKA, 560001",,,KARNATAKA,BANGALORE
MountTech Growth Fund,IN/AIF2/23-24/1420,"Jan 01, 2024 - Perpetual",sethiaraj@gmail.com,Raj Sethia,"910 911, 9th Floor, Kailash Building, 26, Kasturba Gandhi Marg, DELHI, NATIONAL CAPITAL TERRITORY OF DELHI, 110001","910 911, 9th Floor, Kailash Building, 26, Kasturba Gandhi Marg, DELHI, NATIONAL CAPITAL TERRITORY OF DELHI, 110001",,,NATIONAL CAPITAL TERRITORY OF DELHI,
MRG INVESTMENT PARTNERS TRUST,IN/AIF3/24-25/1518,"May 13, 2024 - Perpetual",gm.operations@mrgcapital.in,PUNITH S,"G2, 872, 6th Block, , H.A. Arcade, 17 Main Road, Koramangala,, BANGALORE, KARNATAKA, 560095","G2, 872, 6th Block, , H.A. Arcade, 17 Main Road, Koramangala, BANGALORE, KARNATAKA, 560095",,,KARNATAKA,BANGALORE
MS Capital India Fund,IN/AIF3/25-26/1824,"Jun 09, 2025 - Perpetual",compliance@mscapital.in,Chirag Fialoke,"Khata No 150, Ward 73 of Kodihalli, HAL Airport Road, Mahanagara Palike, BANGALORE, KARNATAKA, 560008","Khata No 150, Ward 73 of Kodihalli, HAL Airport Road, Mahanagara Palike, BANGALORE, KARNATAKA, 560008",,,KARNATAKA,BANGALORE
MT K KAPITAL TRUST,IN/AIF2/22-23/1058,"May 06, 2022 - Perpetual",binitha@mtkkapital.com,BINITHA DALAL,"307, B Wing, Rustomjee Central Park, , Andheri Kurla Road, Chakala, Andheri East, MUMBAI, MAHARASHTRA, 400093","307, B Wing, Rustomjee Central Park, , Andheri Kurla Road, Chakala, Andheri East, MUMBAI, MAHARASHTRA, 400093",,,MAHARASHTRA,MUMBAI
Multi-Act Private Equity Investment Trust,IN/AIF2/17-18/0367,"Sep 15, 2017 - Perpetual",,,"2ND FLOOR, ICC CHAMBERS II, SAKI VIHAR ROAD, POWAI, MUMBAI, MAHARASHTRA, 400072",,,,MAHARASHTRA,MUMBAI
Multi-Act Select Credit Opportunities Trust,IN/AIF2/25-26/1975,"Dec 09, 2025 - Perpetual",compliance@multi-act.com,Sekar Ramasubramanian Iyer,"Ground Floor, ICC Chambers I, Saki Vihar Road Powai, MUMBAI, MAHARASHTRA, 400072","Ground Floor, ICC Chambers I, Saki Vihar Road Powai, MUMBAI, MAHARASHTRA, 400072",,,MAHARASHTRA,MUMBAI
Multi-Act Select Opportunities Trust,IN/AIF3/23-24/1267,"May 02, 2023 - Perpetual",sekar.iyer@multi-act.com,Sekar Ramasubramanian,"10th Floor SC, The Ruby, 29 Senapati Bapat Marg, Dadar west, MUMBAI, MAHARASHTRA, 400028","10th Floor SC, The Ruby, 29 Senapati Bapat Marg, Dadar west, MUMBAI, MAHARASHTRA, 400028",,,MAHARASHTRA,MUMBAI
Multiples Private Credit Fund I,IN/AIF2/25-26/1920,"Oct 13, 2025 - Perpetual",shweta.laddha@multiplesequity.com,Shweta Laddha,"Flat No. 517 5th Floor Indraprakash Building , 21 Barakhambha Road Connaught Palace New Delhi, NEW DELHI, NATIONAL CAPITAL TERRITORY OF DELHI, 110001","Flat No. 517 5th Floor Indraprakash Building , 21 Barakhambha Road Connaught Palace New Delhi, NEW DELHI, NATIONAL CAPITAL TERRITORY OF DELHI, 110001",,,NATIONAL CAPITAL TERRITORY OF DELHI,NEW DELHI
MULTIPLES PRIVATE EQUITY FUND,IN/AIF2/13-14/0089,"Dec 16, 2013 - Perpetual",,,"701 by A, Poonam Chambers, âBâ Wing,, Dr. Annie Besant Road, Worli,, MUMBAI, MAHARASHTRA, 400018",,,,MAHARASHTRA,MUMBAI
MULTIPLES PRIVATE EQUITY FUND II LLP,IN/AIF2/15-16/0151,"May 26, 2015 - Perpetual",,,"Flat No. 517, 5th Floor, Indraprakash Building, 21, Barakhambha Road, , Connaught Place, NEW DELHI, NATIONAL CAPITAL TERRITORY OF DELHI, 110001",,,,NATIONAL CAPITAL TERRITORY OF DELHI,NEW DELHI
Multiples Private Equity Fund III,IN/AIF2/18-19/0583,"Sep 06, 2018 - Perpetual",kaushal.kapadia@multiplesequity.com,Kaushal Kapadia,"Care of Multiples Equity Fund Trustee Private Limited 701 A, Poonam Chambers, B Wing , Dr. Annie Besant Road, Worli, MUMBAI, MAHARASHTRA, 400018","Care of Multiples Equity Fund Trustee Private Limited 701 A, Poonam Chambers, B Wing , Dr. Annie Besant Road, Worli, MUMBAI, MAHARASHTRA, 400018",,,MAHARASHTRA,MUMBAI
Multiples Private Equity Fund IV,IN/AIF2/22-23/1137,"Sep 20, 2022 - Perpetual",Bhadresh.Mehta@MultiplesEquity.com,Kaushal Kapadia,"B 3 42, Safdarjung Enclave, New Delhi 110029, NEW DELHI, NATIONAL CAPITAL TERRITORY OF DELHI, 110029","701A, Poonam Chambers B Wing, Dr Annie Besant Road, Worli, Mumbai 400018, MUMBAI, MAHARASHTRA, 400018",,,NATIONAL CAPITAL TERRITORY OF DELHI,NEW DELHI
Multiply Ventures,IN/AIF2/25-26/1954,"Nov 10, 2025 - Perpetual",sanjay@multiplyventures.com,Sanjay Ramakrishnan,"568 6th Cross 7th Main HAL 2nd Stage, Near Indiranagar Club, BANGALORE, KARNATAKA, 560038","4 Haudin Rd adjacent to Haudin House Halasuru, Yellappa Chetty Layout Sivanchetti Gardens, BANGALORE, KARNATAKA, 560042",,,KARNATAKA,BANGALORE
Multiply Ventures India Trust,IN/AIF1/19-20/0778,"Mar 03, 2020 - Perpetual",bhushan@multiplyventures.com,Bhushan Patil,"568 6th cross HAL 2nd Stage Bangalore, co MVG Advisory LLP, BANGALORE, KARNATAKA, 560038","568 6th cross HAL 2nd Stage Bangalore, co MVG Advisory LLP, BANGALORE, KARNATAKA, 560038",,,KARNATAKA,BANGALORE
Mumbai Redevelopment Opportunities Fund,IN/AIF2/23-24/1423,"Jan 03, 2024 - Perpetual",info@strategem.in,Ranjeet Pawar,"3rd Floor Nirlon House Dr. Annie Besant Road Worli, MUMBAI, MAHARASHTRA, 400030","3rd Floor Nirlon House Dr. Annie Besant Road Worli, MUMBAI, MAHARASHTRA, 400030",,,MAHARASHTRA,MUMBAI
MUNOTH HEDGE FUND,IN/AIF3/15-16/0146,"Apr 28, 2015 - Perpetual",,,"IL&FS Financial Centre, Plot C 22 , G Block, Bandra Kurla Complex, Bandra East, MUMBAI, MAHARASHTRA, 400051",,,,MAHARASHTRA,MUMBAI
NABVENTURES FUND I,IN/AIF2/19-20/0671,"Apr 04, 2019 - Perpetual",ranjan.nabventures@nabard.org,RAJESH RANJAN,"Plot No. C 24, G Block, Bandra Kurla Complex, Bandra East, MUMBAI, MAHARASHTRA, 400051","Plot No. C 24, G Block, Bandra Kurla Complex, Bandra East, MUMBAI, MAHARASHTRA, 400051",,,MAHARASHTRA,MUMBAI
NABVENTURES Fund II,IN/AIF2/25-26/1910,"Oct 09, 2025 - Perpetual",vikas.bhatt@nabard.org,Vikas Bhatt,"NABARD Plot No C24 G Block Bandra Kurla Complex Bandra East Mumbai, MUMBAI, MAHARASHTRA, 400051","NABARD Plot No C24 G Block Bandra Kurla Complex Bandra East Mumbai, MUMBAI, MAHARASHTRA, 400051",,,MAHARASHTRA,MUMBAI
NAFA India Emerging Blue Chip Trust,IN/AIF3/25-26/1826,"Jun 09, 2025 - Perpetual",gauravbhalla@nafaassetmanagers.com,Gaurav Bhalla,"302, Naman Centre, Plot No. C 31, G Block, Bandra Kurla Complex, Bandra East, MUMBAI, MAHARASHTRA, 400051","302, Naman Centre, Plot No. C 31, G Block, Bandra Kurla Complex, Bandra East, MUMBAI, MAHARASHTRA, 400051",,,MAHARASHTRA,MUMBAI
Nafa India Investment Trust - I,IN/AIF2/17-18/0332,"May 24, 2017 - Perpetual",,,"302, Naman Centre, Plot No. C, G Block, Bandra Kurla Complex, Bandra East, MUMBAI, MAHARASHTRA, 400051",,,,MAHARASHTRA,MUMBAI
Nakshatra Alpha Fund,IN/AIF3/25-26/2102,"Mar 24, 2026 - Perpetual",cat3@aifnakshatra.com,Ajay Agrawal,"3RD FLOOR, PLOT NO. 377, NAKSHATRA, , GANDHI NAGAR, NAGPUR, MAHARASHTRA, 440010",,,,MAHARASHTRA,
NAKSHATRA SPECIAL SITUATION FUND,IN/AIF/23-24/1295,"Jun 16, 2023 - Perpetual",nakshatrassf@gmail.com,Neeraja Kartik,"Ho.No.1016/Pl.No.377,Nakshatra 4th Floor,, Ambazari Road, Gandhi Nagar, NAGPUR, MAHARASHTRA, 440010","Ho.No.1016/Pl.No.377,Nakshatra 4th Floor, Ambazari Road, Gandhi Nagar, NAGPUR, MAHARASHTRA, 440010",,,MAHARASHTRA,
NAKSHATRA SPECIAL SITUATION FUND,IN/AIF1/23-24/1295,"Jun 16, 2023 - Perpetual",nakshatrassf@gmail.com,Neeraja Kartik,"3RD FLOOR, PLOT NO. 377, NAKSHATRA, GANDHI NAGAR, NAGPUR, NAGPUR, MAHARASHTRA, 440010","3RD FLOOR, PLOT NO. 377, NAKSHATRA, GANDHI NAGAR, NAGPUR, NAGPUR, MAHARASHTRA, 440010",,,MAHARASHTRA,
NAKSHATRA STRESSED ASSETS FUND,IN/AIF2/22-23/1046,"Apr 07, 2022 - Perpetual",ncalstressedassetfund@gmail.com,Deeksha Satija,"3RD FLOOR PLOT NO. 377, NAKSHATRA, GANDHI NAGAR, NAGPUR, NAGPUR, MAHARASHTRA, 440010","3RD FLOOR PLOT NO. 377, NAKSHATRA, GANDHI NAGAR, NAGPUR, NAGPUR, MAHARASHTRA, 440010",,,MAHARASHTRA,
Nandan Sproutlane Trust,IN/AIF2/25-26/1963,"Nov 19, 2025 - Perpetual",sunita@nandancapital.com,Sunita Maheshwari,"443 4th floor Tower A, Spaze IT Park Sohna Road, GURUGRAM, HARYANA, 122001","443 4th floor Tower A, Spaze IT Park Sohna Road, GURUGRAM, HARYANA, 122001",,,HARYANA,
Nandan Trust,IN/AIF2/24-25/1551,"Jul 02, 2024 - Perpetual",roopal@singhania.com,Sunita Maheshwari,"Unit 443 4th floor Spaze IT Park Tower A2, Sohna Road Sadar Bazar, GURGAON, HARYANA, 122001","Unit 443 4th floor Spaze IT Park Tower A2, Sohna Road Sadar Bazar, GURGAON, HARYANA, 122001",,,HARYANA,
NARNOLIA VELOX FUND,IN/AIF3/14-15/0116,"Aug 13, 2014 - Perpetual",,,"Marble Arch 236B AJC Bose Road, 2nd Floor Room No 201, KOLKATA, WEST BENGAL, 700020",,,,WEST BENGAL,KOLKATA
NATIONAL INVESTMENT AND INFRASTRUCTURE FUND,IN/AIF2/15-16/0194,"Dec 28, 2015 - Perpetual",,,"C/O National Investment and Infrastructure Fund Limited, UTI Tower, GN Block, 4th Floor, Bandra Kurla Complex, MUMBAI, MAHARASHTRA, 400051",,,,MAHARASHTRA,MUMBAI
National Investment and Infrastructure Fund II,IN/AIF2/17-18/0526,"Mar 19, 2018 - Perpetual",niif.corp@nishithdesai.com,Ishaan Vyas,"C/O National Investment and Infrastructure Fund Limited, UTI Tower, GN Block, 4th Floor, Bandra Kurla Complex, MUMBAI, MAHARASHTRA, 400051","12th Floor, IFCI Tower, 61-Nehru Place, NEW DELHI, NATIONAL CAPITAL TERRITORY OF DELHI, 110019",,,MAHARASHTRA,MUMBAI
Navam Venture Trust,IN/AIF2/22-23/1244,"Mar 17, 2023 - Perpetual",rajeev.mantri@navamcapital.com,Rajeev Mantri,"Continental Chambers 4th Floor 15A Hemanta Basu Sarani Kolkata 700001, KOLKATA, WEST BENGAL, 700001","Continental Chambers 4th Floor 15A Hemanta Basu Sarani Kolkata 700001, KOLKATA, WEST BENGAL, 700001",,,WEST BENGAL,KOLKATA
Navanaami AIF,IN/AIF2/20-21/0788,"Apr 23, 2020 - Perpetual",info@nisusfin.com,Amit Goenka,"H.No.8 2 293 82 A 31 B S 1, Survey No. 403 1, Plot No. 703A, 4th Floor, Maritas Omaxe Apartments, Road No. 36, Jubilee Hills, HYDERABAD, TELANGANA, 500033","H.No.8 2 293 82 A 31 B S 1, Survey No. 403 1, Plot No. 703A, 4th Floor, Maritas Omaxe Apartments, Road No. 36, Jubilee Hills, HYDERABAD, TELANGANA, 500033",,,TELANGANA,HYDERABAD
NAVBharat Capital Trust,IN/AIF3/24-25/1700,"Jan 21, 2025 - Perpetual",jatin@navcapital.ae,Vineet Arora,"5W, 5th Floor, The Metropolitan Building, E Block, Bandra Kurla Complex, MUMBAI, MAHARASHTRA, 400051","Plot No. 11, 12, 13 GF, KH No. 56 3 3, Pocket D. Hastsal, Late Ramanand Tyagi Block Uttam Nagar, MUMBAI, MAHARASHTRA, 110059",,,MAHARASHTRA,MUMBAI
NAVBharat Investment Trust,IN/AIF2/24-25/1584,"Aug 28, 2024 - Perpetual",jatin@navcapital.ae,Jatin Agrawal,"Plot No 11 12 13 GF KH No. 56 3 3 Pocket D Hastsal, Late Ramanand Tyagi Block Uttam Nagar, NEW DELHI, NATIONAL CAPITAL TERRITORY OF DELHI, 110059","Plot No 11 12 13 GF KH No. 56 3 3 Pocket D Hastsal, Late Ramanand Tyagi Block Uttam Nagar, NEW DELHI, NATIONAL CAPITAL TERRITORY OF DELHI, 110059",,,NATIONAL CAPITAL TERRITORY OF DELHI,NEW DELHI
Naya Ventures India Trust,IN/AIF2/20-21/0819,"Aug 13, 2020 - Perpetual",shyam@nayaventures.com,Shyamprasad Penumaka,"9th Floor, Dallas Centre, Survey Number 83/1, Raidurga, Village Serilingampally, Mandal & Municipality Ranga Reddy District, HYDERABAD, TELANGANA, 500081","9th Floor, Dallas Centre, Survey Number 83/1, Raidurga, Village Serilingampally, Mandal & Municipality Ranga Reddy District, HYDERABAD, TELANGANA, 500081",,,TELANGANA,HYDERABAD
NEEV FUND,IN/AIF1/14-15/0114,"Jul 16, 2014 - Perpetual",,,"Marathon Futurex, 12th Floor, A Wing, Mafatlal Mill Compound,, N. M. Joshi Road, Lower Parel ,, MUMBAI, MAHARASHTRA, 400013",,,,MAHARASHTRA,MUMBAI
NEGEN INVESTMENT TRUST,IN/AIF3/22-23/1254,"Mar 27, 2023 - Perpetual",yogen@negencapital.com,YOGEN LAVARI,"Trade Point Building, 2nd Floor, Utopia City, , Pandurang Budhkar Marg, Lower Parel West, MUMBAI, MAHARASHTRA, 400013","Trade Point Building, 2nd Floor, Utopia City, , Pandurang Budhkar Marg, Lower Parel West, MUMBAI, MAHARASHTRA, 400013",,,MAHARASHTRA,MUMBAI
NEGEN STARTUP OPPORTUNITIES ANGEL FUND,IN/AIF1/23-24/1264,"Apr 28, 2023 - Perpetual",neil@negencapital.com,Neil Bahal,"Trade Point Building, 2nd Floor, Utopia City, , Pandurang Budhkar Marg,Lower Parel West,, MUMBAI, MAHARASHTRA, 400013","Trade Point Building, 2nd Floor, Utopia City, , Pandurang Budhkar Marg,Lower Parel West, MUMBAI, MAHARASHTRA, 400013",,,MAHARASHTRA,MUMBAI
Negen Tech Opportunities Angel Fund,IN/AIF1/22-23/1036,"Apr 04, 2022 - Perpetual",neil991@gmail.com,NEIL BAHAL,"Trade Point Building, 2nd Floor, , Utopia City, Pandurang Budhkar Marg, Lower Parel West,, MUMBAI, MAHARASHTRA, 400013","Trade Point Building, 2nd Floor, , Utopia City, Pandurang Budhkar Marg, Lower Parel West, MUMBAI, MAHARASHTRA, 400013",,,MAHARASHTRA,MUMBAI
Neo Alternatives Investment Trust,IN/AIF3/21-22/1001,"Feb 25, 2022 - Perpetual",manish.kabra@neoassetmanagement.com,Manish Kabra,"Unit 903, B Wing, 9th Floor, Marathon Futurex, Mafatlal Mill compound, NM Joshi Marg, Lower Parel, MUMBAI, MAHARASHTRA, 400013","Unit 903, B Wing, 9th Floor, Marathon Futurex, Mafatlal Mill compound, NM Joshi Marg, Lower Parel, MUMBAI, MAHARASHTRA, 400013",,,MAHARASHTRA,MUMBAI
Neo Credit Alternatives Investment Trust,IN/AIF2/22-23/1042,"Apr 05, 2022 - Perpetual",manish.kabra@neoassetmanagement.com,Manish Kabra,"Unit 903, B Wing, 9th Floor, Marathon Futurex, Mafatlal Mill compound, NM Joshi Marg, Lower Parel, MUMBAI, MAHARASHTRA, 400013","Unit 903, B Wing, 9th Floor, Marathon Futurex, Mafatlal Mill compound, NM Joshi Marg, Lower Parel, MUMBAI, MAHARASHTRA, 400013",,,MAHARASHTRA,MUMBAI
NEO CREDIT INVESTMENT TRUST,IN/AIF2/24-25/1656,"Dec 05, 2024 - Perpetual",aifcompliance@neoassetmanagement.com,Puneet Jain,"Unit 903, B Wing, 9th Floor, Marathon Futurex, Mafatlal Mill Compound, NM Joshi Marg, Lower Parel, MUMBAI, MAHARASHTRA, 400013","Unit 903, B Wing, 9th Floor, Marathon Futurex, Mafatlal Mill Compound, NM Joshi Marg, Lower Parel, MUMBAI, MAHARASHTRA, 400013",,,MAHARASHTRA,MUMBAI
Neo Opportunities Fund Trust,IN/AIF2/21-22/0956,"Dec 01, 2021 - Perpetual",mohit.mittal@rattanindia.com,Mohit Mittal,"H.No.9, First Floor, Hauz Khas Village, New Delhi - 110016, NEW DELHI, NATIONAL CAPITAL TERRITORY OF DELHI, 110016","H.No.9, First Floor, Hauz Khas Village, New Delhi - 110016, NEW DELHI, NATIONAL CAPITAL TERRITORY OF DELHI, 110016",,,NATIONAL CAPITAL TERRITORY OF DELHI,NEW DELHI
Neo Private Equity Alternative Investment Trust,IN/AIF2/24-25/1770,"Mar 27, 2025 - Perpetual",aifcompliance@neoassetmanagement.com,Puneet Jain,"Unit 903, B Wing, 9th floor, Marathon Futurex, Mafatlal Mill Compound, NM Joshi Marg,, Lower Parel, Mumbai 400013., MUMBAI, MAHARASHTRA, 400013","Unit 903, B Wing, 9th floor, Marathon Futurex, Mafatlal Mill Compound, NM Joshi Marg, Lower Parel, Mumbai 400013., MUMBAI, MAHARASHTRA, 400013",9100000000000.0,9100000000000.0,MAHARASHTRA,MUMBAI
NEOMILE GROWTH FUND,IN/AIF3/23-24/1274,"May 12, 2023 - Perpetual",aif@neomilecapital.com,RASHESH SHAH,"1215, 12th, C Wing, One BKC, BKC, Bandra East, MUMBAI, MAHARASHTRA, 400051","1215, 12th, C Wing, One BKC, BKC, Bandra East, MUMBAI, MAHARASHTRA, 400051",9100000000000.0,9100000000000.0,MAHARASHTRA,MUMBAI
Nepean Investment Trust,IN/AIF3/17-18/0385,"Nov 06, 2017 - Perpetual",,,,,,,,
Nepean Investment Trust II,IN/AIF2/21-22/0890,"Jun 09, 2021 - Perpetual",anand.trivedi@nepeancapital.com,Anand Trivedi,"23 Atlanta Building, Jamnalal Bajaj Marg, Nariman Point, MUMBAI, MAHARASHTRA, 400021","23 Atlanta Building, Jamnalal Bajaj Marg, Nariman Point, MUMBAI, MAHARASHTRA, 400021",,,MAHARASHTRA,MUMBAI
New Age India Fund,IN/AIF2/22-23/1030,"Apr 01, 2022 - Perpetual",admin@gordonadvisors.in,Sanjay Agarwal,"1501 Florentine Tower B Wing, Hiranandani Garden CHS, Main Street, Powai, Near Hiko, MUMBAI, MAHARASHTRA, 400076","1501 Florentine Tower B Wing, Hiranandani Garden CHS, Main Street, Powai, Near Hiko, MUMBAI, MAHARASHTRA, 400076",,,MAHARASHTRA,MUMBAI
New India Opportunity Fund,IN/AIF2/19-20/0736,"Oct 24, 2019 - Perpetual",secretarial@capitalindia.com,Rachit Malhotra,"Second Floor, DLF Centre,, Sansad Marg, NEW DELHI, NATIONAL CAPITAL TERRITORY OF DELHI, 110001","Second Floor, DLF Centre, Sansad Marg, NEW DELHI, NATIONAL CAPITAL TERRITORY OF DELHI, 110001",,,NATIONAL CAPITAL TERRITORY OF DELHI,NEW DELHI
New Leaf India Consumer Fund,IN/AIF2/20-21/0800,"May 21, 2020 - Perpetual",partha@newleafia.com,Partha Choudhury,"Manisha Building, Ghatla Village Road, MUMBAI, MAHARASHTRA, 400071","Manisha Building, Ghatla Village Road, MUMBAI, MAHARASHTRA, 400071",,,MAHARASHTRA,MUMBAI
New Mark Capital AIF LLP,IN/AIF3/22-23/1222,"Mar 06, 2023 - Perpetual",finance@newmarkcapital.co,Niten Malhan,"WeWork Vaswani Chambers, 2nd Floor, 264-265, Dr. Annie Besant Road, Municipal Colony, Worli Shivaji Nagar, Worli, MUMBAI, MAHARASHTRA, 400030","44, A Wing, Mittal Court, Nariman Point, MUMBAI, MAHARASHTRA, 400021",,,MAHARASHTRA,MUMBAI
New Mark Capital II,IN/AIF3/22-23/1239,"Mar 16, 2023 - Perpetual",finance@newmarkcapital.co,Niten Malhan,"WeWork Vaswani Chambers, 2nd Floor, 264-265, Dr. Annie Besant Road,, Municipal Colony, Worli Shivaji Nagar, Worli, MUMBAI, MAHARASHTRA, 400030","WeWork Vaswani Chambers, 2nd Floor, 264-265, Dr. Annie Besant Road, Municipal Colony, Worli Shivaji Nagar, Worli, MUMBAI, MAHARASHTRA, 400030",,,MAHARASHTRA,MUMBAI
NEW MARK CAPITAL INDIA,IN/AIF3/19-20/0687,"Apr 26, 2019 - Perpetual",tanuruh.gupta@pwc.com,NITEN MALHAN,"306, Embassy Centre, Nariman Point, Mumbai, MUMBAI, MAHARASHTRA, 400021","306, Embassy Centre, Nariman Point, Mumbai, MUMBAI, MAHARASHTRA, 400021",,,MAHARASHTRA,MUMBAI
NewAge EntertainTech Investments Trust,IN/AIF2/21-22/1026,"Mar 29, 2022 - Perpetual",alok.agrawal@kitaracapital.com,Alok Agrawal,"404/405 Square One, Near Pitambari Saree Showroom, Gulmohar Road, Andheri West, MUMBAI, MAHARASHTRA, 400049","404/405 Square One, Near Pitambari Saree Showroom, Gulmohar Road, Andheri West, MUMBAI, MAHARASHTRA, 400049",,,MAHARASHTRA,MUMBAI
Next Orbit Growth Fund III,IN/AIF3/19-20/0680,"Apr 16, 2019 - Perpetual",ishaan.vyas@nishithdesai.com,Ishaan Vyas,"707, Omkar, the Summit Business Bay,, Opp. WEH metro station, off Andheri Kurla Road, Andheri East, MUMBAI, MAHARASHTRA, 400069","707, Omkar, the Summit Business Bay, Opp. WEH metro station, off Andheri Kurla Road, Andheri East, MUMBAI, MAHARASHTRA, 400069",,,MAHARASHTRA,MUMBAI
Nexus Equity Growth Fund,IN/AIF3/24-25/1635,"Nov 14, 2024 - Perpetual",mbhow@komalayconsultancy.com,Malay Bhow,"5W 5th Floor The Metropolitan, Bandra Kurla Complex Bandra East, MUMBAI, MAHARASHTRA, 400051","5W 5th Floor The Metropolitan, Bandra Kurla Complex Bandra East, MUMBAI, MAHARASHTRA, 400051",,,MAHARASHTRA,MUMBAI
NIIF Fund of Funds - I,IN/AIF2/17-18/0527,"Mar 26, 2018 - Perpetual",niif.corp@nishithdesai.com,Ishaan Vyas,"C/O National Investment and Infrastructure Fund Limited, UTI Tower, GN Block, 4th Floor, Bandra Kurla Complex, MUMBAI, MAHARASHTRA, 400051","12th Floor, IFCI Tower, , 61 Nehru Place, NEW DELHI, NATIONAL CAPITAL TERRITORY OF DELHI, 110019",,,MAHARASHTRA,MUMBAI
NIIF India Yield Fund,IN/AIF2/20-21/0868,"Mar 12, 2021 - Perpetual",,,"Room No. 64, North Block,, NEW DELHI, NATIONAL CAPITAL TERRITORY OF DELHI, 110001","Hindustan Times House, 3rd Floor, , 18-20 Kasturba Gandhi Marg, Central Delhi, NEW DELHI, NATIONAL CAPITAL TERRITORY OF DELHI, 110001",,,NATIONAL CAPITAL TERRITORY OF DELHI,NEW DELHI
NIIF India Yield Fund,IN/AIF1/20-21/0868,"Mar 12, 2021 - Perpetual",niif.corp@nishithdesai.com,Rajiv Dhar,"Room No. 64, North Block,, NEW DELHI, NATIONAL CAPITAL TERRITORY OF DELHI, 110001","Hindustan Times House, 3rd Floor, , 18-20 Kasturba Gandhi Marg, Central Delhi, NEW DELHI, NATIONAL CAPITAL TERRITORY OF DELHI, 110001",,,NATIONAL CAPITAL TERRITORY OF DELHI,NEW DELHI
NIIF Private Markets Fund II,IN/AIF2/24-25/1561,"Jul 15, 2024 - Perpetual",anand.unnikrishnan@niifindia.in,Anand Unnikrishnan,"UTI Tower GN Block, 4th Floor, Bandra Kurla Complex, MUMBAI, MAHARASHTRA, 400051","UTI Tower GN Block, 4th Floor, Bandra Kurla Complex, MUMBAI, MAHARASHTRA, 400051",9100000000000.0,9100000000000.0,MAHARASHTRA,MUMBAI
NILACAP VENTURE TRUST,IN/AIF2/24-25/1641,"Nov 27, 2024 - Perpetual",moonlight@nilacap.com,Praveen Subramanian,"1475, Vallakaattil, Joseph Layout, Behind Canara Bank, Begur, Bangalore 560068, BANGALORE, KARNATAKA, 560068","1475, Vallakaattil, Joseph Layout, Behind Canara Bank, Begur, Bangalore 560068, BANGALORE, KARNATAKA, 560068",,,KARNATAKA,BANGALORE
Nimida Growth AIF I LLP,IN/AIF3/25-26/1845,"Jul 11, 2025 - Perpetual",vinayan@nimida.com,Vinayan Nambiar,"1 ICICI Building, Sobha Pearl, Commissariat Road Off. M.G. Road , Richmond Town, BANGALORE, KARNATAKA, 560025","9th Floor, 1, Sobha Pearl, Commissariat Road Off. M.G. Road, Richmond Town, BANGALORE, KARNATAKA, 560025",,,KARNATAKA,BANGALORE
NINE ALPS TRUST,IN/AIF2/24-25/1595,"Sep 12, 2024 - Perpetual",jitendra@ninealps.com,JITENDRA PANDA,"507, T39, Sunshine Building, Shastri Nagar Andheri West, MUMBAI, MAHARASHTRA, 400053","507, T39, Sunshine Building, Shastri Nagar Andheri West, MUMBAI, MAHARASHTRA, 400053",,,MAHARASHTRA,MUMBAI
Nine Rivers AIF One,IN/AIF2/24-25/1630,"Nov 11, 2024 - Perpetual",cfo@nineriverscapital.com,SANDEEP DAGA,"509 510 meadows, Sahara Plaza, Andheri Kurla Road, Andheri East, MUMBAI, MAHARASHTRA, 400059","509 510 meadows, Sahara Plaza, Andheri Kurla Road, Andheri East, MUMBAI, MAHARASHTRA, 400059",,,MAHARASHTRA,MUMBAI
Ninebark AIF,IN/AIF3/25-26/1815,"May 30, 2025 - Perpetual",saradhi@ninebark.in,Vijaya Saradhi Reddy K,"C 801, Lakebreeze, Aparna Hillpark Road, Chandanagar, PJR Enclave Road, HYDERABAD, TELANGANA, 500050","C 801, Lakebreeze, Aparna Hillpark Road, Chandanagar, PJR Enclave Road, HYDERABAD, TELANGANA, 500050",,,TELANGANA,HYDERABAD
NIPPON INDIA AIF CAT III O.E. TRUST,IN/AIF3/18-19/0530,"Apr 12, 2018 - Perpetual",saurav.paul@relianceada.com,Saurav Paul,"4th Floor, Tower A, Peninsula Business Park,, Ganapatrao Kadam Marg, Lower Parel - W,, MUMBAI, MAHARASHTRA, 400013","4th Floor, Tower A, Peninsula Business Park, Ganapatrao Kadam Marg, Lower Parel - W, MUMBAI, MAHARASHTRA, 400013",,,MAHARASHTRA,MUMBAI
NIPPON INDIA AIF TRUST,IN/AIF2/14-15/0111,"Jun 17, 2014 - Perpetual",pradeep.khanna@nipponindiaim.com,Pradeep Khanna,"4th Floor, Tower A, Peninsula Business Park,, Ganapatrao Kadam Marg, Lower Parel - W,, MUMBAI, MAHARASHTRA, 400013",,,,MAHARASHTRA,MUMBAI
NIPPON INDIA EMERGING TECHNOLOGY AIF TRUST,IN/AIF2/19-20/0683,"Apr 23, 2019 - Perpetual",saurav.paul@relianceada.com,Saurav Paul,"4th Floor, Tower A, Peninsula Business Park,, Ganapatrao Kadam Marg, Lower Parel - W,, MUMBAI, MAHARASHTRA, 400013","4th Floor, Tower A, Peninsula Business Park, Ganapatrao Kadam Marg, Lower Parel - W, MUMBAI, MAHARASHTRA, 400013",9100000000000.0,9100000000000.0,MAHARASHTRA,MUMBAI
NIPPON INDIA EVENT OPPORTUNITIES TRUST,IN/AIF3/16-17/0287,"Dec 22, 2016 - Perpetual",,,"Reliance Centre, 7th Floor, South Wing,, Off Western Express Highway,, MUMBAI, MAHARASHTRA, 400055",,,,MAHARASHTRA,MUMBAI
NIRBHAY INVESTMENT OPPORTUNITIES FUND,IN/AIF3/24-25/1638,"Nov 21, 2024 - Perpetual",compliance@nirbhayfund.com,KUSHANG THAKKAR,"201, Maruti Crystal, Opp. Rajpath club, S.G. highway, Bodakdev, AHMEDABAD, GUJARAT, 380054","201, Maruti Crystal, Opp. Rajpath club, S.G. highway, Bodakdev, AHMEDABAD, GUJARAT, 380054",,,GUJARAT,
NIRMAL BANG INVESTMENT TRUST,IN/AIF3/21-22/0992,"Feb 10, 2022 - Perpetual",nbaif@nirmalbang.com,Samir Kamdar,"B-2/302 Marathon Innova, off Ganpat Rao Kadam marg, Lowerparel west, MUMBAI, MAHARASHTRA, 400013","B-2/302 Marathon Innova, off Ganpat Rao Kadam marg, Lowerparel west, MUMBAI, MAHARASHTRA, 400013",,,MAHARASHTRA,MUMBAI
NISUS BCD SPECIAL OPPORTUNITIES TRUST,IN/AIF2/22-23/1178,"Dec 01, 2022 - Perpetual",info@nisusfin.com,AMIT GOENKA,"201D, Poonam Chambers A Wing, Dr. Annie Besant Road, Worli, MUMBAI, MAHARASHTRA, 400018","201D, Poonam Chambers A Wing, Dr. Annie Besant Road, Worli, MUMBAI, MAHARASHTRA, 400018",,,MAHARASHTRA,MUMBAI
Niveshaay Growth Trust,IN/AIF2/24-25/1607,"Oct 01, 2024 - Perpetual",vikram@niveshaay.com,Vikram Sharma,"Office No. 610, 6th Floor, SNS Platina, Vesu, SURAT, GUJARAT, 395007","Office No. 610, 6th Floor, SNS Platina, Vesu, SURAT, GUJARAT, 395007",,,GUJARAT,
Niveshaay Investment Trust,IN/AIF3/24-25/1571,"Aug 05, 2024 - Perpetual",investment.management@niveshaay.com,Vikram Sharma,"Office No. 610, 6th Floor, SNS Platina, Vesu, SURAT, GUJARAT, 395007","Office No. 610, 6th Floor, SNS Platina, Vesu, SURAT, GUJARAT, 395007",,,GUJARAT,
Niveza Capital Trust,IN/AIF3/24-25/1503,"Apr 19, 2024 - Perpetual",manish@nivezainvestments.com,Manish Kothari,"Suite F8 K, Grand Hyatt Hotel Plaza lobby level, Vakola, Santacruz East, MUMBAI, MAHARASHTRA, 400055","Suite F8 K, Grand Hyatt Hotel Plaza lobby level, Vakola, Santacruz East, MUMBAI, MAHARASHTRA, 400055",,,MAHARASHTRA,MUMBAI
NIXA Credit Opportunities Fund,IN/AIF2/24-25/1661,"Dec 09, 2024 - Perpetual",reshma.janwalkar@nixainvestments.com,Reshma Janwalkar,"101, 5 North Avenue, Maker Maxity, Bandra Kurla Complex,, MUMBAI, MAHARASHTRA, 400051","101, 5 North Avenue, Maker Maxity, Bandra Kurla Complex, MUMBAI, MAHARASHTRA, 400051",,,MAHARASHTRA,MUMBAI
North East Venture Trust,IN/AIF1/16-17/0285,"Dec 15, 2016 - Perpetual",,,"NEDFi House, G S Road Dispur, GUWAHATI, ASSAM, 781006",,,,ASSAM,DISPUR
North Haven India Infrastructure Fund,IN/AIF2/17-18/0345,"Jun 28, 2017 - Perpetual",,,"Altimus Level, 39 and 40, Pandurang Budhkar Marg, Worli, MUMBAI, MAHARASHTRA, 400018",,,,MAHARASHTRA,MUMBAI
North Haven India Infrastructure Fund II,IN/AIF2/25-26/1817,"May 30, 2025 - Perpetual",aakruti.furia@morganstanley.com,Shyamsundar Gurumoorthy,"Altimus, Level 39 and 40, Pandurang Budhkar Marg, Worli, MUMBAI, MAHARASHTRA, 400018","Altimus, Level 39 and 40, Pandurang Budhkar Marg, Worli, MUMBAI, MAHARASHTRA, 400018",,,MAHARASHTRA,MUMBAI
NORTHERN ARC EMERGING CORPORATES BOND TRUST,IN/AIF2/22-23/1039,"Apr 04, 2022 - Perpetual",IMcompliance@northernarc.com,Nrithya Ganam,"10th Floor, Phase I, IIT Madras Research Park, Kanagam Village, Taramani, CHENNAI, TAMIL NADU, 600113","The Capital Tower, Office No 902, B-Wing, 9th Floor, Plot No C-70, Bandra Kurla Complex, Bandra East, MUMBAI, MAHARASHTRA, 400051",,,TAMIL NADU,CHENNAI
NORTHERN ARC INCOME BUILDER TRUST SERIES II,IN/AIF2/19-20/0767,"Feb 03, 2020 - Perpetual",imcompliance@northernarc.com,Ravi Vukkadala,"c/o Axis Trustee Services Limited, Ground Floor, Axis House, Bombay Dyeing Mills Compound, Pandurang Budhkar Marg, Worli, Mumbai 400025, MUMBAI, MAHARASHTRA, 400025","10th Floor-Phase 1, IIT Madras Research Park, Kanagam Village, Taramani, Chennai, CHENNAI, TAMIL NADU, 600113",,,MAHARASHTRA,MUMBAI
NORTHERN ARC INDIA IMPACT TRUST,IN/AIF2/18-19/0661,"Mar 28, 2019 - Perpetual",IMcompliance@northernarc.com,Ravi Vukkadala,"Axis Trustee Services Limited, Ground Floor, Axis House, Bombay Dyeing Mills Compound,, Pandurang Budhkar Marg, Worli,, MUMBAI, MAHARASHTRA, 400025","10th Floor-Phase 1, IIT-Madras Research Park, Kanagam Village, Taramani, Chennai, CHENNAI, TAMIL NADU, 600113",,,MAHARASHTRA,MUMBAI
Northern Arc Investment Managers Trust I,IN/AIF2/23-24/1430,"Jan 17, 2024 - Perpetual",imcompliance@northernarc.com,Ravi Vukkadala,"10th Floor Phase 1, IIT Madras Research Park, Kanagam Village, Taramani, Chennai 600113, CHENNAI, TAMIL NADU, 600113","The Capital Tower, Office No 902, B Wing, 9th Floor, Plot no C 70, Bandra Kurla Complex, Bandra East, MUMBAI, MAHARASHTRA, 400051",,,TAMIL NADU,CHENNAI
Northern Arc Investment Managers Trust II,IN/AIF2/23-24/1448,"Feb 13, 2024 - Perpetual",IMcompliance@northernarc.com,Devanshi Shah,"The Capital Tower, Office No 902, B Wing, Plot No c 70, Bandra Kurla Complex, MUMBAI, MAHARASHTRA, 400051","The Capital Tower, Office No 902, B Wing, Plot No c 70, Bandra Kurla Complex, MUMBAI, MAHARASHTRA, 400051",,,MAHARASHTRA,MUMBAI
NORTHERN ARC MONEY MARKET ALPHA TRUST,IN/AIF3/18-19/0601,"Oct 08, 2018 - Perpetual",ravi.vukkadala@northernarc.com,Ravi Vukkadala,"Ground Floor, Axis House, Bombay Dyeing Mills Compound,, Pandurang Budhkar Marg, Worli, Mumbai, MUMBAI, MAHARASHTRA, 400025","10th Floor-Phase 1, IIT-Madras Research Park, Kanagam Village, Taramani, Chennai 600113, CHENNAI, TAMIL NADU, 600113",,,MAHARASHTRA,MUMBAI
Northpoint Capital Emerging Sectors Fund,IN/AIF2/24-25/1757,"Mar 12, 2025 - Perpetual",varun@northpointcapm.com,Varun Agarwal,"EW09, Divyashree 77 East 132, Yemalur Main Road Bangalore 560037, Karnataka, India, BANGALORE, KARNATAKA, 560037","602 Embassy Grove, No. 34 and 341, Rustumbagh Main Road, Kodihalli, Bengaluru, Karnataka 560017, BANGALORE, KARNATAKA, 560017",,,KARNATAKA,BANGALORE
NovaaOne Altiverse Fund,IN/AIF2/25-26/1932,"Oct 23, 2025 - Perpetual",anchal.goyal@novaaone.com,Anchal Goyal,"Tower 2A, Floor 9, One World Centre, Lower Parel, MUMBAI, MAHARASHTRA, 400013","Tower 2A, Floor 9, One World Centre, Lower Parel, MUMBAI, MAHARASHTRA, 400013",,,MAHARASHTRA,MUMBAI
NovumLake Asset Fund,IN/AIF2/23-24/1372,"Oct 27, 2023 - Perpetual",mitesh@novumlake.com,Mitesh Agarwal,"4302, Tower Aqua, Planet Godrej, Plot 30, mahalaxmi, MUMBAI, MAHARASHTRA, 400011","Peninsula Business Park, 1102, Tower B, Level 11, Regus, S.B. Marg, Lower Parel, Lower Parel, MUMBAI, MAHARASHTRA, 400013",,,MAHARASHTRA,MUMBAI
NP1 Capital Trust,IN/AIF2/20-21/0853,"Jan 12, 2021 - Perpetual",rahul@np1.in,Rahul Chowdhury,"C 207, Crystal Plaza, New Link Road, Andheri (West), MUMBAI, MAHARASHTRA, 400053","C 13 Meenakshi Trident Towers, opposite AIG Hospital, Gachibowli, HYDERABAD, TELANGANA, 500032",,,MAHARASHTRA,MUMBAI
NRL iDEATION Angel Fund,IN/AIF1/23-24/1273,"May 10, 2023 - Perpetual",prasanta.talukdar@nedfi.com,Prasanta Talukdar,"NEDFi House, G. S. Road Dispur, GUWAHATI, ASSAM, 781006","NEDFi House, G. S. Road Dispur, GUWAHATI, ASSAM, 781006",,,ASSAM,DISPUR
NSIC Venture Capital Fund Limited,IN/AIF2/21-22/0924,"Sep 01, 2021 - Perpetual",osd@nvcfl.co.in,Rajesh Sethi,"NSIC Bhawan, Okhla Industrial Estate Phase III, New Delhi, NEW DELHI, NATIONAL CAPITAL TERRITORY OF DELHI, 110020","NSIC Bhawan, Okhla Industrial Estate Phase III, New Delhi, NEW DELHI, NATIONAL CAPITAL TERRITORY OF DELHI, 110020",,,NATIONAL CAPITAL TERRITORY OF DELHI,NEW DELHI
NuOm Alternative Investment Trust,IN/AIF2/23-24/1449,"Feb 13, 2024 - Perpetual",nuomserv@gmail.com,ATUL RAJWADKAR,"Shri Balaji, Plot No 47, Hindusthan Colony, Wardha Road, NAGPUR, MAHARASHTRA, 440015","Shri Balaji, Plot No 47, Hindusthan Colony, Wardha Road, NAGPUR, MAHARASHTRA, 440015",,,MAHARASHTRA,
Nuvama Alternative Strategies Trust,IN/AIF3/20-21/0857,"Feb 08, 2021 - Perpetual",EIM.EDGE@edelweissfin.com,Pratik Mittal,"801 to 804 Wing A Building No 3, Inspire BKC G Block Bandra Kurla Complex, Bandra East, MUMBAI, MAHARASHTRA, 400051","801 to 804 Wing A Building No 3, Inspire BKC G Block Bandra Kurla Complex, Bandra East, MUMBAI, MAHARASHTRA, 400051",,,MAHARASHTRA,MUMBAI
Nuvama India Equity Strategies Trust,IN/AIF3/24-25/1609,"Oct 03, 2024 - Perpetual",NAML.compliance@nuvama.com,Pratik Mittal,"801 804 Wing A Building No 3 Inspire BKC G Block Bandra Kurla Complex, Bandra East Mumbai, MUMBAI, MAHARASHTRA, 400051","801 804 Wing A Building No 3 Inspire BKC G Block Bandra Kurla Complex, Bandra East Mumbai, MUMBAI, MAHARASHTRA, 400051",,,MAHARASHTRA,MUMBAI
Nuvama Private Investments Trust,IN/AIF2/20-21/0858,"Feb 08, 2021 - Perpetual",naml.xo@nuvama.com,Pratik Mittal,"801 to 804 Wing A Building No 3, Inspire BKC G Block Bandra Kurla Complex, Bandra East, MUMBAI, MAHARASHTRA, 400051","801 to 804 Wing A Building No 3, Inspire BKC G Block Bandra Kurla Complex, Bandra East, MUMBAI, MAHARASHTRA, 400051",,,MAHARASHTRA,MUMBAI
Nuvama Private Opportunities Trust,IN/AIF2/22-23/1113,"Aug 17, 2022 - Perpetual",kavita.khatri@edelweissfin.com,Kavita Khatri,"801 to 804 Wing A Building No 3, Inspire BKC G Block Bandra Kurla Complex Bandra East, MUMBAI, MAHARASHTRA, 400051","801 to 804 Wing A Building No 3, Inspire BKC G Block Bandra Kurla Complex Bandra East, MUMBAI, MAHARASHTRA, 400051",,,MAHARASHTRA,MUMBAI
NV Capital Trust,IN/AIF2/21-22/0891,"Jun 09, 2021 - Perpetual",vivek.menon@nvcap.in,Vivek Menon,"WeWork Vaswani Chambers, HD 261, 2nd Floor, 264,265, Dr Annie Besant Rd, Municipal Colony, Worli Shivaji Nagar, Worli, MUMBAI, MAHARASHTRA, 400030","WeWork Vaswani Chambers, HD 261, 2nd Floor, 264,265, Dr Annie Besant Rd, Municipal Colony, Worli Shivaji Nagar, Worli, MUMBAI, MAHARASHTRA, 400030",,,MAHARASHTRA,MUMBAI
NXT DISCOVERY FUND,IN/AIF1/22-23/1246,"Mar 23, 2023 - Perpetual",compliance.nxt@gmail.com,SIDDHANT GUPTA,"H. No. B-2-293/82/L/310/A/A, Road No 12, MLA Colony,Banjara Hills, Khairatabad, Hyderabad, HYDERABAD, TELANGANA, 500034","H. No. B-2-293/82/L/310/A/A, Road No 12, MLA Colony,Banjara Hills, Khairatabad, Hyderabad, HYDERABAD, TELANGANA, 500034",,,TELANGANA,HYDERABAD
o3 Capital AIF,IN/AIF3/18-19/0589,"Oct 01, 2018 - Perpetual",ishaan.vyas@nishithdesai.com,Ishaan Vyas,"No 5 Crescent Road, High Grounds, BANGALORE, KARNATAKA, 560001","No 5 Crescent Road, High Grounds, BANGALORE, KARNATAKA, 560001",,,KARNATAKA,BANGALORE
OCM India Opportunities Xb Alternate Investment Fund,IN/AIF2/18-19/0630,"Jan 25, 2019 - Perpetual",nl.subudhi@gmail.com,Anil Kumar Subudhi,"Level 17, Units no. 1701 1704, One BKC Center, Wing B C, Plot No. C 66, G Block,, Bandra Kurla Complex, Bandra East, Mumbai, Maharashtra, India, MUMBAI, MAHARASHTRA, 400051","Level 17, Units no. 1701 1704, One BKC Center, Wing B C, Plot No. C 66, G Block, Bandra Kurla Complex, Bandra East, Mumbai, Maharashtra, India, MUMBAI, MAHARASHTRA, 400051",,,MAHARASHTRA,MUMBAI
OCM India Opportunities XI Alternate Investment Fund,IN/AIF2/21-22/0879,"Apr 27, 2021 - Perpetual",gharkins@oaktreecapital.com,Garth Harkins,"Level 17, Units no. 1701 1704, One BKC Center, Wing B C, Plot No. C 66, G Block,, Bandra Kurla Complex, Bandra East, Mumbai, Maharashtra, India, MUMBAI, MAHARASHTRA, 400051","Level 17, Units no. 1701 1704, One BKC Center, Wing B C, Plot No. C 66, G Block, Bandra Kurla Complex, Bandra East, Mumbai, Maharashtra, India, MUMBAI, MAHARASHTRA, 400051",,,MAHARASHTRA,MUMBAI
OCM INDIA OPPORTUNITIES XII ALTERNATE INVESTMENT FUND,IN/AIF2/23-24/1339,"Aug 30, 2023 - Perpetual",PGhag@oaktreecapital.com,Prithvi Ghag,"Level 17 Units no 1701 1704 One BKC Center Wing B C Plot No C 66 G Block, Bandra Kurla Complex Bandra East Mumbai Maharashtra India, MUMBAI, MAHARASHTRA, 400051","Level 17 Units no 1701 1704 One BKC Center Wing B C Plot No C 66 G Block, Bandra Kurla Complex Bandra East Mumbai Maharashtra India, MUMBAI, MAHARASHTRA, 400051",,,MAHARASHTRA,MUMBAI
October Securities & Asset Management AIF Trust,IN/AIF2/24-25/1631,"Nov 11, 2024 - Perpetual",kevalbhanushali82@gmail.com,Keval Bhanushali,"906 Ashwiid Acme Ozone Chitalsar, Manpada Thane Thane MH 400610 India, MUMBAI, MAHARASHTRA, 400610","P3 Kailash Business Park Park Site Road, HMPL Surya Nagar Vikhroli West Mumbai 400079, MUMBAI, MAHARASHTRA, 400079",,,MAHARASHTRA,MUMBAI
Oculus Capital Alternative Investment Fund,IN/AIF3/20-21/0859,"Feb 08, 2021 - Perpetual",mayank@oculuscapital.in,Mayank Bajaj,"A 909 911 Kailas Business Park , Veer Sawarkar Marg Vikhroli W, MUMBAI, MAHARASHTRA, 400079","A 909 911 Kailas Business Park , Veer Sawarkar Marg Vikhroli W, MUMBAI, MAHARASHTRA, 400079",,,MAHARASHTRA,MUMBAI
OLD BRIDGE CAPITAL AIF,IN/AIF3/17-18/0373,"Sep 29, 2017 - Perpetual",alankara@oldbridgecapital.com,Gealgeo Alankara,"1705, ONE BKC, C Wing, G Block, Bandra Kurla Complex, Bandra East, MUMBAI, MAHARASHTRA, 400051","103, Keshava, E Block, Bandra Kurla Complex, Bandra (East), MUMBAI, MAHARASHTRA, 400051",9100000000000.0,9100000000000.0,MAHARASHTRA,MUMBAI
OLD RICE INVEST,IN/AIF3/25-26/1807,"May 13, 2025 - Perpetual",info@oldrice.in,Ankur Maheshwari,"203, 2nd Floor, Classic Pentagon, Near Bisleri Factory, Western Express Highway, Andheri East, MUMBAI, MAHARASHTRA, 400099","203, 2nd Floor, Classic Pentagon, Near Bisleri Factory, Western Express Highway, Andheri East, MUMBAI, MAHARASHTRA, 400099",,,MAHARASHTRA,MUMBAI
Old Street Capital Management,IN/AIF3/18-19/0649,"Mar 13, 2019 - Perpetual",navin.gupta@oldstreet.co.in,Navin Gupta,"A2001-2002 Ashok Gardens, T. J. Road, Sewri, MUMBAI, MAHARASHTRA, 400015","A2001-2002 Ashok Gardens, T. J. Road, Sewri, MUMBAI, MAHARASHTRA, 400015",,,MAHARASHTRA,MUMBAI
Oman India Joint Investment Fund II,IN/AIF2/16-17/0224,"May 13, 2016 - Perpetual",,,"604/605/606 Lodha Supremus, Opposite Kamala Mills/World Tower, MUMBAI, MAHARASHTRA, 400013",,,,MAHARASHTRA,MUMBAI
Oman India Joint Investment Fund III,IN/AIF2/24-25/1659,"Dec 06, 2024 - Perpetual",ninad@oijif.com,Ninad Haibat,"604 605 606 Lodha Supremus, Opp Kamala Mills Senapati Bapat Marg Lower Parel W Mumbai, MUMBAI, MAHARASHTRA, 400013","604 605 606 Lodha Supremus, Opp Kamala Mills Senapati Bapat Marg Lower Parel W Mumbai, MUMBAI, MAHARASHTRA, 400013",,,MAHARASHTRA,MUMBAI
Omnivore Agritech & Climate Sustainability Fund 3,IN/AIF2/21-22/1010,"Mar 11, 2022 - Perpetual",imran@omnivore.vc,Imran Khan,"SF A 03, 2nd Floor, A Wing, Art Guild House, Phoenix Market City, Kurla West, Mumbai, MUMBAI, MAHARASHTRA, 400070","222 B 89, 2nd Floor, Hemkunt Chambers, Nehru Place, New Delhi, DELHI, NATIONAL CAPITAL TERRITORY OF DELHI, 110019",,,MAHARASHTRA,MUMBAI
Omnivore Partners India Fund 2,IN/AIF1/16-17/0230,"Jun 01, 2016 - Perpetual",,,"IL FS Financial Centre, Plot No. C 22, G Block, Bandra Kurla Complex, Bandra East, MUMBAI, MAHARASHTRA, 400051",,,,MAHARASHTRA,MUMBAI
Oneil Capital Trust,IN/AIF3/20-21/0797,"May 20, 2020 - Perpetual",anupam.singhi@williamoneilindia.com,Anupam Singhi,"Akshay Tech Park, Unit No 302, 3rd Floor, Plot 72 and 73 EPIP Area, Hoodi Village, Hobli, Whitefield, Krishnarajapura, BANGALORE, KARNATAKA, 560066","Akshay Tech Park, Unit No 302, 3rd Floor, Plot 72 and 73 EPIP Area, Hoodi Village, Hobli, Whitefield, Krishnarajapura, BANGALORE, KARNATAKA, 560066",,,KARNATAKA,BANGALORE
ONGC Start-up Fund,IN/AIF1/18-19/0654,"Mar 19, 2019 - Perpetual",sharma_anurag@ongc.co.in,Anurag Sharma,"Oil and Natural Corporation Limited , Plot No 5A 5B, Nelson Mandela Road, Vasant Kunj, DELHI, NATIONAL CAPITAL TERRITORY OF DELHI, 110070","Oil and Natural Corporation Limited , Plot No 5A 5B, Nelson Mandela Road, Vasant Kunj, DELHI, NATIONAL CAPITAL TERRITORY OF DELHI, 110070",9100000000000.0,9100000000000.0,NATIONAL CAPITAL TERRITORY OF DELHI,
Onterra Real Assets Trust,IN/AIF2/25-26/2054,"Feb 18, 2026 - Perpetual",,,"Unit No. C-903, 9th Floor, Trade World C Wing, Kamala Mills, Senapati Bapat Marg, MUMBAI, MAHARASHTRA, 400013","Unit No. C-903, 9th Floor, Trade World C Wing, Kamala Mills, Senapati Bapat Marg, MUMBAI, MAHARASHTRA, 400013",,,MAHARASHTRA,MUMBAI
Oorja Capital Trust,IN/AIF2/15-16/0207,"Feb 18, 2016 - Perpetual",,,"A 32, SHEFALI APARTMENTS, AGA ABBAS ALI ROAD, ULSOOR, BANGALORE, KARNATAKA, 560042",,,,KARNATAKA,BANGALORE
Openhearts Fund,IN/AIF2/21-22/1007,"Mar 09, 2022 - Perpetual",deep.shah@khaitanco.com,Pratik Bose,"4A Ocus Technopolis Sector 54, Golf Club Road Gurgaon Haryana India 122002, GURGAON, HARYANA, 122002","503, Address One by Baani, , sector 56, Gurugram 122011, GURGAON, HARYANA, 122011",,,HARYANA,
Orion Realty Fund,IN/AIF2/25-26/1971,"Dec 04, 2025 - Perpetual",orioninvestmentmgmtllp@gmail.com,Sushant Saxena,"R13, Second Floor, Greater Kailash 1,, NEW DELHI, NATIONAL CAPITAL TERRITORY OF DELHI, 110048","R13, Second Floor, Greater Kailash 1, NEW DELHI, NATIONAL CAPITAL TERRITORY OF DELHI, 110048",,,NATIONAL CAPITAL TERRITORY OF DELHI,NEW DELHI
Orios Select Fund,IN/AIF1/18-19/0621,"Dec 10, 2018 - Perpetual",mayur@oriosvp.com,Mayur Padia,"Dextrus, A 802, Crescenzo, C 38 39, G Block, Bandra Kurla Complex, Bandra East, MUMBAI, MAHARASHTRA, 400051","Dextrus, A 802, Crescenzo, C 38 39, G Block, Bandra Kurla Complex, Bandra East, MUMBAI, MAHARASHTRA, 400051",,,MAHARASHTRA,MUMBAI
Orios Venture Fund,IN/AIF2/25-26/2087,"Mar 11, 2026 - Perpetual",legal2@oriosvp.com,Riddhi Doshi,"Dextrus A 802 Crescenzo C 38 39 , G Block Bandra Kurla Complex Bandra East, MUMBAI, MAHARASHTRA, 400051",,,,MAHARASHTRA,MUMBAI
ORIOS VENTURE PARTNERS FUND,IN/AIF1/13-14/0087,"Nov 21, 2013 - Perpetual",,,"Dextrus, A 802, Crescenzo, C 38 39, G Block, Bandra Kurla Complex, Bandra East, MUMBAI, MAHARASHTRA, 400051",,,,MAHARASHTRA,MUMBAI
ORIOS VENTURE PARTNERS FUND II,IN/AIF1/15-16/0164,"Jul 13, 2015 - Perpetual",,,"Dextrus, A 802, Crescenzo, C 38 39, G Block, Bandra Kurla Complex, Bandra East, MUMBAI, MAHARASHTRA, 400051",,,,MAHARASHTRA,MUMBAI
Orios Venture Partners Fund III,IN/AIF2/20-21/0798,"May 21, 2020 - Perpetual",mayur@oriosvp.com,Mayur Padia,"Dextrus, A-802, Crescenzo, C/38-39, G Block, Bandra Kurla Complex, Bandra East, MUMBAI, MAHARASHTRA, 400051","Dextrus, A-802, Crescenzo, C/38-39, G Block, Bandra Kurla Complex, Bandra East, MUMBAI, MAHARASHTRA, 400051",,,MAHARASHTRA,MUMBAI
Ortella Global Capital Fund,IN/AIF1/24-25/1574,"Aug 09, 2024 - Perpetual",sayan.work1@gmail.com,Sayan Ghosh,"Unit 608, 6th Floor, The Sapphire Mall, Sohna Road, Sector 49, Gurgaon, GURGAON, HARYANA, 122018","Unit 608, 6th Floor, The Sapphire Mall, Sohna Road, Sector 49, Gurgaon, GURGAON, HARYANA, 122018",,,HARYANA,
OTP VENTURES FUND,IN/AIF2/23-24/1409,"Dec 14, 2023 - Perpetual",kunal@otp.vc,Kunal Suri,"A 4 3, Street No 4, Vasant Vihar, New Delhi, NEW DELHI, NATIONAL CAPITAL TERRITORY OF DELHI, 110057","A 4 3, Street No 4, Vasant Vihar, New Delhi, NEW DELHI, NATIONAL CAPITAL TERRITORY OF DELHI, 110057",,,NATIONAL CAPITAL TERRITORY OF DELHI,NEW DELHI
OXEN CAPITAL TRUST,IN/AIF3/23-24/1434,"Jan 23, 2024 - Perpetual",RUTULSHAH1997@GMAIL.COM,RUTUL SHAH,"Tower A1701, Navratna Corporate park, Bopal Ambli road, Near Ashok Vatika Bopal Ahmedabad Daskroi, AHMEDABAD, GUJARAT, 380058",,,,GUJARAT,
OXYZO Investment Trust,IN/AIF2/23-24/1431,"Jan 17, 2024 - Perpetual",csteam@oxyzo.in,Pinki Jha,"Shop No. G22 C UGF D1 K84, Green Park Main, Delhi 110016, DELHI, NATIONAL CAPITAL TERRITORY OF DELHI, 110016","6th Floor Tower A Global Business Park MG Road Gurugram 122001, DELHI, NATIONAL CAPITAL TERRITORY OF DELHI, 122001",,,NATIONAL CAPITAL TERRITORY OF DELHI,
OyesterRock Capital Investment Trust,IN/AIF3/17-18/0372,"Sep 25, 2017 - Perpetual",mehulb@gmail.com,mehul bhatt,"3rd floor, B wing, 36, Jayant Apartments,, Prabhadevi,, MUMBAI, MAHARASHTRA, 400026",,,,MAHARASHTRA,MUMBAI
P&Y Capital Trust,IN/AIF3/17-18/0517,"Feb 05, 2018 - Perpetual",paulastya.sachdev@gmail.com,Paulastya Sachdev,"83, Defence Colony, Flyover Market, NEW DELHI, NATIONAL CAPITAL TERRITORY OF DELHI, 110024","83, Defence Colony, Flyover Market, NEW DELHI, NATIONAL CAPITAL TERRITORY OF DELHI, 110024",,,NATIONAL CAPITAL TERRITORY OF DELHI,NEW DELHI
Pace 360 Investment Trust,IN/AIF3/20-21/0786,"Apr 23, 2020 - Perpetual",pinkijha@pace360.in,Pinki Jha,"A-1/291, G/F, Safdarjung Enclave, New Delhi, DELHI, NATIONAL CAPITAL TERRITORY OF DELHI, 110029","A-1/291, G/F, Safdarjung Enclave, New Delhi, DELHI, NATIONAL CAPITAL TERRITORY OF DELHI, 110029",,,NATIONAL CAPITAL TERRITORY OF DELHI,NEW DELHI
PAG India Credit Opportunities Fund,IN/AIF2/25-26/1970,"Dec 04, 2025 - Perpetual",mshah@pag.com,Mayur Shah,"210, 2nd Floor, Worldmark 2, Aerocity, NH 8, IGI Airport, NEW DELHI, NATIONAL CAPITAL TERRITORY OF DELHI, 110037","210, 2nd Floor, Worldmark 2, Aerocity, NH 8, IGI Airport, NEW DELHI, NATIONAL CAPITAL TERRITORY OF DELHI, 110037",9100000000000.0,9100000000000.0,NATIONAL CAPITAL TERRITORY OF DELHI,NEW DELHI
Pan IIT Fund,IN/AIF1/19-20/0693,"May 07, 2019 - Perpetual",satish.mehta@paniit.org,SATISH MEHTA,"202 NILGIRI, 9 BARAKHAMBA ROAD, DELHI, NATIONAL CAPITAL TERRITORY OF DELHI, 110001","202 NILGIRI, 9 BARAKHAMBA ROAD, DELHI, NATIONAL CAPITAL TERRITORY OF DELHI, 110001",,,NATIONAL CAPITAL TERRITORY OF DELHI,
PANDARA TRUST,IN/AIF1/13-14/0083,"Oct 29, 2013 - Perpetual",,,"IL&FS Trust Company Limited,BANDRA E, The IL&FS Financial Centre,Plot C22,Block G,BKC, MUMBAI, MAHARASHTRA, 400051",,,,MAHARASHTRA,MUMBAI
Pangram Venture Partners Trust,IN/AIF2/24-25/1683,"Jan 06, 2025 - Perpetual",compliance@pangram.vc,Manoj Laddha,"7th Floor Trade World B Wing Kamala Mills Compound Senapati Bapat Marg Lower Parel Delisle Road, MUMBAI, MAHARASHTRA, 400013","7th Floor Trade World B Wing Kamala Mills Compound Senapati Bapat Marg Lower Parel Delisle Road, MUMBAI, MAHARASHTRA, 400013",,,MAHARASHTRA,MUMBAI
Panthera Growth Investment Trust,IN/AIF2/21-22/0991,"Feb 03, 2022 - Perpetual",rikin@pantheragp.com,Rikin Kapadia,"C/o We Works India Management Private Limited, Express Tower, 2nd Floor, Ramnath Goenka Marg, Nariman Point, MUMBAI, MAHARASHTRA, 400021","32 Floor 5 Plot 95 A Shanti Niketan Netaji Subhash Road , Marine Drive, MUMBAI, MAHARASHTRA, 400002",,,MAHARASHTRA,MUMBAI
ParadigmARQ Alternate Investment Fund,IN/AIF3/22-23/1049,"Apr 13, 2022 - Perpetual",palak.nanjani@paradigmarq.com,Palak Nanjani,"H 532, CTS55 1T04, ZILLION BUILDING E, Z8 WING,, L NEAR KURLA BUS DEPOT, KURLA WEST,, MUMBAI, MAHARASHTRA, 400070","H 532, CTS55 1T04, ZILLION BUILDING E, Z8 WING, L NEAR KURLA BUS DEPOT, KURLA WEST, MUMBAI, MAHARASHTRA, 400070",,,MAHARASHTRA,MUMBAI
Paradise Moon Investment Fund,IN/AIF1/24-25/1523,"May 24, 2024 - Perpetual",paradisemoonaif@gmail.com,Naveen Bansal,"Flat 508 Tower 5 Pyramid Homes, Sector 86 Gurgaon Narsinghpur Haryana, GURGAON, HARYANA, 122004","Flat 508 Tower 5 Pyramid Homes, Sector 86 Gurgaon Narsinghpur Haryana, GURGAON, HARYANA, 122004",,,HARYANA,
Paragon Partners Equity Trust,IN/AIF3/21-22/1016,"Mar 15, 2022 - Perpetual",compliance@paragonpartners.in,Sanjay Ajgaonkar,"Unit 901, Grande Palladium, 175 CST Road, Kalina, Santacruz, MUMBAI, MAHARASHTRA, 400098","Unit 901, Grande Palladium, 175 CST Road, Kalina, Santacruz, MUMBAI, MAHARASHTRA, 400098",9100000000000.0,9100000000000.0,MAHARASHTRA,MUMBAI
PARAGON PARTNERS GROWTH FUND,IN/AIF2/15-16/0167,"Aug 05, 2015 - Perpetual",,,"901 Grande Palladium, 175 CST Road, Kalina, Santacruz East, MUMBAI, MAHARASHTRA, 400098",,,,MAHARASHTRA,MUMBAI
Paragon Partners Growth Fund II,IN/AIF2/18-19/0622,"Dec 11, 2018 - Perpetual",compliance@paragonpartners.in,Shweta Agrawal,"Unit 901, Grande Palladium, 175 CST Road, Kalina, Santacruz (E), MUMBAI, MAHARASHTRA, 400098","Unit 901, Grande Palladium, 175 CST Road, Kalina, Santacruz (E), MUMBAI, MAHARASHTRA, 400098",9100000000000.0,9100000000000.0,MAHARASHTRA,MUMBAI
Paragon Partners Trust,IN/AIF2/25-26/2043,"Feb 13, 2026 - Perpetual",sumeet@paragonpartners.in,Sumeet Nindrajog,"Unit 901, Grande Palladium, 175 CST Road,, Kalina, Santacruz East, MUMBAI, MAHARASHTRA, 400098","Unit 901, Grande Palladium, 175 CST Road, Kalina, Santacruz East, MUMBAI, MAHARASHTRA, 400098",,,MAHARASHTRA,MUMBAI
PARAMPARA EARLY STAGE OPPORTUNITIES FUND,IN/AIF1/15-16/0169,"Aug 07, 2015 - Perpetual",,,"6th floor, Vatika Business Centre, DivyaShree Omega C Block, , Hitech City Road, Kondapur, HYDERABAD, TELANGANA, 500084",,,,TELANGANA,HYDERABAD
PARANJAPE PLUTUS FUND-1,IN/AIF2/12-13/0030,"Feb 27, 2013 - Perpetual",,,"SC House, CTS NO 111 111 by 2, Anand Colony, Dr Ketkar Road, Off Prabhat Road, Pune, PUNE, MAHARASHTRA",,,,MAHARASHTRA,
Parcap Partners NE Fund,IN/AIF1/20-21/0839,"Nov 03, 2020 - Perpetual",psarmah@hotmail.com,Pranab Kumar Sarmah,"1078, Dr. Zakir Hussain Road, , Sarumataria, Hengerabri, GUWAHATI, ASSAM, 781036","1078, Dr. Zakir Hussain Road, , Sarumataria, Hengerabri, GUWAHATI, ASSAM, 781036",,,ASSAM,
PARSHWANATH CAPITAL VENTURES FUND,IN/AIF3/25-26/2108,"Mar 24, 2026 - Perpetual",parshwanath2424@yahoo.co.in,Jignesh Shah,"SF 3D 3, Nikhumbh Complex, Near Mudra House, Law Garden, CG Road, Ellisbridge, AHMEDABAD, GUJARAT, 380006",,,,GUJARAT,
Patni Asset Management Trust,IN/AIF2/25-26/1945,"Nov 03, 2025 - Perpetual",patni.amc@gmail.com,Aman Jain,"B 502 BWing Business Square Premises CoOp Soc Ltd, CTS 131A Andheri Kurla Road Chakala, MUMBAI, MAHARASHTRA, 400093","B 502 BWing Business Square Premises CoOp Soc Ltd, CTS 131A Andheri Kurla Road Chakala, MUMBAI, MAHARASHTRA, 400093",,,MAHARASHTRA,MUMBAI
Pavestone Ventures Trust,IN/AIF1/21-22/0900,"Jul 01, 2021 - Perpetual",sridhar@pavestone.vc,Sridhar Rampalli,"T2 1301 Swastik Regalia Waghbil Off Ghodbunder Road, THANE, MAHARASHTRA, 400615","T2 1301 Swastik Regalia Waghbil Off Ghodbunder Road, THANE, MAHARASHTRA, 400615",,,MAHARASHTRA,
Peaceful Progress Trust,IN/AIF1/21-22/0982,"Jan 28, 2022 - Perpetual",shekar@peacefulprogress.in,Chandrashekar Kupperi,"New No. 5, Old No. 27, Door No. 9, 3rd Floor, 10th Avenue, Opposite Krishna Sweets, Ashok Nagar, CHENNAI, TAMIL NADU, 600083","New No. 5, Old No. 27, Door No. 9, 3rd Floor, 10th Avenue, Opposite Krishna Sweets, Ashok Nagar, CHENNAI, TAMIL NADU, 600083",,,TAMIL NADU,CHENNAI
Peak Ventures Trust,IN/AIF2/19-20/0707,"Jun 21, 2019 - Perpetual",somak.ghosh@contrariancapindia.com,Somak Ghosh,"1003, 10th Floor, Lodha Supremus, Senapati Bapat Marg, Lower Parel, MUMBAI, MAHARASHTRA, 400013","1003, 10th Floor, Lodha Supremus, Senapati Bapat Marg, Lower Parel, MUMBAI, MAHARASHTRA, 400013",,,MAHARASHTRA,MUMBAI
Pegasus India Evolving Opportunities Fund,IN/AIF2/16-17/0237,"Jun 21, 2016 - Perpetual",,,"503 octavius High Street, Hiranandani Gardens Powai Mumbai, MUMBAI, MAHARASHTRA, 400076",,,,MAHARASHTRA,MUMBAI
Pegasus Trust AIF,IN/AIF3/23-24/1306,"Jul 03, 2023 - Perpetual",rahul@pegasusgrowth.in,Rahul Dhruv,"1819, Chandak Unicorn, Dattaji Salvi Marg,, Off Veera Desai Road, Andheri West,, MUMBAI, MAHARASHTRA, 400053","1819, Chandak Unicorn, Dattaji Salvi Marg, Off Veera Desai Road, Andheri West, MUMBAI, MAHARASHTRA, 400053",,,MAHARASHTRA,MUMBAI
PENINSULA BROOKFIELD INDIA REAL ESTATE FUND,IN/AIF2/12-13/0039,"Mar 13, 2013 - Perpetual",,,"Peninsula Spenta, Mathuradas Mills Compound, Senapati Bapat Marg, Lower Parel, MUMBAI, MAHARASHTRA, 400013",,,,MAHARASHTRA,MUMBAI
PENTATEAM INVENTURE CAPITAL,IN/AIF3/24-25/1599,"Sep 24, 2024 - Perpetual",nt6690@live.com,Nishit Thakkar,"TF, 304, Pride Empire, Near Union Bank, Golf Course road, RAJKOT, GUJARAT, 360001","TF, 304, Pride Empire, Near Union Bank, Golf Course road, RAJKOT, GUJARAT, 360001",,,GUJARAT,
Pentathlon India Fund,IN/AIF2/22-23/1249,"Mar 23, 2023 - Perpetual",sandeep@pentathlon.vc,Sandeep Chawda,"6th floor, Ideas to Impacts Hub, Pallod Farms 3,, Baner Road, PUNE, MAHARASHTRA, 411045","6th floor, Ideas to Impacts Hub, Pallod Farms 3, Baner Road, PUNE, MAHARASHTRA, 411045",,,MAHARASHTRA,
Perpetuity Funds,IN/AIF3/17-18/0508,"Dec 12, 2017 - Perpetual",deepali.singhal@perpetuity.co.in,Deepali Singhal,"1804 Tower 6 Crescent Bay, Jerbai Wadia Road, Bhoiwada, MUMBAI, MAHARASHTRA, 400012","Access Work, Level 3, Citi Tower, Dr.S.S.Rao Road, Parel, MUMBAI, MAHARASHTRA, 400012",,,MAHARASHTRA,MUMBAI
Persistence Capital Trust,IN/AIF3/24-25/1501,"Apr 19, 2024 - Perpetual",siddhantbhandari@gmail.com,Siddhant Bhandari,"512, 5th Floor, Caddie Commercial Tower, Regus Business Center, Aerocity, NEW DELHI, NATIONAL CAPITAL TERRITORY OF DELHI, 110037","512, 5th Floor, Caddie Commercial Tower, Regus Business Center, Aerocity, NEW DELHI, NATIONAL CAPITAL TERRITORY OF DELHI, 110037",,,NATIONAL CAPITAL TERRITORY OF DELHI,NEW DELHI
Persistent Growth Fund,IN/AIF3/23-24/1353,"Sep 21, 2023 - Perpetual",persistentgrowthfund@gmail.com,Varun Gupta,"708, Savera Apartment,, Sector-13, Rohini, NEW DELHI, NATIONAL CAPITAL TERRITORY OF DELHI, 110085","House No 180, Block KD, Pitampura, NEW DELHI, NATIONAL CAPITAL TERRITORY OF DELHI, 110034",,,NATIONAL CAPITAL TERRITORY OF DELHI,NEW DELHI
PESB Capital Ventures,IN/AIF3/24-25/1769,"Mar 26, 2025 - Perpetual",arpit@pesb.co.in,Arpit Shah,"1198 Subhash Nagar Shukrawar Peth Lane No 3, PUNE, MAHARASHTRA, 411002","1198 Subhash Nagar Shukrawar Peth Lane No 3, PUNE, MAHARASHTRA, 411002",,,MAHARASHTRA,
PGIM India Alternative Investment Fund,IN/AIF3/18-19/0615,"Nov 12, 2018 - Perpetual",sandeep.kamath@dhflpramericamf.com,Sandeep Kamath,"4th Floor, C Wing, Laxmi Towers, Bandra Kurla Complex, , Bandra East, MUMBAI, MAHARASHTRA, 400051","4th Floor, C Wing, Laxmi Towers, Bandra Kurla Complex, , Bandra East, MUMBAI, MAHARASHTRA, 400051",,,MAHARASHTRA,MUMBAI
Phi Capital Growth Fund 1.6,IN/AIF2/22-23/1056,"May 02, 2022 - Perpetual",sp@phicapital.in,Padmanabhan Sivaram,"C 98, BASEMENT AND GROUND FLOOR, ANAND NIKETAN, DELHI, NATIONAL CAPITAL TERRITORY OF DELHI, 110021","C 98, BASEMENT AND GROUND FLOOR, ANAND NIKETAN, DELHI, NATIONAL CAPITAL TERRITORY OF DELHI, 110021",,,NATIONAL CAPITAL TERRITORY OF DELHI,
PHI CAPITAL TRUST,IN/AIF2/12-13/0035,"Mar 08, 2013 - Perpetual",,,"C-98, BASEMENT AND GROUND FLOOR, ANAND NIKETAN, NEW DELHI, NATIONAL CAPITAL TERRITORY OF DELHI, 110021",,,,NATIONAL CAPITAL TERRITORY OF DELHI,NEW DELHI
PhillipCapital (India) Alternate Investment Trust,IN/AIF3/16-17/0307,"Mar 23, 2017 - Perpetual",,,"18th floor, Urmi Estate, Ganpatrao Kadam Marg, Lower Parel West, MUMBAI, MAHARASHTRA, 400013",,,,MAHARASHTRA,MUMBAI
PI Opportunities AIF V LLP,IN/AIF3/23-24/1484,"Mar 28, 2024 - Perpetual",,,"574, Next to Wipro Corporate Office, Sarjapur Road, Doddakannelli, BANGALORE, KARNATAKA, 560035","574, Next to Wipro Corporate Office, Sarjapur Road, Doddakannelli, BANGALORE, KARNATAKA, 560035",,,KARNATAKA,BANGALORE
PI OPPORTUNITIES FUND-I,IN/AIF2/15-16/0215,"Mar 31, 2016 - Perpetual",mallikarjuna@premjiinvest.com,Mallikarjuna N,"No. 134, Next to Wipro Corporate Office,, Doddakannelli, BANGALORE, KARNATAKA, 560035",,,,KARNATAKA,BANGALORE
PI OPPORTUNITIES FUND-II,IN/AIF1/16-17/0241,"Jun 30, 2016 - Perpetual",,,"No. 134, Next to Wipro corporate office, Doddakannelli, BANGALORE, KARNATAKA, 560035",,,,KARNATAKA,BANGALORE
Pi Square India Emerging Business Investment Trust,IN/AIF3/25-26/1871,"Aug 06, 2025 - Perpetual",pisquarequant@gmail.com,Vishrut Pathak,"B 1807, Navratna Corporate Park, Ambli Bopal Road, AHMEDABAD, GUJARAT, 380058","B 1807, Navratna Corporate Park, Ambli Bopal Road, AHMEDABAD, GUJARAT, 380058",,,GUJARAT,
pi Ventures Investment Trust,IN/AIF1/16-17/0236,"Jun 21, 2016 - Perpetual",,,"3034, Windmills of Your, Mind EPIP Zone Whitefield, BANGALORE, KARNATAKA, 560066",,,,KARNATAKA,BANGALORE
PI VENTURES INVESTMENT TRUST II,IN/AIF1/20-21/0867,"Mar 09, 2021 - Perpetual",manish@piventures.in,Manish Singhal,"3034, Windmills of Your, Mind EPIP Zone Whitefield, BANGALORE, KARNATAKA, 560066","Villa 48, Windmills of Your Mind, 331, EPIP Zone, 5B Road, Near L&T, Whitefield Main Road, BANGALORE, KARNATAKA, 560066",,,KARNATAKA,BANGALORE
Pioneer Investment Fund,IN/AIF3/16-17/0272,"Nov 01, 2016 - Perpetual",krishnachaitanya@premjiinvest.com,Krishna Chaitanya,"No. 134, Next to Wipro corporate office, Doddakannelli, BANGALORE, KARNATAKA, 560035",,,,KARNATAKA,BANGALORE
Piper Serica Angel Fund,IN/AIF1/21-22/1028,"Mar 30, 2022 - Perpetual",chirag@piperserica.com,Chirag Goradia,"A Wing, 905 and 906, Marathon Innova Nextgen, Off G. K. Marg,, Opp. Peninsula Corporate Park, Lower Parel, Mumbai, MUMBAI, MAHARASHTRA, 400013","A Wing, 905 and 906, Marathon Innova Nextgen, Off G. K. Marg, Opp. Peninsula Corporate Park, Lower Parel, Mumbai, MUMBAI, MAHARASHTRA, 400013",,,MAHARASHTRA,MUMBAI
Piramal Alternatives India Access Trust,IN/AIF2/22-23/1241,"Mar 16, 2023 - Perpetual",fouzia.khan@piramal.com,Fouzia Khan,"D Zone First Floor Piramal Ananta Agastya Corporate Park Opposite Fire Brigade Kamani Junction , LBS Marg Kurla West Mumbai 400 070, MUMBAI, MAHARASHTRA, 400070","D Zone First Floor Piramal Ananta Agastya Corporate Park Opposite Fire Brigade Kamani Junction , LBS Marg Kurla West Mumbai 400 070, MUMBAI, MAHARASHTRA, 400070",,,MAHARASHTRA,MUMBAI
Piramal Alternatives India Credit Opportunities Trust,IN/AIF2/23-24/1368,"Oct 17, 2023 - Perpetual",Shreya.Vartak@piramal.com,Shreya Vartak,"D Zone, First Floor, Piramal Ananta, Agastya Corporate Park, Opposite Fire Brigade, Kamani Junction, LBS Marg, Kurla (West), Mumbai - 400 070, MUMBAI, MAHARASHTRA, 400070","D Zone, First Floor, Piramal Ananta, Agastya Corporate Park, Opposite Fire Brigade, Kamani Junction, LBS Marg, Kurla (West), Mumbai - 400 070, MUMBAI, MAHARASHTRA, 400070",,,MAHARASHTRA,MUMBAI
Piramal Alternatives Investment Fund I,IN/AIF2/22-23/1182,"Dec 20, 2022 - Perpetual",Fouzia.khan@piramal.com,Fouzia Khan,"4th Floor, Piramal Tower, Peninsula Corporate Park, G.K. Marg, Lower Parel, MUMBAI, MAHARASHTRA, 400013","4th Floor, Piramal Tower, Peninsula Corporate Park, G.K. Marg, Lower Parel, MUMBAI, MAHARASHTRA, 400013",,,MAHARASHTRA,MUMBAI
PIRAMAL INFRASTRUCTURE FUND,IN/AIF1/13-14/0076,"Sep 23, 2013 - Perpetual",,,,,,,,
PIRAMAL INVESTMENT OPPORTUNITIES FUND,1N/AIF2/13-14/0075,"Sep 23, 2013 - Perpetual",,,,,,,,
PIRAMAL STRUCTURED CREDIT OPPORTUNITIES FUND,IN/AIF2/19-20/0771,"Feb 10, 2020 - Perpetual",akanksha.srivastava@piramal.com,Akanksha Srivastava,"4th floor Peninsula Corporate Park, Ganpatrao Kadam Marg, Lower Parel, MUMBAI, MAHARASHTRA, 400013","4th floor Peninsula Corporate Park, Ganpatrao Kadam Marg, Lower Parel, MUMBAI, MAHARASHTRA, 400013",,,MAHARASHTRA,MUMBAI
PitchRight Ventures Global Opportunities Fund,IN/AIF1/20-21/0803,"May 22, 2020 - Perpetual",apsetu@yahoo.com,Amit Patel,"Office no. 710, 7th floor, Gateway Plaza, Central Avenue, Hiranandani Gardens, Powai, MUMBAI, MAHARASHTRA, 400076","Office no. 710, 7th floor, Gateway Plaza, Central Avenue, Hiranandani Gardens, Powai, MUMBAI, MAHARASHTRA, 400076",,,MAHARASHTRA,MUMBAI
PIVOT VENTURES TRUST,IN/AIF1/21-22/1025,"Mar 24, 2022 - Perpetual",ak@pivotventures.in,ADITYA KEDIA,"4th Floor, Mehta Mahal, Padmakar L K Khandke Marg, 15 Mathew Road, Opera House, Girgaon, MUMBAI, MAHARASHTRA, 400004","4th Floor, Mehta Mahal, Padmakar L K Khandke Marg, 15 Mathew Road, Opera House, Girgaon, MUMBAI, MAHARASHTRA, 400004",,,MAHARASHTRA,MUMBAI
PIVOT VENTURES TRUST II,IN/AIF2/21-22/0908,"Jul 15, 2021 - Perpetual",ak@pivotventures.in,Aditya Kedia,"4th Floor, Mehta Mahal, Padmakar L K Khandke Marg, 15 Mathew Road, Opera House, Girgaon, MUMBAI, MAHARASHTRA, 400004","4th Floor, Mehta Mahal, Padmakar L K Khandke Marg, 15 Mathew Road, Opera House, Girgaon, MUMBAI, MAHARASHTRA, 400004",,,MAHARASHTRA,MUMBAI
PIXELSKY CAPITAL,IN/AIF2/24-25/1596,"Sep 13, 2024 - Perpetual",indigoedge.nda@nishithdesai.com,Zerin Rahiman,"Argon 302 Century Ethos, Bellary Road, BANGALORE, KARNATAKA, 560092","Argon 302 Century Ethos, Bellary Road, BANGALORE, KARNATAKA, 560092",,,KARNATAKA,BANGALORE
PL Capital Trust,IN/AIF2/24-25/1643,"Nov 27, 2024 - Perpetual",co@plindia.com,Samir Satyam,"3rd Floor, Sadhana House, 570 , PB Marg, Worli, Mumbai, Maharashtra, MUMBAI, MAHARASHTRA, 400018","Flat No. 316 and 318, 3rd Floor, Antriksh Bhavan 22, K. G. Marg, New Delhi, NEW DELHI, NATIONAL CAPITAL TERRITORY OF DELHI, 110001",,,MAHARASHTRA,MUMBAI
Playbook Partners India,IN/AIF2/23-24/1416,"Dec 20, 2023 - Perpetual",compliance@playbook.in,Vikas Choudhury,"042, Atlanta, Nariman Point, Mumbai, MUMBAI, MAHARASHTRA, 400021","042, Atlanta, Nariman Point, Mumbai, MUMBAI, MAHARASHTRA, 400021",,,MAHARASHTRA,MUMBAI
Pleasant Investments Management LLP,IN/AIF2/23-24/1401,"Dec 06, 2023 - Perpetual",shares@lodhagroup.com,Rohit Nanda,"412, Floor-4, 17G Vardhaman Chamber, Cawasji Patel Road, Horniman Circle, Fort, Mumbai 400001, MUMBAI, MAHARASHTRA, 400011","10th Floor, Lodha Excelus, Apollo Mills Compound, N.M. Joshi Marg, Mahalaxmi, Mumbai 400011, MUMBAI, MAHARASHTRA, 400011",,,MAHARASHTRA,MUMBAI
PLUNGE INVESTMENT TRUST,IN/AIF2/18-19/0635,"Feb 21, 2019 - Perpetual",md@plungefin.com,ANIL SACHIDANAND,"903 Prathamesh Pooja Kastur Park, Shimpoli Borivali west, MUMBAI, MAHARASHTRA, 400092","903 Prathamesh Pooja Kastur Park, Shimpoli Borivali west, MUMBAI, MAHARASHTRA, 400092",,,MAHARASHTRA,MUMBAI
Pluswealth Assets LLP,IN/AIF3/21-22/0935,"Oct 04, 2021 - Perpetual",p.sachdeva@pluswealth.net,Priyanka Sachdeva,"Office No. 6A,, Max Towers, Sector 16B,, NOIDA, UTTAR PRADESH, 201301","Office No. 6A, Max Towers, Sector 16B, NOIDA, UTTAR PRADESH, 201301",,,UTTAR PRADESH,
Plutus Investment Trust,IN/AIF2/23-24/1332,"Aug 17, 2023 - Perpetual",compliance@junoamc.in,Sumaeya Kothawala,"Second Inning 150FT Ring Road,, Near KKV Hall, Opposite Chitralekha Between KKV Hall and Manglam Hospital, Rajya Sabha Road, RAJKOT, GUJARAT, 360005","Second Inning 150FT Ring Road, Near KKV Hall, Opposite Chitralekha Between KKV Hall and Manglam Hospital, Rajya Sabha Road, RAJKOT, GUJARAT, 360005",,,GUJARAT,
PNAM Multi Opportunities Fund,IN/AIF2/25-26/2040,"Feb 12, 2026 - Perpetual",abhishek.nahta@pnam.co,Abhishek Nahta,"F 14 15 Second Floor, Shivam House Middle Circle Connaught Place, DELHI, NATIONAL CAPITAL TERRITORY OF DELHI, 110001","F 14 15 Second Floor, Shivam House Middle Circle Connaught Place, DELHI, NATIONAL CAPITAL TERRITORY OF DELHI, 110001",,,NATIONAL CAPITAL TERRITORY OF DELHI,
POINT ONE CAPITAL TRUST II,IN/AIF1/22-23/1243,"Mar 17, 2023 - Perpetual",memihirkjha@gmail.com,Mihir Jha,"B-210 Balaji Enclave ITI Layout , 5th Main Road BSK 3rd Stage Off Katriguppe Main Road, BANGALORE, KARNATAKA, 560085","1207/343 and 1207/1/343/1 9th MAIN 7th SECTOR, HSR LAYOUT, BANGALORE, KARNATAKA, 560102",,,KARNATAKA,BANGALORE
PointOne Capital Trust,IN/AIF1/20-21/0802,"May 21, 2020 - Perpetual",memihirkjha@gmail.com,Mihir Jha,"IL and FS Financial Centre, Plot No C22 G Block Bandra Kurla Complex Bandra East, MUMBAI, MAHARASHTRA, 400051","F.No. 4, SY, OZONE Residenza, No - 3/3, Haralur (V), BANGALORE, KARNATAKA, 560037",,,MAHARASHTRA,MUMBAI
Poonawalla Vision Fund,IN/AIF2/22-23/1192,"Jan 17, 2023 - Perpetual",gpc.compliance@ambit.co,Dhipu Pillai,"509, Dalamal Towers, Plot No. 211, Nariman Point, Mumbai, MUMBAI, MAHARASHTRA, 400021","509, Dalamal Towers, Plot No. 211, Nariman Point, Mumbai, MUMBAI, MAHARASHTRA, 400021",,,MAHARASHTRA,MUMBAI
Potential Ventures Trust II,IN/AIF2/22-23/1053,"Apr 21, 2022 - Perpetual",,,"1506, 15th Floor, Boulevard 4, The Address Wadhwa Group, LBS Road Ghatkopar West, MUMBAI, MAHARASHTRA, 400086","1506, 15th Floor, Boulevard 4, The Address Wadhwa Group, LBS Road Ghatkopar West, MUMBAI, MAHARASHTRA, 400086",,,MAHARASHTRA,MUMBAI
Prachay Alternate Investment Trust,IN/AIF2/21-22/0958,"Dec 08, 2021 - Perpetual",girish@prachay.com,Girish Lakhotiya,"Office no 1401 and 1402, Next Gen Avenue- Wing B, C.T.S No. 2850, S. No. 103, Bahiratwadi, Near ICC Trade Tower, Senapati Bapat Road, PUNE, MAHARASHTRA, 411016","Office no 1401 and 1402, Next Gen Avenue- Wing B, C.T.S No. 2850, S. No. 103, Bahiratwadi, Near ICC Trade Tower, Senapati Bapat Road, PUNE, MAHARASHTRA, 411016",,,MAHARASHTRA,
Pratithi Investments Fund,IN/AIF2/23-24/1457,"Mar 21, 2024 - Perpetual",reports@pratithi.com,Sheeba DMello,"No 515, 1A Cross, 12th Main, Koramangala, Bengaluru, BANGALORE, KARNATAKA, 560034","No 515, 1A Cross, 12th Main, Koramangala, Bengaluru, BANGALORE, KARNATAKA, 560034",,,KARNATAKA,BANGALORE
Pravega VC II Trust,IN/AIF2/20-21/0851,"Jan 07, 2021 - Perpetual",abhishek@pravegavc.com,Abhishek Jain,"164, 3rd Floor, 9th Main, Sector 6, HSR Layout, BANGALORE, KARNATAKA, 560102","164, 3rd Floor, 9th Main, Sector 6, HSR Layout, BANGALORE, KARNATAKA, 560102",,,KARNATAKA,BANGALORE
Pravega VC III Trust,IN/AIF2/24-25/1647,"Nov 29, 2024 - Perpetual",abhishek@pravegavc.com,Abhishek Jain,"164 3rd Floor 9th Main Sector 6 HSR Layout, BANGALORE, KARNATAKA, 560102","164 3rd Floor 9th Main Sector 6 HSR Layout, BANGALORE, KARNATAKA, 560102",,,KARNATAKA,BANGALORE
Pravega Ventures Trust,IN/AIF1/16-17/0238,"Jun 22, 2016 - Perpetual",,,"Pravega Ventures Trust 6386, Sector B9, Vasant Kunj, NATIONAL CAPITAL TERRITORY OF DELHI, DELHI",,,,NATIONAL CAPITAL TERRITORY OF DELHI,
Primary Opportunity Equity Fund AIF,IN/AIF3/24-25/1601,"Sep 26, 2024 - Perpetual",sv.llp@outlook.com,Niket Chheda,"A1206, O2 Commercial complex, , K Kamrajar road, opposite Asha Nagar, Mulund West, MUMBAI, MAHARASHTRA, 400080","A1206, O2 Commercial complex, , K Kamrajar road, opposite Asha Nagar, Mulund West, MUMBAI, MAHARASHTRA, 400080",,,MAHARASHTRA,MUMBAI
Prime Litmus Real Estate AIF,IN/AIF2/25-26/2011,"Jan 06, 2026 - Perpetual",compliance@primesec.com,Archana Sinha,"1109 1110, Maker Chambers V, Nariman Point, MUMBAI, MAHARASHTRA, 400021","1109 1110, Maker Chambers V, Nariman Point, MUMBAI, MAHARASHTRA, 400021",,,MAHARASHTRA,MUMBAI
PRIME REALTY CAPITAL,IN/AIF2/15-16/0143,"Apr 21, 2015 - Perpetual",,,"202, Krishna Kunj Bldg, Above HDFC Bank, VM Road, JVPD , Vile Parle West, MUMBAI, MAHARASHTRA, 400056",,,,MAHARASHTRA,MUMBAI
Prime Venture Trust,IN/AIF3/24-25/1546,"Jun 24, 2024 - Perpetual",infolahoti@gmail.com,Raghav Lahoti,"56B Sthanakwasi Jain Society Near Naranpura Railway Crossing, , Naranpura, Ahmedabad, AHMEDABAD, GUJARAT, 380013","56B Sthanakwasi Jain Society Near Naranpura Railway Crossing, , Naranpura, Ahmedabad, AHMEDABAD, GUJARAT, 380013",,,GUJARAT,
Profes Multi Opportunity Fund,IN/AIF2/24-25/1714,"Feb 06, 2025 - Perpetual",ujjwalsharma9.work@gmail.com,Ujjwal Sharma,"B 10, 3rd Floor, Tagore Market, Kirti Nagar, New Delhi 110015, NEW DELHI, NATIONAL CAPITAL TERRITORY OF DELHI, 110015","9 9, Basement, South Patel Nagar, New Delhi 110008, NEW DELHI, NATIONAL CAPITAL TERRITORY OF DELHI, 110008",,,NATIONAL CAPITAL TERRITORY OF DELHI,NEW DELHI
Profusion Investment Trust,IN/AIF3/24-25/1612,"Oct 15, 2024 - Perpetual",satyan.wadhwa@profusioncapital.com,Satyan Wadhwa,"302, Moti Villa, Azad Road, Ville Parle East, Mumbai, MUMBAI, MAHARASHTRA, 400057","302, Moti Villa, Azad Road, Ville Parle East, Mumbai, MUMBAI, MAHARASHTRA, 400057",,,MAHARASHTRA,MUMBAI
Promaft Partners Fund,IN/AIF2/24-25/1497,"Apr 15, 2024 - Perpetual",info@promaft.com,Soham Avlani,"1108, Dalamal Tower, Free Press Journal Marg, Nariman Point, MUMBAI, MAHARASHTRA, 400021","1108, Dalamal Tower, Free Press Journal Marg, Nariman Point, MUMBAI, MAHARASHTRA, 400021",,,MAHARASHTRA,MUMBAI
PROSPERETE ALTERNATIVES FUND I,IN/AIF2/25-26/1966,"Nov 28, 2025 - Perpetual",compliance@prosperete.com,Anita George,"UGF, D 29, ANAND NIKETAN, NEW DELHI, NATIONAL CAPITAL TERRITORY OF DELHI, 110021","UGF, D 29, ANAND NIKETAN, NEW DELHI, NATIONAL CAPITAL TERRITORY OF DELHI, 110021",,,NATIONAL CAPITAL TERRITORY OF DELHI,NEW DELHI
Prowealth Trust,IN/AIF3/18-19/0556,"Jun 14, 2018 - Perpetual",bharathibroking@gmail.com,Subramanian N,"Bharathi Share Broking Private Limited, Flat 9 II Floor Sucons Padmalaya, CHENNAI, TAMIL NADU, 600017","Bharathi Share Broking Private Limited, Flat 9 II Floor Sucons Padmalaya, CHENNAI, TAMIL NADU, 600017",,,TAMIL NADU,CHENNAI
Prozone Intu Realty Fund,IN/AIF2/17-18/0514,"Jan 19, 2018 - Perpetual",anurag.garg@prozoneintu.com,Anurag Garg,"105/106, Ground Floor, Dream Square, , Off New Link Road, Andheri (West),, MUMBAI, MAHARASHTRA, 400053","105/106, Ground Floor, Dream Square, , Off New Link Road, Andheri (West), MUMBAI, MAHARASHTRA, 400053",,,MAHARASHTRA,MUMBAI
Prudent Equity AIF Fund,IN/AIF3/22-23/1139,"Sep 23, 2022 - Perpetual",aif@prudentequity.com,Siddharth Oberoi,"Office 210 2nd Floor SS Plaza, Sector - 47, GURGAON, HARYANA, 122018","Office 210 2nd Floor SS Plaza, Sector - 47, GURGAON, HARYANA, 122018",,,HARYANA,
Prudent Investment Trust,IN/AIF3/24-25/1725,"Feb 13, 2025 - Perpetual",prashasta.seth@prudentim.com,Prashasta Seth,"903 B Wing, Sabari Aashiana, Deonar Farm Road, Inside TISS Compound, MUMBAI, MAHARASHTRA, 400088","903 B Wing, Sabari Aashiana, Deonar Farm Road, Inside TISS Compound, MUMBAI, MAHARASHTRA, 400088",,,MAHARASHTRA,MUMBAI
PULSE TRUST,IN/AIF2/25-26/1887,"Sep 01, 2025 - Perpetual",jyotir@bizdateup.com,Jyotir Jain,"The Ruby, 2nd Floor, SW 29, Senapati Bapat Marg, Dadar West, Mumbai, Maharashtra, India, MUMBAI, MAHARASHTRA, 400028","904, Parekh Market, JSS Road, Opera House, Mumbai , Maharashtra, India, MUMBAI, MAHARASHTRA, 400004",,,MAHARASHTRA,MUMBAI
Purnartha Trust,IN/AIF3/21-22/0893,"Jun 18, 2021 - Perpetual",jayadevan.a@purnartha.com,Jayadevan Ajayababu,"Office No. 001 002, Palms Square Building, 2nd Floor Brigade Road, Opposite Brigade Towers, BANGALORE, KARNATAKA, 560025","33, Rachna, Ground and 2nd Floor, Dr. Ketkar Road, Bharati Niwas Society, Off Karve Road, Erandwane, PUNE, MAHARASHTRA, 411004",,,KARNATAKA,BANGALORE
Purple Elephant Realty Fund,IN/AIF2/17-18/0501,"Nov 03, 2017 - Perpetual",anup@purpleelephantrealty.in,Anup Shah,"702, Astron Tech Park, Nr. ISCON Temple, S. G. Road, AHMEDABAD, GUJARAT, 380051","702, Astron Tech Park, Nr. ISCON Temple, S. G. Road, AHMEDABAD, GUJARAT, 380051",,,GUJARAT,
Purva Real Estate Fund,IN/AIF2/19-20/0668,"Apr 04, 2019 - Perpetual",prakash.dara@mangoadvisors.com,PRAKASH DARA,"No 130, 2, Ulsoor Road,, Bengaluru 560 042, Karnataka, BANGALORE, KARNATAKA, 560042","No 130, 2, Ulsoor Road, Bengaluru 560 042, Karnataka, BANGALORE, KARNATAKA, 560042",9100000000000.0,9100000000000.0,KARNATAKA,BANGALORE
QICAP Investment Trust,IN/AIF3/24-25/1637,"Nov 21, 2024 - Perpetual",sandeep.ahuja@qi-cap.com,Sandeep Ahuja,"Block 51,301A and 301B,WTC, Road 5E,Zone 5,GIFTCITY,Dabhoda, Dabhoda Police Station, GANDHINAGAR, GUJARAT, 382355","Block 51,301A and 301B,WTC, Road 5E,Zone 5,GIFTCITY,Dabhoda, Dabhoda Police Station, GANDHINAGAR, GUJARAT, 382355",,,GUJARAT,GANDHINAGAR
QS Investment Ventures LLP,IN/AIF3/24-25/1645,"Nov 28, 2024 - Perpetual",deep@deepfin.in,Deep Master,"10th Floor 1006 B, C Wing, C66 G Block One SKC, Sandra Kurla Complex, Sandra East, Mumbai 400051, India, MUMBAI, MAHARASHTRA, 400051","10th Floor 1006 B, C Wing, C66 G Block One SKC, Sandra Kurla Complex, Sandra East, Mumbai 400051, India, MUMBAI, MAHARASHTRA, 400051",,,MAHARASHTRA,MUMBAI
Quadria Capital Indi Trust III,IN/AIF2/23-24/1442,"Jan 30, 2024 - Perpetual",kartikey.singhal@quadriacapital.com,Kartikey Singhal,"Level 2, The Crescent, Lado Sarai, Mehrauli,, NEW DELHI, NATIONAL CAPITAL TERRITORY OF DELHI, 110030","Level 2, The Crescent, Lado Sarai, Mehrauli, NEW DELHI, NATIONAL CAPITAL TERRITORY OF DELHI, 110030",,,NATIONAL CAPITAL TERRITORY OF DELHI,NEW DELHI
QUANT FIRST ALTERNATE INVESTMENT TRUST,IN/AIF3/12-13/0018,"Nov 26, 2012 - Perpetual",,,,,,,,
Quantara Capital AIF Sky Trust,IN/AIF3/25-26/1907,"Sep 24, 2025 - Perpetual",honey.ahuja@tattvamgroup.in,ajay gupta,"5W, 5th Floor, The Metropolitan, Bandra Kurla Complex, Bandra East, MUMBAI, MAHARASHTRA, 400051","Flat No. UTN 041, Sec 81, , The Ultima, Garden City, Narsinghpur, GURUGRAM, HARYANA, 122004",,,MAHARASHTRA,MUMBAI
Quanteye Capital AIF Trust,IN/AIF3/24-25/1720,"Feb 10, 2025 - Perpetual",aifservices@quanteyecap.com,HARSH AGARWAL,"136, Building 5, Kalpataru Estate,, Poonam Nagar,, MUMBAI, MAHARASHTRA, 400093","136, Building 5, Kalpataru Estate, Poonam Nagar, MUMBAI, MAHARASHTRA, 400093",,,MAHARASHTRA,MUMBAI
Quantgro Equity and Derivatives Fund,IN/AIF3/25-26/2066,"Feb 24, 2026 - Perpetual",investmentfunds@elp-in.com,Dhiraj Sinha,"37, Rainbow Drive Layout,, Sarjapur Main Road, Carmelram, Bangalore, BANGALORE, KARNATAKA, 560035",,,,KARNATAKA,BANGALORE
QUANTUM-STATE INVESTMENT FUND LVF,IN/AIF3/21-22/1029,"Mar 31, 2022 - Perpetual",rajesh@deepfin.in,Deep Master,"C-1006, One BKC, , Bandra Kurla Complex, Bandra East,, MUMBAI, MAHARASHTRA, 400051","C-1006, One BKC, , Bandra Kurla Complex, Bandra East, MUMBAI, MAHARASHTRA, 400051",,,MAHARASHTRA,MUMBAI
Quantumgrowth Capital,IN/AIF3/23-24/1473,"Mar 22, 2024 - Perpetual",lina.qginnovation@gmail.com,Lina Budhwani,"82B, Fairy Society, Corporate House Rajpath Highway, AHMEDABAD, GUJARAT, 380054","82B, Fairy Society, Corporate House Rajpath Highway, AHMEDABAD, GUJARAT, 380054",,,GUJARAT,
Quest Investment Trust,IN/AIF3/18-19/0623,"Dec 11, 2018 - Perpetual",hiten@questinvest.com,Hiten Sampat,"188/3, Gurukrupa Building,1st Floor, Jain Society, Next to Jain Temple, Sion West, MUMBAI, MAHARASHTRA, 400022","188/3, Gurukrupa Building,1st Floor, Jain Society, Next to Jain Temple, Sion West, MUMBAI, MAHARASHTRA, 400022",,,MAHARASHTRA,MUMBAI
Radha Capital Trust Fund,IN/AIF3/25-26/1914,"Oct 09, 2025 - Perpetual",operations@radhacapital.com,Tamanna Dadlani,"5 and 5 Floor, 4 Plot 208 Regent Chambers,, Jamnalal Bajaj Marg, Nariman point,, MUMBAI, MAHARASHTRA, 400021","5 and 5 Floor, 4 Plot 208 Regent Chambers, Jamnalal Bajaj Marg, Nariman point, MUMBAI, MAHARASHTRA, 400021",,,MAHARASHTRA,MUMBAI
RAGHAV NOVA FUND,IN/AIF3/25-26/1882,"Aug 22, 2025 - Perpetual",im@raghavcapital.in,RAM GOLYAN,"806, Floor 8, Plot 453, Lodha Supremus, Senapati Bapat Marg, Lower Parel, Delisle Road, MUMBAI, MAHARASHTRA, 400013","806, Floor 8, Plot 453, Lodha Supremus, Senapati Bapat Marg, Lower Parel, Delisle Road, MUMBAI, MAHARASHTRA, 400013",,,MAHARASHTRA,MUMBAI
Raghunath Capital Trust,IN/AIF3/24-25/1585,"Aug 29, 2024 - Perpetual",raghunathadvisors@gmail.com,Pawan Maheshwari,"5W, 5th Floor, The Metropolitan,, Bandra Kurla Complex, Bandra East, Mumbai, MUMBAI, MAHARASHTRA, 400051","Office No.403, E10, Shree Amar Height Building, Nirman Nagar, Ajmer Road, Near MG Showroom, Jaipur, JAIPUR, RAJASTHAN, 302019",,,MAHARASHTRA,MUMBAI
Rainmatter Capital Fund,IN/AIF2/24-25/1515,"May 09, 2024 - Perpetual",dinesh.pai@zerodha.com,Dinesh Pai,"175 176, 2nd Floor Bannerghatta Main Road, next to Rainbow Hospital,, Bilekahalli,, BANGALORE, KARNATAKA, 560076","175 176, 2nd Floor Bannerghatta Main Road, next to Rainbow Hospital, Bilekahalli, BANGALORE, KARNATAKA, 560076",,,KARNATAKA,BANGALORE
Rational Equity Trust,IN/AIF3/22-23/1207,"Feb 16, 2023 - Perpetual",vivek.k.iyer@gmail.com,Vivek Iyer,"HD 054, WeWork Vaswani Chambers 2nd Floor 264 265 , Dr Annie Besant Rd Municipal Colony Worli Shivaji Nagar Worli, MUMBAI, MAHARASHTRA, 400030","2401, Bayview Terraces, Eknath Buwa Hatiskar Marg, Prabhadevi, MUMBAI, MAHARASHTRA, 400025",,,MAHARASHTRA,MUMBAI
RE Opportunities Fund,IN/AIF2/13-14/0092,"Jan 10, 2014 - Perpetual",,,"Edelweiss House, Off CST Road, Kalina, Mumbai, MUMBAI, MAHARASHTRA, 400098",,,,MAHARASHTRA,MUMBAI
REAL ESTATE OPPORTUNITIES TRUST,IN/AIF2/12-13/0008,"Sep 20, 2012 - Perpetual",,,,,,,,
REAL ESTATE OPPORTUNITIES TRUST II,IN/AIF2/15-16/0158,"Jun 25, 2015 - Perpetual",,,,,,,,
Real Estate Strategies Trust,IN/AIF2/23-24/1432,"Jan 19, 2024 - Perpetual",ncwam.compliance@ncwam.com,Gaurav Puri,"801 804 Wing A Building 3 Inspire BKC, G Block BKC Bandra East, MUMBAI, MAHARASHTRA, 400051","801 804 Wing A Building 3 Inspire BKC, G Block BKC Bandra East, MUMBAI, MAHARASHTRA, 400051",,,MAHARASHTRA,MUMBAI
REAL TIME ANGEL FUND,IN/AIF1/22-23/1100,"Jul 05, 2022 - Perpetual",akshay@fluidvc.in,Amit Singal,"3011 LGF, SECTOR 46, GURGAON, HARYANA, 122022","3011 LGF, SECTOR 46, GURGAON, HARYANA, 122022",,,HARYANA,
Realty Excellence Investment Trust,IN/AIF2/20-21/0846,"Dec 23, 2020 - Perpetual",Bhadresh.Mehta@motilaloswal.com,Bhadresh Mehta,"12 Floor, Motilal Oswal Tower Prabhadevi, MUMBAI, MAHARASHTRA, 400025","12th Floor Motilal Oswal Tower, MUMBAI, MAHARASHTRA, 400025",,,MAHARASHTRA,MUMBAI
REALTY EXCELLENCE TRUST III,IN/AIF2/15-16/0179,"Oct 23, 2015 - Perpetual",,,"12th Floor, Motilal Oswal Tower, Rahimtullah Sayani Road, Opp. Parel ST Depot,, Prabhadevi, MUMBAI, MAHARASHTRA, 400025",,,,MAHARASHTRA,MUMBAI
Realty Excellence Trust IV,IN/AIF2/18-19/0539,"May 07, 2018 - Perpetual",Bhadresh.Mehta@motilaloswal.com,Bhadresh Mehta,"12th Floor, Motilal Oswal Tower, Rahimtullah Sayani Road, Opposite Parel ST Depot, Prabhadevi, MUMBAI, MAHARASHTRA, 400025","12th Floor, Motilal Oswal Tower, Rahimtullah Sayani Road, Opposite Parel ST Depot, Prabhadevi, MUMBAI, MAHARASHTRA, 400025",,,MAHARASHTRA,MUMBAI
Realty Excellence Trust VI,IN/AIF2/22-23/1211,"Feb 16, 2023 - Perpetual",naveen.gupta@motilaloswal.com,Naveen Gupta,"Motilal Oswal Tower Rahimtullah Sayani Road opposite Parel ST Depot, Prabhadevi, MUMBAI, MAHARASHTRA, 400025","Motilal Oswal Tower Rahimtullah Sayani Road opposite Parel ST Depot, Prabhadevi, MUMBAI, MAHARASHTRA, 400025",,,MAHARASHTRA,MUMBAI
REALTY INCOME TRUST,IN/AIF2/21-22/0943,"Oct 26, 2021 - Perpetual",perpetualamc@gmail.com,Priyank Gupta,"B 91 First Floor, Panchsheel Vihar, DELHI, NATIONAL CAPITAL TERRITORY OF DELHI, 110017","B 91 First Floor, Panchsheel Vihar, DELHI, NATIONAL CAPITAL TERRITORY OF DELHI, 110017",,,NATIONAL CAPITAL TERRITORY OF DELHI,
Refex Capital Trust,IN/AIF1/19-20/0685,"Apr 23, 2019 - Perpetual",shailesh.r@refex.co.in,Shailesh Rajagopalan,"C/O Refex Group, No. 67, Bazullah Road, TNagar, CHENNAI, TAMIL NADU, 600017","C/O Refex Group, No. 67, Bazullah Road, TNagar, CHENNAI, TAMIL NADU, 600017",9100000000000.0,9100000000000.0,TAMIL NADU,CHENNAI
RELATIVITY RESILIENCE TRUST,IN/AIF2/19-20/0744,"Nov 11, 2019 - Perpetual",nakul.zaveri@relativityia.com,NAKUL ZAVERI,"11th Floor, Naman Center, G Block, C31, Bandra Kurla Complex, Bandra East,, MUMBAI, MAHARASHTRA, 400051","11th Floor, Naman Center, G Block, C31, Bandra Kurla Complex, Bandra East, MUMBAI, MAHARASHTRA, 400051",,,MAHARASHTRA,MUMBAI
Relentless VC India Trust,IN/AIF2/23-24/1468,"Mar 22, 2024 - Perpetual",kj@relentlessvc.in,Kshitij Saxena,"5051 Windmills of your mind , Whitefield, BANGALORE, KARNATAKA, 560066","5051 Windmills of your Mind, Whitefield, BANGALORE, KARNATAKA, 560066",,,KARNATAKA,BANGALORE
RELIGARE CREDIT INVESTMENT TRUST,IN/AIF2/13-14/0102,"Mar 24, 2014 - Perpetual",,,,,,,,
Religo Commodities Ventures Trust,IN/AIF3/23-24/1362,"Oct 04, 2023 - Perpetual",dlmandalia@gmail.com,Dipen Mandalia,"4th Floor, Shop no. 404, Golden Signature, , C G Road, Ellisbridge, AHMEDABAD, GUJARAT, 380009","4th Floor, Shop no. 404, Golden Signature, , C G Road, Ellisbridge, AHMEDABAD, GUJARAT, 380009",,,GUJARAT,
Renaissance Alternate Investment Fund,IN/AIF3/18-19/0549,"May 31, 2018 - Perpetual",ganesh@renaissanceinvest.in,Ganesh Binjola,"IL&FS Financial Centre Plot C 22 G Block, BKC Bandra East, MUMBAI, MAHARASHTRA, 400051","708 Madhava Plot no C4 E block , BKC Bandra East, MUMBAI, MAHARASHTRA, 400051",,,MAHARASHTRA,MUMBAI
RESILIENT INDIA INVESTMENT TRUST,IN/AIF2/25-26/1789,"Apr 09, 2025 - Perpetual",support@caprixponentia.in,Varuna Agarwal,"1, Floor 1, Plot 15A, 35, Court Chambers, Vithaldas Thackersey Marg New Marine Lines, MUMBAI, MAHARASHTRA, 400020","1, Floor 1, Plot 15A, 35, Court Chambers, Vithaldas Thackersey Marg New Marine Lines, MUMBAI, MAHARASHTRA, 400020",,,MAHARASHTRA,MUMBAI
Resurgent India special situation trust,IN/AIFundefined/24-25/1494,"Apr 05, 2024 - Perpetual",rohan.saluja@resurgentindia.com,ROHAN SALUJA,"Unit No 903 Tower C, 09th Floor Unitech Business Zone Sector 50, GURGAON, HARYANA, 122018","Unit No 903 Tower C, 09th Floor Unitech Business Zone Sector 50, GURGAON, HARYANA, 122018",,,HARYANA,
Resurgent India special situation trust,IN/AIF1/24-25/1494,"Apr 05, 2024 - Perpetual",rohan.saluja@resurgentindia.com,ROHAN SALUJA,"Unit No 903 Tower C, 09th Floor Unitech Business Zone Sector 50, GURGAON, HARYANA, 122018","Unit No 903 Tower C, 09th Floor Unitech Business Zone Sector 50, GURGAON, HARYANA, 122018",,,HARYANA,
Resurgent Venture Capital Trust,IN/AIF1/25-26/1788,"Apr 09, 2025 - Perpetual",rohan.saluja@resurgentlegal.com,Rohan Saluja,"Unit No 904 Tower C, Unitech Business Zone Sector 50, GURGAON, HARYANA, 122018","Unit No 904 Tower C, Unitech Business Zone Sector 50, GURGAON, HARYANA, 122018",,,HARYANA,
Revanta Growth Capital Trust,IN/AIF2/25-26/1974,"Dec 08, 2025 - Perpetual",ravinder@revantacapital.com,Ravinder Vashist,"D 604, Mahindra Splendour, LBS Marg, Bhandup West, MUMBAI, MAHARASHTRA, 400078","1606, B and C Wing, C66, G Block, One BKC, Opp. Bank of Baroda, Bandra East, MUMBAI, MAHARASHTRA, 400051",,,MAHARASHTRA,MUMBAI
RevX Capital Trust,IN/AIF2/23-24/1272,"May 10, 2023 - Perpetual",rahulchowdhury1877@gmail.com,Rahul Chowdhury,"C 13, Meenakshi Trident Towers, Gachibowli Ramky Towers, Serilingampally, Rangareddy, HYDERABAD, TELANGANA, 500032","C 13, Meenakshi Trident Towers, Gachibowli Ramky Towers, Serilingampally, Rangareddy, HYDERABAD, TELANGANA, 500032",,,TELANGANA,HYDERABAD
RevX Special Opportunities Trust,IN/AIF2/25-26/1917,"Oct 13, 2025 - Perpetual",,,"C 13, Meenakshi Trident Towers, Gachibowli Ramky Towers, Serilingampally, Rangareddy, Rangareddi,, Rangareddy, Telangana, India, 500032, HYDERABAD, TELANGANA, 500032","C 13, Meenakshi Trident Towers, Gachibowli Ramky Towers, Serilingampally, Rangareddy, Rangareddi, Rangareddy, Telangana, India, 500032, HYDERABAD, TELANGANA, 500032",,,TELANGANA,HYDERABAD
RGSL Investment Fund,IN/AIF1/25-26/1964,"Nov 21, 2025 - Perpetual",aif_compliance@rgslgroup.com,Pranav Jain,"208 and 210 Jain Bhawan, 18 12 W.E.A., Karol Bagh, NEW DELHI, NATIONAL CAPITAL TERRITORY OF DELHI, 110005","208 and 210 Jain Bhawan, 18 12 W.E.A., Karol Bagh, NEW DELHI, NATIONAL CAPITAL TERRITORY OF DELHI, 110005",,,NATIONAL CAPITAL TERRITORY OF DELHI,NEW DELHI
RIDHAMA REAL ESTATE TRUST,IN/AIF2/25-26/1989,"Dec 16, 2025 - Perpetual",roopal@singhania.com,Nikhil Gupta,"T1 Cama Indl. Estate Walbhat Road Opp Dani. Iron and Steel , Near Kusum Masala Goregaon East, MUMBAI, MAHARASHTRA, 400063","T1 Cama Indl. Estate Walbhat Road Opp Dani. Iron and Steel , Near Kusum Masala Goregaon East, MUMBAI, MAHARASHTRA, 400063",,,MAHARASHTRA,MUMBAI
RIVER ROCK INVESTMENT TRUST,IN/AIF2/25-26/2105,"Mar 24, 2026 - Perpetual",sg.riverrock@gmail.com,Akshit Lakhotia,"2902 B,Tower 5, Dioro Lodha New Cuffe Parade, Wadala East, Antop Hill, Mumbai, MUMBAI, MAHARASHTRA, 400037",,,,MAHARASHTRA,MUMBAI
Riverwalk Holdings Trust,IN/AIF2/21-22/0995,"Feb 14, 2022 - Perpetual",nari@vishwaksena.co.in,Ramaswamy Narayanan,"D-2 S.C II GF, Mansarowar Gdn, West Delhi, DELHI, NATIONAL CAPITAL TERRITORY OF DELHI, 110015","D-2 S.C II GF, Mansarowar Gdn, West Delhi, DELHI, NATIONAL CAPITAL TERRITORY OF DELHI, 110015",9110000000000.0,9110000000000.0,NATIONAL CAPITAL TERRITORY OF DELHI,
Riverwalk Holdings Trust II,IN/AIF2/24-25/1500,"Apr 19, 2024 - Perpetual",singhvi_abhishek@riverwalkholdings.com,Jai Singh,"Unit No 610, 6th Floor, Time Tower, M G Road, Gurgaon, GURUGRAM, HARYANA, 122002","D2 S.C II, Ground Floor, Mansarowar Garden, NEW DELHI, NATIONAL CAPITAL TERRITORY OF DELHI, 110015",,,HARYANA,NEW DELHI
RKG SPECIAL SITUATIONS TRUST,IN/AIF1/24-25/1543,"Jun 19, 2024 - Perpetual",AG@RKGAMC.COM,ANEESH GOEL,"Unit No 506 D Mall, Plot No 4 Netaji Subhash Palace Pitampura, DELHI, NATIONAL CAPITAL TERRITORY OF DELHI, 110034","Unit No 506 D Mall, Plot No 4 Netaji Subhash Palace Pitampura, DELHI, NATIONAL CAPITAL TERRITORY OF DELHI, 110034",,,NATIONAL CAPITAL TERRITORY OF DELHI,
RKG TRUST,IN/AIF2/20-21/0799,"May 21, 2020 - Perpetual",ag@rkgamc.com,Aneesh Goel,"C 4 9, Ground Floor, Vasant Vihar, NEW DELHI, NATIONAL CAPITAL TERRITORY OF DELHI, 110057","C 4 9, Ground Floor, Vasant Vihar, NEW DELHI, NATIONAL CAPITAL TERRITORY OF DELHI, 110057",,,NATIONAL CAPITAL TERRITORY OF DELHI,NEW DELHI
RMB Capitalworks Hybrid Solutions Fund,IN/AIF2/24-25/1708,"Feb 05, 2025 - Perpetual",anshuman.malur@rmbcapitalworks.com,Anshuman Malur,"CTS No 4207 of Village Kole Kalyan, Taluka Andheri, Mumbai Suburban District at G Block,, Bandra Kurla Complex, Bandra East, MUMBAI, MAHARASHTRA, 400051","1401 Crescenzo 14th Floor Plot No. C 38 and C 39 G Block Bandra Kurla Complex Bandra East, MUMBAI, MAHARASHTRA, 400051",,,MAHARASHTRA,MUMBAI
RMS Growth Fund,IN/AIF2/24-25/1721,"Feb 10, 2025 - Perpetual",rms.growth@gmail.com,Rohit Ramasubramanian,"35, Malviya Nagar, Plot No. 130, BHOPAL, MADHYA PRADESH, 462003","35, Malviya Nagar, Plot No. 130, BHOPAL, MADHYA PRADESH, 462003",,,MADHYA PRADESH,BHOPAL
RMZ Real Estate Development Platform,IN/AIF2/22-23/1197,"Jan 31, 2023 - Perpetual",corpsec@rmzcorp.com,Santhosh R,"The Millenia, Tower B, Level 12 - 14, No. 1 & 2, Murphy Road, Ulsoor, BANGALORE, KARNATAKA, 560008","The Millenia, Tower B, Level 12 - 14, No. 1 & 2, Murphy Road, Ulsoor, BANGALORE, KARNATAKA, 560008",,,KARNATAKA,BANGALORE
Ro Asset Holdings Investment Trust,IN/AIF3/25-26/2010,"Jan 06, 2026 - Perpetual",rohit@rofundmanagement.com,Rohit Aggarwal,"Level 1, Block A, Shiv Sagar Estate , Dr Annie Besant Road, Worli, MUMBAI, MAHARASHTRA, 400018","Level 1, Block A, Shiv Sagar Estate , Dr Annie Besant Road, Worli, MUMBAI, MAHARASHTRA, 400018",,,MAHARASHTRA,MUMBAI
Rockstud Capital Investment Fund,IN/AIF2/18-19/0586,"Sep 10, 2018 - Perpetual",a.agarwal@rockstudcap.com,Abhishek Agarwal,"1916, 19th Floor, One Lodha Place,, Senapati Bapat Marg, Lower Parel,, MUMBAI, MAHARASHTRA, 400013","1916, 19th Floor, One Lodha Place, Senapati Bapat Marg, Lower Parel, MUMBAI, MAHARASHTRA, 400013",,,MAHARASHTRA,MUMBAI
Rockstud Capital Investment Fund - II,IN/AIF1/22-23/1217,"Feb 24, 2023 - Perpetual",a.agarwal@rockstudcap.com,Abhishek Agarwal,"1916, 19th Floor, One Lodha Place,, Senapati Bapat Marg, Lower Parel,, MUMBAI, MAHARASHTRA, 400013","1916, 19th Floor, One Lodha Place, Senapati Bapat Marg, Lower Parel, MUMBAI, MAHARASHTRA, 400013",,,MAHARASHTRA,MUMBAI
ROGER BRAVO ALTERNATIVE INVESTMENT FUND,IN/AIF2/21-22/0878,"Apr 27, 2021 - Perpetual",mayank@rogerbravo.com,MAYANK NANDAN,"113, First Floor, Inspire Building, Bharat Nagar, BKC, Bandra East, MUMBAI, MAHARASHTRA, 400051","113, First Floor, Inspire Building, Bharat Nagar, BKC, Bandra East, MUMBAI, MAHARASHTRA, 400051",,,MAHARASHTRA,MUMBAI
Roha Emerging Investments Trust,IN/AIF3/18-19/0609,"Oct 19, 2018 - Perpetual",aif.compliance@rohagroup.com,Rahul Rai,"JJT House A44,45,Road No 2 MIDC, Andheri, Mumbai, MUMBAI, MAHARASHTRA, 400093","JJT House A44,45,Road No 2 MIDC, Andheri, Mumbai, MUMBAI, MAHARASHTRA, 400093",9100000000000.0,9100000000000.0,MAHARASHTRA,MUMBAI
Roots Ventures Trust,IN/AIF2/18-19/0617,"Nov 14, 2018 - Perpetual",ravinder@vcroots.com,Ravinder Vashist,"D 604 Mahindra Splendor LBS Marg, Bhandup West Opp Eastern Business District Mumbai, MUMBAI, MAHARASHTRA, 400078","D 604 Mahindra Splendor LBS Marg, Bhandup West Opp Eastern Business District Mumbai, MUMBAI, MAHARASHTRA, 400078",,,MAHARASHTRA,MUMBAI
Roots Ventures Trust 3,IN/AIF1/21-22/0996,"Feb 17, 2022 - Perpetual",ravinder@roots-ventures.com,Ravinder Vashist,"D604, Mahindra Splendour, LBS Marg, Bhandup West, Opp Eastern Business District, MUMBAI, MAHARASHTRA, 400078","D604, Mahindra Splendour, LBS Marg, Bhandup West, Opp Eastern Business District, MUMBAI, MAHARASHTRA, 400078",,,MAHARASHTRA,MUMBAI
Roots Ventures Trust-II,IN/AIF1/20-21/0815,"Jul 14, 2020 - Perpetual",ravinder@roots-ventures.com,Ravinder Vashist,"D 604 Mahindra Splendour, L B S Marg Bhandup West, MUMBAI, MAHARASHTRA, 400078","D 604 Mahindra Splendour, L B S Marg Bhandup West, MUMBAI, MAHARASHTRA, 400078",,,MAHARASHTRA,MUMBAI
Route 78 Partners,IN/AIF2/25-26/2028,"Jan 30, 2026 - Perpetual",avinash@route78partners.com,Avinash Sule,"Flat 3103, Floor 31, Wing A, Vivarea CHSL, Sane Guruji, Jacob Circle, MUMBAI, MAHARASHTRA, 400011","2nd Floor, WeWorks, Express Towers, Nariman Point, MUMBAI, MAHARASHTRA, 400021",910000000000000.0,910000000000000.0,MAHARASHTRA,MUMBAI
ROVING PARTNERS VENTURE TRUST,IN/AIF1/25-26/2025,"Jan 29, 2026 - Perpetual",tarang@rovingpartners.com,Tarang Mittal,"5th Floor Portion at Old No. 52 New No. 5 2nd main 2nd cross, Kalasipalayam New Extension, BANGALORE, KARNATAKA, 560002","5th Floor Portion at Old No. 52 New No. 5 2nd main 2nd cross, Kalasipalayam New Extension, BANGALORE, KARNATAKA, 560002",,,KARNATAKA,BANGALORE
ROYAL ALPHA ALTERNATIVE INVESTMENT TRUST,IN/AIF2/24-25/1648,"Nov 29, 2024 - Perpetual",compliances@royalalphagrowth.com,Kalpesh Dhakad,"Office Space 6A 2 floor Plot 82, Madanji Mohanji Building Shaikh Memon Street Champa Gully M J Market Kalbadevi, MUMBAI, MAHARASHTRA, 400002","25 floor F D Wing Winter Green Rivali Park Dattapada Road Magathane, Borivali East Near Metro Mall, MUMBAI, MAHARASHTRA, 400066",,,MAHARASHTRA,MUMBAI
RP-SG Ventures Investment Trust,IN/AIF1/18-19/0603,"Oct 11, 2018 - Perpetual",swati.mehra@rp-sg.in,Swati Mehra,"2nd Floor, Spencer Building,30 Forjett Street, Mumbai, MUMBAI, MAHARASHTRA, 400036","Innov8, 3rd Floor, Tower 8-B, DLF Cyber City, Gurugram, Haryana, GURGAON, HARYANA, 122002",,,MAHARASHTRA,MUMBAI
RUDRABHISHEK INFRASTRUCTURE TRUST,IN/AIF1/13-14/0054,"May 15, 2013 - Perpetual",,,,,,,,
Rukam Capital Fund II Trust,IN/AIF2/23-24/1321,"Aug 03, 2023 - Perpetual",info@rukamcapital.com,Archana Jahagirdar,"4A Ocus Technopolis Sector 54 Golf Club Road Gurgaon Haryana 122002, GURGAON, HARYANA, 122002","C-13, 2nd Floor, SDA Market, Hauz Khas, New Delhi 110016, NEW DELHI, NATIONAL CAPITAL TERRITORY OF DELHI, 110016",,,HARYANA,NEW DELHI
Rukam Capital Trust,IN/AIF2/19-20/0705,"Jun 11, 2019 - Perpetual",archana.jahagirdar@gmail.com,Archana Jahagirdar,"C13, First Floor, SDA Commercial Complex, Hauz Khas, NEW DELHI, NATIONAL CAPITAL TERRITORY OF DELHI, 110016","C13, First Floor, SDA Commercial Complex, Hauz Khas, NEW DELHI, NATIONAL CAPITAL TERRITORY OF DELHI, 110016",,,NATIONAL CAPITAL TERRITORY OF DELHI,NEW DELHI
Rukam Sitara Trust,IN/AIF2/22-23/1250,"Mar 23, 2023 - Perpetual",archana@rukamcapital.com,Archana Jahagirdar,"4A Ocus Technopolis Sector 54 Golf Club Road Gurgaon Haryana 122002 India, GURGAON, HARYANA, 122002","C 13 First Floor Rear entry SDA Commercial Complex Hauz Khas New Delhi 110016 India, NEW DELHI, NATIONAL CAPITAL TERRITORY OF DELHI, 110016",9100000000000.0,9100000000000.0,HARYANA,NEW DELHI
Ruvi Infotech Trust,IN/AIF3/23-24/1393,"Nov 29, 2023 - Perpetual",ruviinfotech@gmail.com,Aakash Shah,"4 Bhagat Niwas, Manchhubhai road, Near Suchak Hospital, Malad, MUMBAI, MAHARASHTRA, 400064","FLAT NO.406, B WING, BLDG. NO. 02, YASHWANT SHRISHTI, SHANTI, BOISAR, THANE, MAHARASHTRA, 401501",,,MAHARASHTRA,MUMBAI
RV Capital India Credit Plus Fund,IN/AIF2/22-23/1209,"Feb 16, 2023 - Perpetual",notifications-india@rvcapital.com,Shyamal Karmakar,"The Capital, A/1204, Unit No.S-5,S-7,12th floor, A wing, G Block, Bandra Kurla Complex, MUMBAI, MAHARASHTRA, 400051","The Capital, A/1204, Unit No.S-5,S-7,12th floor, A wing, G Block, Bandra Kurla Complex, MUMBAI, MAHARASHTRA, 400051",,,MAHARASHTRA,MUMBAI
RV Capital India Credit Trust,IN/AIF2/25-26/1933,"Oct 23, 2025 - Perpetual",skarmakar@rvcapital.com,Shyamal Karmakar,"The Capital, A1204, Unit no. S5 S7, 12th floor A wing G block, Bandra kurla complex, MUMBAI, MAHARASHTRA, 400051","The Capital, A1204, Unit no. S5 S7, 12th floor A wing G block, Bandra kurla complex, MUMBAI, MAHARASHTRA, 400051",,,MAHARASHTRA,MUMBAI
RVCF INDIA GROWTH FUND IV,IN/AIF2/22-23/1191,"Jan 17, 2023 - Perpetual",SUNEETMATHUR@RVCF.ORG,SUNEET MATHUR,"7th Floor Ganga Heights, Bapu Nagar Tonk Road Jaipur, JAIPUR, RAJASTHAN, 302015","7th Floor Ganga Heights, Bapu Nagar Tonk Road Jaipur, JAIPUR, RAJASTHAN, 302015",,,RAJASTHAN,JAIPUR
RVCF TRUST III,IN/AIF1/15-16/0139,"Apr 01, 2015 - Perpetual",,,,,,,,
SAAMAG REALTY TRUST,IN/AIF2/13-14/0053,"May 14, 2013 - Perpetual",,,,,,,,
SABHYA TRUST,IN/AIF3/25-26/1801,"May 05, 2025 - Perpetual",sgbinvestmentmanagersllp@gmail.com,SAHIL BHATIA,"Flat No 605, Sethi Bhawan, Plot No7, Rajendra Place, Patel Nagar, Central Delhi, DELHI, NATIONAL CAPITAL TERRITORY OF DELHI, 110008","Flat No 605, Sethi Bhawan, Plot No7, Rajendra Place, Patel Nagar, Central Delhi, DELHI, NATIONAL CAPITAL TERRITORY OF DELHI, 110008",,,NATIONAL CAPITAL TERRITORY OF DELHI,
SABRE PARTNERS TRUST,IN/AIF2/12-13/0006,"Aug 14, 2012 - Perpetual",,,,,,,,
Sabre Partners AIF Trust,IN/AIF2/18-19/0588,"Sep 19, 2018 - Perpetual",finance@sabrecap.co.in,Sukesh Khandelwal,"HD 190 WeWork Enam Sambhav C 20 G Block, Bandra Kurla Complex Bandra East, MUMBAI, MAHARASHTRA, 400051","HD 190 WeWork Enam Sambhav C 20 G Block, Bandra Kurla Complex Bandra East, MUMBAI, MAHARASHTRA, 400051",9100000000000.0,9100000000000.0,MAHARASHTRA,MUMBAI
Sadev Capital Trust,IN/AIF1/23-24/1404,"Dec 11, 2023 - Perpetual",dhruvdbahl@gmail.com,Dhruv Dhanraj Bahl,"303, Mansarovar, , 90, Nehru Palace, NEW DELHI, NATIONAL CAPITAL TERRITORY OF DELHI, 110019","303, Mansarovar, , 90, Nehru Palace, NEW DELHI, NATIONAL CAPITAL TERRITORY OF DELHI, 110019",,,NATIONAL CAPITAL TERRITORY OF DELHI,NEW DELHI
SAFAL DIGIFIN GROWTH TRUST,IN/AIF3/25-26/2089,"Mar 11, 2026 - Perpetual",sanjay@digifinadvisors.com,Sanjay Agarwal,"Shop No 350-1 New Cloth Mkt, O s Raipur Gate N C Market, AHMEDABAD, GUJARAT, 380002",,,,GUJARAT,RAIPUR
Sagacia Trust,IN/AIF2/22-23/1035,"Apr 04, 2022 - Perpetual",secretariat@sagacia.in,Rakesh Dubey,"E30 Ground Floor Sushant Lok I, GURGAON, HARYANA, 122009","C507 The Courtyard, Nirvana Country Sector 50, GURGAON, HARYANA, 122018",,,HARYANA,
Sagacious Alternate Investment Trust,IN/AIF3/24-25/1587,"Sep 04, 2024 - Perpetual",prankushbansal@sagaciousinvest.com,Prankush Bansal,"Block 3A, 7th Floor, Eco Space, New Town, North 24 Parganas, KOLKATA, WEST BENGAL, 700156","Block 3A, 7th Floor, Eco Space, New Town, North 24 Parganas, KOLKATA, WEST BENGAL, 700156",,,WEST BENGAL,KOLKATA
SAGEONE INDIA OPPORTUNITY TRUST,IN/AIF3/19-20/0711,"Jun 26, 2019 - Perpetual",sv@sageoneinvestments.com,SAMIT VARTAK,"OFFICE NO. 10, 4TH FLOOR, SUYOG PLATINUM TOWER, NAYLOR ROAD,, OFF MANGALDAS ROAD, NEAR CONRAD HOTEL, KOREGAON PARK,, PUNE, MAHARASHTRA, 411001","OFFICE NO. 10, 4TH FLOOR, SUYOG PLATINUM TOWER, NAYLOR ROAD, OFF MANGALDAS ROAD, NEAR CONRAD HOTEL, KOREGAON PARK, PUNE, MAHARASHTRA, 411001",,,MAHARASHTRA,
SAHA TRUST,IN/AIF1/15-16/0175,"Oct 06, 2015 - Perpetual",,,,,,,,
Sakman Capital Trust,IN/AIF3/24-25/1495,"Apr 08, 2024 - Perpetual",sameerbaisiwala@sakmancapital.com,Sameer Baisiwala,"1619, 16th Floor, One Lodha Place, Senapati Bapat Marg, Lower Parel, MUMBAI, MAHARASHTRA, 400013","1619, 16th Floor, One Lodha Place, Senapati Bapat Marg, Lower Parel, MUMBAI, MAHARASHTRA, 400013",,,MAHARASHTRA,MUMBAI
SALAMANDER EXCUBATOR ANGEL (SEA) FUND,IN/AIF1/16-17/0263,"Sep 26, 2016 - Perpetual",,,"Ebony 1203A, Godrej Woodsman Estate, Hebbal, Bangalore, BANGALORE, KARNATAKA, 560024",,,,KARNATAKA,BANGALORE
SALIL CHAKRABARTY INNOVATION FUND,IN/AIF1/22-23/1102,"Jul 13, 2022 - Perpetual",sousthav@gmail.com,Sousthav Chakrabarty,"Villa No 176 Rainbow Residency, Near Wipro Corp Office Sarjapur Main Road, BANGALORE, KARNATAKA, 560035","Villa No 176 Rainbow Residency, Near Wipro Corp Office Sarjapur Main Road, BANGALORE, KARNATAKA, 560035",,,KARNATAKA,BANGALORE
Samana Global Fund,IN/AIF2/18-19/0629,"Jan 18, 2019 - Perpetual",investmentmanager@ibmcglobal.com,Binu Appukuttan,"Door No 3 1043 A85 5th Floor Hilite Business Park, Bye Pass Road Thondayad Kozhikode, KOZHIKODE, KERALA, 673014","Door No 3 1043 A85 5th Floor Hilite Business Park, Bye Pass Road Thondayad Kozhikode, KOZHIKODE, KERALA, 673014",,,KERALA,
Samara Alternate Investment Fund,IN/AIF2/17-18/0351,"Jul 14, 2017 - Perpetual",,,"131, 13th Floor, Free Press House, Nariman Point, Mumbai, MUMBAI, MAHARASHTRA, 400021",,,,MAHARASHTRA,MUMBAI
Samara Alternate Investment Fund III India,IN/AIF2/23-24/1305,"Jun 30, 2023 - Perpetual",shilpa@samaracapital.com,Shilpa Gurnani,"Level 18, Birla Aurora, Dr Annie Besant Road, Worli, MUMBAI, MAHARASHTRA, 400030","Level 18, Birla Aurora, Dr Annie Besant Road, Worli, MUMBAI, MAHARASHTRA, 400030",,,MAHARASHTRA,MUMBAI
Samara Alternate Long-Term Investment Opportunities Fund 2025,IN/AIF2/25-26/1946,"Nov 03, 2025 - Perpetual",pratik@samaracapital.com,Pratik Shah,"Level 18, Birla Aurora, Dr. Annie Besant Road, Worli, MUMBAI, MAHARASHTRA, 400030","Level 18, Birla Aurora, Dr. Annie Besant Road, Worli, MUMBAI, MAHARASHTRA, 400030",,,MAHARASHTRA,MUMBAI
SAMARSH CAPITAL,IN/AIF2/24-25/1620,"Oct 31, 2024 - Perpetual",SANDEEP@SAMARSHCAPITAL.COM,SANDEEP SHENOY,"Office No. 01, 5th Floor, 1 Sobha, 50 St. Marks Raod, BANGALORE, KARNATAKA, 560001","Office No. 01, 5th Floor, 1 Sobha, 50 St. Marks Raod, BANGALORE, KARNATAKA, 560001",,,KARNATAKA,BANGALORE
Samarth Wealth Management Trust,IN/AIF3/24-25/1680,"Jan 06, 2025 - Perpetual",shivaji@samarthwealthmanagement.com,Shivaji Vitthalrao,"347 2B, 9 Main, 5th Cross, Opp Subhash Bhawan, Rajarajeshwarinagar, BANGALORE, KARNATAKA, 560098","347 2B, 9 Main, 5th Cross, Opp Subhash Bhawan, Rajarajeshwarinagar, BANGALORE, KARNATAKA, 560098",,,KARNATAKA,BANGALORE
Sameeksha Capital Investment Fund,IN/AIF3/18-19/0640,"Feb 26, 2019 - Perpetual",ishaan.vyas@nishithdesai.com,Ishaan Vyas,"South Tower-1202, One42, B/H Ashok Vatika, Nr. Jayantilal Park Brts, Ambli Bopal Road,, AHMEDABAD, GUJARAT, 380058","South Tower-1202, One42, B/H Ashok Vatika, Nr. Jayantilal Park Brts, Ambli Bopal Road, AHMEDABAD, GUJARAT, 380058",,,GUJARAT,
Sampattika Investment Fund,IN/AIF2/25-26/2004,"Dec 30, 2025 - Perpetual",info@sampattika.in,ANKIT MEHROTRA,"1107 Ratnakar 9, Square Building, 11th Floor, Block A, Keshav Baug, Vastrapur, Polytechnic, AHMEDABAD, GUJARAT, 380015","1107 Ratnakar 9, Square Building, 11th Floor, Block A, Keshav Baug, Vastrapur, Polytechnic, AHMEDABAD, GUJARAT, 380015",,,GUJARAT,
Samraddh Bharat Trust,IN/AIF3/25-26/1986,"Dec 11, 2025 - Perpetual",bharat.sharma@samraddhbharat.com,Bharat Sharma,"Office No. A-1404, Oberoi Splendor,, Opp Majas Depot, JVLR, Andheri East,, MUMBAI, MAHARASHTRA, 400060","Office No. A-1404, Oberoi Splendor, Opp Majas Depot, JVLR, Andheri East, MUMBAI, MAHARASHTRA, 400060",,,MAHARASHTRA,MUMBAI
SAMVITTI CAPITAL ALPHA FUND,IN/AIF3/15-16/0182,"Nov 05, 2015 - Perpetual",,,,,,,,
SAMVITTI CAPITAL ALTERNATIVE INVESTMENT FUND,IN/AIF3/15-16/0153,"Jun 04, 2015 - Perpetual",,,,,,,,
Sanhit Investment Trust,IN/AIF3/25-26/1786,"Apr 07, 2025 - Perpetual",mohit@sanhitventures.com,Mohit Gupta,"308 Olympus Prestige Acropolis Apartment No 20 , Hosur Road Koramangala Bangalore 560029 Karnataka, BANGALORE, KARNATAKA, 560029","308 Olympus Prestige Acropolis Apartment No 20 , Hosur Road Koramangala Bangalore 560029 Karnataka, BANGALORE, KARNATAKA, 560029",,,KARNATAKA,BANGALORE
Sanshi Trust,IN/AIF3/24-25/1632,"Nov 12, 2024 - Perpetual",deepak@sanshifund.com,Deepak Agrawal,"205, The Capital, Plot No C 70 , Block G, Bandra Kurla Complex, Bandra East, MUMBAI, MAHARASHTRA, 400051","205, The Capital, Plot No C 70 , Block G, Bandra Kurla Complex, Bandra East, MUMBAI, MAHARASHTRA, 400051",,,MAHARASHTRA,MUMBAI
SAPHALATA EQUITY AIF,IN/AIF3/21-22/1027,"Mar 29, 2022 - Perpetual",chetan.shah@pwc.com,Chetan Shah,"2601 Leona CHS, Rodas Enclave, Hiranandani Estate, GB Road, Thane 400607, THANE, MAHARASHTRA, 400607","2601 Leona CHS, Rodas Enclave, Hiranandani Estate, GB Road, Thane 400607, THANE, MAHARASHTRA, 400607",,,MAHARASHTRA,
Saravana Global Capital Trust,IN/AIF2/22-23/1236,"Mar 14, 2023 - Perpetual",ajitpchallani@saravanaenergy.com,Ajit Challani,"2B, Suvidha, 37, 6th Main Road, R A Puram, CHENNAI, TAMIL NADU, 600028","2B, Suvidha, 37, 6th Main Road, R A Puram, CHENNAI, TAMIL NADU, 600028",,,TAMIL NADU,CHENNAI
SARCAP INVESTMENT TRUST,IN/AIF3/19-20/0743,"Nov 07, 2019 - Perpetual",bhavya.jain@sarcap.in,BHAVYA JAIN,"4718/21A,Dayanand Road, Darya Ganj, NEW DELHI, NATIONAL CAPITAL TERRITORY OF DELHI, 110002","4718/21A,Dayanand Road, Darya Ganj, NEW DELHI, NATIONAL CAPITAL TERRITORY OF DELHI, 110002",,,NATIONAL CAPITAL TERRITORY OF DELHI,NEW DELHI
SarvaMangal Investment Trust,IN/AIF3/25-26/2049,"Feb 16, 2026 - Perpetual",info@sarvamangalaif.in,Priyadarshi Srivastava,"Block A, F 02 6th Floor, Safal, Profitair Prahalad Nagar, Jivraj Park, AHMEDABAD, GUJARAT, 380051","Block A, F 02 6th Floor, Safal, Profitair Prahalad Nagar, Jivraj Park, AHMEDABAD, GUJARAT, 380051",,,GUJARAT,
Sarvara Investment Fund,IN/AIF2/19-20/0757,"Dec 13, 2019 - Perpetual",ighosh-consult@cerberusuk.com,Indranil Ghosh,"The Capital, 9th Floor, 904 B, Plot No. C 70, G Block, Bandra Kurla Complex, MUMBAI, MAHARASHTRA, 400051","The Capital, 9th Floor, 904 B, Plot No. C 70, G Block, Bandra Kurla Complex, MUMBAI, MAHARASHTRA, 400051",9100000000000.0,9100000000000.0,MAHARASHTRA,MUMBAI
Sathguru Catalysers Trust,IN/AIF1/16-17/0270,"Oct 26, 2016 - Perpetual",,,"PLOT NO 54 SAGAR SOCIETY, ROAD NO 2 BANJARA HILLS, HYDERABAD, TELANGANA, 500034",,,,TELANGANA,HYDERABAD
SATURN TRUST,IN/AIF2/19-20/0682,"Apr 22, 2019 - Perpetual",advisorsprithvi@gmail.com,PANKAJ SARAOGI,"A12, Second Floor, Lajpat Nagar II,, NEW DELHI, NATIONAL CAPITAL TERRITORY OF DELHI, 110024","A12, Second Floor, Lajpat Nagar II, NEW DELHI, NATIONAL CAPITAL TERRITORY OF DELHI, 110024",,,NATIONAL CAPITAL TERRITORY OF DELHI,NEW DELHI
SAUCE CAPITAL TRUST,IN/AIF1/19-20/0700,"Jun 04, 2019 - Perpetual",manu@sauce.vc,Manu Chandra,"601, 6th floor, Fortune Heights, Bandra West, MUMBAI, MAHARASHTRA, 400050","601, 6th Floor, Fortune Heights, 29th Road, Bandra West, MUMBAI, MAHARASHTRA, 400050",,,MAHARASHTRA,MUMBAI
SAUCE CAPITAL TRUST II,IN/AIF2/21-22/0907,"Jul 14, 2021 - Perpetual",zoeb@sauce.vc,Zoeb Khan,"601 Fortune Heights, 29th Road, Bandra West, MUMBAI, MAHARASHTRA, 400050","601 Fortune Heights, 29th Road, Bandra West, MUMBAI, MAHARASHTRA, 400050",,,MAHARASHTRA,MUMBAI
SAUCE CAPITAL TRUST III,IN/AIF2/23-24/1460,"Mar 22, 2024 - Perpetual",zoeb@sauce.vc,Zoeb Khan,"M 11, Tara Apartment Kalkaji, , Near New Green Field School, NEW DELHI, NATIONAL CAPITAL TERRITORY OF DELHI, 110019","M 11, Tara Apartment Kalkaji, , Near New Green Field School, NEW DELHI, NATIONAL CAPITAL TERRITORY OF DELHI, 110019",,,NATIONAL CAPITAL TERRITORY OF DELHI,NEW DELHI
SAUCE CONTINUITY TRUST,IN/AIF2/22-23/1107,"Jul 15, 2022 - Perpetual",compliance@sauce.vc,Zoeb Khan,"M 11, Tara Apartment Kalkaji Near New Green Field School, NEW DELHI, NATIONAL CAPITAL TERRITORY OF DELHI, 110019","M 11, Tara Apartment Kalkaji Near New Green Field School, NEW DELHI, NATIONAL CAPITAL TERRITORY OF DELHI, 110019",,,NATIONAL CAPITAL TERRITORY OF DELHI,NEW DELHI
Sauce Continuity Trust II,IN/AIF2/25-26/1891,"Sep 03, 2025 - Perpetual",compliance@sauce.vc,Manu Chandra,"No 13 GF Gate 4 Nizamuddin East Near Railway Station, NEW DELHI, NATIONAL CAPITAL TERRITORY OF DELHI, 110013","Workwell Suites 1004 B Level 10 Max House Tower A Okhla Phase III Okhla Industrial Estate, NEW DELHI, NATIONAL CAPITAL TERRITORY OF DELHI, 110020",,,NATIONAL CAPITAL TERRITORY OF DELHI,NEW DELHI
SAVEDA VENTURE CAPITAL FUND,IN/AIF1/13-14/0067,"Jul 29, 2013 - Perpetual",,,,,,,,
SB Growth Fund,IN/AIF2/23-24/1383,"Nov 16, 2023 - Perpetual",kvsmano@goeltmt.com,SRINIVASAN MANOHARAN,"808A C Wing One BKC Bandra Kurla Complex Bandra East Mumbai 400051, MUMBAI, MAHARASHTRA, 400051","808A C Wing One BKC Bandra Kurla Complex Bandra East Mumbai 400051, MUMBAI, MAHARASHTRA, 400051",,,MAHARASHTRA,MUMBAI
SBI Alternative Debt Fund,IN/AIF2/18-19/0563,"Jul 12, 2018 - Perpetual",Compliance2@sbimf.com,Vinaya Datar,"9th Floor, C-38 & 39, Cresenzo, G Block, Bandra Kurla Complex, Bandra East, MUMBAI, MAHARASHTRA, 400051","9th Floor, C-38 & 39, Cresenzo, G Block, Bandra Kurla Complex, Bandra East, MUMBAI, MAHARASHTRA, 400051",,,MAHARASHTRA,MUMBAI
SBI ALTERNATIVE EQUITY FUND,IN/AIF3/15-16/0177,"Oct 15, 2015 - Perpetual",vinaya.datar@sbimf.co.in,Vinaya Datar,,,,,,
SBI Macquarie Infrastructure Trust,IN/AIF1/25-26/1895,"Sep 04, 2025 - Perpetual",Deepika.periwal@macquarie.com,Deepika Periwal,"92, Level 9, 2 North Avenue, Maxer Maxity, Bandra Kurla Complex, Bandra (East), Mumbai, MUMBAI, MAHARASHTRA, 400051","92, Level 9, 2 North Avenue, Maxer Maxity, Bandra Kurla Complex, Bandra (East), Mumbai, MUMBAI, MAHARASHTRA, 400051",0.0,0.0,MAHARASHTRA,MUMBAI
SC Credit Trust formerly known as Catalyst Fund Trust,IN/AIF2/16-17/0276,"Nov 16, 2016 - Perpetual",,,"532/533 Arun Chambers, 5th Floor, Tardeo , Mumbai, MUMBAI, MAHARASHTRA, 400034",,,,MAHARASHTRA,MUMBAI
SC Founders Trust,IN/AIF2/23-24/1382,"Nov 15, 2023 - Perpetual",anisha@shecapital.vc,Anisha Singh,"25, Palam Marg, Vasant Vihar, DELHI, NATIONAL CAPITAL TERRITORY OF DELHI, 110057","25, Palam Marg, Vasant Vihar, DELHI, NATIONAL CAPITAL TERRITORY OF DELHI, 110057",,,NATIONAL CAPITAL TERRITORY OF DELHI,
Scale Up Trust,IN/AIF1/24-25/1663,"Dec 09, 2024 - Perpetual",investmenteaf23@gmail.com,Koushik Sekhar,"10, Devanathan Colony, West Mambalam, Chennai, Tamil Nadu, CHENNAI, TAMIL NADU, 600033","10, Devanathan Colony, West Mambalam, Chennai, Tamil Nadu, CHENNAI, TAMIL NADU, 600033",,,TAMIL NADU,CHENNAI
Scale Ventures Trust,IN/AIF1/16-17/0274,"Nov 08, 2016 - Perpetual",,,"F no 1 PL no 187 by 1 by 2 S no 851 by 2, Bhandarkar Road, Deccan Gymkhana, PUNE, MAHARASHTRA, 411004",,,,MAHARASHTRA,
Scient Capital Alternative Investment Fund,IN/AIF2/17-18/0355,"Jul 27, 2017 - Perpetual",,,"H-532, Kanakia Zillion Building, BKC Annex, Kurla West, MUMBAI, MAHARASHTRA, 400070",,,,MAHARASHTRA,MUMBAI
SCP India Fund I,IN/AIF1/15-16/0198,"Jan 14, 2016 - Perpetual",,,"41 Ground Floor Plot 571 14, Harbour Crest Building Shivdas Chapsi Marg Mazgaon, MUMBAI, MAHARASHTRA, 400010",,,,MAHARASHTRA,MUMBAI
SEAF INDIA AGRIBUSINESS FUND II,IN/AIF2/15-16/0156,"Jun 18, 2015 - Perpetual",,,"Flat No. 32 402 , B Wing, 4th Floor,Dindoshi Ekta CHS LTD, Film City Road, Malad East, MUMBAI, MAHARASHTRA, 400097",,,,MAHARASHTRA,MUMBAI
SEAFUND VENTURE INDIA TRUST,IN/AIF2/22-23/1122,"Aug 29, 2022 - Perpetual",manoj.agarwal@seafund.in,Manoj Agarwal,"Samprapthi No 548 35 2nd Floor 50 Feet Road Hanumanth Nagar, BSK 1st Stage 1st Block, BANGALORE, KARNATAKA, 560050","Samprapthi No 548 35 2nd Floor 50 Feet Road Hanumanth Nagar, BSK 1st Stage 1st Block, BANGALORE, KARNATAKA, 560050",,,KARNATAKA,BANGALORE
Secura India Realty AIF,IN/AIF2/16-17/0221,"May 05, 2016 - Perpetual",,,"Secura Investment Management India Pvt Ltd., 28 2275D8,Sixth Floor,Empora Gemz NH Thondayad Bypass, KOZHIKODE, KERALA, 673016",,,,KERALA,
Securocrop Investment Trust,IN/AIF3/24-25/1669,"Dec 16, 2024 - Perpetual",im@securocrop.in,Mohit Bothra,"Unit No 203 Plaza P 3 Central Square, Bara Hindu Rao, NEW DELHI, NATIONAL CAPITAL TERRITORY OF DELHI, 110006","Unit No 203 Plaza P 3 Central Square, Bara Hindu Rao, NEW DELHI, NATIONAL CAPITAL TERRITORY OF DELHI, 110006",,,NATIONAL CAPITAL TERRITORY OF DELHI,NEW DELHI
Selco Energy Access Fund,IN/AIF1/16-17/0262,"Sep 26, 2016 - Perpetual",,,"690, 15th CROSS, 100 FEET RING ROAD, II PHASE, J P NAGAR, BANGALORE, KARNATAKA, 560078",,,,KARNATAKA,BANGALORE
Senhri Investment Fund,IN/AIF1/25-26/1999,"Dec 26, 2025 - Perpetual",kima.sailung@redvanda.vc,Malsawmkima,"Mizoram Startup Mission Planning Dept. , Block I 796005 Treasury Square Aizawl, AIZAWL, MIZORAM, 796005","Mizoram Startup Mission Planning Dept. , Block I 796005 Treasury Square Aizawl, AIZAWL, MIZORAM, 796005",,,MIZORAM,AIZAWL
Senora AIF Stag Trust,IN/AIF3/24-25/1492,"Apr 04, 2024 - Perpetual",mridul@senoraassetmanagement.com,Mridul Jalan,"Flat No. 205, B Wing, Sea Flama, Dosti Flamingos, Sewri, MUMBAI, MAHARASHTRA, 400015","Flat No. 205, B Wing, Sea Flama, Dosti Flamingos, Sewri, MUMBAI, MAHARASHTRA, 400015",,,MAHARASHTRA,MUMBAI
SENSEAI VENTURES,IN/AIF1/20-21/0817,"Jul 17, 2020 - Perpetual",vinish@senseai.ai,VINISH KATHURIA,"345 Escape, Nirvana Country, Sector 50, GURGAON, HARYANA, 122018","345 Escape, Nirvana Country, Sector 50, GURGAON, HARYANA, 122018",,,HARYANA,
SERA Capital AIF,IN/AIF3/25-26/1855,"Jul 22, 2025 - Perpetual",compliance@serafinances.com,Sagar Shah,"306, 3rd Floor, Ashirwad Paras 1, Near Kanti Bharwad PMT, Opp. Andaj Party Plot, S.G. Highway, Makarba, AHMEDABAD, GUJARAT, 380051","306, 3rd Floor, Ashirwad Paras 1, Near Kanti Bharwad PMT, Opp. Andaj Party Plot, S.G. Highway, Makarba, AHMEDABAD, GUJARAT, 380051",,,GUJARAT,
Serene Alpha Capital Trust,IN/AIF2/25-26/1823,"Jun 09, 2025 - Perpetual",info@nvest.co.in,Arunkumar Natarajan,"G 574 Basement, Sector 57 Sushant Lok II Extension, GURGAON, HARYANA, 122002","G 574 Basement, Sector 57 Sushant Lok II Extension, GURGAON, HARYANA, 122002",,,HARYANA,
Setu AIF Trust,IN/AIF2/23-24/1336,"Aug 24, 2023 - Perpetual",setuaif.nda@nishithdesai.com,Vikas Gupta,"301 3rd Floor Campus 6A RMZ Ecoworld Sarjapur, Marathahalli Outer Ring Road Bangalore 560103, BANGALORE, KARNATAKA, 560103","301 3rd Floor Campus 6A RMZ Ecoworld Sarjapur, Marathahalli Outer Ring Road Bangalore 560103, BANGALORE, KARNATAKA, 560103",,,KARNATAKA,BANGALORE
SG Real Estate Trust,IN/AIF2/23-24/1466,"Mar 22, 2024 - Perpetual",sanjaysatpal@gmail.com,Sanjay Gupta,"Plot No 5 3rd Floor Ring Road, Lajpat Nagar IV, NEW DELHI, NATIONAL CAPITAL TERRITORY OF DELHI, 110024","Plot No 5 3rd Floor Ring Road, Lajpat Nagar IV, NEW DELHI, NATIONAL CAPITAL TERRITORY OF DELHI, 110024",,,NATIONAL CAPITAL TERRITORY OF DELHI,NEW DELHI
SH India Opportunities Trust,IN/AIF2/25-26/1863,"Jul 29, 2025 - Perpetual",pdeedwania@stratfordhouse.com,Prachi Deedwania,"2nd Floor Wework Plot No 264 265 Vaswani Chambers, Dr Annie Besant Road Worli Mumbai Maharashtra, MUMBAI, MAHARASHTRA, 400030","2nd Floor Wework Plot No 264 265 Vaswani Chambers, Dr Annie Besant Road Worli Mumbai Maharashtra, MUMBAI, MAHARASHTRA, 400030",,,MAHARASHTRA,MUMBAI
Shaan Patel Asset Management Fund,IN/AIF3/25-26/1799,"May 05, 2025 - Perpetual",roopal@singhania.com,Shaan Patel,"3rd Floor C D House Opp. Madhur Hall , Anandnagar Road Satellite, AHMEDABAD, GUJARAT, 380015","3rd Floor C D House Opp. Madhur Hall , Anandnagar Road Satellite, AHMEDABAD, GUJARAT, 380015",,,GUJARAT,
SHAH VENTURES TRUST,IN/AIF3/21-22/0923,"Aug 30, 2021 - Perpetual",rishi@shahbv.com,RISHI SHAH,"SY-252, FP-84 B, Gr 1 flr, Plot-A, TPS-5, B/S Chandra Prabha Digamber Temple, Parle Point,, SURAT, GUJARAT, 395007","SY-252, FP-84 B, Gr 1 flr, Plot-A, TPS-5, B/S Chandra Prabha Digamber Temple, Parle Point, SURAT, GUJARAT, 395007",,,GUJARAT,
SHARES BAZAAR AIF,IN/AIF3/23-24/1263,"Apr 27, 2023 - Perpetual",aif@sharesbazaar.com,BHUPAL NANAVATH,"15 31 S3 MMC, 719 A , 7th Floor, KPHB Colony, 2nd Phase, Kukatpally, HYDERABAD, TELANGANA, 500072","15 31 S3 MMC, 719 A , 7th Floor, KPHB Colony, 2nd Phase, Kukatpally, HYDERABAD, TELANGANA, 500072",,,TELANGANA,HYDERABAD
Shastra Capital Trust,IN/AIF2/24-25/1498,"Apr 18, 2024 - Perpetual",avi@shastra.vc,Avijeet Alagathi,"A 2 Regency Splendour, 25 Halls Road Richards Town Fraser Town, BANGALORE, KARNATAKA, 560005","A 2 Regency Splendour, 25 Halls Road Richards Town Fraser Town, BANGALORE, KARNATAKA, 560005",,,KARNATAKA,BANGALORE
Shastra VC Fund I,IN/AIF1/22-23/1155,"Oct 20, 2022 - Perpetual",AVI@VEDA.VC,AVIJEET ALAGATHI,"A 2, Regency Splendour, 25 Halls Road, Richards Town, Bangalore, Fraser Town, Karnataka, BANGALORE, KARNATAKA, 560005","A 2, Regency Splendour, 25 Halls Road, Richards Town, Bangalore, Fraser Town, Karnataka, BANGALORE, KARNATAKA, 560005",,,KARNATAKA,BANGALORE
Shatrunjaya Investment AIF,IN/AIF3/24-25/1759,"Mar 12, 2025 - Perpetual",sim.llp@outlook.com,Niket Chheda,"A1206, O2 Commercial complex,, K Kamrajar road, opposite Asha Nagar,, MUMBAI, MAHARASHTRA, 400080","A1206, O2 Commercial complex, K Kamrajar road, opposite Asha Nagar, MUMBAI, MAHARASHTRA, 400080",,,MAHARASHTRA,MUMBAI
She Capital Trust,IN/AIF2/17-18/0525,"Mar 09, 2018 - Perpetual",anisha@shecapital.vc,Anisha Singh,"25 Palam Marg, Vasant Vihar, New Delhi, NEW DELHI, NATIONAL CAPITAL TERRITORY OF DELHI, 110057","25 Palam Marg, Vasant Vihar, New Delhi, NEW DELHI, NATIONAL CAPITAL TERRITORY OF DELHI, 110057",,,NATIONAL CAPITAL TERRITORY OF DELHI,NEW DELHI
Shepherd's Hill Private Investment Trust,IN/AIF3/18-19/0626,"Dec 12, 2018 - Perpetual",,,"B5 STC Society NS Phadke Marg, Andheri East, MUMBAI, MAHARASHTRA, 400069","B5 STC Society NS Phadke Marg, Andheri East, MUMBAI, MAHARASHTRA, 400069",,,MAHARASHTRA,MUMBAI
Shepherds Hill Private Equity Trust,IN/AIF2/25-26/1827,"Jun 11, 2025 - Perpetual",rgupta@shepherdshill.in,RISHI GUPTA,"1302 Silver Spring Apts Shirley Rajan Road Rizvi Complex Bandra West, MUMBAI, MAHARASHTRA, 400050","B5 STC Society NS Phadke Marg Andheri E, MUMBAI, MAHARASHTRA, 400069",,,MAHARASHTRA,MUMBAI
SHIVA SHAKTI,IN/AIF3/25-26/2045,"Feb 13, 2026 - Perpetual",caankit.apar@gmail.com,Ankit Agrawal,"S.No. 18111 and 18114, Spot 18, Shop S202, Sai Chwok, PUNE, MAHARASHTRA, 411017","S.No. 18111 and 18114, Spot 18, Shop S202, Sai Chwok, PUNE, MAHARASHTRA, 411017",,,MAHARASHTRA,
Shivalik Investment Fund,IN/AIF2/23-24/1441,"Jan 30, 2024 - Perpetual",pravin@shivalikgroup.com,PRAVIN NAKRANI,"Shivalik House, Nr. Aarjav Society,, Nr. Satelite Police Station, Opp. Satyagruh, Chhavani,, AHMEDABAD, GUJARAT, 380015","Shivalik House, Nr. Aarjav Society, Nr. Satelite Police Station, Opp. Satyagruh, Chhavani, AHMEDABAD, GUJARAT, 380015",,,GUJARAT,
SHORELINE VENTURES FUND,IN/AIF1/24-25/1541,"Jun 18, 2024 - Perpetual",rohit@willowtree.vc,ROHIT BODAS,"Parvati Chambers, S. No. 16 1, Karve Road , Opp. Karishma Building, Kothrud, Pune, PUNE, MAHARASHTRA, 411029","Parvati Chambers, S. No. 16 1, Karve Road , Opp. Karishma Building, Kothrud, Pune, PUNE, MAHARASHTRA, 411029",,,MAHARASHTRA,
Shravas Capital Trust,IN/AIF3/25-26/1992,"Dec 17, 2025 - Perpetual",compliance@shravascapital.in,Madhav P V R,"3rd Floor West Wing, Economist House, S15, First Cross Road, Guindy Industrial Estate, CHENNAI, TAMIL NADU, 600032","3rd Floor West Wing, Economist House, S15, First Cross Road, Guindy Industrial Estate, CHENNAI, TAMIL NADU, 600032",,,TAMIL NADU,CHENNAI
SIDBI SME VENTURE FUND,IN/AIF1/25-26/1866,"Jul 29, 2025 - Perpetual",rvdilip@sidbiventure.co.in,RV DILIP Kumar,"SIDBI, Swavalamban Bhavan C 11, G Block, 2nd Floor, Bandra Kurla Complex, Bandra East, MUMBAI, MAHARASHTRA, 400051","SIDBI, Swavalamban Bhavan C 11, G Block, 2nd Floor, Bandra Kurla Complex, Bandra East, MUMBAI, MAHARASHTRA, 400051",,,MAHARASHTRA,MUMBAI
Sidvandan Venture Fund,IN/AIF2/24-25/1593,"Sep 11, 2024 - Perpetual",sidvandanfundaif@gmail.com,Praveen Kaushik,"Unit no 9 Third floor Pearls Omaxe Tower, Netaji Subhash Place Pitampura New Delhi, DELHI, NATIONAL CAPITAL TERRITORY OF DELHI, 110034","Unit no 9 Third floor Pearls Omaxe Tower, Netaji Subhash Place Pitampura New Delhi, DELHI, NATIONAL CAPITAL TERRITORY OF DELHI, 110034",,,NATIONAL CAPITAL TERRITORY OF DELHI,NEW DELHI
Sigma Finstock Trust,IN/AIF2/25-26/1805,"May 07, 2025 - Perpetual",kunal@sigmafinstock.com,Kunal Shah,"1002, 10th Floor, P V Enclave, Sindhu Bhavan Marg, Opp Astral House, Nr Shilp Circle, Bodakdev, AHMEDABAD, GUJARAT, 380054","1002, 10th Floor, P V Enclave, Sindhu Bhavan Marg, Opp Astral House, Nr Shilp Circle, Bodakdev, AHMEDABAD, GUJARAT, 380054",,,GUJARAT,
SIGMA VENTURES,IN/AIF2/18-19/0602,"Oct 08, 2018 - Perpetual",ojasvi.b@foxmandal.in,Ojasvi B,"No 1405-1406, 14th Floor. Prestige Meridian Tower 2, 30 MG Road., BANGALORE, KARNATAKA, 560001","No 1405-1406, 14th Floor. Prestige Meridian Tower 2, 30 MG Road., BANGALORE, KARNATAKA, 560001",,,KARNATAKA,BANGALORE
SIHL AIF Investment Trust,IN/AIF3/25-26/2036,"Feb 09, 2026 - Perpetual",shalvi.shah@sihl.in,Tanmay Shah,"SIHL House, Opp Ambawadi Jain Temple,, Nehrunagar Cross Roads, AHMEDABAD, GUJARAT, 380015","SIHL House, Opp Ambawadi Jain Temple, Nehrunagar Cross Roads, AHMEDABAD, GUJARAT, 380015",,,GUJARAT,
Silicon Road India Venture Fund,IN/AIF2/25-26/1929,"Oct 17, 2025 - Perpetual",casuryam@gmail.com,Siddhartha Mookerji,"406 Contour Road, 3rd Stage, Gokulam, V.V. Mohalla, Mysuru 570 002, Karnataka, India, MYSORE, KARNATAKA, 570002","406 Contour Road, 3rd Stage, Gokulam, V.V. Mohalla, Mysuru 570 002, Karnataka, India, MYSORE, KARNATAKA, 570002",,,KARNATAKA,
SILVER NEEDLE VENTURES FUND,IN/AIF1/22-23/1106,"Jul 14, 2022 - Perpetual",deepesh@silverneedle.vc,Deepesh Agarwal,"A705 Brigade Metropolis, 73 Garudacharpalya, ITPL Main Road, BANGALORE, KARNATAKA, 560048","A705 Brigade Metropolis, 73 Garudacharpalya, ITPL Main Road, BANGALORE, KARNATAKA, 560048",,,KARNATAKA,BANGALORE
SilverX Fund,IN/AIF2/25-26/2027,"Jan 29, 2026 - Perpetual",dhiraj@silverx.vc,Dhiraj Sinha,"8th Floor Sanali Spazio Plot No19 , TSIIC Software Units Layout Hitech City, HYDERABAD, TELANGANA, 500081","8th Floor Sanali Spazio Plot No19 , TSIIC Software Units Layout Hitech City, HYDERABAD, TELANGANA, 500081",,,TELANGANA,HYDERABAD
SINGULAR INDIA OPPORTUNITIES TRUST,IN/AIF3/14-15/0121,"Oct 28, 2014 - Perpetual",,,"Office No. 01, 5th Floor,, 1 Sobha, 50, St. Marks Road, BANGALORE, KARNATAKA, 560001",,,,KARNATAKA,BANGALORE
Singularity Equity Fund,IN/AIF3/22-23/1105,"Jul 14, 2022 - Perpetual",yash.kela@singularityholdings.vc,Yash Kela,"A 1404 14th Floor Naman Midtown , Near India Bulls Senapati Bapat Marg Dadar W, MUMBAI, MAHARASHTRA, 400013","A 1404 14th Floor Naman Midtown , Near India Bulls Senapati Bapat Marg Dadar W, MUMBAI, MAHARASHTRA, 400013",,,MAHARASHTRA,MUMBAI
Singularity Green Fund,IN/AIF2/24-25/1744,"Mar 04, 2025 - Perpetual",shailesh@singularityamc.in,Shailesh Kokate,"A 1403, 14th Floor, Naman Midtown, Near Indiabulls , Senapati Bapat Marg, Prabhadevi West Mumbai 40001, MUMBAI, MAHARASHTRA, 400013","A 1403, 14th Floor, Naman Midtown, Near Indiabulls , Senapati Bapat Marg, Prabhadevi West Mumbai 40001, MUMBAI, MAHARASHTRA, 400013",,,MAHARASHTRA,MUMBAI
Singularity Growth Opportunities Fund,IN/AIF2/21-22/0913,"Jul 24, 2021 - Perpetual",santosh@skothari.com,YASH KELA,"A 1404, 14th Floor, Naman Midtown, Near India Bulls, Senapati Bapat Marg, Dadar West, MUMBAI, MAHARASHTRA, 400013","A 1404, 14th Floor, Naman Midtown, Near India Bulls, Senapati Bapat Marg, Dadar West, MUMBAI, MAHARASHTRA, 400013",,,MAHARASHTRA,MUMBAI
Siri Investment Trust,IN/AIF3/18-19/0546,"May 21, 2018 - Perpetual",pv.krishna@itradeanalytics.com,PV KRISHNA,"A307 308 GOLF SCAPPE, VN PURAV MARG, CHEMBUR, MUMBAI, MUMBAI, MAHARASHTRA, 400071","810, PINNACLE CORPORATE PARK, BANDRA , KURLA COMPLEX, MUMBAI, MUMBAI, MAHARASHTRA, 400051",,,MAHARASHTRA,MUMBAI
SIRIUSONE CAPITAL FUND,IN/AIF1/19-20/0716,"Jul 09, 2019 - Perpetual",siriusone.nda@nishithdesai.com,GURUSWAMY RAMASUBRAMANIAN,"Flat No. 15, II Floor, Saena Circle, , 30-32, Duraisamy Road, T Nagar,, CHENNAI, TAMIL NADU, 600017","Flat No. 15, II Floor, Saena Circle, , 30-32, Duraisamy Road, T Nagar, CHENNAI, TAMIL NADU, 600017",,,TAMIL NADU,CHENNAI
Sistema Asia Fund India Ventures,IN/AIF2/18-19/0616,"Nov 14, 2018 - Perpetual",vsehgal@sistemaasiafund.com,VIVAN SEHGAL,"36 2nd floor Gola Market Near Golcha Cinema, Darya Ganj New delhi, NEW DELHI, NATIONAL CAPITAL TERRITORY OF DELHI, 110002","36 2nd floor Gola Market Near Golcha Cinema, Darya Ganj New delhi, NEW DELHI, NATIONAL CAPITAL TERRITORY OF DELHI, 110002",,,NATIONAL CAPITAL TERRITORY OF DELHI,NEW DELHI
SIXTH SENSE,IN/AIF2/13-14/0095,"Feb 17, 2014 - Perpetual",,,"INS Towers, A 1102 1103, Opposite Trident, Bandra Kurla Complex, Bandra East, Mumbai, MUMBAI, MAHARASHTRA, 400051",,,,MAHARASHTRA,MUMBAI
SIXTH SENSE IV,IN/AIF2/24-25/1563,"Jul 19, 2024 - Perpetual",operations@sixth-sense.in,Nimisha Nagarsekar,"INS Towers, A 1102 1103, Opposite Trident, Bandra Kurla Complex, Bandra East, Mumbai, MUMBAI, MAHARASHTRA, 400051","INS Towers, A 1102 1103, Opposite Trident, Bandra Kurla Complex, Bandra East, Mumbai, MUMBAI, MAHARASHTRA, 400051",,,MAHARASHTRA,MUMBAI
Sixth Sense Ventures,IN/AIF2/20-21/0794,"May 08, 2020 - Perpetual",operations@sixth-sense.in,Mansi Ganatra,"INS Towers, A 1102 1103, Opposite Trident, Bandra Kurla Complex, Bandra East, Mumbai, MUMBAI, MAHARASHTRA, 400051","INS Towers, A 1102 1103, Opposite Trident, Bandra Kurla Complex, Bandra East, Mumbai, MUMBAI, MAHARASHTRA, 400051",,,MAHARASHTRA,MUMBAI
SKG Investment Trust,IN/AIF3/25-26/1812,"May 27, 2025 - Perpetual",kush3007@gmail.com,Kush Gupta,"E 20, South Extension,, Part 1, Defence Colony,, DELHI, NATIONAL CAPITAL TERRITORY OF DELHI, 110049","E 20, South Extension, Part 1, Defence Colony, DELHI, NATIONAL CAPITAL TERRITORY OF DELHI, 110049",,,NATIONAL CAPITAL TERRITORY OF DELHI,
Sky Capital Rising Titans Fund I,IN/AIF1/24-25/1747,"Mar 04, 2025 - Perpetual",m.devadiga@skyimpact.com,Mahesh Devadiga,"1102, Lodha Supremus Worli, Dr. E Moses Road, Worli, MUMBAI, MAHARASHTRA, 400018","1102, Lodha Supremus Worli, Dr. E Moses Road, Worli, MUMBAI, MAHARASHTRA, 400018",,,MAHARASHTRA,MUMBAI
SKYRIDGE INVESTMENT TRUST,IN/AIF3/24-25/1723,"Feb 12, 2025 - Perpetual",skyridgefund@gmail.com,ABHISHEK MAHESHWARI,"805 B Wing Jeevan Vihar Building, Manav Mandir Road Malabar Hill, MUMBAI, MAHARASHTRA, 400006","805 B Wing Jeevan Vihar Building, Manav Mandir Road Malabar Hill, MUMBAI, MAHARASHTRA, 400006",,,MAHARASHTRA,MUMBAI
SMALL AND MEDIUM ENTERPRISES ADVANTAGE FUND,IN/AIF2/15-16/0186,"Nov 18, 2015 - Perpetual",,,,,,,,
Small Ticket Funding Ventures Trust,IN/AIF2/24-25/1690,"Jan 07, 2025 - Perpetual",stanley@smallticketfunding.vc,Stanley Stephen,"Innov8 Lower Ground Floor, Salcon Rasvilas, D 1, Saket District Center, Saket, South Delhi, New Delh, DELHI, NATIONAL CAPITAL TERRITORY OF DELHI, 110017","Innov8 Lower Ground Floor, Salcon Rasvilas, D 1, Saket District Center, Saket, South Delhi, New Delh, DELHI, NATIONAL CAPITAL TERRITORY OF DELHI, 110017",,,NATIONAL CAPITAL TERRITORY OF DELHI,
SMART HORIZON ALTERNATIVE INVESTMENT TRUST,IN/AIF3/24-25/1539,"Jun 18, 2024 - Perpetual",hnnadvisory123@gmail.com,Heena Shah,"B 908, Western Edge II, Kanakia Space, Behind Metro Mall, off Western Express Highway, Magathane Borivali East, MUMBAI, MAHARASHTRA, 400066",,,,MAHARASHTRA,MUMBAI
SmartOwner Capital Growth Trust,IN/AIF2/18-19/0610,"Oct 22, 2018 - Perpetual",meenu.agarwal@smartowner.com,Meenu Agarwal,"8th Floor Delta Block Sigma Tech Park , Whitefield, BANGALORE, KARNATAKA, 560066","8th Floor Delta Block Sigma Tech Park , Whitefield, BANGALORE, KARNATAKA, 560066",9110000000000.0,9110000000000.0,KARNATAKA,BANGALORE
SMC Alternate Investment Trust,IN/AIF3/23-24/1455,"Feb 28, 2024 - Perpetual",vinodjamar@smcindiaonline.com,Vinod Kumar Jamar,"11/6B, Shanti Chambers, Pusa Road, NEW DELHI, NATIONAL CAPITAL TERRITORY OF DELHI, 110005","11/6B, Shanti Chambers, Pusa Road, NEW DELHI, NATIONAL CAPITAL TERRITORY OF DELHI, 110005",,,NATIONAL CAPITAL TERRITORY OF DELHI,NEW DELHI
SMS Alternative Investment Trust,IN/AIF2/25-26/2081,"Mar 09, 2026 - Perpetual",vervecapital@gmail.com,Atul Rajwadkar,"IT Park, 20 S.T.P.I. Gayatri Nagar,, Parsodi, Nagpur, NAGPUR, MAHARASHTRA, 440022",,,,MAHARASHTRA,
SOCHARIS INVESTMENTS TRUST,IN/AIF3/24-25/1693,"Jan 07, 2025 - Perpetual",info@mkcoffice.com,SUDHANSHU MAHESHWARI,"1101, Simba Towers, 12, Aradhana Industrial Estate, Near Virwani Industrial Estate, Goregaon East, Mumbai, MUMBAI, MAHARASHTRA, 400063","1101, Simba Towers, 12, Aradhana Industrial Estate, Near Virwani Industrial Estate, Goregaon East, Mumbai, MUMBAI, MAHARASHTRA, 400063",,,MAHARASHTRA,MUMBAI
Sohum Trust,IN/AIF3/21-22/1009,"Mar 10, 2022 - Perpetual",pankaj@sohumamc.com,Pankaj Andani,"Shop No.7,Mayur Pankh,Netaji Subhash Road, , Near Ramayan Mandir,Mulund, MUMBAI, MAHARASHTRA, 400080","611,INS Tower,A wing,G Block,Bandra Kurla Complex,Bandra, MUMBAI, MAHARASHTRA, 400051",,,MAHARASHTRA,MUMBAI
SOLIDARITY ALTERNATIVE INVESTMENT TRUST,IN/AIF3/25-26/1894,"Sep 04, 2025 - Perpetual",mg@solidarity.in,Manish Gupta,"7th Floor, 704 705 Balarama Building, Bandra Kurla Complex Bandra East, MUMBAI, MAHARASHTRA, 400051","7th Floor, 704 705 Balarama Building, Bandra Kurla Complex Bandra East, MUMBAI, MAHARASHTRA, 400051",,,MAHARASHTRA,MUMBAI
SOLVENTIS GROWTH TRUST,IN/AIF3/25-26/2097,"Mar 16, 2026 - Perpetual",SMITTHUMMAR99@GMAIL.COM,SMIT THUMMAR,"Office no. 1005, the Millennium, Near Nanamava Circle, 150 Ring Road, RAJKOT, GUJARAT, 360005",,,,GUJARAT,
Somerset Indus Healthcare India Fund,IN/AIF2/17-18/0313,"Apr 05, 2017 - Perpetual",,,,,,,,
Somerset Indus Healthcare India Fund III,IN/AIF2/23-24/1333,"Aug 17, 2023 - Perpetual",msirdesai@somersetinduscap.com,Mayur Sirdesai,"Unit No. 401, Plot 72 93, Pharma Search House, Hill Road, B G Kher Marg, Worli, Mumbai City, Maharashtra 400018, MUMBAI, MAHARASHTRA, 400018","Unit No. 401, Plot 72 93, Pharma Search House, Hill Road, B G Kher Marg, Worli, Mumbai City, Maharashtra 400018, MUMBAI, MAHARASHTRA, 400018",,,MAHARASHTRA,MUMBAI
Soonicorn Angel Trust - I,IN/AIF1/23-24/1338,"Aug 28, 2023 - Perpetual",pkg@soonicornventures.com,Pravesh Goel,"D1201, Winterhill Apartments, Dwarka Morh, DELHI, NATIONAL CAPITAL TERRITORY OF DELHI, 110059","74, Floor II Sector 28, GURGAON, HARYANA, 120002",,,NATIONAL CAPITAL TERRITORY OF DELHI,
Sorigin Green Solutions Fund,IN/AIF2/24-25/1756,"Mar 10, 2025 - Perpetual",contact.sims@sorigin.co,Nandini Jain,"5W, 5th Floor, The Metropolitan, , Bandra Kurla Complex, Bandra East, MUMBAI, MAHARASHTRA, 400051","5th Floor, Godrej Millenium, 9, Koregaon Park Road, PUNE, MAHARASHTRA, 411001",,,MAHARASHTRA,MUMBAI
Sorin Trust,IN/AIF2/21-22/1015,"Mar 15, 2022 - Perpetual",jcdargar@nykaa.com,Jagdish Dargar,"104, Vasan Udyog Bhavan, Sun Mill Compound, Lower Parel West, MUMBAI, MAHARASHTRA, 400013","104, Vasan Udyog Bhavan, Sun Mill Compound, Lower Parel West, MUMBAI, MAHARASHTRA, 400013",,,MAHARASHTRA,MUMBAI
Spark Alternative Investment Trust,IN/AIF2/18-19/0639,"Feb 22, 2019 - Perpetual",,,"No2 Reflections Leith Castle Center Street Santhome High Road , Santhome Chennai, CHENNAI, TAMIL NADU, 600004","No2 Reflections Leith Castle Center Street Santhome High Road , Santhome Chennai, CHENNAI, TAMIL NADU, 600004",,,TAMIL NADU,CHENNAI
Spark Investment Trust,IN/AIF3/17-18/0331,"May 19, 2017 - Perpetual",,,"No. 1 3rd Floor First Crescent Park Road, Gandhi Nagar Adyar, CHENNAI, TAMIL NADU, 600020",,,,TAMIL NADU,CHENNAI
Spark Midas Investment Trust,IN/AIF2/23-24/1470,"Mar 22, 2024 - Perpetual",vidhya.b@sparkcapital.in,Vidhya Bharathi Balasubramaniam,"No. 1, 3rd Floor, First Crescent Park Road, Gandhi Nagar, Adyar, Chennai, CHENNAI, TAMIL NADU, 600020","No. 1, 3rd Floor, First Crescent Park Road, Gandhi Nagar, Adyar, Chennai, CHENNAI, TAMIL NADU, 600020",,,TAMIL NADU,CHENNAI
Spark Venture Trust,IN/AIF1/22-23/1212,"Feb 17, 2023 - Perpetual",parikh@sparkcapital.in,Rajesh Parikh,"No. 1, 3rd Floor, First Crescent Park Road, Gandhi Nagar, Adyar, CHENNAI, TAMIL NADU, 600020","Unit No. 1252, 5th floor, Solitaire 12 , Solitaire Corporate Park, Guru Hargovindji Marg, MUMBAI, MAHARASHTRA, 400093",,,TAMIL NADU,CHENNAI
SPARROW CAPITAL II,IN/AIF1/21-22/0946,"Nov 02, 2021 - Perpetual",aakash@sparrowvc.com,Aakash Goyal,"4A Ocus Technopolis, Sector 54 Golf Club Road, GURGAON, HARYANA, 122002","4A Ocus Technopolis, Sector 54 Golf Club Road, GURGAON, HARYANA, 122002",,,HARYANA,
Sparrow Capital III Trust,IN/AIF2/24-25/1685,"Jan 07, 2025 - Perpetual",Saurabhsharma@legacygrowth.com,Yash Jain,"2nd Floor Unitus building, 2150 17th Main Rd HAL 2nd Stage Indiranagar, BANGALORE, KARNATAKA, 560008","2nd Floor Unitus building, 2150 17th Main Rd HAL 2nd Stage Indiranagar, BANGALORE, KARNATAKA, 560008",,,KARNATAKA,BANGALORE
SPECIAL OPPORTUNITIES TRUST,IN/AIF2/24-25/1745,"Mar 04, 2025 - Perpetual",alternativescompliance@eaaa.in,Deepak Mukhija,"Edelweiss House Off CST Road , Kalina Mumbai, MUMBAI, MAHARASHTRA, 400098","Edelweiss House Off CST Road , Kalina Mumbai, MUMBAI, MAHARASHTRA, 400098",,,MAHARASHTRA,MUMBAI
SPECIAL SITUATION INDIA TRUST,IN/AIF2/24-25/1746,"Mar 04, 2025 - Perpetual",alternativescompliance@eaaa.in,Deepak Mukhija,"Edelweiss House, Off C.S.T Road,, Kalina,, MUMBAI, MAHARASHTRA, 400098","Edelweiss House, Off C.S.T Road, Kalina, MUMBAI, MAHARASHTRA, 400098",,,MAHARASHTRA,MUMBAI
Speciale Invest Fund I,IN/AIF2/17-18/0342,"Jun 20, 2017 - Perpetual",,,"Springs, D2, Block 3, 1st Main Road, Rajaji Nagar, Thiruvanmyiur, Chennai- 600 041, CHENNAI, TAMIL NADU, 600041",,,,TAMIL NADU,CHENNAI
Speciale Invest Trust,IN/AIF2/20-21/0833,"Oct 19, 2020 - Perpetual",vishesh.rajaram@specialeinvest.com,Vishesh Rajaram,"Springs D2 Block 3 1st Main Road, Rajaji Nagar Thiruvanmyiur, CHENNAI, TAMIL NADU, 600041","Springs D2 Block 3 1st Main Road, Rajaji Nagar Thiruvanmyiur, CHENNAI, TAMIL NADU, 600041",,,TAMIL NADU,CHENNAI
Speciale Investment Trust II,IN/AIF2/25-26/2086,"Mar 10, 2026 - Perpetual",vishesh.rajaram@specialeinvest.com,Vishesh Rajaram,"Springs, D2, Block 3, 1st Main Road, Rajaji Nagar Thiruvanmiyur, CHENNAI, TAMIL NADU, 600041",,,,TAMIL NADU,CHENNAI
Spectra Capital Trust,IN/AIF2/24-25/1642,"Nov 27, 2024 - Perpetual",shaurya@foresightfutures.in,Shaurya Garg,"Unit no109 to 111 Tower B Pioneer Urban Sector 62 Ghata Badshahpur, GURGAON, HARYANA, 122101","Unit no109 to 111 Tower B Pioneer Urban Sector 62 Ghata Badshahpur, GURGAON, HARYANA, 122101",,,HARYANA,
Sporos Capital,IN/AIF2/24-25/1696,"Jan 09, 2025 - Perpetual",kshitij@sporoscapital.in,Kshitij Kuthiala,"5th Floor DLF 2 Horizon Center, Phase 5 Sector 43 DLF QE DLF 1 Police Station DLF QE, GURGAON, HARYANA, 122002","5th Floor DLF 2 Horizon Center, Phase 5 Sector 43 DLF QE DLF 1 Police Station DLF QE, GURGAON, HARYANA, 122002",,,HARYANA,
Spotlight Strategic Partners Fund,IN/AIF2/25-26/1878,"Aug 13, 2025 - Perpetual",ankit@spotlightsp.com,Ankit Jain,"Innov8 Times Square 4th Floor A wing, Andheri Kurla Road Gamdevi Marol Andheri East, MUMBAI, MAHARASHTRA, 400059","Innov8 Times Square 4th Floor A wing, Andheri Kurla Road Gamdevi Marol Andheri East, MUMBAI, MAHARASHTRA, 400059",,,MAHARASHTRA,MUMBAI
Sprig Growth Fund,IN/AIF1/25-26/2038,"Feb 10, 2026 - Perpetual",vikas@ghfin.co.in,Vikas Agarwal,"Flat No 37 Parivar CGHS Apartments, Plot No 30 LP Extn, DELHI, NATIONAL CAPITAL TERRITORY OF DELHI, 110092","15 Parivar Apartment, 30 IP Extension Patparganj East Delhi, DELHI, NATIONAL CAPITAL TERRITORY OF DELHI, 110092",,,NATIONAL CAPITAL TERRITORY OF DELHI,
Spring Marketing Capital Fund,IN/AIF2/19-20/0759,"Dec 13, 2019 - Perpetual",nari@vishwaksena.co.in,R Narayanan,"Cowrks, 3rd Floor, Birla Centurion, Pandurang Budhkar Marg, Century Mills, Worli, MUMBAI, MAHARASHTRA, 400008","Cowrks, 3rd Floor, Birla Centurion, Pandurang Budhkar Marg, Century Mills, Worli, MUMBAI, MAHARASHTRA, 400008",,,MAHARASHTRA,MUMBAI
Spring Marketing Capital Fund II,IN/AIF2/25-26/1849,"Jul 17, 2025 - Perpetual",natasha@springmarketingcapital.com,Natasha Dhinda,"5W, 5th Floor, The Metropolitan, , Bandra Kurla Complex, Bandra East, MUMBAI, MAHARASHTRA, 400051","No 46, Unit No 301, and 302, 3rd Floor, Renaissance DC Chambers, Subbarama, Chetty Road, Basavanagudi, BANGALORE, KARNATAKA, 560004",,,MAHARASHTRA,MUMBAI
Sprout Venture Partners Fund,IN/AIF1/16-17/0280,"Nov 29, 2016 - Perpetual",,,"73, 2nd Main Road, Palace Guttahalli, BANGALORE, KARNATAKA, 560003",,,,KARNATAKA,BANGALORE
Sprout Venture Partners Trust,IN/AIF2/22-23/1032,"Apr 01, 2022 - Perpetual",sahil@sproutvp.com,Sahil Gupta,"No. 73, 2nd Main Road, Palace Guttahalli, BANGALORE, KARNATAKA, 560003","No. 409, Prestige Center Point, Cunningham Road, BANGALORE, KARNATAKA, 560052",,,KARNATAKA,BANGALORE
Spurgrowth Alternative Investment Trust,IN/AIF2/22-23/1099,"Jul 05, 2022 - Perpetual",m.nair@spurgrowth.in,Muraleedharan Nair,"25 2 8th Floor SN Towers MG Road, BANGALORE, KARNATAKA, 560001","25 2 8th Floor SN Towers MG Road, BANGALORE, KARNATAKA, 560001",,,KARNATAKA,BANGALORE
SPVH AIF TRUST I,IN/AIF2/22-23/1248,"Mar 23, 2023 - Perpetual",sujay.prakash@spvhgroup.com,Sujay Prakash,"Unit 315, Hubtown Viva, off western express highway, near shankarwadi,, Jogeshwari East,, MUMBAI, MAHARASHTRA, 400060","Unit 315, Hubtown Viva, off western express highway, near shankarwadi, Jogeshwari East, MUMBAI, MAHARASHTRA, 400060",,,MAHARASHTRA,MUMBAI
Spyre Proptech Venture Fund,IN/AIF2/23-24/1277,"May 18, 2023 - Perpetual",mohit.rakhecha@venturecatalysts.in,Mohit Rakhecha,"B Wing, 9th Floor, Unit 1, Times Square, Marol Metro Station,, Andheri East, Mumbai 400059, Maharashtra, India, MUMBAI, MAHARASHTRA, 400059","B Wing, 9th Floor, Unit 1, Times Square, Marol Metro Station, Andheri East, Mumbai 400059, Maharashtra, India, MUMBAI, MAHARASHTRA, 400059",,,MAHARASHTRA,MUMBAI
SREI ALTERNATIVE INVESTMENT TRUST,IN/AIF1/12-13/0041,"Mar 15, 2013 - Perpetual",,,"Vishwakarma, 86C Topsia Road, KOLKATA, WEST BENGAL, 700046",,,,WEST BENGAL,KOLKATA
SREI MULTIPLE ASSET INVESTMENT TRUST,IN/AIF2/13-14/0077,"Oct 08, 2013 - Perpetual",,,"Vishwakarma , 86C Topsia Road, KOLKATA, WEST BENGAL, 700046",,,,WEST BENGAL,KOLKATA
SREI VENTURE CAPITAL TRUST,IN/AIF1/25-26/2007,"Jan 02, 2026 - Perpetual",kumar.gaurav@taiml.co.in,Gaurav Kumar,"Vishwakarma, 86 C,, Topsia South, KOLKATA, WEST BENGAL, 700046","Vishwakarma, 86 C, Topsia South, KOLKATA, WEST BENGAL, 700046",,,WEST BENGAL,KOLKATA
SRINIDHI CATEGORY II ALTERNATIVE INVESTMENT FUND,IN/AIF2/13-14/0078,"Oct 15, 2013 - Perpetual",,,"New No-17, Old No-4,, Krishnaswamy Avenue, Mylapore, CHENNAI, TAMIL NADU, 600004",,,,TAMIL NADU,CHENNAI
SRS ALTERNATIVE INVESTMENT FUND,IN/AIF2/15-16/0145,"Apr 24, 2015 - Perpetual",,,,,,,,
Stakeboat Capital Fund,IN/AIF2/16-17/0273,"Nov 08, 2016 - Perpetual",,,"Flat No. 3, 2nd Floor, Gokul Tower, 9 AND 10, C.P. Ramasamy Road, Alwarpet, Chennai, CHENNAI, TAMIL NADU, 600018",,,,TAMIL NADU,CHENNAI
STAKEBOAT CAPITAL TRUST II,IN/AIF2/20-21/0837,"Oct 29, 2020 - Perpetual",chandra@stakeboat.com,CHANDRASEKAR KANDASAMY,"I Floor A Block Miraya Rose , 66/1 Siddhapura HAL Airport Whitefield Road, BANGALORE, KARNATAKA, 560066","I Floor A Block Miraya Rose , 66/1 Siddhapura HAL Airport Whitefield Road, BANGALORE, KARNATAKA, 560066",,,KARNATAKA,BANGALORE
Startfresh Ventures Angel Fund,IN/AIF1/24-25/1572,"Aug 07, 2024 - Perpetual",mansu2008@gmail.com,B M Manjunath,"F 836, Sri Nimishambha Nilaya, 15th Cross, 2nd A Main, BEL Layout, Bharathnagar, 1st Stage, Magadi Main Road, BANGALORE, KARNATAKA, 560091","F 836, Sri Nimishambha Nilaya, 15th Cross, 2nd A Main, BEL Layout, Bharathnagar, 1st Stage, Magadi Main Road, BANGALORE, KARNATAKA, 560091",,,KARNATAKA,BANGALORE
Startup-O Ventures SRI Fund,IN/AIF2/22-23/1063,"May 11, 2022 - Perpetual",gurbir@startup-o.com,Gurbir Singh,"CoWrks 2nd and 3rd Floor Birla Centurion , Pandurang Budhkar Marg Worli Mumbai 400030, MUMBAI, MAHARASHTRA, 400030","CoWrks 2nd and 3rd Floor Birla Centurion , Pandurang Budhkar Marg Worli Mumbai 400030, MUMBAI, MAHARASHTRA, 400030",,,MAHARASHTRA,MUMBAI
State of Agriculture AIF Trust,IN/AIF2/25-26/1908,"Sep 24, 2025 - Perpetual",csdeepalighanekar@gmail.com,Deepali Ghanekar,"C.o. SCM Commercial Private Limited, 10B, Bakhtawar, Nariman Point, MUMBAI, MAHARASHTRA, 400021","C.o. SCM Commercial Private Limited, Sai Hira S No 93, CS No 1130, Mundhwa, PUNE, MAHARASHTRA, 411036",,,MAHARASHTRA,MUMBAI
SteerX Angel Fund I,IN/AIF1/24-25/1722,"Feb 11, 2025 - Perpetual",roopal@singhania.com,Lalit Singla,"505 Tower 1 DLF Corporate Greens, Sector 74A, GURGAON, HARYANA, 122004","505 Tower 1 DLF Corporate Greens, Sector 74A, GURGAON, HARYANA, 122004",,,HARYANA,
STELIOS INDIA OPPORTUNITIES FUND,IN/AIF3/20-21/0806,"May 29, 2020 - Perpetual",harjeet@steliosglobal.com,Harjeet Singh,"105 B Wing The Capital opposite ICICI Bank , Bandra Kurla Complex BKC Bandra East, MUMBAI, MAHARASHTRA, 400051","105 B Wing The Capital opposite ICICI Bank , Bandra Kurla Complex BKC Bandra East, MUMBAI, MAHARASHTRA, 400051",,,MAHARASHTRA,MUMBAI
Stellar Asset Management Fund,IN/AIF3/23-24/1435,"Jan 24, 2024 - Perpetual",gaurang@stellaramc.com,Gaurang Vasani,"A 405, Kanakia Wall Street, Andheri Kurla Road, Chakala, Andheri East, MUMBAI, MAHARASHTRA, 400093","A 405, Kanakia Wall Street, Andheri Kurla Road, Chakala, Andheri East, MUMBAI, MAHARASHTRA, 400093",,,MAHARASHTRA,MUMBAI
STELLAREDGE INVESTMENT TRUST,IN/AIF3/24-25/1616,"Oct 21, 2024 - Perpetual",stellaredgeinvestmenttrust@gmail.com,DEEP PATEL,"Shop 425 Shivalik Satyamev Near Vakilsaheb Bridge Bopal Daskroi Ahmedabad Gujarat India, AHMEDABAD, GUJARAT, 380058","Shop 425 Shivalik Satyamev Near Vakilsaheb Bridge Bopal Daskroi Ahmedabad Gujarat India, AHMEDABAD, GUJARAT, 380058",,,GUJARAT,
STELLARIS VENTURE PARTNERS INDIA TRUST II,IN/AIF2/20-21/0791,"May 03, 2020 - Perpetual",chetan@stellarisvp.com,CHETAN GODEHALMATH SHIVAKUMAR,"6, Purva Parkridge, Goshala Road, Outer Ring Road, Mahadevapura, BANGALORE, KARNATAKA, 560048","4th Floor, Maruti Plaza, No. 130, Indiranagar, Double Road, Domlur, BANGALORE, KARNATAKA, 560071",,,KARNATAKA,BANGALORE
Stellaris Venture Partners India Trust III,IN/AIF2/24-25/1583,"Aug 22, 2024 - Perpetual",ritesh@stellarisvp.com,Ritesh Banglani,"37, Prestige Summer Fields, Kadubeesanahalli Road, Bhoganahalli, BANGALORE, KARNATAKA, 560103","37, Prestige Summer Fields, Kadubeesanahalli Road, Bhoganahalli, BANGALORE, KARNATAKA, 560103",,,KARNATAKA,BANGALORE
Stellaris Ventures Partners India Trust,IN/AIF1/16-17/0260,"Sep 19, 2016 - Perpetual",,,"Villa 6, Purva Parkridge, Goshala, Outer Ring Road, Mahadevapura, Bengaluru, BANGALORE, KARNATAKA, 560048",,,,KARNATAKA,BANGALORE
Stellor Investments Opportunity Fund,IN/AIF2/25-26/1775,"Apr 02, 2025 - Perpetual",mdhanuka@nithiacapital.com,Manmohan Dhanuka,"506 5th Floor Balarama Premises Coop Socl LT Bandra Kurla Complex , Opp GST Bhavan Bandra East, MUMBAI, MAHARASHTRA, 400051","506 5th Floor Balarama Premises Coop Socl LT Bandra Kurla Complex , Opp GST Bhavan Bandra East, MUMBAI, MAHARASHTRA, 400051",,,MAHARASHTRA,MUMBAI
STEPTRADE FUND,IN/AIF3/23-24/1330,"Aug 10, 2023 - Perpetual",kresha.gupta@steptradeshareservices.in,KRESHA GUPTA,"726, Iconic Shyamal, Shyamal Cross Road, 132 Ring Road, Satellite, Jodhpur Char Rasta, AHMEDABAD, GUJARAT, 380015","726, Iconic Shyamal, Shyamal Cross Road, 132 Ring Road, Satellite, Jodhpur Char Rasta, AHMEDABAD, GUJARAT, 380015",,,GUJARAT,
STEPTRADE OPPORTUNITIES FUND,IN/AIF1/23-24/1352,"Sep 21, 2023 - Perpetual",kresha.gupta@steptradeshareservices.in,KRESHA GUPTA,"726, Iconic Shyamal, Shyamal Cross Road, 132 Ring Road, Satellite, Jodhpur Char Rasta, AHMEDABAD, GUJARAT, 380015","726, Iconic Shyamal, Shyamal Cross Road, 132 Ring Road, Satellite, Jodhpur Char Rasta, AHMEDABAD, GUJARAT, 380015",,,GUJARAT,
STEPTRADE OPPORTUNITIES FUND,IN/AIFundefined/23-24/1352,"Sep 21, 2023 - Perpetual",kresha.gupta@steptradeshareservices.in,KRESHA GUPTA,"726, Iconic Shyamal, Shyamal Cross Road, 132 Ring Road, Satellite, Jodhpur Char Rasta, AHMEDABAD, GUJARAT, 380015","726, Iconic Shyamal, Shyamal Cross Road, 132 Ring Road, Satellite, Jodhpur Char Rasta, AHMEDABAD, GUJARAT, 380015",,,GUJARAT,
Sthira AIF Trust,IN/AIF2/25-26/2026,"Jan 29, 2026 - Perpetual",raj@sthirapartners.in,Rajagopal Subramanian,"42 High Street 775 Second Floor , 100 Feet Road HAL 2nd Stage Indiranagar, BANGALORE, KARNATAKA, 560008","2051 Sobha Palladian , Block 2 Hal Central Township Hal, BANGALORE, KARNATAKA, 560037",,,KARNATAKA,BANGALORE
Stockify Wealth Management Trust,IN/AIF3/25-26/1816,"May 30, 2025 - Perpetual",rahulkhatuwala@stockify.net.in,Rahul Khatuwala,"No 26, 1st Floor, Cabin 2, 16th Cross,, 18th Main, 5th Phase, JP Nagar, BANGALORE, KARNATAKA, 560078","No 26, 1st Floor, Cabin 2, 16th Cross, 18th Main, 5th Phase, JP Nagar, BANGALORE, KARNATAKA, 560078",,,KARNATAKA,BANGALORE
STOIC INVESTMENT TRUST,IN/AIF3/24-25/1589,"Sep 09, 2024 - Perpetual",Puneet@stoicinvesting.com,Puneet Khurana,"House No 108, Sector 7A,, Sector 7A, Faridabad,, FARIDABAD, HARYANA, 121006","House No 108, Sector 7A, Faridabad, FARIDABAD, HARYANA, 121006",,,HARYANA,
Stoicap Real Estate Alternatives Fund,IN/AIF2/24-25/1674,"Dec 23, 2024 - Perpetual",ritesh@stoicap.com,Ritesh Vohra,"2202, Floor 22, Lodha Grandeur, Rahimtullah Sayani Road, Prabhadevi, MUMBAI, MAHARASHTRA, 400025","2202, Floor 22, Lodha Grandeur, Rahimtullah Sayani Road, Prabhadevi, MUMBAI, MAHARASHTRA, 400025",,,MAHARASHTRA,MUMBAI
Stonewood Capital Fund,IN/AIF2/19-20/0724,"Aug 07, 2019 - Perpetual",sunil.singla@wcreekcm.com,Sunil Singla,"4 sardar patel marg, diplomatic enclave, NEW DELHI, NATIONAL CAPITAL TERRITORY OF DELHI, 110021","4 sardar patel marg, diplomatic enclave, NEW DELHI, NATIONAL CAPITAL TERRITORY OF DELHI, 110021",,,NATIONAL CAPITAL TERRITORY OF DELHI,NEW DELHI
Strategic Credit Investments Trust,IN/AIF2/24-25/1557,"Jul 05, 2024 - Perpetual",compliance.kial@kotak.com,Rajeev Saptarshi,"7th Floor, 27 BKC, Plot no C 27, G Block, Bandra Kurla Complex, Bandra East, MUMBAI, MAHARASHTRA, 400051","7th Floor, 27 BKC, Plot no C 27, G Block, Bandra Kurla Complex, Bandra East, MUMBAI, MAHARASHTRA, 400051",,,MAHARASHTRA,MUMBAI
Street Smart Ventures Trust,IN/AIF1/25-26/1773,"Apr 01, 2025 - Perpetual",streetsmartfund@gmail.com,Vivek Garg,"718 L P Joshi Road, Karol Bagh Near Near Hero Handa SH Delhi, DELHI, NATIONAL CAPITAL TERRITORY OF DELHI, 110005","718 L P Joshi Road, Karol Bagh Near Near Hero Handa SH Delhi, DELHI, NATIONAL CAPITAL TERRITORY OF DELHI, 110005",,,NATIONAL CAPITAL TERRITORY OF DELHI,
STRESS REVIVAL FUND,IN/AIF2/21-22/0997,"Feb 17, 2022 - Perpetual",prem.prakash@stressreviv.com,PREM PRAKASH,"H No 53 7A Sector G2 Sector 45 Near St Angel School , Gurgaon, GURGAON, HARYANA, 122002","Level 18 Building No 5 Tower A, DLF Cyber City DLF Phase 3, GURGAON, HARYANA, 122002",,,HARYANA,
Stride Ventures Debt Fund,IN/AIF2/22-23/1198,"Jan 31, 2023 - Perpetual",siba@strideventures.in,Siba Panda,"Axis Trustee Services Ltd, 2nd Floor, Plot 25, Pusa Road, Karol Bagh, DELHI, NATIONAL CAPITAL TERRITORY OF DELHI, 110005","Axis Trustee Services Ltd, 2nd Floor, Plot 25, Pusa Road, Karol Bagh, DELHI, NATIONAL CAPITAL TERRITORY OF DELHI, 110005",,,NATIONAL CAPITAL TERRITORY OF DELHI,
Stride Ventures Fund,IN/AIF2/21-22/0895,"Jun 25, 2021 - Perpetual",ishpreet@strideventures.in,Ishpreet Gandhi,"2nd Floor 25 Pusa Road Karol Bagh, NEW DELHI, NATIONAL CAPITAL TERRITORY OF DELHI, 110005","2nd Floor 25 Pusa Road Karol Bagh, NEW DELHI, NATIONAL CAPITAL TERRITORY OF DELHI, 110005",,,NATIONAL CAPITAL TERRITORY OF DELHI,NEW DELHI
Stride Ventures India Focus Fund,IN/AIF2/24-25/1640,"Nov 27, 2024 - Perpetual",pankaj@strideventures.in,Pankaj Kwatra,"Corporate Edge, Two Horizon Centre, Level 6, Wing B, Golf Course Road, DLF 5, Sector 43, GURGAON, HARYANA, 122002","Corporate Edge, Two Horizon Centre, Level 6, Wing B, Golf Course Road, DLF 5, Sector 43, GURGAON, HARYANA, 122002",,,HARYANA,
Stride Ventures India Fund,IN/AIF2/19-20/0721,"Jul 31, 2019 - Perpetual",ishpreet@strideventures.in,Ishpreet Gandhi,"24 38, First Floor, West Patel Nagar, NEW DELHI, NATIONAL CAPITAL TERRITORY OF DELHI, 110008","CoWrks, Worldmark 1, Aerocity, NEW DELHI, NATIONAL CAPITAL TERRITORY OF DELHI, 110037",,,NATIONAL CAPITAL TERRITORY OF DELHI,NEW DELHI
StrongHer Ventures,IN/AIF1/22-23/1180,"Dec 07, 2022 - Perpetual",rajesh@tholons.com,Anthony Rajesh,"Tholons Tower 346 17th Cross HIG Colony Dollars Colony, BANGALORE, KARNATAKA, 560094","Tholons Tower 346 17th Cross HIG Colony Dollars Colony, BANGALORE, KARNATAKA, 560094",,,KARNATAKA,BANGALORE
STRUGENCE DEBT FUND,IN/AIF2/14-15/0131,"Feb 16, 2015 - Perpetual",,,"BSEL TECH PARK B WING 12TH FLOOR, SECTOR 30 A VASHI, NAVI MUMBAI, MAHARASHTRA, 400703",,,,MAHARASHTRA,MUMBAI
Strugence Social Venture Fund,IN/AIF2/16-17/0295,"Jan 23, 2017 - Perpetual",,,,,,,,
Subh Labh Investment Trust,IN/AIF3/25-26/1785,"Apr 07, 2025 - Perpetual",aif@subhlabhresearch.com,Arun Maroti,"809 DLF Tower A Jasola District Centre Jasola New Friends Colony, NEW DELHI, NATIONAL CAPITAL TERRITORY OF DELHI, 110025","809 DLF Tower A Jasola District Centre Jasola New Friends Colony, NEW DELHI, NATIONAL CAPITAL TERRITORY OF DELHI, 110025",,,NATIONAL CAPITAL TERRITORY OF DELHI,NEW DELHI
SucSEED Indovation Fund,IN/AIF1/20-21/0824,"Aug 24, 2020 - Perpetual",dhirajs@sucseed.biz,Dhiraj Sinha,"B 1002, Marathon Futurex, N.M. Joshi Marg, Lower Parel, MUMBAI, MAHARASHTRA, 400013","Centre of Innovation and Entrepreneurship (CIE) Vindhya C 4, International Institute of Information Technology Gachibowli, HYDERABAD, TELANGANA, 500032",,,MAHARASHTRA,MUMBAI
SUMMER HILL AIF TRUST,IN/AIF2/19-20/0774,"Feb 18, 2020 - Perpetual",t.aboobaker@amicorp.com,Tarik Aboobaker,"Level 20, A Wing, Crescenzo Business District, G Block, Bandra Kurla Complex,, Bandra East, MUMBAI, MAHARASHTRA, 400051","Level 20, A Wing, Crescenzo Business District, G Block, Bandra Kurla Complex, Bandra East, MUMBAI, MAHARASHTRA, 400051",,,MAHARASHTRA,MUMBAI
Sundaram Alternative Investment Trust,IN/AIF3/16-17/0291,"Jan 05, 2017 - Perpetual",,,,,,,,
Sundaram Category II Alternative Investment Trust,IN/AIF2/17-18/0340,"Jun 20, 2017 - Perpetual",,,,,,,,
SUNICON ANGEL FUND,IN/AIF1/25-26/1790,"Apr 11, 2025 - Perpetual",suresh@suncapital.co.in,Darshan Jain,"303, Kumar Plaza,, Kalina Kurla Road Near Kalina Market,, MUMBAI, MAHARASHTRA, 400029","303, Kumar Plaza, Kalina Kurla Road Near Kalina Market, MUMBAI, MAHARASHTRA, 400029",,,MAHARASHTRA,MUMBAI
SUNICON VENTURES FUND,IN/AIF2/22-23/1045,"Apr 05, 2022 - Perpetual",suresh@suncapital.co.in,Sureshkumar Jain,"303 Kumar Plaza Kalina Kurla Road Near Kalina Market Santacruz East, MUMBAI, MAHARASHTRA, 400029","303 Kumar Plaza Kalina Kurla Road Near Kalina Market Santacruz East, MUMBAI, MAHARASHTRA, 400029",,,MAHARASHTRA,MUMBAI
SUNRISE INDIA GROWTH TRUST,IN/AIF1/24-25/1715,"Feb 07, 2025 - Perpetual",roopal@singhania.com,ARUNKUMAR JAIN,"Office 202 203 S F Addor Ambition, Navrang Circle to Stadium Rd B S Vimal House Navrangpura, AHMEDABAD, GUJARAT, 380009","Office 202 203 S F Addor Ambition, Navrang Circle to Stadium Rd B S Vimal House Navrangpura, AHMEDABAD, GUJARAT, 380009",,,GUJARAT,
Sunrise Investment Trust,IN/AIF3/24-25/1724,"Feb 13, 2025 - Perpetual",sunrisegiltscurr@gmail.com,Pratik Kumar More,"514 5th Floor Pinnacle Business Park Opp Royal Orchid, Prahaladnagar Ahmedabad, AHMEDABAD, GUJARAT, 380015","514 5th Floor Pinnacle Business Park Opp Royal Orchid, Prahaladnagar Ahmedabad, AHMEDABAD, GUJARAT, 380015",,,GUJARAT,
Svadha Capital Trust,IN/AIF2/23-24/1278,"May 18, 2023 - Perpetual",navin.v@skegenim.com,Navin Vallabhaneni,"Plot No 308 3rd Phase KIADB Industrial Area, Malur Kolar, BANGALORE, KARNATAKA, 563130","Plot No 308 3rd Phase KIADB Industrial Area, Malur Kolar, BANGALORE, KARNATAKA, 563130",,,KARNATAKA,BANGALORE
SVAN Investment Trust,IN/AIF3/25-26/1792,"Apr 21, 2025 - Perpetual",jigars@svaninvestments.com,Jigar Shah,"1001, 10th floor, B Wing,, Kanakia Wall Street, Andheri East, MUMBAI, MAHARASHTRA, 400069","1001, 10th floor, B Wing, Kanakia Wall Street, Andheri East, MUMBAI, MAHARASHTRA, 400069",,,MAHARASHTRA,MUMBAI
SVAS Opportunities Fund,IN/AIF2/20-21/0844,"Dec 03, 2020 - Perpetual",saket_misra@hotmail.com,Saket Misra,"186, Jor Bagh Road, NEW DELHI, NATIONAL CAPITAL TERRITORY OF DELHI, 110001","2nd Floor, 12 Sector 15 A, NOIDA, UTTAR PRADESH, 201301",,,NATIONAL CAPITAL TERRITORY OF DELHI,NEW DELHI
SVL Climate Tech Fund,IN/AIF1/25-26/1950,"Nov 06, 2025 - Perpetual",compliance@sbiventures.co.in,Ankita Shrivastav,"A Wing 12th Floor Marathon Futurex N M Joshi Marg Lower Parel East Mumbai 400 013, MUMBAI, MAHARASHTRA, 400013","A Wing 12th Floor Marathon Futurex N M Joshi Marg Lower Parel East Mumbai 400 013, MUMBAI, MAHARASHTRA, 400013",,,MAHARASHTRA,MUMBAI
SVL-SME Fund,IN/AIF1/19-20/0730,"Sep 25, 2019 - Perpetual",ankita.shrivastav@sbicaps.com,Ankita Shrivastav,"Marathon Futurex, 12th floor, A-wing, Mafatlal Mill Compound,, N.M. Joshi Marg, Lower Parel, MUMBAI, MAHARASHTRA, 400013","Marathon Futurex, 12th floor, A-wing, Mafatlal Mill Compound, N.M. Joshi Marg, Lower Parel, MUMBAI, MAHARASHTRA, 400013",,,MAHARASHTRA,MUMBAI
SWAMIH Investment Fund I,IN/AIF2/19-20/0747,"Nov 21, 2019 - Perpetual",housingfund.nda@nishithdesai.com,Kirti Saruparia,"A Wing, 12th Floor, Marathon Futurex, N M Joshi Marg,, Lower Parel East,, MUMBAI, MAHARASHTRA, 400013","A Wing, 12th Floor, Marathon Futurex, N M Joshi Marg, Lower Parel East, MUMBAI, MAHARASHTRA, 400013",,,MAHARASHTRA,MUMBAI
Swishin Ventures,IN/AIF1/25-26/1772,"Apr 01, 2025 - Perpetual",mahavir@swishin.vc,Mahavir Sharma,"5W, 5th Floor, The Metropolitan, Bandra Kurla Complex, Bandra East, MUMBAI, MAHARASHTRA, 400051","Plot no. 15, Govind Bari, Opp SBI Bank, Brhampuri, Jaipur, JAIPUR, RAJASTHAN, 302002",,,MAHARASHTRA,MUMBAI
SWYOM ADVISORS ALTERNATIVE INVESTMENT TRUST,IN/AIF3/22-23/1170,"Nov 16, 2022 - Perpetual",shreegopal.agarwal@swyom.com,Shree Gopal Agarwal,"11A M D ROAD, 2ND FLOOR ROOM NO 1, KOLKATA, WEST BENGAL, 700007","B-1112, Kanakia Wall Street, 11th Floor, Andheri Kurla Road, Chakala Junction, Andheri East, MUMBAI, MAHARASHTRA, 400093",,,WEST BENGAL,KOLKATA
Synapses Venture Capital Fund,IN/AIF2/24-25/1581,"Aug 19, 2024 - Perpetual",ruchira@synapses.vc,Ruchira Shukla,"E49, Ground floor, Panchsheel Park, DELHI, NATIONAL CAPITAL TERRITORY OF DELHI, 110017","E49, Ground floor, Panchsheel Park, DELHI, NATIONAL CAPITAL TERRITORY OF DELHI, 110017",,,NATIONAL CAPITAL TERRITORY OF DELHI,
Synergy capital growth fund,IN/AIF2/23-24/1463,"Mar 22, 2024 - Perpetual",Apurva@pevcpartner.com,Apurva Patel,"Flat No. 116, 20th floor, Dariya Mahal A,, 80 Napean Sea Road,, MUMBAI, MAHARASHTRA, 400006","Suite 116, 2nd floor, WeWork, Express Towers Nariman Point, MUMBAI, MAHARASHTRA, 400021",,,MAHARASHTRA,MUMBAI
Systematix Equity & Credit Investment Trust,IN/AIF2/25-26/1921,"Oct 13, 2025 - Perpetual",compliance_aif@systematixgroup.in,NIPA SAVLA,"The Capital, A Wing, No. 603-606, 6th Floor, Plot No.C-70,G Block,Bandra Kurla Complex, Bandra East, MUMBAI, MAHARASHTRA, 400051","The Capital, A Wing, No. 603-606, 6th Floor, Plot No.C-70,G Block,Bandra Kurla Complex, Bandra East, MUMBAI, MAHARASHTRA, 400051",,,MAHARASHTRA,MUMBAI
TA Trust,IN/AIF1/23-24/1348,"Sep 14, 2023 - Perpetual",rachit@tagalong.vc,RACHIT SHARMA,"D No A 210, Sakthi Towers, G V Residency, Uppilipalayam, Coimbatore, COIMBATORE, TAMIL NADU, 641028","44A, Third Floor, Datta Prabhas, 1st Main Road, 3rd Phase, JP Nagar, Bengaluru, BANGALORE, KARNATAKA, 560078",,,TAMIL NADU,BANGALORE
Taking off to the Future Airport Fund,IN/AIF2/19-20/0669,"Apr 04, 2019 - Perpetual",gigigeorge1703@gmail.com,GIGI GEORGE,"63 Kamaraj Avenue, 1st Street Adyar, CHENNAI, TAMIL NADU, 600020","63 Kamaraj Avenue, 1st Street Adyar, CHENNAI, TAMIL NADU, 600020",,,TAMIL NADU,CHENNAI
Taksh Alternative Investment Trust,IN/AIF3/24-25/1525,"May 28, 2024 - Perpetual",ankur.joshi@takshasset.com,Ankur Joshi,"1103,11 Floor,Tower 2,One International Centre,, Senapati Bapat Marg,Prabhadevi West, MUMBAI, MAHARASHTRA, 400013","1103,11 Floor,Tower 2,One International Centre, Senapati Bapat Marg,Prabhadevi West, MUMBAI, MAHARASHTRA, 400013",,,MAHARASHTRA,MUMBAI
TAKSHIL VENTURE PARTNERS,IN/AIF2/24-25/1516,"May 09, 2024 - Perpetual",vinit@takshil.vc,Vinit Bhansali,"No. 308, 3rd Floor, Vikas Building, 11, NGN Vaidya Marg, Fort, MUMBAI, MAHARASHTRA, 400023","No. 308, 3rd Floor, Vikas Building, 11, NGN Vaidya Marg, Fort, MUMBAI, MAHARASHTRA, 400023",,,MAHARASHTRA,MUMBAI
Tamil Nadu Emerging Sector Seed Fund,IN/AIF1/21-22/1008,"Mar 09, 2022 - Perpetual",janardhan.k@tnifmc.com,Janardhan K,"Tamil Nadu Infrastructure Fund Management Corp Ltd. , No. 19, TP Scheme Road, Raja Street Extension, RA Puram, CHENNAI, TAMIL NADU, 600028","Tamil Nadu Infrastructure Fund Management Corp Ltd. , No. 19, TP Scheme Road, Raja Street Extension, RA Puram, CHENNAI, TAMIL NADU, 600028",,,TAMIL NADU,CHENNAI
Tamil Nadu Green Climate Trust,IN/AIF1/23-24/1319,"Aug 03, 2023 - Perpetual",janardhan.k@tnifmc.com,Janardhan K,"No. 19, TP Scheme Road,, RA Puram,, CHENNAI, TAMIL NADU, 600028","No. 19, TP Scheme Road, RA Puram, CHENNAI, TAMIL NADU, 600028",,,TAMIL NADU,CHENNAI
Tamil Nadu Infrastructure Development Trust,IN/AIF2/23-24/1369,"Oct 18, 2023 - Perpetual",janardhan.k@tnifmc.com,Janardhan K,"No. 19, TP Scheme Road,, RA Puram, CHENNAI, TAMIL NADU, 600028","No. 19, TP Scheme Road, RA Puram, CHENNAI, TAMIL NADU, 600028",,,TAMIL NADU,CHENNAI
TAMIL NADU SHELTER FUND,IN/AIF1/18-19/0566,"Jul 23, 2018 - Perpetual",prashanthi.j@tnifmc.com,PRASHANTHI JALAMADUGU,"Tamil Nadu Infrastructure Fund Management Corporation Limited, No.19 TP Scheme Road, 1st floor, Raja Street Extension, R.A Puram, CHENNAI, TAMIL NADU, 600028","Tamil Nadu Infrastructure Fund Management Corporation Limited, DBS Corporate Services Pvt Ltd,Room No. 320,No. 31A, Cathedral Garden Road Off Kodambakkam High Road, CHENNAI, TAMIL NADU, 600034",,,TAMIL NADU,CHENNAI
TARA INDIA FUND IV TRUST,IN/AIF1/25-26/1961,"Nov 14, 2025 - Perpetual",parag.vaidya@koisinvest.com,Parag Vaidya,"The IL and FS Financial Centre, Plot No. C 22, G Block, Bandra Kurla Complex, Bandra East, Mumbai, 400051, MUMBAI, MAHARASHTRA, 400051","KOIS India Investment Advisors Private Limited, Unit No 12B109, WeWork Enam Sambhav C 20, G Block Rd, G Block BKC, Bandra Kurla Complex, Bandra East, Mumbai, Maharashtra, India 400051, MUMBAI, MAHARASHTRA, 400051",,,MAHARASHTRA,MUMBAI
TATA ALTERNATIVE INVESTMENT FUND,IN/AIF2/13-14/0055,"May 16, 2013 - Perpetual",,,"1903, B Wing, Parinee Crescenzo, 19th Floor, G Block , Bandra East ,, MUMBAI, MAHARASHTRA, 400051",,,,MAHARASHTRA,MUMBAI
Tata Alternative Investment Fund,IN/AIF3/18-19/0624,"Dec 11, 2018 - Perpetual",ppochkhanawala@tataamc.com,PARVEZ POCHKHANAWALA,"Mafatlal Centre 9th floor, Nariman Point, MUMBAI, MAHARASHTRA, 400021","Mafatlal Centre 9th Floor, Nariman Point, MUMBAI, MAHARASHTRA, 400021",,,MAHARASHTRA,MUMBAI
Tata Capital Growth Fund II,IN/AIF2/17-18/0329,"May 15, 2017 - Perpetual",,,"11th Floor, Tower A, Peninsula Business Park,, Ganpatrao Kadam Marg, Lower Parel, MUMBAI, MAHARASHTRA, 400013",,,,MAHARASHTRA,MUMBAI
Tata Capital Growth Fund III,IN/AIF2/24-25/1594,"Sep 11, 2024 - Perpetual",mahesh1.jaokar@tatacapital.com,Mahesh Jaokar,"11th Floor Tower A Peninsula Business Park, Ganpatrao Kadam Marg Lower Parel, MUMBAI, MAHARASHTRA, 400013","11th Floor Tower A Peninsula Business Park, Ganpatrao Kadam Marg Lower Parel, MUMBAI, MAHARASHTRA, 400013",,,MAHARASHTRA,MUMBAI
TATA CAPITAL HEALTHCARE FUND I,IN/AIF1/25-26/1952,"Nov 07, 2025 - Perpetual",ashish.monani@tatacapital.com,Ashish Monani,"11th Floor Tower A Peninsula Business Park Ganpatrao Kadam Marg Lower Parel Mumbai City , Mumbai Maharasthra India 400013, MUMBAI, MAHARASHTRA, 400013","17th Floor Tower B Peninsula Business Park Ganpatrao Kadam Marg Lower Parel Mumbai City, Mumbai Maharasthra India 400013, MUMBAI, MAHARASHTRA, 400013",9100000000000.0,9100000000000.0,MAHARASHTRA,MUMBAI
Tata Capital Healthcare Fund II,IN/AIF2/19-20/0666,"Apr 03, 2019 - Perpetual",mahesh1.jaokar@tatacapital.com,Mahesh Jaokar,"1101, Tower A, Peninsula Business Park,, Ganpatrao Kadam Marg, Lower Parel, MUMBAI, MAHARASHTRA, 400013","1101, Tower A, Peninsula Business Park, Ganpatrao Kadam Marg, Lower Parel, MUMBAI, MAHARASHTRA, 400013",9100000000000.0,9100000000000.0,MAHARASHTRA,MUMBAI
Tata Capital Healthcare Fund III,IN/AIF2/24-25/1710,"Feb 05, 2025 - Perpetual",ashish.monani@tatacapital.com,Ashish Monani,"11th Floor Tower A Peninsula Business Park, Ganpatrao Kadam Marg Lower Parel, MUMBAI, MAHARASHTRA, 400013","11th Floor Tower A Peninsula Business Park, Ganpatrao Kadam Marg Lower Parel, MUMBAI, MAHARASHTRA, 400013",9100000000000.0,9100000000000.0,MAHARASHTRA,MUMBAI
Tata Capital Innovations Fund,IN/AIF1/25-26/1960,"Nov 13, 2025 - Perpetual",ashish.monani@tatacapital.com,Ashish Monani,"11th Floor Tower A Peninsula Business Park Ganpatrao Kadam Marg, Lower Parel, MUMBAI, MAHARASHTRA, 400013","17th Floor Tower B Peninsula Business Park Ganpatrao Kadam Marg, Lower Parel, MUMBAI, MAHARASHTRA, 400013",9100000000000.0,9100000000000.0,MAHARASHTRA,MUMBAI
TATA CAPITAL SPECIAL SITUATIONS FUND - TRUST,IN/AIF1/25-26/1958,"Nov 12, 2025 - Perpetual",ashish.monani@tatacapital.com,Ashish Monani,"11th Floor Tower A Peninsula Business Park Ganpatrao Kadam Marg, Lower Parel, MUMBAI, MAHARASHTRA, 400013","11th Floor Tower A Peninsula Business Park Ganpatrao Kadam Marg, Lower Parel, MUMBAI, MAHARASHTRA, 400013",9100000000000.0,9100000000000.0,MAHARASHTRA,MUMBAI
tattvam aif trust,IN/AIF3/24-25/1540,"Jun 18, 2024 - Perpetual",pitam.goel@tattvamgroup.in,Pitam Goel,"7A,B, Siddhivinayak Chambers, Opp MIG Cricket Club, Gandhi Nagar, Bandra East, MUMBAI, MAHARASHTRA, 400051","A 17, Pushpanjali Enclave, Pitampura, DELHI, NATIONAL CAPITAL TERRITORY OF DELHI, 110034",,,MAHARASHTRA,MUMBAI
Tavasya SSF,IN/AIF1/23-24/1361,"Oct 03, 2023 - Perpetual",shivani@tavasyacapital.in,Shivani Singla,"B 38, Ground Floor, Gulmohar Park, NEW DELHI, NATIONAL CAPITAL TERRITORY OF DELHI, 110049","B 38, Ground Floor, Gulmohar Park, NEW DELHI, NATIONAL CAPITAL TERRITORY OF DELHI, 110049",,,NATIONAL CAPITAL TERRITORY OF DELHI,NEW DELHI
TCG Alternative Investment Fund,IN/AIF3/17-18/0324,"Apr 27, 2017 - Perpetual",,,"IL&FS Financial Centre, Plot c-22, G-Block, Bandra Kurla Complex , Bandra east, MUMBAI, MAHARASHTRA, 400051",,,,MAHARASHTRA,MUMBAI
TCG EQUITY OPPORTUNITIES AIF TRUST,IN/AIF3/24-25/1618,"Oct 30, 2024 - Perpetual",shahzad@tcgamc.com,Shazad Madon,"TCG Financial Centre, 11th and 12th Floors, Plot No. C 53,, G Block, Bandra Kurla Complex, Bandra East, MUMBAI, MAHARASHTRA, 400098","TCG Financial Centre, 11th and 12th Floors, Plot No. C 53, G Block, Bandra Kurla Complex, Bandra East, MUMBAI, MAHARASHTRA, 400098",,,MAHARASHTRA,MUMBAI
Teal Impact Alternative Investment Fund,IN/AIF2/25-26/2065,"Feb 24, 2026 - Perpetual",tealimpact@gmail.com,Shobhit Saraswat,"No.14, Flat No. C4, 3rd Floor, Gems Court, K N K Road, Greams Road, CHENNAI, TAMIL NADU, 600006",,,,TAMIL NADU,CHENNAI
TECH VISION FUND,IN/AIF2/22-23/1121,"Aug 26, 2022 - Perpetual",srinivasbabu@greenthumpscapital.com,Srinivas Achyutuni Babu,"Plot No 3 Road No 1 Neknampur, HYDERABAD, TELANGANA, 500089","Plot No 3 Road No 1 Neknampur, HYDERABAD, TELANGANA, 500089",0.0,0.0,TELANGANA,HYDERABAD
TECHNOLOGY VENTURE FUND,IN/AIF1/15-16/162,"Jul 06, 2015 - Perpetual",,,"IL&FS Financial Centre,Plot C 22,Block G, BKC,Bandra East, MUMBAI, KARNATAKA, 400051",,,,KARNATAKA,MUMBAI
Tenacity India Venture Investments,IN/AIF2/25-26/1996,"Dec 18, 2025 - Perpetual",gourav@tenacity.vc,Gourav Bhattacharya,"No. 9 1, Madras Bank Road, Off St. Marks Road, Ashok Nagar, BANGALORE, KARNATAKA, 560001",,,,KARNATAKA,BANGALORE
Tenacity Ventures AIF,IN/AIF2/21-22/0990,"Feb 03, 2022 - Perpetual",gourav@tenacity.vc,Gourav Bhattacharya,"No. 9 1, Madras Bank Road, Off St. Marks Road, Ashok Nagar, BANGALORE, KARNATAKA, 560001","No. 9 1, Madras Bank Road, Off St. Marks Road, Ashok Nagar, BANGALORE, KARNATAKA, 560001",,,KARNATAKA,BANGALORE
TERRAVIDA FUND,IN/AIF2/25-26/2062,"Feb 24, 2026 - Perpetual",hello@pramaano.com,Nishit Dave,"INNOV8 R City R City offices 4th Floor, MUMBAI, MAHARASHTRA, 400086",,,,MAHARASHTRA,MUMBAI
TETRATION VENTURES,IN/AIF1/25-26/1938,"Oct 29, 2025 - Perpetual",jitendra@capinity.in,JITENDRA NAGPAL,"A-2/140, 3rd Floor, Resdnetial Safdarjung Enclave, Nauroji Nagar, New Delhi, NEW DELHI, NATIONAL CAPITAL TERRITORY OF DELHI, 110029","A-2/140, 3rd Floor, Resdnetial Safdarjung Enclave, Nauroji Nagar, New Delhi, NEW DELHI, NATIONAL CAPITAL TERRITORY OF DELHI, 110029",,,NATIONAL CAPITAL TERRITORY OF DELHI,NEW DELHI
Thakkar Investment Trust,IN/AIF3/22-23/1181,"Dec 13, 2022 - Perpetual",tinvestaif@gmail.com,KETAN THAKKAR,"C 34, Royal Industrial Estate, 5B, Naigaum Cross Road, Wadala,, MUMBAI, MAHARASHTRA, 400031","C 34, Royal Industrial Estate, 5B, Naigaum Cross Road, Wadala, MUMBAI, MAHARASHTRA, 400031",,,MAHARASHTRA,MUMBAI
THAR INVESTMENT OPPORTUNITIES FUND,IN/AIF2/18-19/0540,"May 08, 2018 - Perpetual",vivekthar@me.com,VIVEK THAR,"602-A WING, KALEDONIA BUILDING, HDIL TOWERS, SAHAR ROAD, ANDHERI EAST, MUMBAI, MAHARASHTRA, 400069","602-A WING, KALEDONIA BUILDING, HDIL TOWERS, SAHAR ROAD, ANDHERI EAST, MUMBAI, MAHARASHTRA, 400069",,,MAHARASHTRA,MUMBAI
THE ARGAN FUND I,IN/AIF2/21-22/1017,"Mar 15, 2022 - Perpetual",deep.shah@khaitanco.com,RAJINI VISLAVATH,"1402/1403 Dalamal Tower,, 211 Free Press Journal Marg, Nariman Point, Mumbai - 400021, MUMBAI, MAHARASHTRA, 400021","503, 5th Floor, Baani Address One, Sector 56, Gurugram - 122011, GURGAON, HARYANA, 122011",,,MAHARASHTRA,MUMBAI
THE FUNDAMENTUM PARTNERSHIP - FUND II TRUST,IN/AIF1/21-22/1000,"Feb 25, 2022 - Perpetual",ISHAN@FUNDAMENTUM.CO.IN,SANJAY CHATURVEDI,"10th Floor, Vatika Towers, Tower B, Sector 54, GURGAON, HARYANA, 122002","10th Floor, Vatika Towers, Tower B, Sector 54, GURGAON, HARYANA, 122002",,,HARYANA,
The Fundamentum Partnership- Fund I,IN/AIF1/17-18/0333,"May 24, 2017 - Perpetual",,,"10TH FLOOR, VATIKA TOWERS, TOWER B, SECTOR 54, GOLF COURSE ROAD, GURGAON, HARYANA, 122002",,,,HARYANA,
The Golden Bird Investment Trust,IN/AIF3/24-25/1743,"Mar 04, 2025 - Perpetual",thegoldenbirdaif@gmail.com,Anuj Jain,"7 7 Ground Floor Ansari Road, Daryaganj New Delhi, DELHI, NATIONAL CAPITAL TERRITORY OF DELHI, 110002","7 7 Ground Floor Ansari Road, Daryaganj New Delhi, DELHI, NATIONAL CAPITAL TERRITORY OF DELHI, 110002",,,NATIONAL CAPITAL TERRITORY OF DELHI,NEW DELHI
THE GREEN SUSTAINABLE FUND,IN/AIF2/25-26/1862,"Jul 28, 2025 - Perpetual",sailesh@anthillventures.com,NARAYANA SAILESH SIGATAPU VEERA,"8 2 293 82 J3 6, Road No.79, Film Nagar, Jubilee Hills, HYDERABAD, TELANGANA, 500096","8 2 293 82 J3 6, Road No.79, Film Nagar, Jubilee Hills, HYDERABAD, TELANGANA, 500096",,,TELANGANA,HYDERABAD
The Innovation Fund Trust,IN/AIF2/24-25/1653,"Dec 04, 2024 - Perpetual",ashwin@theinnovation.fund,Ashwin Raguraman,"202 Vista Vera, 37, 6th Main Road, Malleswaram, Bangalore, BANGALORE, KARNATAKA, 560003","1824 Embassy Habitat, 59 Palace Road, Vasantnagar, Bangalore, BANGALORE, KARNATAKA, 560001",,,KARNATAKA,BANGALORE
THE OAKS INDIA FUND,IN/AIF2/19-20/0769,"Feb 05, 2020 - Perpetual",santosh@alphacapindia.com,SANTOSH PARAB,"56, Maker Chambers VI, , Nariman Point, Mumbai, MUMBAI, MAHARASHTRA, 400021","56, Maker Chambers VI, , Nariman Point, Mumbai, MUMBAI, MAHARASHTRA, 400021",,,MAHARASHTRA,MUMBAI
The Pari Washington Trust,IN/AIF3/19-20/0734,"Oct 24, 2019 - Perpetual",finance@pariwashington.com,Jayanti Suresh,"18 Tiger Varadachari Road, 1st Street Besant Nagar, CHENNAI, TAMIL NADU, 600090","18 Tiger Varadachari Road, 1st Street Besant Nagar, CHENNAI, TAMIL NADU, 600090",,,TAMIL NADU,CHENNAI
THE TECHNOLOGY VENTURE FUND,IN/AIF1/25-26/1903,"Sep 18, 2025 - Perpetual",,,"C/o Ventureast Trustee Company Private Limited, 7-50/1, JSN Colony, St No.8, Habsiguda, Hyderabad, HYDERABAD, TELANGANA, 500007","C/o Ventureast Trustee Company Private Limited, 7-50/1, JSN Colony, St No.8, Habsiguda, Hyderabad, HYDERABAD, TELANGANA, 500007",,,TELANGANA,HYDERABAD
THE VENTUREAST FUNDS,IN/AIF1/25-26/1890,"Sep 02, 2025 - Perpetual",vishnu.kamalapuri@ventureast.net,Vishnu Kamalapuri,"C/o Ventureast Trustee Company Private Limited, 7-50/1, JSN Colony, St No.8, Habsiguda, Hyderabad, HYDERABAD, TELANGANA, 500007","C/o Ventureast Trustee Company Private Limited, 7-50/1, JSN Colony, St No.8, Habsiguda, Hyderabad, HYDERABAD, TELANGANA, 500007",,,TELANGANA,HYDERABAD
The Wealth Company Alternates Trust,IN/AIF2/19-20/0690,"May 06, 2019 - Perpetual",shaili.mankad@wealthcompany.in,Shaili Mankad,"PANTOMATH NUCLEUS HOUSE, SAKI VIHAR ROAD ANDHERI EAST, MUMBAI, MAHARASHTRA, 400072","PANTOMATH NUCLEUS HOUSE, SAKI VIHAR ROAD ANDHERI EAST, MUMBAI, MAHARASHTRA, 400072",,,MAHARASHTRA,MUMBAI
Theia Ventures Investment Trust,IN/AIF2/23-24/1428,"Jan 16, 2024 - Perpetual",,,"7 Janaki Kutir, Prithvi Theatre Lane, Juhu Tara Road, Juhu, MUMBAI, MAHARASHTRA, 400049","Unit No 22, D 4, Rectangle 1, District Center Saket, NEW DELHI, NATIONAL CAPITAL TERRITORY OF DELHI, 110017",,,MAHARASHTRA,MUMBAI
THINKUVATE FUND - I,IN/AIF1/23-24/1465,"Mar 22, 2024 - Perpetual",addison.appu@thinkuvate.com,Addison Appu,"Flat 504, 5th Floor, Savitri Cinema Complex, Greater Kailash II, New Delhi, NEW DELHI, NATIONAL CAPITAL TERRITORY OF DELHI, 110048","Flat 504, 5th Floor, Savitri Cinema Complex, Greater Kailash II, New Delhi, NEW DELHI, NATIONAL CAPITAL TERRITORY OF DELHI, 110048",,,NATIONAL CAPITAL TERRITORY OF DELHI,NEW DELHI
THIRD EYE CINEMA FUND,IN/AIF2/13-14/0086,"Nov 19, 2013 - Perpetual",,,"204 Morya Landmark 1, Off Link Rd. , Oshiwara, Andheri West, MUMBAI, MAHARASHTRA, 400053",,,,MAHARASHTRA,MUMBAI
Thrive India Special Situation Fund,IN/AIF2/21-22/0941,"Oct 20, 2021 - Perpetual",manoj.gangwal@aklivus.com,Manoj Gangwal,"L 802 Green Woods Chakala SIR M.V.Road Opp. Chintamani Plaza Andheri Mumbai 400093, MUMBAI, MAHARASHTRA, 400093","L 802 Green Woods Chakala SIR M.V.Road Opp. Chintamani Plaza Andheri Mumbai 400093, MUMBAI, MAHARASHTRA, 400093",,,MAHARASHTRA,MUMBAI
Tiger Strategies Fund,IN/AIF1/25-26/1913,"Oct 09, 2025 - Perpetual",funds.tigerstrategies@gmail.com,Nishvi Jain,"5W 5th Floor The Metropolitan Building , E Block Bandra Kurla Complex (BKC) Bandra (East) Mumbai, MUMBAI, MAHARASHTRA, 400051","5W 5th Floor The Metropolitan Building , E Block Bandra Kurla Complex (BKC) Bandra (East) Mumbai, MUMBAI, MAHARASHTRA, 400051",,,MAHARASHTRA,MUMBAI
TIOF TRUST,IN/AIF2/24-25/1591,"Sep 09, 2024 - Perpetual",rahul@thinkinvestments.com,Rahul Patel,"201, The View, Dr Annie Besant Road, Near Nehru Center Transit Camp, Worli, Mumbai, MUMBAI, MAHARASHTRA, 400018","201, The View, Dr Annie Besant Road, Near Nehru Center Transit Camp, Worli, Mumbai, MUMBAI, MAHARASHTRA, 400018",,,MAHARASHTRA,MUMBAI
Titan Capital Winners Fund,IN/AIF2/23-24/1358,"Sep 26, 2023 - Perpetual",chetan@titancapital.vc,Chetan Rana,"3rd Floor, M3M Urbana Business Park, North Tower and part of South Tower, Sector 67, Gurugram, GURGAON, HARYANA, 122102","3rd Floor, M3M Urbana Business Park, North Tower and part of South Tower, Sector 67, Gurugram, GURGAON, HARYANA, 122102",,,HARYANA,
TIW Series4 FI2021,IN/AIF2/21-22/0911,"Jul 23, 2021 - Perpetual",chandan.kumar@tiwpe.com,Chandan Kumar,"C2/169, FF, Janakpuri, NEW DELHI, NATIONAL CAPITAL TERRITORY OF DELHI, 110058","C2/169, FF, Janakpuri, NEW DELHI, NATIONAL CAPITAL TERRITORY OF DELHI, 110058",,,NATIONAL CAPITAL TERRITORY OF DELHI,NEW DELHI
TOMORROW CAPITAL TRUST,IN/AIF2/24-25/1633,"Nov 12, 2024 - Perpetual",aif@tomorrowcapital.in,RAHUL SAHA,"3rd Floor, Lodha Excelus, N.M. Joshi Marg, Mahalaxmi, MUMBAI, MAHARASHTRA, 400011","3rd Floor, Lodha Excelus, N.M. Joshi Marg, Mahalaxmi, MUMBAI, MAHARASHTRA, 400011",,,MAHARASHTRA,MUMBAI
Toro Wealth AIF Trust,IN/AIF3/24-25/1718,"Feb 10, 2025 - Perpetual",harsh@torowealthmanagers.com,Harsh Mulchandani,"5W 5th Floor The Metropolitan Building E Block BKC , Bandra Kurla Complex Bandra East, MUMBAI, MAHARASHTRA, 400051","Off 602 Amar Neptune Baner , Baner Gaon Haveli, PUNE, MAHARASHTRA, 411045",,,MAHARASHTRA,MUMBAI
Torus AIF Master Trust,IN/AIF2/22-23/1037,"Apr 04, 2022 - Perpetual",Yashvi.Mehta@torusgroup.in,YASHVI MEHTA,"1501, Lodha Aria, C S No. 6/207, TJ Road, Sewri, MUMBAI, MAHARASHTRA, 400015","1501, Lodha Aria, C S No. 6/207, TJ Road, Sewri, MUMBAI, MAHARASHTRA, 400015",,,MAHARASHTRA,MUMBAI
TOUCHSTONE TRUST,IN/AIF2/14-15/0104,"Apr 07, 2014 - Perpetual",trust@touchstoneequities.com,Utkarsh Sinha,"RAJA PRAASADAMU, LEVEL 2, WING 1 A, BOTANICAL GARDEN ROAD, KONDAPUR, HYDERABAD, TELANGANA, 500084",,,,TELANGANA,HYDERABAD
TRACXN LABS,IN/AIF1/14-15/0136,"Feb 24, 2015 - Perpetual",,,"IL&FS Trust Company Ltd, AI Latheef, 1st Floor, Union Street, Off Infantry Road, Bangalore, BANGALORE, KARNATAKA",,,,KARNATAKA,BANGALORE
TrailBlaze ventures trust 1,IN/AIF1/23-24/1365,"Oct 09, 2023 - Perpetual",trailblazeventure@gmail.com,naureen mustafa,"7178-D-7, NEW DELHI, NATIONAL CAPITAL TERRITORY OF DELHI, 110070","7178-D-7, NEW DELHI, NATIONAL CAPITAL TERRITORY OF DELHI, 110070",,,NATIONAL CAPITAL TERRITORY OF DELHI,NEW DELHI
TRANS CONTINENTAL CAPITAL TRUST,IN/AIF1/14-15/0127,"Dec 03, 2014 - Perpetual",,,,,,,,
Trans Continental Growth Fund,IN/AIF2/25-26/2083,"Mar 10, 2026 - Perpetual",sahil@transconcapital.com,Sahil Dhowan,"B 4145 Paragon Centre Pandurang Budhkar Marg Worli Mumbai 400 013, MUMBAI, MAHARASHTRA, 400013",,,,MAHARASHTRA,MUMBAI
TRANSITION VC ANGEL FUND,IN/AIF1/23-24/1335,"Aug 23, 2023 - Perpetual",raiyaan@transitionventurecapital.com,ABDUR RAHIM SHINGATI,"24013, Prestige Falcon City,, Kanakpura Road, Konankunte Cross, BANGALORE, KARNATAKA, 560062","24013, Prestige Falcon City, Kanakpura Road, Konankunte Cross, BANGALORE, KARNATAKA, 560062",,,KARNATAKA,BANGALORE
Transition Venture Capital,IN/AIF2/22-23/1174,"Nov 24, 2022 - Perpetual",raiyaan@transitionventurecapital.com,Abdur Rahim Raiyaan Shingati,"24013 Prestige Falcon City, Kanakpura Road, Konankunte Cross, BANGALORE, KARNATAKA, 560062","24013 Prestige Falcon City, Kanakpura Road, Konankunte Cross, BANGALORE, KARNATAKA, 560062",,,KARNATAKA,BANGALORE
Treta Opportunities Fund,IN/AIF2/23-24/1351,"Sep 20, 2023 - Perpetual",shubhranshupani@tretafund.com,Shubhranshu Pani,"1803-1804, Olivia Tower A, Verraton, Neelkanth Woods, Mullabaug, Manpada, THANE, MAHARASHTRA, 400610","1803-1804, Olivia Tower A, Verraton, Neelkanth Woods, Mullabaug, Manpada, THANE, MAHARASHTRA, 400610",,,MAHARASHTRA,
Trezone Tech and Logistic Evolution Fund,IN/AIF2/25-26/1940,"Oct 30, 2025 - Perpetual",ankit@trezoneventures.com,Ankit Agarwal,"1, Ground Floor, Juhu Landmark CHS, Plot no.37, CD Barfiwala Road, next to Criticare Hospital, Juhu , Scheme, Vile Parle West, Mumbai, Maharashtra 400049, MUMBAI, MAHARASHTRA, 400049","1, Ground Floor, Juhu Landmark CHS, Plot no.37, CD Barfiwala Road, next to Criticare Hospital, Juhu , Scheme, Vile Parle West, Mumbai, Maharashtra 400049, MUMBAI, MAHARASHTRA, 400049",,,MAHARASHTRA,MUMBAI
TRIBE CAPITAL NAVIGATOR FUND,IN/AIF2/24-25/1538,"Jun 18, 2024 - Perpetual",raj@tribecap.co,Raj Snehil Juneja,"84 Akashneem Marg, DLF Phase 2,, Sector 25, sikanderpur Ghosi 68, GURGAON, HARYANA, 122002","84 Akashneem Marg, DLF Phase 2, Sector 25, sikanderpur Ghosi 68, GURGAON, HARYANA, 122002",,,HARYANA,
Trident India Growth Fund 1 Trust,IN/AIF2/24-25/1555,"Jul 04, 2024 - Perpetual",Rajesh@tridentgp.in,Rajesh Ramaiah,"No.62, 17th Main, 2nd Block, Koramangala, Bangalore 560034, India, BANGALORE, KARNATAKA, 560034","No.62, 17th Main, 2nd Block, Koramangala, Bangalore 560034, India, BANGALORE, KARNATAKA, 560034",,,KARNATAKA,BANGALORE
TRIFECTA LEADERS FUND,IN/AIF2/21-22/0883,"May 18, 2021 - Perpetual",nilesh.kothari@trifectacapitalpartners.com,NILESH KOTHARI,"45, First Floor, Navjivan Vihar, NEW DELHI, NATIONAL CAPITAL TERRITORY OF DELHI, 110017","DLF Corporate Park, Block 1, Unit 202, DLF City Phase III, MG Road, GURGAON, HARYANA, 122002",,,NATIONAL CAPITAL TERRITORY OF DELHI,NEW DELHI
Trifecta Leaders Fund - II,IN/AIF2/22-23/1076,"Jun 03, 2022 - Perpetual",gaurav.goel@trifectacapital.in,Nilesh Kothari,"45, First Floor, Navjivan Vihar, New Delhi, NEW DELHI, NATIONAL CAPITAL TERRITORY OF DELHI, 110017","DLF Corporate Park, Block 1, Unit 202, DLF City Phase III, MG Road, GURGAON, HARYANA, 122002",,,NATIONAL CAPITAL TERRITORY OF DELHI,NEW DELHI
TRIFECTA VENTURE DEBT FUND,IN/AIF2/15-16/0140,"Apr 13, 2015 - Perpetual",ayush.gupta@trifectacapital.in,Ayush Gupta,"45, FIRST FLOOR, , NAVJIVAN VIHAR, MALVIYA NAGAR, NEW DELHI, NATIONAL CAPITAL TERRITORY OF DELHI, 110017",,,,NATIONAL CAPITAL TERRITORY OF DELHI,NEW DELHI
Trilateral Development Cooperation Fund,IN/AIF2/22-23/1257,"Mar 31, 2023 - Perpetual",compliance@sbicapventures.com,Ankita Shrivastav,"Marathon Futurex, 12th floor, A wing, , Mafatlal Mill Compound, N.M. Joshi Marg, Lower Parel, MUMBAI, MAHARASHTRA, 400013","Marathon Futurex, 12th floor, A wing, , Mafatlal Mill Compound, N.M. Joshi Marg, Lower Parel, MUMBAI, MAHARASHTRA, 400013",,,MAHARASHTRA,MUMBAI
Trilithon Asset Management,IN/AIF3/25-26/1808,"May 14, 2025 - Perpetual",abhishek.banerjee.aif@lotusdew.in,Abhishek Banerjee,"Cabin 3, 4th Floor, 1A and 1B Jyoti Imperial, Janardana Hills, Lumbini Avenue, Gachibowli, HYDERABAD, TELANGANA, 500032","Cabin 3, 4th Floor, 1A and 1B Jyoti Imperial, Janardana Hills, Lumbini Avenue, Gachibowli, HYDERABAD, TELANGANA, 500032",,,TELANGANA,HYDERABAD
Trillium Trust I,IN/AIF2/22-23/1077,"Jun 03, 2022 - Perpetual",mayur@trilliumvc.com,Mayur Padia,"101 Linden House Mahakavi Bhushan Marg, Apollo Bunder Colaba, MUMBAI, MAHARASHTRA, 400001","101 Linden House Mahakavi Bhushan Marg, Apollo Bunder Colaba, MUMBAI, MAHARASHTRA, 400001",,,MAHARASHTRA,MUMBAI
TRIPURA LAGHU VIKAS TRUST,IN/AIF1/22-23/1114,"Aug 18, 2022 - Perpetual",sajit@sidbiventure.co.in,SAJIT KUMAR,"SIDBI, Swavalamban Bhavan, C 11, G Block, 2nd floor, Bandra Kurla Complex, Bandra East, Mumbai, MUMBAI, MAHARASHTRA, 400051","SIDBI, Swavalamban Bhavan, C 11, G Block, 2nd floor, Bandra Kurla Complex, Bandra East, Mumbai, MUMBAI, MAHARASHTRA, 400051",,,MAHARASHTRA,MUMBAI
TRITON ALTERNATIVE INVESTMENT TRUST,IN/AIF2/14-15/0130,"Jan 22, 2015 - Perpetual",,,"705 A Wing, Marathon Futurex,, Mafatlal Mills Compound, NM Joshi Marg, Lower Parel, MUMBAI, MAHARASHTRA, 400013",,,,MAHARASHTRA,MUMBAI
Triveda Capital,IN/AIF2/21-22/0988,"Feb 03, 2022 - Perpetual",compliance@trivedacapital.com,P Ravindra Pai,"NO. 10/1, GROUND FLOOR, LAKSHMINARAYANA COMPLEX, PALACE ROAD, BANGALORE, KARNATAKA, 560052","NO. 10/1, GROUND FLOOR, LAKSHMINARAYANA COMPLEX, PALACE ROAD, BANGALORE, KARNATAKA, 560052",9110000000000.0,9110000000000.0,KARNATAKA,BANGALORE
True Beacon AIF,IN/AIF3/19-20/0701,"Jun 06, 2019 - Perpetual",richard@truebeacon.com,Richard Pattle,"New No. 114, Old No. 72.8, Cunningham Road, SRT Road, BANGALORE, KARNATAKA, 560051","New No. 114, Old No. 72.8, Cunningham Road, SRT Road, BANGALORE, KARNATAKA, 560051",,,KARNATAKA,BANGALORE
True North Credit Opportunities Fund I,IN/AIF2/21-22/0925,"Sep 02, 2021 - Perpetual",compliance@truenorth.co.in,Paras Nayyar,"9/2, Rocklines House, Ground Floor, Museum Road, BANGALORE, KARNATAKA, 560001","Suite F9C, Grand Hyatt Plaza, Santacruz East, MUMBAI, MAHARASHTRA, 400055",,,KARNATAKA,BANGALORE
TRUE NORTH CREDIT OPPORTUNITIES FUND II,IN/AIF2/25-26/1811,"May 27, 2025 - Perpetual",compliance@truenorth.co.in,Sushim Desai,"9 2, Rocklines House, Ground Floor, Museum Road, BANGALORE, KARNATAKA, 560001","Suite F9C, Grand Hyatt Plaza, Santacruz East, MUMBAI, MAHARASHTRA, 400055",,,KARNATAKA,BANGALORE
TRUE NORTH FUND IV,IN/AIF1/25-26/1923,"Oct 14, 2025 - Perpetual",rahulm@truenorth.co.in,Rahul Mehta,"Rocklines House Ground Floor 9 2 Museum Road, BANGALORE, KARNATAKA, 560001","Suite F9C Grand Hyatt Plaza Santacruz East, MUMBAI, MAHARASHTRA, 400055",,,KARNATAKA,BANGALORE
TRUE NORTH FUND V,IN/AIF2/15-16/0165,"Jul 27, 2015 - Perpetual",,,"Rocklines House, Ground Floor, 9 2, Museum Road, BANGALORE, KARNATAKA, 560001",,,,KARNATAKA,BANGALORE
TRUE NORTH FUND V LLP,IN/AIF2/16-17/0303,"Feb 28, 2017 - Perpetual",,,"ROCKLINES HOUSE, GROUND FLOOR, 9 by 2, MUSEUM ROAD, BANGALORE, KARNATAKA, 560001",,,,KARNATAKA,BANGALORE
TRUE NORTH FUND VI,IN/AIF2/17-18/0516,"Jan 19, 2018 - Perpetual",paras@truenorthco.in,Paras Nayyar,"Ground Floor, Rocklines House 9/2, Museum Road, BANGALORE, KARNATAKA, 560001","Suite F9C, Grand Hyatt Plaza, Santacruz (East), MUMBAI, MAHARASHTRA, 400055",,,KARNATAKA,BANGALORE
TRUE NORTH FUND VI LLP,IN/AIF2/17-18/0505,"Nov 23, 2017 - Perpetual",compliance@truenorthco.in,PARAS NAYYAR,"Suite F9C, Grand Hyatt Plaza, Santacruz East, MUMBAI, MAHARASHTRA, 400055","Suite F9C, Grand Hyatt Plaza, Santacruz East, MUMBAI, MAHARASHTRA, 400055",,,MAHARASHTRA,MUMBAI
True North Fund VII,IN/AIF2/21-22/1004,"Mar 08, 2022 - Perpetual",compliance@truenorth.co.in,Paras Nayyar,"9/2, Rocklines House, Ground Floor, Museum Road, BANGALORE, KARNATAKA, 560001","Suite F9C, Grand Hyatt Plaza, Santacruz East, MUMBAI, MAHARASHTRA, 400055",,,KARNATAKA,BANGALORE
True North Fund VII-A,IN/AIF2/22-23/1041,"Apr 04, 2022 - Perpetual",compliance@truenorth.co.in,Paras Nayyar,"9/2, Rocklines House, Ground Floor, Museum Road, BANGALORE, KARNATAKA, 560001","Suite F9C, Grand Hyatt Plaza, Santacruz East, MUMBAI, MAHARASHTRA, 400055",,,KARNATAKA,BANGALORE
Trustline Deep Alpha AIF,IN/AIF3/18-19/0580,"Sep 06, 2018 - Perpetual",arun.giri@trustlineindia.com,N ArunaGiri N ArunaGiri,"C o Vistra ITCL India Limited , ILFS Financial Centre Plot C 22 G Block BKC Bandra E, MUMBAI, MAHARASHTRA, 400051","39 19 II Floor Aspen Court 6th Main Road , Raja Annamalai Puram, CHENNAI, TAMIL NADU, 600028",,,MAHARASHTRA,MUMBAI
TRYROCK CAPITAL TRUST,IN/AIF1/23-24/1298,"Jun 22, 2023 - Perpetual",aif@tryrock.com,Manick Wadhwa,"718 Dr Joshi Rd Block A , Karol Bagh Delhi, DELHI, NATIONAL CAPITAL TERRITORY OF DELHI, 110005","718 Dr Joshi Rd Block A , Karol Bagh Delhi, DELHI, NATIONAL CAPITAL TERRITORY OF DELHI, 110005",,,NATIONAL CAPITAL TERRITORY OF DELHI,
TUNGA INVESTMENT TRUST,IN/AIF3/22-23/1194,"Jan 23, 2023 - Perpetual",LN@tungainvestments.com,Lakshminarayanan Ganapathi,"91 Springboard Business Hub Private Limited, 175 and 176, Bannerghatta Main Road, Dollars Colony, BANGALORE, KARNATAKA, 560076","91 Springboard Business Hub Private Limited, 175 and 176, Bannerghatta Main Road, Dollars Colony, BANGALORE, KARNATAKA, 560076",,,KARNATAKA,BANGALORE
Turbostart Angel Fund,IN/AIF1/24-25/1673,"Dec 23, 2024 - Perpetual",raghav@turbostart.co,Raghav Mayuranathan,"161, Basavanagar Main Road, above Reliance Trends, Vignan Nagar, Doddanekkundi, Bangalore, BANGALORE, KARNATAKA, 560037","161, Basavanagar Main Road, above Reliance Trends, Vignan Nagar, Doddanekkundi, Bangalore, BANGALORE, KARNATAKA, 560037",,,KARNATAKA,BANGALORE
Turmeric Capital,IN/AIF2/25-26/1944,"Nov 03, 2025 - Perpetual",compliance@tcap.com,Saurabh Bajpai,"424 Corporate Avenue Wing A Sonawala Road, Goregaon East Mumbai Maharashtra, MUMBAI, MAHARASHTRA, 400063","424 Corporate Avenue Wing A Sonawala Road, Goregaon East Mumbai Maharashtra, MUMBAI, MAHARASHTRA, 400063",,,MAHARASHTRA,MUMBAI
Tusk Investment Trust,IN/AIF2/23-24/1444,"Feb 02, 2024 - Perpetual",contact.us@tuskinvest.com,PRANAY AGARWAL,"Jassal House FL 13 4A, Auckland Square Park Circus, KOLKATA, WEST BENGAL, 700017","Jassal House FL 13 4A, Auckland Square Park Circus, KOLKATA, WEST BENGAL, 700017",,,WEST BENGAL,KOLKATA
Tusk Investments Public Market Trust,IN/AIF3/24-25/1614,"Oct 18, 2024 - Perpetual",raunak.agarwal@tuskinvest.com,Raunak Agarwal,"Jassal House Fl 13, 4 A Auckland Square Shakespeare, Sarani Park Circus, KOLKATA, WEST BENGAL, 700017","Jassal House Fl 13, 4 A Auckland Square Shakespeare, Sarani Park Circus, KOLKATA, WEST BENGAL, 700017",,,WEST BENGAL,KOLKATA
TVISHA CAPITAL,IN/AIF3/24-25/1731,"Feb 20, 2025 - Perpetual",deepak.kharwad@gmail.com,DEEPAK KHARWAD,"B 702, 7th Floor, Neelkanth Business Park, near Bus Depot, Kirol Village, Vidyavihar West, MUMBAI, MAHARASHTRA, 400086","B 702, 7th Floor, Neelkanth Business Park, near Bus Depot, Kirol Village, Vidyavihar West, MUMBAI, MAHARASHTRA, 400086",,,MAHARASHTRA,MUMBAI
TVS SHRIRAM GROWTH AIF TRUST,IN/AIF2/17-18/0503,"Nov 16, 2017 - Perpetual",R.JAGANNATHAN@TVSCAPITAL.IN,R JAGANNATHAN,"119, Greenways Towers, 2nd Floor, St Marys Road, Abhiramapuram, CHENNAI, TAMIL NADU, 600018","249-A, Ambujammal Street, Alwarpet, CHENNAI, TAMIL NADU, 600018",,,TAMIL NADU,CHENNAI
TVS SHRIRAM GROWTH AIF TRUST II,IN/AIF2/23-24/1429,"Jan 16, 2024 - Perpetual",s.ravikrishnan@tvscapital.in,Ravi Krishnan S,"2nd Floor, Greenways Towers, No. 119, St. Marys Road, Abhiramapuram, CHENNAI, TAMIL NADU, 600018","2nd Floor, Greenways Towers, No. 119, St. Marys Road, Abhiramapuram, CHENNAI, TAMIL NADU, 600018",,,TAMIL NADU,CHENNAI
TWENTYTHREE 80 ALTERNATIVE INVESTMENT TRUST,IN/AIF2/25-26/1837,"Jul 04, 2025 - Perpetual",sp@2380capital.com,Suresh Prabhala,"1st floor F3B Electric Mansion Appasaheb Marathe Marg Prabhadevi Mumbai Maharashtra India 400025, MUMBAI, MAHARASHTRA, 400025","Tablespace Technologies Private Limited 7th Floor Godrej BKC Plot No C68G Block BKC Bandra East Mumb, MUMBAI, MAHARASHTRA, 400051",,,MAHARASHTRA,MUMBAI
TWIN AND BULL INDIA FUND,IN/AIF2/22-23/1073,"May 27, 2022 - Perpetual",janardhan@prabhullc.net,Janardhan Rao,"Trifecta Adatto, B Wing, 12th Floor, Garudacharpalya, Whitefield Main Road, BANGALORE, KARNATAKA, 560048","Trifecta Adatto, B Wing, 12th Floor, Garudacharpalya, Whitefield Main Road, BANGALORE, KARNATAKA, 560048",,,KARNATAKA,BANGALORE
Two X Capital Investment Trust,IN/AIF3/25-26/1869,"Aug 04, 2025 - Perpetual",contact@twoxcapital.com,Tanmay Khandelwal,"4-5/2, Tulsi Chamber, Old Palasiya, , Greater Kailash Road, Tilak Nagar, INDORE, MADHYA PRADESH, 452018","4-5/2, Tulsi Chamber, Old Palasiya, , Greater Kailash Road, Tilak Nagar, INDORE, MADHYA PRADESH, 452018",,,MADHYA PRADESH,
Tykhe India Fund,IN/AIF2/25-26/2057,"Feb 16, 2026 - Perpetual",abhineet.sonkar.iimb@gmail.com,Abhineet Sonkar,"CoWrks Tower A, Paras Twin Towers, Sector 54, GURUGRAM, HARYANA, 122022","CoWrks Tower A, Paras Twin Towers, Sector 54, GURUGRAM, HARYANA, 122022",,,HARYANA,
Ubharte Sitaare Fund,IN/AIF2/21-22/0905,"Jul 09, 2021 - Perpetual",amitpaul@sidbiventure.co.in,Amit Paul,"SIDBI, Swavalamban Bhavan, C 11, G Block, 2nd floor, Bandra Kurla Complex, Bandra E, Mumbai 400 051, MUMBAI, MAHARASHTRA, 400051","SIDBI, Swavalamban Bhavan, C 11, G Block, 2nd floor, Bandra Kurla Complex, Bandra E, Mumbai 400 051, MUMBAI, MAHARASHTRA, 400051",,,MAHARASHTRA,MUMBAI
UC Impower Trust,IN/AIF2/21-22/1006,"Mar 09, 2022 - Perpetual",vsarda@unituscapital.com,Vikas Sarda,"No 99/100,Prestige Towers,2nd Floor , Residency Road, BANGALORE, KARNATAKA, 560025","No 99/100,Prestige Towers,2nd Floor , Residency Road, BANGALORE, KARNATAKA, 560025",,,KARNATAKA,BANGALORE
UC-RNT FUND,IN/AIF2/16-17/0225,"May 17, 2016 - Perpetual",,,"West Floor 3rd, 10 Elphinstone Building,Veer Nariman Road , Horniman Circle, Fort, MUMBAI, MAHARASHTRA, 400001",,,,MAHARASHTRA,MUMBAI
UK India Development Cooperation Fund,IN/AIF2/20-21/0849,"Jan 07, 2021 - Perpetual",ankita.shrivastav@sbicaps.com,Ankita Shrivastav,"610, 6th Floor, Ansal Bhawan, Kasturba Gandhi Marg, Connaught Place, New Delhi, NEW DELHI, NATIONAL CAPITAL TERRITORY OF DELHI, 110001","1501 C, 15th Floor, Tower 1, One Indiabulls centre , Jupiter Mills, Off Senapati bapat Marg, Lower Parel, Mumbai 400013, MUMBAI, MAHARASHTRA, 400013",,,NATIONAL CAPITAL TERRITORY OF DELHI,NEW DELHI
UNICORN FUND,IN/AIF3/25-26/1858,"Jul 23, 2025 - Perpetual",roopal@singhania.com,NISARG POPAT,"Block M5 Sumel 10 Phase I, M H Mill Compound Opp Ambedkar Hall Saraspur, AHMEDABAD, GUJARAT, 380018","Block M5 Sumel 10 Phase I, M H Mill Compound Opp Ambedkar Hall Saraspur, AHMEDABAD, GUJARAT, 380018",,,GUJARAT,
UNICORN INDIA VENTURES DEBT FUND - I,IN/AIF2/17-18/0506,"Nov 27, 2017 - Perpetual",sudip@unicornivc.com,Sudip Bandyopadhyay,"204 2nd Floor B Wing Phoenix House S.B. Marg , Lower Parel WEST, MUMBAI, MAHARASHTRA, 400013","204 2nd Floor B Wing Phoenix House S.B. Marg , Lower Parel WEST, MUMBAI, MAHARASHTRA, 400013",9100000000000.0,9100000000000.0,MAHARASHTRA,MUMBAI
UNICORN INDIA VENTURES TRUST,IN/AIF1/15-16/0159,"Jun 25, 2015 - Perpetual",anil@unicornivc.com,Anil Joshi,"5th Floor, Nehru Centre, Worli, MUMBAI, MAHARASHTRA, 400018","5th Floor, Nehru Centre, Worli, MUMBAI, MAHARASHTRA, 400018",,,MAHARASHTRA,MUMBAI
UNICORN INDIA VENTURES TRUST,IN/AIF1/15-16/159,"Jun 25, 2015 - Perpetual",,,,,,,,
UNIFI AIF,IN/AIF3/12-13/26,"Jan 23, 2013 - Perpetual",,,,,,,,
Unifi Umbrella AIF,IN/AIF3/21-22/0872,"Apr 01, 2021 - Perpetual",rvignesh@unificap.com,Vigneshwaran Ravichandran,"8th Floor, A Block, Shivsagar Estate, Dr. Annie Besant Road, Worli, MUMBAI, MAHARASHTRA, 400018","11 Kakani Towers, 15 Khader Nawaz Khan Road, CHENNAI, TAMIL NADU, 600006",,,MAHARASHTRA,MUMBAI
UNIQORN VENTURES FUND,IN/AIF1/15-16/163,"Jul 08, 2015 - Perpetual",,,"No.5, Crescent Road, High Grounds, Kumara Park East, BANGALORE, KARNATAKA, 560001",,,,KARNATAKA,BANGALORE
Unitary Fund,IN/AIF2/18-19/0644,"Mar 08, 2019 - Perpetual",rahul@unitaryhelion.com,Rahul Chandra,"261 3rd Cross Road Near Udupi Park Stage 2 Domlur , Bengaluru, BANGALORE, KARNATAKA, 560071","261 3rd Cross Road Near Udupi Park Stage 2 Domlur , Bengaluru, BANGALORE, KARNATAKA, 560071",,,KARNATAKA,BANGALORE
Unitary Trust II,IN/AIF2/23-24/1303,"Jun 30, 2023 - Perpetual",rahul@arkamvc.com,Rahul Chandra,"261 3rd Cross Road Near Udupi Park Stage 2 Domlur Bengaluru, BANGALORE, KARNATAKA, 560071","261 3rd Cross Road Near Udupi Park Stage 2 Domlur Bengaluru, BANGALORE, KARNATAKA, 560071",,,KARNATAKA,BANGALORE
UNITUS SEED FUND INDIA,IN/AIF1/13-14/0090,"Dec 18, 2013 - Perpetual",,,"No 99/100,Prestige Towers,2nd Floor , Residency Road, BANGALORE, KARNATAKA, 560025",,,,KARNATAKA,BANGALORE
Unitus Seed Fund India II,IN/AIF2/17-18/0364,"Sep 12, 2017 - Perpetual",sri@usf.vc,Srikrishna Ramamoorthy,"No 99/100,Prestige Towers,2nd Floor , Residency Road, BANGALORE, KARNATAKA, 560025",,8067236400.0,8067236400.0,KARNATAKA,BANGALORE
Unlock Capital Trust,IN/AIF2/25-26/2080,"Mar 06, 2026 - Perpetual",llp@unlockcapital.in,Siddharth Talwar,"1401, 14th Floor, South Tower, The Imperial, B.B. Nakashe Marg, Tardeo, MUMBAI, MAHARASHTRA, 400034",,,,MAHARASHTRA,MUMBAI
Upstreet India Infinity Fund,IN/AIF3/22-23/1136,"Sep 15, 2022 - Perpetual",rk@upstreet.in,Radhakrishna Bhandary,"Flat E-03, Bollineni Homes, HYDERABAD, TELANGANA, 500081","Flat E-03, Bollineni Homes, HYDERABAD, TELANGANA, 500081",,,TELANGANA,HYDERABAD
UPSURGE INVESTMENT TRUST,IN/AIF3/25-26/1844,"Jul 10, 2025 - Perpetual",mayank@upsurgeindia.com,Mayank Goyal,"303, Morya Landmark 1, Off New Link Road, Behind Crystal Plaza, Andheri West, MUMBAI, MAHARASHTRA, 400053","303, Morya Landmark 1, Off New Link Road, Behind Crystal Plaza, Andheri West, MUMBAI, MAHARASHTRA, 400053",,,MAHARASHTRA,MUMBAI
UTC FRONTIER INNOVATION FUND,IN/AIF1/25-26/1998,"Dec 22, 2025 - Perpetual",SIDDARTH@3ONE4CAPITAL.COM,SIDDARTH PAI,"OFFICE NO. 01, 5th FLOOR, 1 SOBHA, 50 ST. MARKS ROAD, BANGALORE, KARNATAKA, 560001","OFFICE NO. 01, 5th FLOOR, 1 SOBHA, 50 ST. MARKS ROAD, BANGALORE, KARNATAKA, 560001",,,KARNATAKA,BANGALORE
UTI Emerging India Opportunities Fund,IN/AIF2/18-19/0576,"Aug 24, 2018 - Perpetual",ashutosh.binayake@uti.co.in,Ashutosh Binayake,"UTI Tower First Floor Gn Block Bandra Kurla Complex , Bandra East, MUMBAI, MAHARASHTRA, 400051","UTI Tower First Floor Gn Block Bandra Kurla Complex , Bandra East, MUMBAI, MAHARASHTRA, 400051",,,MAHARASHTRA,MUMBAI
UTI MULTI OPPORTUNITIES FUND,IN/AIF2/21-22/0994,"Feb 14, 2022 - Perpetual",ashutosh.binayake@uti.co.in,Ashutosh Binayake,"UTI Tower Gn Block Bandra Kurla Complex, Bandra East, MUMBAI, MAHARASHTRA, 400051","UTI Tower Gn Block Bandra Kurla Complex, Bandra East, MUMBAI, MAHARASHTRA, 400051",,,MAHARASHTRA,MUMBAI
UTI SDOF GROWTH THEME FUND,IN/AIF2/22-23/1044,"Apr 05, 2022 - Perpetual",ASHUTOSH.BINAYAKE@UTI.CO.IN,ASHUTOSH BINAYAKE,"UTI Tower, G Block, Bandra Kurla Complex, Bandra East, MUMBAI, MAHARASHTRA, 400051","UTI Tower, G Block, Bandra Kurla Complex, Bandra East, MUMBAI, MAHARASHTRA, 400051",,,MAHARASHTRA,MUMBAI
Utilis Fund,IN/AIF2/16-17/0254,"Aug 24, 2016 - Perpetual",,,,,,,,
UTTHISHTA YEKUM FUND,IN/AIF1/12-13/0002,"Aug 01, 2012 - Perpetual",,,"610 6th floor shangrila plaza plot 14, road no 2 Banjara Hills,Hyderbad, HYDERABAD, TELANGANA, 500034",,,,TELANGANA,HYDERABAD
UV MULTIPLE ASSETS INVESTMENT TRUST,IN/AIF2/18-19/0655,"Mar 22, 2019 - Perpetual",deena_n_pathak@hotmail.com,DEENA PATHAK,"713 714 7th Floor, E Block ITT Nehru Place, NEW DELHI, NATIONAL CAPITAL TERRITORY OF DELHI, 110019","713 714 7th Floor, E Block ITT Nehru Place, NEW DELHI, NATIONAL CAPITAL TERRITORY OF DELHI, 110019",,,NATIONAL CAPITAL TERRITORY OF DELHI,NEW DELHI
V-Cube Ventures Investment Trust,IN/AIF2/25-26/2044,"Feb 13, 2026 - Perpetual",info@vcube.one,Naman Daga,"5W, 5th Floor, The Metropolitan, Bandra Kurla Complex, Bandra East, Mumbai, MUMBAI, MAHARASHTRA, 400051","578, BL House, Mahaveer Nagar, Tonk Road, Jaipur, JAIPUR, RAJASTHAN, 302018",,,MAHARASHTRA,MUMBAI
V.E.C ALTERNATIVE INVESTMENT FUND,IN/AIF3/13-14/0081,"Oct 25, 2013 - Perpetual",rajendra.khatu@vecinvestments.com,RAJENDRA KHATU,"1111, Raheja Chambers,, Free Press Journal Marg,Nariman Point, MUMBAI, MAHARASHTRA, 400021",,9100000000000.0,9100000000000.0,MAHARASHTRA,MUMBAI
V.E.C ALTERNATIVE INVESTMENT FUND II,IN/AIF3/16-11/0218,"Apr 13, 2016 - Perpetual",RAJENDRA.KHATU@VECINVESTMENTS.COM,RAJENDRA KHATU,"1111, Raheja Chambers,, Free Press Journal Marg, Nariman Point, MUMBAI, MAHARASHTRA, 400021",,9100000000000.0,9100000000000.0,MAHARASHTRA,MUMBAI
V.E.C ALTERNATIVE INVESTMENT FUND II,IN/AIF3/16-17/0218,"Apr 13, 2016 - Perpetual",RAJENDRA.KHATU@VECINVESTMENTS.COM,RAJENDRA KHATU,"1111, Raheja Chambers,, Free Press Journal Marg, Nariman Point, MUMBAI, MAHARASHTRA, 400021",,9100000000000.0,9100000000000.0,MAHARASHTRA,MUMBAI
V.E.C Alternative Investment Fund III,IN/AIF3/17-18/0316,"Apr 10, 2017 - Perpetual",,,"1111, Raheja Chambers, Free Press, Journal Marg, Nariman Point, MUMBAI, MAHARASHTRA, 400021",,,,MAHARASHTRA,MUMBAI
Vaikarya Change India Trust,IN/AIF3/24-25/1536,"Jun 10, 2024 - Perpetual",atiwari@vaikarya.com,Avnish Tiwari,"Common H T K Raheja Platinum Plot No 710G Marol Industrial Estate Near Sag Baug, Marol Co Op Sty Andheri E Mumbai 400059, MUMBAI, MAHARASHTRA, 400059","Common H T K Raheja Platinum Plot No 710G Marol Industrial Estate Near Sag Baug, Marol Co Op Sty Andheri E Mumbai 400059, MUMBAI, MAHARASHTRA, 400059",,,MAHARASHTRA,MUMBAI
Vaillant Alternative Investment Fund,IN/AIF2/23-24/1462,"Mar 22, 2024 - Perpetual",ranveer.sharma@vaillantcapital.com,Ranveer Sharma,"2102, Floor 21st, Imperial Tower South, B B Nakashe Marg, M.P. Mill Compound, Tardeo, MUMBAI, MAHARASHTRA, 400034","A 1, Second floor, Atur House, Dr. Annie Besant Road, Siddharth Nagar, Worli, MUMBAI, MAHARASHTRA, 400018",,,MAHARASHTRA,MUMBAI
Vajra One Cap Trust,IN/AIF3/23-24/1402,"Dec 06, 2023 - Perpetual",roopal@singhania.com,Davender Kumar,"S O2 SF A30 Kailash Colony, DELHI, NATIONAL CAPITAL TERRITORY OF DELHI, 110048","S O2 SF A30 Kailash Colony, DELHI, NATIONAL CAPITAL TERRITORY OF DELHI, 110048",,,NATIONAL CAPITAL TERRITORY OF DELHI,
Validus Trust,IN/AIF3/22-23/1054,"Apr 26, 2022 - Perpetual",nakshita@credentglobal.com,Aditya Kanoria,"One BKC, G Block, C Wing, Unit No 609, Bandra Kurla Complex, Bandra East, MUMBAI, MAHARASHTRA, 400051","One BKC, G Block, C Wing, Unit No 609, Bandra Kurla Complex, Bandra East, MUMBAI, MAHARASHTRA, 400051",,,MAHARASHTRA,MUMBAI
ValleyNXT Ventures Trust,IN/AIF1/25-26/1892,"Sep 03, 2025 - Perpetual",madhu@valleynxtventures.com,Madhu Vasepalli,"Plot number 195 Scheme number 78 Part II, Near Daisy Dales School, INDORE, MADHYA PRADESH, 452001","Plot number 195 Scheme number 78 Part II, Near Daisy Dales School, INDORE, MADHYA PRADESH, 452001",,,MADHYA PRADESH,
Valour Capital Trust,IN/AIF2/25-26/1832,"Jun 24, 2025 - Perpetual",kunal@valour.capital,Kunal Sawant,"612 Floor 6 Plot 221 Maker Chamber V Jamnalal Bajaj Marg Nariman Point, MUMBAI, MAHARASHTRA, 400021","612 Floor 6 Plot 221 Maker Chamber V Jamnalal Bajaj Marg Nariman Point, MUMBAI, MAHARASHTRA, 400021",,,MAHARASHTRA,MUMBAI
Valu-Able Capital,IN/AIF2/23-24/1286,"May 25, 2023 - Perpetual",sp@valu-able.com,Siba Panda,"Office 810, 8th Floor, Kailash Building, 26 K G Marg, New Delhi, NEW DELHI, NATIONAL CAPITAL TERRITORY OF DELHI, 110001","Office 810, 8th Floor, Kailash Building, 26 K G Marg, New Delhi, NEW DELHI, NATIONAL CAPITAL TERRITORY OF DELHI, 110001",,,NATIONAL CAPITAL TERRITORY OF DELHI,NEW DELHI
Value Angels Investment Trust,IN/AIF1/23-24/1378,"Nov 06, 2023 - Perpetual",roopal@singhania.com,Harvinderjit Bhatia,"D2 unit 2 Ground floor, Khira Nagar , Santacruz West, MUMBAI, MAHARASHTRA, 400054","D2 unit 2 Ground floor, Khira Nagar , Santacruz West, MUMBAI, MAHARASHTRA, 400054",,,MAHARASHTRA,MUMBAI
VALUE WISE INVESTMENT TRUST,IN/AIF3/23-24/1475,"Mar 26, 2024 - Perpetual",sumit_binani@hotmail.com,SUMIT BINANI,"Unit 604 606, Swastik Chambers,6th Floor, Swastik Mill Compound, Junction of CST Road and Sion Trombay Road, Chembur, MUMBAI, MAHARASHTRA, 400071","Unit 604 606, Swastik Chambers,6th Floor, Swastik Mill Compound, Junction of CST Road and Sion Trombay Road, Chembur, MUMBAI, MAHARASHTRA, 400071",,,MAHARASHTRA,MUMBAI
ValueAxis Emerging India AIF Trust,IN/AIF3/24-25/1694,"Jan 09, 2025 - Perpetual",sponsor@valueaxisequity.com,Prakash Agarwal,"UNIT NO 524, IJMIMA Complex, Raheja Metroplex, Malad West, Malad west, MUMBAI, MAHARASHTRA, 400064","UNIT NO 524, IJMIMA Complex, Raheja Metroplex, Malad West, Malad west, MUMBAI, MAHARASHTRA, 400064",,,MAHARASHTRA,MUMBAI
VALUEQUEST ALTERNATE INVESTMENT TRUST,IN/AIF2/22-23/1156,"Oct 20, 2022 - Perpetual",varun@valuequest.in,Varun Goenka,"Quest, 1073, Raja Bhau Anant Desai Marg, Prabhadevi, Mumbai 400025, MUMBAI, MAHARASHTRA, 400025","Quest, 1073, Raja Bhau Anant Desai Marg, Prabhadevi, Mumbai 400025, MUMBAI, MAHARASHTRA, 400025",,,MAHARASHTRA,MUMBAI
ValueQuest Alternate Investment Trust II,IN/AIF2/24-25/1737,"Feb 28, 2025 - Perpetual",aifcompliancepe@valuequest.in,Ravindra Dharamshi,"Kohinoor Square Business Park B 4101 41st Floor NC Kelkar Marg Shivaji Park Dadar West, MUMBAI, MAHARASHTRA, 400028","QUEST 1073 Rajabhau Desai Marg Behind Beau Monde Towers Prabhadevi, MUMBAI, MAHARASHTRA, 400025",,,MAHARASHTRA,MUMBAI
ValueQuest Enduring Advantage Trust Fund,IN/AIF3/25-26/1988,"Dec 12, 2025 - Perpetual",deepak@valuequestcapital.com,DEEPAK SOGANI,"TEC Level 8 DLF Centre Sansad Marg , Place New Delhi 110001 INDIA, NEW DELHI, NATIONAL CAPITAL TERRITORY OF DELHI, 110001","TEC Level 8 DLF Centre Sansad Marg , Place New Delhi 110001 INDIA, NEW DELHI, NATIONAL CAPITAL TERRITORY OF DELHI, 110001",,,NATIONAL CAPITAL TERRITORY OF DELHI,NEW DELHI
Valuequest India Investment Trust,IN/AIF3/24-25/1508,"May 02, 2024 - Perpetual",aifcompliance@valuequest.in,Hiten Gala,"Quest 1073, Rajababu Desai Marg, Behind Beau, Monde Tower, Prabhadevi, Mumbai, Maharashtra, India, MUMBAI, MAHARASHTRA, 400025","Quest 1073, Rajababu Desai Marg, Behind Beau, Monde Tower, Prabhadevi, Mumbai, Maharashtra, India, MUMBAI, MAHARASHTRA, 400025",,,MAHARASHTRA,MUMBAI
ValueQuest Tristar Trust,IN/AIF2/24-25/1741,"Mar 04, 2025 - Perpetual",tushnaz@valuequest.in,Tushnaz Patel,"Kohinoor Square Business Park B 4101, 41st Floor, NC Kelkar Marg, Shivaji Park, Dadar West, MUMBAI, MAHARASHTRA, 400028","Quest, 1073, Rajabhau Desai Marg, Behind Beau Monde Towers, Prabhadevi, MUMBAI, MAHARASHTRA, 400025",,,MAHARASHTRA,MUMBAI
VAMA VISION TRUST,IN/AIF2/22-23/1153,"Oct 20, 2022 - Perpetual",shammi@vamafund.com,SHAMMI KHANNA,"73 National Park, Lajpat Nagar IV, NEW DELHI, NATIONAL CAPITAL TERRITORY OF DELHI, 110024","73 National Park, Lajpat Nagar IV, NEW DELHI, NATIONAL CAPITAL TERRITORY OF DELHI, 110024",,,NATIONAL CAPITAL TERRITORY OF DELHI,NEW DELHI
Vantage Oak Fund,IN/AIF2/25-26/1873,"Aug 07, 2025 - Perpetual",rish.maheshwari@gmail.com,Rishi Maheshwari,"F180 First Floor Corporate Wing Haware Fantasia Business Park Sector 30A Vashi, NAVI MUMBAI, MAHARASHTRA, 400703","F180 First Floor Corporate Wing Haware Fantasia Business Park Sector 30A Vashi, NAVI MUMBAI, MAHARASHTRA, 400703",,,MAHARASHTRA,MUMBAI
Varanium Debt Opportunities Trust,IN/AIF2/19-20/0689,"May 03, 2019 - Perpetual",harish.sarda@varaniumgroup.com,Harish Sarda,"1416, 14th Floor, One Lodha Place, Senapati Bapat Marg, Lower Parel, MUMBAI, MAHARASHTRA, 400013","1416, 14th Floor, One Lodha Place, Senapati Bapat Marg, Lower Parel, MUMBAI, MAHARASHTRA, 400013",,,MAHARASHTRA,MUMBAI
VARANIUM DYNAMIC TRUST,IN/AIF3/14-15/0123,"Nov 05, 2014 - Perpetual",harish.sarda@varaniumgroup.com,Harish Sarda,"1416, 14th Floor, One Lodha Place, Senapati Bapat Marg, Lower Parel, MUMBAI, MAHARASHTRA, 400013",,9100000000000.0,9100000000000.0,MAHARASHTRA,MUMBAI
Varanium NexGen Trust,IN/AIF1/19-20/0688,"May 03, 2019 - Perpetual",harish.sarda@varaniumgroup.com,Harish Sarda,"1416, 14th Floor, One Lodha Place, Senapati Bapat Marg, Lower Parel, MUMBAI, MAHARASHTRA, 400013","1416, 14th Floor, One Lodha Place, Senapati Bapat Marg, Lower Parel, MUMBAI, MAHARASHTRA, 400013",,,MAHARASHTRA,MUMBAI
Vardan Ceqube India Investment Fund,IN/AIF2/17-18/0363,"Sep 07, 2017 - Perpetual",,,"A 902, Marathon Futurex, NM Joshi Marg, Lower Parel East, MUMBAI, MAHARASHTRA, 400013",,,,MAHARASHTRA,MUMBAI
Vardan Signature Capital,IN/AIF2/19-20/0679,"Apr 16, 2019 - Perpetual",dinesh.candidlex@gmail.com,Dinesh Kumar Agrawal,"B805, RUSTOMJEE CENTRAL PARK, ANDHERI KURLA ROAD, ANDHERI EAST, MUMBAI, MUMBAI, MAHARASHTRA, 400093","B805, RUSTOMJEE CENTRAL PARK, ANDHERI KURLA ROAD, ANDHERI EAST, MUMBAI, MUMBAI, MAHARASHTRA, 400093",,,MAHARASHTRA,MUMBAI
Vardan Venus Investment Trust,IN/AIF2/22-23/1223,"Mar 08, 2023 - Perpetual",arpit.ajmera@vardanceqube.com,Arpit Ajmera,"90 Okhla Industrial Estate Phase III New Delhi 110020, NEW DELHI, NATIONAL CAPITAL TERRITORY OF DELHI, 110020","3rd Floor South Annexe Tower 2 One World Center Senapati Bapat Marg Lower Parel W Mumbai , 400013 Maharashtra India, MUMBAI, MAHARASHTRA, 400013",,,NATIONAL CAPITAL TERRITORY OF DELHI,NEW DELHI
Vasuki India Trust,IN/AIF3/21-22/0919,"Aug 12, 2021 - Perpetual",trusteeship@orbisfinancial.in,Deepti Aggarwal,"12th Floor, Commerz, International Business Park, Oberoi Garden City, off Western Express Highway, MUMBAI, MAHARASHTRA, 400063","103, Piramal Tower, Peninsula Corporate Park, GK Marg, Lower Parel, MUMBAI, MAHARASHTRA, 400013",,,MAHARASHTRA,MUMBAI
Vayam Capital Trust,IN/AIF2/25-26/1896,"Sep 11, 2025 - Perpetual",rahul.khandelwal@vayamcapital.com,Rahul Khandelwal,"Plot No 45 Arjun Marg DLF Phase1, GURUGRAM, HARYANA, 122002","Plot No 45 Arjun Marg DLF Phase1, GURUGRAM, HARYANA, 122002",,,HARYANA,
VBCUBE Ventures Trust,IN/AIF3/24-25/1604,"Sep 26, 2024 - Perpetual",vb32024@gmail.com,BHAVIN SHAH,"1111 11th Floor Iconic Shyamal , Shyamal Cross Road 132 Ring Road Satellite, AHMEDABAD, GUJARAT, 380015","1111 11th Floor Iconic Shyamal , Shyamal Cross Road 132 Ring Road Satellite, AHMEDABAD, GUJARAT, 380015",,,GUJARAT,
Vehaan Alternative Investment Fund,IN/AIF2/22-23/1060,"May 10, 2022 - Perpetual",sudeep.arora@vaif.in,Vinamra Shastri,"H No C 302 A Sushant Lok Phase 1, Gurgaon, GURGAON, HARYANA, 122001","4 th Floor Plot No 2122 Udyog Vihar, 4 th Floor Plot No 2122 Udyog Vihar, GURGAON, HARYANA, 122015",,,HARYANA,
VELOCE AIF,IN/AIF2/24-25/1549,"Jun 27, 2024 - Perpetual",md@velocefintech.com,Nirav Jogani,"RSM Lemon House, G 02 to 05,, G and J Park, Gujarat Hira Bourse, Icchapore,, SURAT, GUJARAT, 394510","RSM Lemon House, G 02 to 05, G and J Park, Gujarat Hira Bourse, Icchapore, SURAT, GUJARAT, 394510",,,GUJARAT,
VENTANA VENTURES TRUST,IN/AIF2/22-23/1208,"Feb 16, 2023 - Perpetual",shylaja@ventanaventures.in,Shylaja Rao,"Door Number 13 3 41A Ground Floor Mahalakshmi Towers, Court Road Udupi 576101 Karnataka, UDUPI, KARNATAKA, 576101","Door Number 13 3 41A Ground Floor Mahalakshmi Towers, Court Road Udupi 576101 Karnataka, UDUPI, KARNATAKA, 576101",,,KARNATAKA,
VENTURE CAPITAL FUND FOR SCHEDULED CASTES,IN/AIF2/14-15/0129,"Jan 15, 2015 - Perpetual",poonam.garg@ifciventure.com,Poonam Garg,,,,,,
VENTURE CAPITAL FUND FOR SCHEDULED TRIBES,IN/AIF2/23-24/1355,"Sep 25, 2023 - Perpetual",VCFST@IFCIVENTURE.COM,POONAM GARG,"IFCI Tower, 61, Nehru Place, New Delhi, NEW DELHI, NATIONAL CAPITAL TERRITORY OF DELHI, 110019","IFCI Tower, 61, Nehru Place, New Delhi, NEW DELHI, NATIONAL CAPITAL TERRITORY OF DELHI, 110019",,,NATIONAL CAPITAL TERRITORY OF DELHI,NEW DELHI
VENTURE CATALYSTS ANGEL FUND,IN/AIF1/22-23/1157,"Oct 20, 2022 - Perpetual",mohit.rakhecha@venturecatalysts.in,Mohit Rakhecha,"B Wing, 9th Floor, Unit No 1, Times Square, Marol Metro Station, Andheri East, MUMBAI, MAHARASHTRA, 400059","B Wing, 9th Floor, Unit No 1, Times Square, Marol Metro Station, Andheri East, MUMBAI, MAHARASHTRA, 400059",,,MAHARASHTRA,MUMBAI
Venture Catalysts Angel Growth Fund,IN/AIF1/18-19/0653,"Mar 19, 2019 - Perpetual",anup@znationlab.com,ANUP MEHTA,"B Wing, 9th Floor, Unit No 1, Times Square, Marol Metro Station, Andheri East, MUMBAI, MAHARASHTRA, 400059","B Wing, 9th Floor, Unit No 1, Times Square, Marol Metro Station, Andheri East, MUMBAI, MAHARASHTRA, 400059",,,MAHARASHTRA,MUMBAI
VENTURE GURUKOOL INVESTMENT TRUST,IN/AIF1/19-20/0777,"Mar 03, 2020 - Perpetual",shivank@venturegurukool.com,SHIVANK SAXENA,"C 7, PASCHIMI MARG, DELHI, NATIONAL CAPITAL TERRITORY OF DELHI, 110057","C 7, PASCHIMI MARG, DELHI, NATIONAL CAPITAL TERRITORY OF DELHI, 110057",,,NATIONAL CAPITAL TERRITORY OF DELHI,
Ventureast Proactive Fund II,IN/AIF2/16-17/0232,"Jun 10, 2016 - Perpetual",,,"40 N 41 FINANCIAL DIST, NANAKRAMGUDA GACHIBOWLI, HYDERABAD, TELANGANA, 500032",,,,TELANGANA,HYDERABAD
VENTUREEAST TENET INDIA FUND,IN/AIF1/25-26/2008,"Jan 02, 2026 - Perpetual",vishnu.kamalapuri@ventureast.net,Vishnu Kamalapuri,"No. 3, Harrington Road, 7th Avenue, Chetpet, Chennai, Chennai, Tamil Nadu, India, 600031, CHENNAI, TAMIL NADU, 600031","7-50 1, JSN Colony, St No.8, Habsiguda, Hyderabad, HYDERABAD, TELANGANA, 500007",,,TAMIL NADU,CHENNAI
VENTURELAND ASIA ADVISORY SERVICES LLP,IN/AIF1/17-18/0520,"Feb 12, 2018 - Perpetual",srijib.mallik@creativelandasia.com,Srijib Mallik,"3rd Floor, Avinash House, 20th Khar Road, Khar (West), MUMBAI, MAHARASHTRA, 400052","3rd Floor, Avinash House, 20th Khar Road, Khar (West), MUMBAI, MAHARASHTRA, 400052",,,MAHARASHTRA,MUMBAI
VENTURESOUL CAPITAL FUND I,IN/AIF2/24-25/1490,"Apr 03, 2024 - Perpetual",ashish.gala@venturesoul.in,Ashish Gala,"CO Awfis Coworking space 8th floor Tower 1 OIC Senapati Bapat Marg Lower Parel Mumbai 400013, MUMBAI, MAHARASHTRA, 400013",,,,MAHARASHTRA,MUMBAI
VENTUREX TRUST,IN/AIF1/24-25/1565,"Jul 23, 2024 - Perpetual",demat@planify.in,Rajesh Singla,"1001, Block G1B Pocket 1, Phase 2 Samriddhi Appartment NSIT Dwarka, DELHI, NATIONAL CAPITAL TERRITORY OF DELHI, 110078","1001, Block G1B Pocket 1, Phase 2 Samriddhi Appartment NSIT Dwarka, DELHI, NATIONAL CAPITAL TERRITORY OF DELHI, 110078",,,NATIONAL CAPITAL TERRITORY OF DELHI,
Victory Investment Fund,IN/AIF2/16-17/0235,"Jun 16, 2016 - Perpetual",,,,,,,,
VIDYANITI LLP,IN/AIF3/23-24/1300,"Jun 27, 2023 - Perpetual",,,"No. 574, next to Wipro Corporate Office, Sarjapur Road, Doddakannelli, BANGALORE, KARNATAKA, 560035","No. 574, next to Wipro Corporate Office, Sarjapur Road, Doddakannelli, BANGALORE, KARNATAKA, 560035",,,KARNATAKA,BANGALORE
Vijit Growth Trust,IN/AIF3/24-25/1556,"Jul 05, 2024 - Perpetual",vijitramavat@gmail.com,Vijit Ramavat,"401 Amar Darshan 28 2 , Old Palasia, INDORE, MADHYA PRADESH, 452018","401 Amar Darshan 28 2 , Old Palasia, INDORE, MADHYA PRADESH, 452018",,,MADHYA PRADESH,
Vincere Partners Growth Fund,IN/AIF2/24-25/1577,"Aug 13, 2024 - Perpetual",nghuman@vincerepartners.in,Nidhi Ghuman,"8022 Sector B Pocket 11, Vasant Kunj, DELHI, NATIONAL CAPITAL TERRITORY OF DELHI, 110070","8022 Sector B Pocket 11, Vasant Kunj, DELHI, NATIONAL CAPITAL TERRITORY OF DELHI, 110070",,,NATIONAL CAPITAL TERRITORY OF DELHI,
Vira AIF Trust,IN/AIF2/24-25/1681,"Jan 06, 2025 - Perpetual",viraaif24@gmail.com,Ronak Haria,"Unit 412A, 4 FLOOR, THE CAPITAL, C70, G BLOCK, BKC, BANDRA EAST, MUMBAI, MAHARASHTRA, 400051","Unit 412A, 4 FLOOR, THE CAPITAL, C70, G BLOCK, BKC, BANDRA EAST, MUMBAI, MAHARASHTRA, 400051",,,MAHARASHTRA,MUMBAI
Visionary Value Trust,IN/AIF3/23-24/1379,"Nov 15, 2023 - Perpetual",vikas.gaikwad@sterlingassociates.in,Alok Agrawal,"404 405, Square One, Gulmohar Road, Andheri West, Mumbai 400049, MUMBAI, MAHARASHTRA, 400049","404 405, Square One, Gulmohar Road, Andheri West, Mumbai 400049, MUMBAI, MAHARASHTRA, 400049",,,MAHARASHTRA,MUMBAI
Vivriti CAT II Trust,IN/AIF2/23-24/1415,"Dec 18, 2023 - Perpetual",vam.compliance@vivritiamc.com,Amritha Paitenkar,"Unit 501 5th Floor Vibgyor Towers, Plot No. C 62, Block G Bandra Kurla Complex, MUMBAI, MAHARASHTRA, 400051","Unit 501 5th Floor Vibgyor Towers, Plot No. C 62, Block G Bandra Kurla Complex, MUMBAI, MAHARASHTRA, 400051",,,MAHARASHTRA,MUMBAI
Vivriti Treasury Optimizer Trust,IN/AIF3/23-24/1314,"Jul 24, 2023 - Perpetual",asish.ghosh@vivritiamc.com,Asish Ghosh,"Unit 501 5th Floor Vibgyor Towers, Plot No. C 62, Block G Bandra Kurla Complex, MUMBAI, MAHARASHTRA, 400051","Unit 501 5th Floor Vibgyor Towers, Plot No. C 62, Block G Bandra Kurla Complex, MUMBAI, MAHARASHTRA, 400051",,,MAHARASHTRA,MUMBAI
VIVRITI VIHAAN TRUST,IN/AIF2/19-20/0742,"Nov 01, 2019 - Perpetual",soum@vivriticapital.com,Soumendra Ghosh,"12th Floor, Prestige Polygon, No 471, Anna Salai, Nandanam, Teynampet, CHENNAI, TAMIL NADU, 600035","12th Floor, Prestige Polygon, No 471, Anna Salai, Nandanam, Teynampet, CHENNAI, TAMIL NADU, 600035",,,TAMIL NADU,CHENNAI
Volrado Venture Partners Fund II,IN/AIF1/16-17/0268,"Oct 17, 2016 - Perpetual",,,"128 by 129 MITTAL CHAMBER, NARIMAN POINT, MUMBAI, MAHARASHTRA, 400021",,,,MAHARASHTRA,MUMBAI
Volrado Venture Partners Fund IV,IN/AIF3/24-25/1535,"Jun 10, 2024 - Perpetual",volrado4@gmail.com,Ashwin Jain,"128 129 12th Floor , Mittal Chambers Nariman Point, MUMBAI, MAHARASHTRA, 400021","128 129 12th Floor , Mittal Chambers Nariman Point, MUMBAI, MAHARASHTRA, 400021",,,MAHARASHTRA,MUMBAI
Volrado Venture Partners Fund-III,IN/AIF2/21-22/0945,"Nov 02, 2021 - Perpetual",gautam@enam.com,Gautam Jain,"128 129 12 Floor, Mittal Chambers Nariman Point, MUMBAI, MAHARASHTRA, 400021","128 129 12 Floor, Mittal Chambers Nariman Point, MUMBAI, MAHARASHTRA, 400021",,,MAHARASHTRA,MUMBAI
Volt VC Trust,IN/AIF2/24-25/1520,"May 13, 2024 - Perpetual",parampatelp3@gmail.com,Param Patel,"A 1704 Privilon, behind Iscon Temple,, Bodakdev,, AHMEDABAD, GUJARAT, 380054","A 1704 Privilon, behind Iscon Temple, Bodakdev, AHMEDABAD, GUJARAT, 380054",,,GUJARAT,
Volvin AIF Trust,IN/AIF3/22-23/1129,"Sep 05, 2022 - Perpetual",jit@volvin.com,Jiten Mehra,"2nd Floor, C-33, Phase-2,, Focal Point,, LUDHIANA, PUNJAB, 141010","2nd Floor, C-33, Phase-2, Focal Point, LUDHIANA, PUNJAB, 141010",,,PUNJAB,
Vorton Capital Alternative Investment Trust,IN/AIF3/25-26/1918,"Oct 13, 2025 - Perpetual",vortoncapital@gmail.com,Kalpesh Dhakad,"Office No 1105 MTR. RNO. 2 Hubtown Viva 11th Floor CTS No. 330 (PT) Village Mogra, Jogeshwari W. E. Highway Shankarwadi Jogeshwari East Mumbai Maharashtra, MUMBAI, MAHARASHTRA, 400060","Office No 1105 MTR. RNO. 2 Hubtown Viva 11th Floor CTS No. 330 (PT) Village Mogra, Jogeshwari W. E. Highway Shankarwadi Jogeshwari East Mumbai Maharashtra, MUMBAI, MAHARASHTRA, 400060",,,MAHARASHTRA,MUMBAI
VPK Global Ventures Fund,IN/AIF3/22-23/1216,"Feb 24, 2023 - Perpetual",chetankotak1996@gmail.com,Chetan Kotak,"Atlantis Flat No. 102 , 1st FR, 150 Ring Road, Opp. Big Bazaar, Rajkot, RAJKOT, GUJARAT, 360001","Atlantis Flat No. 102 , 1st FR, 150 Ring Road, Opp. Big Bazaar, Rajkot, RAJKOT, GUJARAT, 360001",,,GUJARAT,
VRIDDHI VENTURES FUND,IN/AIF1/23-24/1318,"Aug 03, 2023 - Perpetual",sumitkhadria@gmail.com,SUMIT KHADRIA,"Room No 205 2nd Floor, 23 23B EMCA House Ansari Road Daryaganj, DELHI, NATIONAL CAPITAL TERRITORY OF DELHI, 110002","Room No 205 2nd Floor, 23 23B EMCA House Ansari Road Daryaganj, DELHI, NATIONAL CAPITAL TERRITORY OF DELHI, 110002",,,NATIONAL CAPITAL TERRITORY OF DELHI,
Vritti Alternate Investment Fund,IN/AIF2/24-25/1733,"Feb 21, 2025 - Perpetual",nishanth@novacpe.com,Nishanth PV,"Plot No 446, Sector 19, Dwarka, New Delhi, NEW DELHI, NATIONAL CAPITAL TERRITORY OF DELHI, 110075","Plot No 446, Sector 19, Dwarka, New Delhi, NEW DELHI, NATIONAL CAPITAL TERRITORY OF DELHI, 110075",,,NATIONAL CAPITAL TERRITORY OF DELHI,NEW DELHI
VSS INVESTMENTS FUND,IN/AIF2/22-23/1190,"Jan 16, 2023 - Perpetual",yash@fedsec.in,Yash Kadakia,"138, 1st Floor, Devika Towers, , Nehru Place, Delhi, DELHI, NATIONAL CAPITAL TERRITORY OF DELHI, 110019","B7 Jay Chambers, Dayaldas Road, Vile Parle East, MUMBAI, MAHARASHTRA, 400057",,,NATIONAL CAPITAL TERRITORY OF DELHI,MUMBAI
VVD AIF TRUST,IN/AIF3/25-26/2085,"Mar 10, 2026 - Perpetual",,,"B 507 Navratna Corporate Park, ISCON AMBLI Road, AHMEDABAD, GUJARAT, 380058",,,,GUJARAT,
W Health Ventures Trust II,IN/AIF2/25-26/1793,"Apr 22, 2025 - Perpetual",bhemani@whealthventures.com,Bhavesh Hemani,"3rd Floor Plot No 211 Okhla 3 Okhla Industrial Estate , Okhla Phase 3 Delhi 110020, DELHI, NATIONAL CAPITAL TERRITORY OF DELHI, 110020","3rd Floor Plot No 211 Okhla 3 Okhla Industrial Estate , Okhla Phase 3 Delhi 110020, DELHI, NATIONAL CAPITAL TERRITORY OF DELHI, 110020",,,NATIONAL CAPITAL TERRITORY OF DELHI,
Walton Street Blacksoil Real Estate Debt Fund II,IN/AIF2/19-20/0775,"Feb 24, 2020 - Perpetual",ankurbansal@blacksoil.co.in,Ankur Bansal,"1203, Lodha Supremus, Senapati Bapat Marg, Lower Parel, MUMBAI, MAHARASHTRA, 400013","1203, Lodha Supremus, Senapati Bapat Marg, Lower Parel, MUMBAI, MAHARASHTRA, 400013",,,MAHARASHTRA,MUMBAI
Walton Street Blacksoil Real Estate Trust,IN/AIF2/17-18/0391,"Nov 22, 2017 - Perpetual",,,,,,,,
Warewitt Investment Trust,IN/AIF2/24-25/1582,"Aug 20, 2024 - Perpetual",anup@warewitt.com,Anup Shah,"1203 South Tower One 42 B h Ashok Vatika Ambli Sanand, AHMEDABAD, GUJARAT, 380058","1203 South Tower One 42 B h Ashok Vatika Ambli Sanand, AHMEDABAD, GUJARAT, 380058",,,GUJARAT,
Warmup Ventures Trust,IN/AIF2/24-25/1662,"Dec 09, 2024 - Perpetual",partner@warmupventures.com,Sharad Bansal,"G 250, RIICO Industrial Area, Mansarovar, JAIPUR, RAJASTHAN, 302020","G 250, RIICO Industrial Area, Mansarovar, JAIPUR, RAJASTHAN, 302020",,,RAJASTHAN,JAIPUR
WaterBridge Ventures,IN/AIF2/16-17/0244,"Jul 08, 2016 - Perpetual",,,"A 268, First Floor, Bishm Pitamah Marg, Defence Colony, NEW DELHI, NATIONAL CAPITAL TERRITORY OF DELHI, 110024",,,,NATIONAL CAPITAL TERRITORY OF DELHI,NEW DELHI
WATERBRIDGE VENTURES ALPHA TRUST,IN/AIF2/21-22/0983,"Jan 29, 2022 - Perpetual",contact@waterbridge.vc,MANISH KHETERPAL,"B9, Lower Ground Floor, Green Park Main, NEW DELHI, NATIONAL CAPITAL TERRITORY OF DELHI, 110016","B9, Lower Ground Floor, Green Park Main, NEW DELHI, NATIONAL CAPITAL TERRITORY OF DELHI, 110016",,,NATIONAL CAPITAL TERRITORY OF DELHI,NEW DELHI
WaterBridge Ventures II Trust,IN/AIF2/18-19/0651,"Mar 19, 2019 - Perpetual",contact@waterbridge.vc,Manish Kheterpal,"B 9, LGF, Green Park Main,, New Delhi, NEW DELHI, NATIONAL CAPITAL TERRITORY OF DELHI, 110016","B 9, LGF, Green Park Main, New Delhi, NEW DELHI, NATIONAL CAPITAL TERRITORY OF DELHI, 110016",,,NATIONAL CAPITAL TERRITORY OF DELHI,NEW DELHI
WaterBridge Ventures III Trust,IN/AIF2/23-24/1302,"Jun 27, 2023 - Perpetual",contact@waterbridge.vc,Manish Kheterpal,"B 9, Lower Ground Floor, Green Park Main, NEW DELHI, NATIONAL CAPITAL TERRITORY OF DELHI, 110016","B 9, Lower Ground Floor, Green Park Main, NEW DELHI, NATIONAL CAPITAL TERRITORY OF DELHI, 110016",,,NATIONAL CAPITAL TERRITORY OF DELHI,NEW DELHI
Waterfield Capital Trust,IN/AIF2/21-22/0876,"Apr 19, 2021 - Perpetual",saurabh.agrawal@waterfieldadvisors.com,Saurabh Agrawal,"Office No. 142,14th Floor, Maker Chambers VI, 220 Jamnalal Bajaj Marg, Nariman Point, MUMBAI, MAHARASHTRA, 400021","Office No. 142,14th Floor, Maker Chambers VI, 220 Jamnalal Bajaj Marg, Nariman Point, MUMBAI, MAHARASHTRA, 400021",,,MAHARASHTRA,MUMBAI
Waterfield Capital Trust II,IN/AIF2/23-24/1275,"May 17, 2023 - Perpetual",shilpa.dadhich@waterfieldadvisors.com,Shilpa Dadhich,"Office No 142 14th Floor Maker Chambers VI 220 Jamnalal Bajaj Marg , Nariman Point Mumbai, MUMBAI, MAHARASHTRA, 400021","Office No 142 14th Floor Maker Chambers VI 220 Jamnalal Bajaj Marg , Nariman Point Mumbai, MUMBAI, MAHARASHTRA, 400021",,,MAHARASHTRA,MUMBAI
WEALTH DISCOVERY INVESTMENT TRUST,IN/AIF2/24-25/1527,"May 30, 2024 - Perpetual",WDFUNDMANAGER@GMAIL.COM,RAHUL AGARWAL,"1206, Kailash Building, K G Marg, Connaught Place, New Delhi 110001, NEW DELHI, NATIONAL CAPITAL TERRITORY OF DELHI, 110059","1206, Kailash Building, K G Marg, Curzon Road, Connaught Place, New Delhi 110001, NEW DELHI, NATIONAL CAPITAL TERRITORY OF DELHI, 110001",,,NATIONAL CAPITAL TERRITORY OF DELHI,NEW DELHI
Wealthwave Capital Trust,IN/AIF2/24-25/1736,"Feb 28, 2025 - Perpetual",info@middlepathadvisors.com,Siddharth Rajgaria,"Carnival House, Behind Dindoshi Fire Station,, Off. General A.K. Vaidya Marg,, MUMBAI, MAHARASHTRA, 400097","Carnival House, Behind Dindoshi Fire Station, Off. General A.K. Vaidya Marg, MUMBAI, MAHARASHTRA, 400097",,,MAHARASHTRA,MUMBAI
Wealthyvia Fund I,IN/AIF3/25-26/1901,"Sep 15, 2025 - Perpetual",invest@wealthyvia.com,Pritam Deuskar,"C601, Link Palace, Mohan Gokhale Road, Goregaon East,, MUMBAI, MAHARASHTRA, 400063","8th floor, Innov8 Office Building No.11, Solitaire Corporate Office Park, Chakala, Andheri East, MUMBAI, MAHARASHTRA, 400093",,,MAHARASHTRA,MUMBAI
Wee Cee,IN/AIF2/23-24/1350,"Sep 20, 2023 - Perpetual",pranay@weecee.com,Pranay Bhargava,"74 Bharat Apartments Sector 13 Rohini New Delhi 110085 India, DELHI, NATIONAL CAPITAL TERRITORY OF DELHI, 110085","74 Bharat Apartments Sector 13 Rohini New Delhi 110085 India, DELHI, NATIONAL CAPITAL TERRITORY OF DELHI, 110085",,,NATIONAL CAPITAL TERRITORY OF DELHI,NEW DELHI
WEH Ventures Trust,IN/AIF1/16-17/0298,"Feb 03, 2017 - Perpetual",,,"G 706 OBEROI SPLENDOR, JVLR JOGESHWARI EAST, MUMBAI, MAHARASHTRA, 400060",,,,MAHARASHTRA,MUMBAI
WEH Ventures Trust II,IN/AIF2/20-21/0793,"May 06, 2020 - Perpetual",deepak@wehventures.com,Deepak Gupta,"G 706 OBEROI SPLENDOR, JVLR JOGESHWARI EAST, MUMBAI, MAHARASHTRA, 400060","G 706 OBEROI SPLENDOR, JVLR JOGESHWARI EAST, MUMBAI, MAHARASHTRA, 400060",,,MAHARASHTRA,MUMBAI
WEH Ventures Trust III,IN/AIF1/24-25/1564,"Jul 22, 2024 - Perpetual",deepak@wehventures.com,Deepak Gupta,"Flat G706, 7th Floor, Oberoi Splendor Grande CHSL, Jogeshwari Vikhroli Link Road, Opp Majas Bus Depot, Jogeshwari East, MUMBAI, MAHARASHTRA, 400060","Wework Raheja Platinum, Sag Baug Road, Marol, Andheri East, MUMBAI, MAHARASHTRA, 400059",,,MAHARASHTRA,MUMBAI
WEIKFIELD RE ESTATES 1 LLP,IN/AIF2/13-14/0058,"Jun 10, 2013 - Perpetual",,,,,,,,
Welspun One Warehousing Opportunities Fund,IN/AIF2/20-21/0841,"Nov 17, 2020 - Perpetual",yash_ravel@welspun.com,Yash Ravel,"Welspun House, Kamala Mills Compound, Lower Parel, MUMBAI, MAHARASHTRA, 400013","Welspun House, Kamala Mills Compound, Lower Parel, MUMBAI, MAHARASHTRA, 400013",,,MAHARASHTRA,MUMBAI
West End Alternative Investment Fund,IN/AIF2/23-24/1307,"Jul 04, 2023 - Perpetual",westendinvestmentadvisors@gmail.com,Pooja Kunwar,"229 Floor G Plot 229 Bakhtawar Building , Ramnath Goyanka Marg Nariman Point, MUMBAI, MAHARASHTRA, 400021","229 Floor G Plot 229 Bakhtawar Building , Ramnath Goyanka Marg Nariman Point, MUMBAI, MAHARASHTRA, 400021",,,MAHARASHTRA,MUMBAI
Westbourne Investment Trust,IN/AIF2/24-25/1763,"Mar 20, 2025 - Perpetual",rudy@lyptuscapital.com,Aniruddha Gopalakrishnan,"Flat No.03 Plot 45 Revills Building Capt , Prakash Pethe Marg President Hotel Cuffe Parade Mumba, MUMBAI, MAHARASHTRA, 400005","Flat No.03 Plot 45 Revills Building Capt , Prakash Pethe Marg President Hotel Cuffe Parade Mumba, MUMBAI, MAHARASHTRA, 400005",,,MAHARASHTRA,MUMBAI
WESTBRIDGE AIF I,IN/AIF2/18-19/0553,"Jun 12, 2018 - Perpetual",sumir.chadha@westbridgecap.com,Sumir Chadha,"368, 1st Floor, 4th Main, 2nd Block, Kathriguppe Water Tank, 3rd Phase, BSK III, BANGALORE, KARNATAKA, 560085","368, 1st Floor, 4th Main, 2nd Block, Kathriguppe Water Tank, 3rd Phase, BSK III, BANGALORE, KARNATAKA, 560085",,,KARNATAKA,BANGALORE
White Oak India Equity Fund,IN/AIF3/17-18/0498,"Oct 26, 2017 - Perpetual",riddhi.gohel@whiteoakinvestors.com,Riddhi Gohel,"246, SRS Plaza, Ground Floor,, 13th Cross, 2nd Stage, Indiranagar, BANGALORE, KARNATAKA, 560038","Cnergy, 6/2B, Appasaheb Marathe Marg, Prabhadevi, MUMBAI, MAHARASHTRA, 400025",,,KARNATAKA,BANGALORE
White Oak India Equity Fund II,IN/AIF3/18-19/0634,"Feb 20, 2019 - Perpetual",,,"C/o Sun Square Business Hub, No. 33, Rab Complex, 18th Main Road, 100 Ring Road, 15th Cross, J P Nagar,2nd Phase, BANGALORE, KARNATAKA, 560078","Cnergy, 6/2B, Appasaheb Marathe Marg, Prabhadevi, MUMBAI, MAHARASHTRA, 400025",,,KARNATAKA,BANGALORE
White Oak India Equity Fund IV,IN/AIF3/20-21/0871,"Mar 31, 2021 - Perpetual",riddhi.gohel@whiteoakinvestors.com,Riddhi Gohel,"Sun Square Business Hub, No. 33, Rab Complex, 18th Main Road,, 100 Ring road, 15th Cross, J P Nagar,2nd Phase,, BANGALORE, KARNATAKA, 560078","6th Floor, B2/B3, Cnergy Building, Appasaheb Marathe Marg, Prabhadevi, MUMBAI, MAHARASHTRA, 400025",,,KARNATAKA,BANGALORE
White Oak India Equity Fund V,IN/AIF3/21-22/0974,"Jan 20, 2022 - Perpetual",riddhi.gohel@whiteoakinvestors.com,Riddhi Gohel,"Sun Square Business Hub, No. 33, Rab Complex, 18th Main Road, 100 Ring Road, 15th Cross, J P Nagar, 2nd Phase, BANGALORE, KARNATAKA, 560078","6th Floor, B2/B3, Cnergy Building, Appasaheb Marathe Marg, Prabhadevi, MUMBAI, MAHARASHTRA, 400025",,,KARNATAKA,BANGALORE
White Oak India Equity Fund VI,IN/AIF3/21-22/0970,"Jan 19, 2022 - Perpetual",riddhi.gohel@whiteoakinvestors.com,Riddhi Gohel,"Sun Square Business Hub, No. 33, Rab Complex, 18th Main Road, 100 Ring Road, 15th Cross, J P Nagar, 2nd Phase, BANGALORE, KARNATAKA, 560078","6th Floor, B2/B3, Cnergy Building, Appasaheb Marathe Marg, Prabhadevi, MUMBAI, MAHARASHTRA, 400025",,,KARNATAKA,BANGALORE
White Oak India Select Equity Fund,IN/AIF3/19-20/0676,"Apr 12, 2019 - Perpetual",riddhi.gohel@whiteoakinvestors.com,Riddhi Gohel,"Sun Square Business Hub, No. 33, Rab Complex, 15th Cross, J P Nagar,2nd Phase, BANGALORE, KARNATAKA, 560078","Cnergy, Unit 6/2B, Appasaheb Marathe Marg, Prabhadevi, MUMBAI, MAHARASHTRA, 400025",,,KARNATAKA,BANGALORE
White Whale India Opportunities Fund,IN/AIF2/24-25/1717,"Feb 07, 2025 - Perpetual",info@whitewhale.in,Shapath Parikh,"206 Prospect Chamber , Dr D N Road Fort Mumbai, MUMBAI, MAHARASHTRA, 400001","1502 Lodha Supremus Dr E Moses Road , Worli Naka Worli Mumbai 400018, MUMBAI, MAHARASHTRA, 400018",,,MAHARASHTRA,MUMBAI
White Whale Venture Fund,IN/AIF1/21-22/0999,"Feb 25, 2022 - Perpetual",info@whitewhale.in,Shapath Parikh,"206 Prospect Chamber Dr D N Road Fort, Maharashtra India, MUMBAI, MAHARASHTRA, 400001","206 Prospect Chamber Dr D N Road Fort, Maharashtra India, MUMBAI, MAHARASHTRA, 400001",,,MAHARASHTRA,MUMBAI
Whiteboard Capital Fund,IN/AIF2/17-18/0379,"Oct 16, 2017 - Perpetual",,,"601, Floral Deck Plaza, Central MIDC Road, Andheri East, MUMBAI, MAHARASHTRA, 400093",,,,MAHARASHTRA,MUMBAI
Whiteboard Capital Fund Trust,IN/AIF2/25-26/1982,"Dec 09, 2025 - Perpetual",nitesh@whiteboardcap.com,Nitesh Vaghela,"Unit no. 601, 6th Floor, A Wing, Floral Deck Plaza, Central MIDC Road, Andheri East, Mumbai 400093, Maharashtra, India, MUMBAI, MAHARASHTRA, 400093","Unit no. 601, 6th Floor, A Wing, Floral Deck Plaza, Central MIDC Road, Andheri East, Mumbai 400093, Maharashtra, India, MUMBAI, MAHARASHTRA, 400093",,,MAHARASHTRA,MUMBAI
WhiteBoard Capital India Trust,IN/AIF2/21-22/0964,"Dec 15, 2021 - Perpetual",anshu@whiteboardcap.com,Anshu Prasher,"Unit No. 6016th Floor A Wing Floral Deck Plaza Central MIDC Road Andheri East Mumbai Maharashtra 400, MUMBAI, MAHARASHTRA, 400093","Unit No. 6016th Floor A Wing Floral Deck Plaza Central MIDC Road Andheri East Mumbai Maharashtra 400, MUMBAI, MAHARASHTRA, 400093",,,MAHARASHTRA,MUMBAI
WhiteOak Capital Equity Fund,IN/AIF3/23-24/1259,"Apr 18, 2023 - Perpetual",prannav.shah@whiteoakamc.com,Prannav Shah,"C o Sun Square Business Hub No 33, Rab Complex, 18th Main Road, 100 Ring Road, 15th Cross, J P Nagar, 2nd Phase, BANGALORE, KARNATAKA, 560078","C o Sun Square Business Hub No 33, Rab Complex, 18th Main Road, 100 Ring Road, 15th Cross, J P Nagar, 2nd Phase, BANGALORE, KARNATAKA, 560078",,,KARNATAKA,BANGALORE
WhiteOak Capital Healthcare Opportunities Fund,IN/AIF3/25-26/1777,"Apr 04, 2025 - Perpetual",prannav.shah@whiteoakinvestors.com,Prannav Shah,"Unit No. B4, 6th Floor, Cnergy, Appasaheb Marathe Marg, Prabhadevi, MUMBAI, MAHARASHTRA, 400025","Unit No. B4, 6th Floor, Cnergy, Appasaheb Marathe Marg, Prabhadevi, MUMBAI, MAHARASHTRA, 400025",,,MAHARASHTRA,MUMBAI
WhiteOak Capital India Opportunities Fund,IN/AIF2/24-25/1740,"Mar 03, 2025 - Perpetual",prannav.shah@whiteoakinvestors.com,Prannav Shah,"Co Sun Square Business Hub No 33 Rab Complex 18th Main Road 100 Ring Road 15th Cross , J P Nagar 2nd Phase, BANGALORE, KARNATAKA, 560078","Unit No B4 6th Floor Cnergy Appasaheb Marathe, Marg Prabhadevi, BANGALORE, KARNATAKA, 400025",,,KARNATAKA,BANGALORE
WhiteOak Capital REIT & InvIT Alternates Fund I,IN/AIF3/25-26/1994,"Dec 17, 2025 - Perpetual",prannav.shah@whiteoakinvestors.com,Prannav Shah,"C/o AWFIS 7 Floor, Raheja Towers, East Wing, 26/27, Mahatma Gandhi Road, BANGALORE, KARNATAKA, 560001","Unit No. B4, 6th Floor, Cnergy, Appasaheb Marathe Marg, Prabhadevi, MUMBAI, MAHARASHTRA, 400025",,,KARNATAKA,BANGALORE
WHITESPACE ALPHA,IN/AIF3/19-20/0729,"Sep 11, 2019 - Perpetual",KMILANRAO@GMAIL.COM,KRISHNA MILAN RAO KALVAKUNTLA,"Plot no 70, HUDA Heights, Road No 12 Banjara Hills, HYDERABAD, TELANGANA, 500034","Plot no 70, HUDA Heights, Road No 12 Banjara Hills, HYDERABAD, TELANGANA, 500034",,,TELANGANA,HYDERABAD
Whitespace Alpha - Special Situations Fund,IN/AIF1/23-24/1270,"May 04, 2023 - Perpetual",ssf@whitespacealpha.com,Rohith Lokareddy,"H No 8212011288897S1 Second Floor Aparna Crest Road No 2 Banjara Hills Hyderabad Telangana 500034, HYDERABAD, TELANGANA, 500034","Aparna Crest 2nd Floor 8 2 269 A 2 1 6 Road No 2 Venkat Nagar Banjara Hills Hyderabad Telangana 5000, HYDERABAD, TELANGANA, 500033",,,TELANGANA,HYDERABAD
Whitespace Alpha - Special Situations Fund,IN/AIFundefined/23-24/1270,"May 04, 2023 - Perpetual",,,"H No 8212011288897S1 Second Floor Aparna Crest Road No 2 Banjara Hills Hyderabad Telangana 500034, HYDERABAD, TELANGANA, 500034","Aparna Crest 2nd Floor 8 2 269 A 2 1 6 Road No 2 Venkat Nagar Banjara Hills Hyderabad Telangana 5000, HYDERABAD, TELANGANA, 500033",,,TELANGANA,HYDERABAD
WINGSPAN GROWTH OPPORTUNITIES FUND I,IN/AIF2/18-19/0573,"Aug 09, 2018 - Perpetual",pravin.prasad@wingspanfunds.com,Pravin Prasad,"Wingspan Growth Opportunities Fund I, Maker Chambers VI, No. 74, Nariman Point, MUMBAI, MAHARASHTRA, 400021","Wingspan Growth Opportunities Fund I, Maker Chambers VI, No. 74, Nariman Point, MUMBAI, MAHARASHTRA, 400021",,,MAHARASHTRA,MUMBAI
WintWealth Alternate Fund,IN/AIF2/25-26/2098,"Mar 18, 2026 - Perpetual",samarth@wintwealth.com,Samarth Tandon,"175 and 176, Bannerghatta Main Road , Dollars Colony, Phase 4, J.P. Nagar, BANGALORE, KARNATAKA, 560076",,,,KARNATAKA,BANGALORE
Winvest AIF,IN/AIF3/25-26/1911,"Oct 09, 2025 - Perpetual",anandita@winvestcapital.in,Anandita Jain,"625A, DLF Magnolias, Gurugram, Haryana, GURUGRAM, HARYANA, 122002","625A, DLF Magnolias, Gurugram, Haryana, GURUGRAM, HARYANA, 122002",,,HARYANA,
Wisdom Angels,IN/AIF1/18-19/0557,"Jun 28, 2018 - Perpetual",siddharth@wisdomsmith.com,Siddharth Rajgaria,"307, Durian Industrial Estate, Goregaon Mulund Link Road, Near Pravasi Industrial Estate, Goregaon E, MUMBAI, MAHARASHTRA, 400063","307, Durian Industrial Estate, Goregaon Mulund Link Road, Near Pravasi Industrial Estate, Goregaon E, MUMBAI, MAHARASHTRA, 400063",,,MAHARASHTRA,MUMBAI
WORLD V FUND TRUST,IN/AIF1/19-20/0766,"Feb 03, 2020 - Perpetual",sc@world5fund.com,Shailesh kumar,"B-42, IFS Apartments,, Mayur Vihar, Phase 1,, NEW DELHI, NATIONAL CAPITAL TERRITORY OF DELHI, 110091","B-42, IFS Apartments, Mayur Vihar, Phase 1, NEW DELHI, NATIONAL CAPITAL TERRITORY OF DELHI, 110091",,,NATIONAL CAPITAL TERRITORY OF DELHI,NEW DELHI
WSB REAL ESTATE DEBT FUND,IN/AIF2/22-23/1229,"Mar 13, 2023 - Perpetual",bagadiah@waltonstindia.com,HARDIK BAGADIA,"Unit 215 The Capital G Block , Bandra Kurla Complex Bandra East, MUMBAI, MAHARASHTRA, 400051","Unit 215 The Capital G Block , Bandra Kurla Complex Bandra East, MUMBAI, MAHARASHTRA, 400051",,,MAHARASHTRA,MUMBAI
Wyser Capital Trust,IN/AIF2/24-25/1691,"Jan 07, 2025 - Perpetual",sanjay@wyser.vc,Sanjay Kothari,"No. 13, L.R.Mansion, 2nd cross, HAL Main road, BANGALORE, KARNATAKA, 560008","No. 13, L.R.Mansion, 2nd cross, HAL Main road, BANGALORE, KARNATAKA, 560008",,,KARNATAKA,BANGALORE
X91 Capital Trust,IN/AIF3/25-26/1843,"Jul 09, 2025 - Perpetual",sharad@x91capital.com,Sharad Kajaria,"Suite 301, 3rd floor, 145, Rash Behari Avenue, KOLKATA, WEST BENGAL, 700029","Suite 301, 3rd floor, 145, Rash Behari Avenue, KOLKATA, WEST BENGAL, 700029",,,WEST BENGAL,KOLKATA
Xcelencia Alternative Opportunities Trust,IN/AIF2/25-26/1784,"Apr 07, 2025 - Perpetual",harshil.gosalia@xcelencia.in,Harshil Gosalia,"The Capital, Level 7, G Block, Bandra Kurla Complex, Bandra East, Mumbai 400051, India, MUMBAI, MAHARASHTRA, 400051","The Capital, Level 7, G Block, Bandra Kurla Complex, Bandra East, Mumbai 400051, India, MUMBAI, MAHARASHTRA, 400051",,,MAHARASHTRA,MUMBAI
Xponentia Opportunities Fund,IN/AIF2/18-19/0594,"Oct 03, 2018 - Perpetual",prs@exponentia.in,Perumal Srinivasan,"25A Belvedere Court, Sane Guruji Marg, Jacob Circle, MUMBAI, MAHARASHTRA, 400011","25A Belvedere Court, Sane Guruji Marg, Jacob Circle, MUMBAI, MAHARASHTRA, 400011",,,MAHARASHTRA,MUMBAI
Xponentia Opportunities Trust II,IN/AIF2/21-22/0972,"Jan 20, 2022 - Perpetual",prs@xponentia.in,Perumal Srinivasan,"201 B Second Floor Sarjan Plaza, Dr Annie Basant road worli, MUMBAI, MAHARASHTRA, 400018","201 B Second Floor Sarjan Plaza, Dr Annie Basant road worli, MUMBAI, MAHARASHTRA, 400018",,,MAHARASHTRA,MUMBAI
Y-Point Venture Capital Trust,IN/AIF2/25-26/1937,"Oct 29, 2025 - Perpetual",y-pointvc@sineiitb.org,Saurabh Jain,"Society for Innovation and Entrepreneurship, 5th floor, Rahul Bajaj Technology Innovation Centre, IIT Bombay, MUMBAI, MAHARASHTRA, 400076","Society for Innovation and Entrepreneurship, 5th floor, Rahul Bajaj Technology Innovation Centre, IIT Bombay, MUMBAI, MAHARASHTRA, 400076",,,MAHARASHTRA,MUMBAI
Yali Ventures,IN/AIF2/23-24/1438,"Jan 29, 2024 - Perpetual",gani@yali.vc,Ganapathy Subramaniam,"No. 505, B Block, 3rd Cross AECS Layout, Kundalahalli, BANGALORE, KARNATAKA, 560037","No. 505, B Block, 3rd Cross AECS Layout, Kundalahalli, BANGALORE, KARNATAKA, 560037",,,KARNATAKA,BANGALORE
YAN Angel Fund,IN/AIF1/22-23/1080,"Jun 08, 2022 - Perpetual",pankaj@yatraangelnetwork.com,PANKAJ S,"104 B Wing Bld 2 Powai Jaltarang CHS Ltd, Powai Police Station Powai, MUMBAI, MAHARASHTRA, 400076","91 Springboard Business Hub Private Limited 1st Floor Kagalwala House , Behind Shaman Wheels Mercedes Showroom Kalina Santacruz East, MUMBAI, MAHARASHTRA, 400098",,,MAHARASHTRA,MUMBAI
YANIVA TRUST,IN/AIF2/25-26/2061,"Feb 24, 2026 - Perpetual",vsd@yanivaventures.com,Varad Dave,"910 Swati Clover, Shilaj Circle, Shilaj, AHMEDABAD, GUJARAT, 380054",,,,GUJARAT,
YK2 Partners India Equity Fund,IN/AIF3/23-24/1386,"Nov 22, 2023 - Perpetual",arun@yk2partners.com,Arun Agarwal,"Co YK2 Partners Private Limited, 1007B, 10th Floor, One Lodha Place, Senapati Bapat Marg, Lower Parel, MUMBAI, MAHARASHTRA, 400013","Co YK2 Partners Private Limited, 1007B, 10th Floor, One Lodha Place, Senapati Bapat Marg, Lower Parel, MUMBAI, MAHARASHTRA, 400013",,,MAHARASHTRA,MUMBAI
Young Turtle Vision Fund,IN/AIF3/21-22/1014,"Mar 14, 2022 - Perpetual",uppma.ginotra86@gmail.com,KRIPALSINH PARMAR,"A6 Fourth Floor Safal Profitaire , Corporate road Ahmedabad, AHMEDABAD, GUJARAT, 380015","A6 Fourth Floor Safal Profitaire , Corporate road Ahmedabad, AHMEDABAD, GUJARAT, 380015",,,GUJARAT,
YOURNEST ANGEL FUND,IN/AIF1/25-26/1874,"Aug 08, 2025 - Perpetual",rajat.chawla@yournest.in,Rajat Chawla,"A-268 Bhishm 3rd Floor Pitamah Marg Defence Colony New Delhi, Delhi-110001, NEW DELHI, NATIONAL CAPITAL TERRITORY OF DELHI, 110001","4th Floor, 04-016, MGF Metropolis Mall, Mg Road, Gurgaon, Haryana, GURGAON, HARYANA, 122002",,,NATIONAL CAPITAL TERRITORY OF DELHI,NEW DELHI
YourNest Continuum Fund I,IN/AIF2/25-26/1919,"Oct 13, 2025 - Perpetual",rajat.chawla@yournest.in,Rajat Chawla,"E-287, Second Floor,, Greater Kailash, South Delhi, New Delhi, NEW DELHI, NATIONAL CAPITAL TERRITORY OF DELHI, 110048","E-287, Second Floor, Greater Kailash, South Delhi, New Delhi, NEW DELHI, NATIONAL CAPITAL TERRITORY OF DELHI, 110048",,,NATIONAL CAPITAL TERRITORY OF DELHI,NEW DELHI
YourNest India VC Fund,IN/AIF1/16-17/0267,"Oct 13, 2016 - Perpetual",,,"YourNest India VC Fund A 268 First Floor, Bhishm Pita Marg, Defence Colony, NEW DELHI, NATIONAL CAPITAL TERRITORY OF DELHI, 110024",,,,NATIONAL CAPITAL TERRITORY OF DELHI,NEW DELHI
YourNest Innovative Products VC Fund III,IN/AIF2/20-21/0863,"Feb 13, 2021 - Perpetual",sunil.goyal@yournest.in,Sunil Goyal,"E 287,Second Floor, Greater Kailash, South Delhi, NEW DELHI, NATIONAL CAPITAL TERRITORY OF DELHI, 110048","E 287,Second Floor, Greater Kailash, South Delhi, NEW DELHI, NATIONAL CAPITAL TERRITORY OF DELHI, 110048",,,NATIONAL CAPITAL TERRITORY OF DELHI,NEW DELHI
YSL ALTERNATES,IN/AIF3/20-21/0818,"Jul 20, 2020 - Perpetual",aditya.goenka@ysil.in,Aditya Goenka,"2nd Floor, North Side, YES BANK House, Off Western Express Highway, Santacruz East, Mumbai - 400055., 2nd Floor, North Side, YES BANK House, Off Western Express Highway, Santacruz East, Mumbai - 400055., MUMBAI, MAHARASHTRA, 400055","2nd Floor, North Side, YES BANK House, Off Western Express Highway, Santacruz East, Mumbai - 400055., 2nd Floor, North Side, YES BANK House, Off Western Express Highway, Santacruz East, Mumbai - 400055., MUMBAI, MAHARASHTRA, 400055",9100000000000.0,9100000000000.0,MAHARASHTRA,MUMBAI
Yugadi Capital India,IN/AIF2/24-25/1734,"Feb 27, 2025 - Perpetual",pratik@carpediem-capital.com,Hithendra Ramachandran,"B 702 703 Ashok Garden, T J Road Near KEM Hospital Sewri, MUMBAI, MAHARASHTRA, 400015","43 4th Floor Maker Chamber VI, Nariman Point, MUMBAI, MAHARASHTRA, 400021",,,MAHARASHTRA,MUMBAI
Z3PARTNERS FUND TRUST,IN/AIF2/25-26/1972,"Dec 05, 2025 - Perpetual",yusuf.allana@z3partners.com,YUSUF ALLANA,"Unit No. 1617, 16th Floor, One Lodha Place, , Senapati Bapat Marg, Lower Parel, Mumbai, Maharashtra 400013, MUMBAI, MAHARASHTRA, 400013","Unit No. 1617, 16th Floor, One Lodha Place, , Senapati Bapat Marg, Lower Parel, Mumbai, Maharashtra 400013, MUMBAI, MAHARASHTRA, 400013",,,MAHARASHTRA,MUMBAI
Z3Partners Tech Fund,IN/AIF2/19-20/0704,"Jun 11, 2019 - Perpetual",gautam.patel@z3partners.com,Gautam Patel,"Unit. No. 211, Building 1, 2nd Floor, Sona Udhyog, Parsi Panchayat Road, Extn. of Old Nagardas Road, Andheri East, MUMBAI, MAHARASHTRA, 400069","Unit. No. 211, Building 1, 2nd Floor, Sona Udhyog, Parsi Panchayat Road, Extn. of Old Nagardas Road, Andheri East, MUMBAI, MAHARASHTRA, 400069",,,MAHARASHTRA,MUMBAI
Zeca Fund I,IN/AIF2/24-25/1762,"Mar 17, 2025 - Perpetual",pdadoo@luthra.com,Puneet Kinra,"D1615 Brigade Cosmopolis Whitefield Main Road , Whitefield Bangalore South, BANGALORE, KARNATAKA, 560066","D1615 Brigade Cosmopolis Whitefield Main Road , Whitefield Bangalore South, BANGALORE, KARNATAKA, 560066",,,KARNATAKA,BANGALORE
Zencap Trust,IN/AIF2/24-25/1672,"Dec 19, 2024 - Perpetual",saurabh@savantsolutions.in,Saurabh Srivastava,"6477 B9, Vasant Kunj, DELHI, NATIONAL CAPITAL TERRITORY OF DELHI, 110070","6477 B9, Vasant Kunj, DELHI, NATIONAL CAPITAL TERRITORY OF DELHI, 110070",,,NATIONAL CAPITAL TERRITORY OF DELHI,
ZENITECH AIF INVESTMENT TRUST,IN/AIF3/23-24/1308,"Jul 06, 2023 - Perpetual",legal@zenitech.co.in,SHAILIKA SONI,"305, Third Floor, Third Eye One, Opp Honest Restaurant, Panchvati Five Roads, C.G. Road, AHMEDABAD, GUJARAT, 380006","305, Third Floor, Third Eye One, Opp Honest Restaurant, Panchvati Five Roads, C.G. Road, AHMEDABAD, GUJARAT, 380006",,,GUJARAT,
Zephyr Peacock Alternative Investment Trust,IN/AIF2/17-18/0377,"Oct 11, 2017 - Perpetual",,,"1st Floor, Aleph Primero, 613, 12th Main Road, HAL 2nd Stage, Indiranagar, BANGALORE, KARNATAKA, 560008",,,,KARNATAKA,BANGALORE
Zephyr Peacock Alternative Investment Trust II,IN/AIF2/23-24/1483,"Mar 27, 2024 - Perpetual",ns@zmlp.com,Nikhil Sultania,"1st Floor Aleph Primero 613 12th Main Rd, 7th Cross HAL 2nd Stage Indiranagar, BANGALORE, KARNATAKA, 560008","1st Floor Aleph Primero 613 12th Main Rd, 7th Cross HAL 2nd Stage Indiranagar, BANGALORE, KARNATAKA, 560008",,,KARNATAKA,BANGALORE
ZEPHYR PEACOCK INDIA II TRUST,IN/AIF1/25-26/1965,"Nov 27, 2025 - Perpetual",ns@zmlp.com,Nikhil Sultania,"5W, 5th Floor, The Metropolitan Building, E Block, Bandra Kurla Complex BKC, Bandra East, MUMBAI, MAHARASHTRA, 400051","1st Floor, Aleph Primero, 613, 12th Main, HAL 2nd Stage, Indiranagar, BANGALORE, KARNATAKA, 560008",9110000000000.0,9110000000000.0,MAHARASHTRA,MUMBAI
ZERO ONE AIF,IN/AIF3/24-25/1706,"Feb 04, 2025 - Perpetual",compliance@zer01ne.in,FAIZ NAGARIYA,"Plot No 40, Angan Jaldarshan Society , Behind Gokul Row House, Umra, Surat, SURAT, GUJARAT, 395007","Plot No 40, Angan Jaldarshan Society , Behind Gokul Row House, Umra, Surat, SURAT, GUJARAT, 395007",,,GUJARAT,
Zero Poverty Ventures India Funds,IN/AIF2/23-24/1377,"Nov 06, 2023 - Perpetual",suresh@yunussb.com,Suresh Krishna,"No. 103 106 107, T Muniswamappa Trust Campus, Anjanapura Main Road, Avalahalli, JP Nagar 9th Phase, , Bengaluru 560 108, BANGALORE, KARNATAKA, 560108","No. 103 106 107, T Muniswamappa Trust Campus, Anjanapura Main Road, Avalahalli, JP Nagar 9th Phase, , Bengaluru 560 108, BANGALORE, KARNATAKA, 560108",,,KARNATAKA,BANGALORE
Zero To One Fund,IN/AIF1/22-23/1187,"Jan 10, 2023 - Perpetual",praveen@0to1fund.com,Praveen Kaushik,"H No 175 Ground Floor, Pocket 22 Sector 24 Rohini, NEW DELHI, NATIONAL CAPITAL TERRITORY OF DELHI, 110085","H No 175 Ground Floor, Pocket 22 Sector 24 Rohini, NEW DELHI, NATIONAL CAPITAL TERRITORY OF DELHI, 110085",,,NATIONAL CAPITAL TERRITORY OF DELHI,NEW DELHI
Zeropearl Prosper Fund,IN/AIF2/25-26/2033,"Feb 04, 2026 - Perpetual",bipin@zeropearl.vc,Bipin Shah,"No. 416, Near DPS School, Sector 45, GURUGRAM, HARYANA, 122001","No. 416, Near DPS School, Sector 45, GURUGRAM, HARYANA, 122001",,,HARYANA,
ZEROPEARL VC TRUST,IN/AIF1/24-25/1719,"Feb 10, 2025 - Perpetual",bipin@zeropearl.vc,BIPIN SHAH,"No. 416, Near DPS School, Sector 45, GURGAON, HARYANA, 122001","No. 416, Near DPS School, Sector 45, GURGAON, HARYANA, 122001",,,HARYANA,
ZODIUS TECHNOLOGY FUND,IN/AIF1/14-15/0126,"Nov 18, 2014 - Perpetual",,,"901, Platina, 9th Floor, Plot No. C-59, Bandra Kurla Complex, Bandra East,, MUMBAI, MAHARASHTRA, 400018",,,,MAHARASHTRA,MUMBAI
ZODIUS TECHNOLOGY OPPORTUNITIES FUND,IN/AIF1/15-16/0188,"Nov 20, 2015 - Perpetual",,,"901, Platina, 9th Floor, Plot No. C-59, Bandra Kurla Complex, Bandra East,, MUMBAI, MAHARASHTRA, 400051",,,,MAHARASHTRA,MUMBAI
